[{"path":"build.gradle","fileType":"other","lines":[{"lineNumber":1,"author":{"gitId":"-"},"content":"plugins {","lastModifiedDate":"2020-05-25"},{"lineNumber":2,"author":{"gitId":"-"},"content":"    id \u0027java\u0027","lastModifiedDate":"2020-05-25"},{"lineNumber":3,"author":{"gitId":"-"},"content":"    id \u0027application\u0027","lastModifiedDate":"2020-05-25"},{"lineNumber":4,"author":{"gitId":"-"},"content":"    id \u0027checkstyle\u0027","lastModifiedDate":"2020-05-25"},{"lineNumber":5,"author":{"gitId":"-"},"content":"    id \u0027com.github.johnrengelman.shadow\u0027 version \u00275.1.0\u0027","lastModifiedDate":"2020-05-25"},{"lineNumber":6,"author":{"gitId":"-"},"content":"}","lastModifiedDate":"2020-05-25"},{"lineNumber":7,"author":{"gitId":"-"},"content":"","lastModifiedDate":"2020-05-25"},{"lineNumber":8,"author":{"gitId":"-"},"content":"repositories {","lastModifiedDate":"2020-05-25"},{"lineNumber":9,"author":{"gitId":"-"},"content":"    mavenCentral()","lastModifiedDate":"2020-05-25"},{"lineNumber":10,"author":{"gitId":"-"},"content":"}","lastModifiedDate":"2020-05-25"},{"lineNumber":11,"author":{"gitId":"-"},"content":"","lastModifiedDate":"2020-05-25"},{"lineNumber":12,"author":{"gitId":"-"},"content":"dependencies {","lastModifiedDate":"2020-05-25"},{"lineNumber":13,"author":{"gitId":"malcolmang"},"content":"    implementation \u0027com.fasterxml:jackson-xml-databind:0.6.2\u0027","lastModifiedDate":"2022-10-09"},{"lineNumber":14,"author":{"gitId":"-"},"content":"    testImplementation group: \u0027org.junit.jupiter\u0027, name: \u0027junit-jupiter-api\u0027, version: \u00275.5.0\u0027","lastModifiedDate":"2020-05-25"},{"lineNumber":15,"author":{"gitId":"-"},"content":"    testRuntimeOnly group: \u0027org.junit.jupiter\u0027, name: \u0027junit-jupiter-engine\u0027, version: \u00275.5.0\u0027","lastModifiedDate":"2020-05-25"},{"lineNumber":16,"author":{"gitId":"-"},"content":"}","lastModifiedDate":"2020-05-25"},{"lineNumber":17,"author":{"gitId":"-"},"content":"","lastModifiedDate":"2020-05-25"},{"lineNumber":18,"author":{"gitId":"-"},"content":"test {","lastModifiedDate":"2020-05-25"},{"lineNumber":19,"author":{"gitId":"-"},"content":"    useJUnitPlatform()","lastModifiedDate":"2020-05-25"},{"lineNumber":20,"author":{"gitId":"-"},"content":"","lastModifiedDate":"2020-05-25"},{"lineNumber":21,"author":{"gitId":"-"},"content":"    testLogging {","lastModifiedDate":"2020-05-25"},{"lineNumber":22,"author":{"gitId":"-"},"content":"        events \"passed\", \"skipped\", \"failed\"","lastModifiedDate":"2020-05-25"},{"lineNumber":23,"author":{"gitId":"-"},"content":"","lastModifiedDate":"2020-05-25"},{"lineNumber":24,"author":{"gitId":"-"},"content":"        showExceptions true","lastModifiedDate":"2020-05-25"},{"lineNumber":25,"author":{"gitId":"-"},"content":"        exceptionFormat \"full\"","lastModifiedDate":"2020-05-25"},{"lineNumber":26,"author":{"gitId":"-"},"content":"        showCauses true","lastModifiedDate":"2020-05-25"},{"lineNumber":27,"author":{"gitId":"-"},"content":"        showStackTraces true","lastModifiedDate":"2020-05-25"},{"lineNumber":28,"author":{"gitId":"-"},"content":"        showStandardStreams \u003d false","lastModifiedDate":"2020-05-25"},{"lineNumber":29,"author":{"gitId":"-"},"content":"    }","lastModifiedDate":"2020-05-25"},{"lineNumber":30,"author":{"gitId":"-"},"content":"}","lastModifiedDate":"2020-05-25"},{"lineNumber":31,"author":{"gitId":"-"},"content":"","lastModifiedDate":"2020-05-25"},{"lineNumber":32,"author":{"gitId":"-"},"content":"application {","lastModifiedDate":"2020-05-25"},{"lineNumber":33,"author":{"gitId":"pipipipi2002"},"content":"    mainClassName \u003d \"seedu.parking.Parking\"","lastModifiedDate":"2022-10-04"},{"lineNumber":34,"author":{"gitId":"-"},"content":"}","lastModifiedDate":"2020-05-25"},{"lineNumber":35,"author":{"gitId":"-"},"content":"","lastModifiedDate":"2020-05-25"},{"lineNumber":36,"author":{"gitId":"-"},"content":"shadowJar {","lastModifiedDate":"2020-05-25"},{"lineNumber":37,"author":{"gitId":"pipipipi2002"},"content":"    archiveBaseName \u003d \"parking\"","lastModifiedDate":"2022-10-04"},{"lineNumber":38,"author":{"gitId":"-"},"content":"    archiveClassifier \u003d null","lastModifiedDate":"2020-05-25"},{"lineNumber":39,"author":{"gitId":"-"},"content":"}","lastModifiedDate":"2020-05-25"},{"lineNumber":40,"author":{"gitId":"-"},"content":"","lastModifiedDate":"2020-05-25"},{"lineNumber":41,"author":{"gitId":"-"},"content":"checkstyle {","lastModifiedDate":"2020-05-25"},{"lineNumber":42,"author":{"gitId":"-"},"content":"    toolVersion \u003d \u00278.23\u0027","lastModifiedDate":"2020-05-25"},{"lineNumber":43,"author":{"gitId":"-"},"content":"}","lastModifiedDate":"2020-05-25"},{"lineNumber":44,"author":{"gitId":"-"},"content":"","lastModifiedDate":"2020-05-25"},{"lineNumber":45,"author":{"gitId":"-"},"content":"run{","lastModifiedDate":"2020-05-25"},{"lineNumber":46,"author":{"gitId":"-"},"content":"    standardInput \u003d System.in","lastModifiedDate":"2020-05-25"},{"lineNumber":47,"author":{"gitId":"-"},"content":"}","lastModifiedDate":"2020-05-25"}],"authorContributionMap":{"malcolmang":1,"pipipipi2002":2,"-":44}},{"path":"docs/AboutUs.md","fileType":"docs","lines":[{"lineNumber":1,"author":{"gitId":"-"},"content":"# About us","lastModifiedDate":"2020-05-24"},{"lineNumber":2,"author":{"gitId":"-"},"content":"","lastModifiedDate":"2020-05-24"},{"lineNumber":3,"author":{"gitId":"-"},"content":"Display |       Name       |              Github Profile               | Portfolio ","lastModifiedDate":"2020-05-24"},{"lineNumber":4,"author":{"gitId":"pipipipi2002"},"content":"--------|:----------------:|:-----------------------------------------:|:---------:","lastModifiedDate":"2022-09-29"},{"lineNumber":5,"author":{"gitId":"malcolmang"},"content":"![](https://via.placeholder.com/100.png?text\u003dPhoto) | Malcolm Ang | [Github](https://github.com/malcolmang) | [Portfolio](docs/team/johndoe.md)","lastModifiedDate":"2022-09-29"},{"lineNumber":6,"author":{"gitId":"pipipipi2002"},"content":"![](https://via.placeholder.com/100.png?text\u003dPhoto) | Marvin Pranajaya | [Github](https://github.com/pipipipi2002) | [Portfolio](docs/team/johndoe.md)","lastModifiedDate":"2022-09-29"},{"lineNumber":7,"author":{"gitId":"eehongchan"},"content":"![](https://via.placeholder.com/100.png?text\u003dPhoto) | Chan Ee Hong | [Github](https://github.com/) | [Portfolio](docs/team/johndoe.md)","lastModifiedDate":"2022-09-29"},{"lineNumber":8,"author":{"gitId":"kyrenechua"},"content":"![](https://via.placeholder.com/100.png?text\u003dPhoto) | Kyrene Chua | [Github](https://github.com/) | [Portfolio](docs/team/johndoe.md)","lastModifiedDate":"2022-09-29"}],"authorContributionMap":{"kyrenechua":1,"eehongchan":1,"pipipipi2002":2,"malcolmang":1,"-":3}},{"path":"docs/README.md","fileType":"docs","lines":[{"lineNumber":1,"author":{"gitId":"malcolmang"},"content":"# parKING","lastModifiedDate":"2022-09-29"},{"lineNumber":2,"author":{"gitId":"-"},"content":"","lastModifiedDate":"2019-07-29"},{"lineNumber":3,"author":{"gitId":"malcolmang"},"content":"hello world","lastModifiedDate":"2022-09-29"},{"lineNumber":4,"author":{"gitId":"-"},"content":"","lastModifiedDate":"2019-07-29"},{"lineNumber":5,"author":{"gitId":"-"},"content":"Useful links:","lastModifiedDate":"2020-05-24"},{"lineNumber":6,"author":{"gitId":"-"},"content":"* [User Guide](UserGuide.md)","lastModifiedDate":"2020-05-24"},{"lineNumber":7,"author":{"gitId":"-"},"content":"* [Developer Guide](DeveloperGuide.md)","lastModifiedDate":"2020-05-24"},{"lineNumber":8,"author":{"gitId":"-"},"content":"* [About Us](AboutUs.md)","lastModifiedDate":"2020-05-24"}],"authorContributionMap":{"malcolmang":2,"-":6}},{"path":"src/main/java/seedu/api/Api.java","fileType":"functional-code","lines":[{"lineNumber":1,"author":{"gitId":"pipipipi2002"},"content":"package seedu.api;","lastModifiedDate":"2022-10-04"},{"lineNumber":2,"author":{"gitId":"pipipipi2002"},"content":"","lastModifiedDate":"2022-10-04"},{"lineNumber":3,"author":{"gitId":"malcolmang"},"content":"import seedu.exception.EmptyResponseException;","lastModifiedDate":"2022-10-09"},{"lineNumber":4,"author":{"gitId":"eehongchan"},"content":"import seedu.ui.Ui;","lastModifiedDate":"2022-10-08"},{"lineNumber":5,"author":{"gitId":"pipipipi2002"},"content":"","lastModifiedDate":"2022-10-05"},{"lineNumber":6,"author":{"gitId":"pipipipi2002"},"content":"import java.io.IOException;","lastModifiedDate":"2022-10-05"},{"lineNumber":7,"author":{"gitId":"pipipipi2002"},"content":"import java.net.URI;","lastModifiedDate":"2022-10-04"},{"lineNumber":8,"author":{"gitId":"pipipipi2002"},"content":"import java.net.http.HttpClient;","lastModifiedDate":"2022-10-04"},{"lineNumber":9,"author":{"gitId":"pipipipi2002"},"content":"import java.net.http.HttpRequest;","lastModifiedDate":"2022-10-04"},{"lineNumber":10,"author":{"gitId":"pipipipi2002"},"content":"import java.net.http.HttpResponse;","lastModifiedDate":"2022-10-04"},{"lineNumber":11,"author":{"gitId":"pipipipi2002"},"content":"import java.util.concurrent.CompletableFuture;","lastModifiedDate":"2022-10-04"},{"lineNumber":12,"author":{"gitId":"pipipipi2002"},"content":"import java.util.concurrent.ExecutionException;","lastModifiedDate":"2022-10-04"},{"lineNumber":13,"author":{"gitId":"pipipipi2002"},"content":"import java.util.concurrent.TimeUnit;","lastModifiedDate":"2022-10-05"},{"lineNumber":14,"author":{"gitId":"pipipipi2002"},"content":"import java.util.concurrent.TimeoutException;","lastModifiedDate":"2022-10-05"},{"lineNumber":15,"author":{"gitId":"pipipipi2002"},"content":"","lastModifiedDate":"2022-10-05"},{"lineNumber":16,"author":{"gitId":"pipipipi2002"},"content":"import static seedu.common.CommonFiles.LTA_BASE_URL;","lastModifiedDate":"2022-10-05"},{"lineNumber":17,"author":{"gitId":"pipipipi2002"},"content":"import static seedu.common.CommonFiles.API_JSON_DIRECTORY;","lastModifiedDate":"2022-10-05"},{"lineNumber":18,"author":{"gitId":"pipipipi2002"},"content":"import static seedu.common.CommonFiles.LTA_JSON_FILE;","lastModifiedDate":"2022-10-05"},{"lineNumber":19,"author":{"gitId":"pipipipi2002"},"content":"","lastModifiedDate":"2022-10-05"},{"lineNumber":20,"author":{"gitId":"pipipipi2002"},"content":"","lastModifiedDate":"2022-10-04"},{"lineNumber":21,"author":{"gitId":"pipipipi2002"},"content":"public class Api {","lastModifiedDate":"2022-10-04"},{"lineNumber":22,"author":{"gitId":"pipipipi2002"},"content":"    private final String API_KEY \u003d \"1B+7tBxzRNOtFbTxGcCiYA\u003d\u003d\";","lastModifiedDate":"2022-10-05"},{"lineNumber":23,"author":{"gitId":"pipipipi2002"},"content":"    private String authHeaderName \u003d \"AccountKey\";","lastModifiedDate":"2022-10-05"},{"lineNumber":24,"author":{"gitId":"pipipipi2002"},"content":"    private HttpClient client;","lastModifiedDate":"2022-10-05"},{"lineNumber":25,"author":{"gitId":"pipipipi2002"},"content":"    private HttpRequest request;","lastModifiedDate":"2022-10-05"},{"lineNumber":26,"author":{"gitId":"pipipipi2002"},"content":"    private CompletableFuture\u003cHttpResponse\u003cString\u003e\u003e responseFuture;","lastModifiedDate":"2022-10-05"},{"lineNumber":27,"author":{"gitId":"pipipipi2002"},"content":"    private Storage storage;","lastModifiedDate":"2022-10-05"},{"lineNumber":28,"author":{"gitId":"eehongchan"},"content":"    private final Ui ui;","lastModifiedDate":"2022-10-08"},{"lineNumber":29,"author":{"gitId":"pipipipi2002"},"content":"","lastModifiedDate":"2022-10-04"},{"lineNumber":30,"author":{"gitId":"pipipipi2002"},"content":"    public Api() {","lastModifiedDate":"2022-10-05"},{"lineNumber":31,"author":{"gitId":"eehongchan"},"content":"        this.client \u003d HttpClient.newHttpClient();","lastModifiedDate":"2022-10-08"},{"lineNumber":32,"author":{"gitId":"pipipipi2002"},"content":"        generateHttpRequestCarpark();","lastModifiedDate":"2022-10-05"},{"lineNumber":33,"author":{"gitId":"eehongchan"},"content":"        this.storage \u003d new Storage(API_JSON_DIRECTORY, LTA_JSON_FILE);","lastModifiedDate":"2022-10-08"},{"lineNumber":34,"author":{"gitId":"eehongchan"},"content":"        this.ui \u003d new Ui();","lastModifiedDate":"2022-10-08"},{"lineNumber":35,"author":{"gitId":"pipipipi2002"},"content":"    }","lastModifiedDate":"2022-10-05"},{"lineNumber":36,"author":{"gitId":"pipipipi2002"},"content":"","lastModifiedDate":"2022-10-05"},{"lineNumber":37,"author":{"gitId":"pipipipi2002"},"content":"    private void generateHttpRequestCarpark() {","lastModifiedDate":"2022-10-05"},{"lineNumber":38,"author":{"gitId":"pipipipi2002"},"content":"        request \u003d HttpRequest.newBuilder(","lastModifiedDate":"2022-10-05"},{"lineNumber":39,"author":{"gitId":"pipipipi2002"},"content":"                URI.create(LTA_BASE_URL))","lastModifiedDate":"2022-10-04"},{"lineNumber":40,"author":{"gitId":"pipipipi2002"},"content":"                .header(authHeaderName, API_KEY)","lastModifiedDate":"2022-10-05"},{"lineNumber":41,"author":{"gitId":"pipipipi2002"},"content":"                .build();","lastModifiedDate":"2022-10-04"},{"lineNumber":42,"author":{"gitId":"pipipipi2002"},"content":"    }","lastModifiedDate":"2022-10-05"},{"lineNumber":43,"author":{"gitId":"pipipipi2002"},"content":"","lastModifiedDate":"2022-10-04"},{"lineNumber":44,"author":{"gitId":"pipipipi2002"},"content":"    public void asyncExecuteRequest() {","lastModifiedDate":"2022-10-05"},{"lineNumber":45,"author":{"gitId":"pipipipi2002"},"content":"        responseFuture \u003d client.sendAsync(request, HttpResponse.BodyHandlers.ofString());","lastModifiedDate":"2022-10-05"},{"lineNumber":46,"author":{"gitId":"pipipipi2002"},"content":"    }","lastModifiedDate":"2022-10-05"},{"lineNumber":47,"author":{"gitId":"pipipipi2002"},"content":"","lastModifiedDate":"2022-10-04"},{"lineNumber":48,"author":{"gitId":"pipipipi2002"},"content":"    public String asyncGetResponse() {","lastModifiedDate":"2022-10-05"},{"lineNumber":49,"author":{"gitId":"pipipipi2002"},"content":"        String result \u003d \"\";","lastModifiedDate":"2022-10-05"},{"lineNumber":50,"author":{"gitId":"pipipipi2002"},"content":"        try {","lastModifiedDate":"2022-10-05"},{"lineNumber":51,"author":{"gitId":"pipipipi2002"},"content":"            HttpResponse\u003cString\u003e response \u003d responseFuture.get(1000, TimeUnit.MILLISECONDS);","lastModifiedDate":"2022-10-05"},{"lineNumber":52,"author":{"gitId":"pipipipi2002"},"content":"            if (!response.body().trim().isEmpty()) {","lastModifiedDate":"2022-10-05"},{"lineNumber":53,"author":{"gitId":"pipipipi2002"},"content":"                result \u003d response.body();","lastModifiedDate":"2022-10-05"},{"lineNumber":54,"author":{"gitId":"pipipipi2002"},"content":"            }","lastModifiedDate":"2022-10-05"},{"lineNumber":55,"author":{"gitId":"pipipipi2002"},"content":"        } catch (ExecutionException | InterruptedException e) {","lastModifiedDate":"2022-10-05"},{"lineNumber":56,"author":{"gitId":"eehongchan"},"content":"            ui.showFetchError();","lastModifiedDate":"2022-10-08"},{"lineNumber":57,"author":{"gitId":"pipipipi2002"},"content":"        } catch (TimeoutException e) {","lastModifiedDate":"2022-10-05"},{"lineNumber":58,"author":{"gitId":"eehongchan"},"content":"            ui.showFetchTimeout();","lastModifiedDate":"2022-10-08"},{"lineNumber":59,"author":{"gitId":"pipipipi2002"},"content":"        }","lastModifiedDate":"2022-10-05"},{"lineNumber":60,"author":{"gitId":"pipipipi2002"},"content":"        return result;","lastModifiedDate":"2022-10-05"},{"lineNumber":61,"author":{"gitId":"pipipipi2002"},"content":"    }","lastModifiedDate":"2022-10-05"},{"lineNumber":62,"author":{"gitId":"pipipipi2002"},"content":"","lastModifiedDate":"2022-10-04"},{"lineNumber":63,"author":{"gitId":"pipipipi2002"},"content":"    public void fetchData() throws EmptyResponseException, IOException {","lastModifiedDate":"2022-10-05"},{"lineNumber":64,"author":{"gitId":"pipipipi2002"},"content":"        String result \u003d asyncGetResponse();","lastModifiedDate":"2022-10-05"},{"lineNumber":65,"author":{"gitId":"pipipipi2002"},"content":"        int fetchTries \u003d 5;","lastModifiedDate":"2022-10-05"},{"lineNumber":66,"author":{"gitId":"pipipipi2002"},"content":"        while (result.isEmpty() \u0026\u0026 fetchTries \u003e 0) {","lastModifiedDate":"2022-10-05"},{"lineNumber":67,"author":{"gitId":"pipipipi2002"},"content":"            asyncExecuteRequest();","lastModifiedDate":"2022-10-05"},{"lineNumber":68,"author":{"gitId":"pipipipi2002"},"content":"            result \u003d asyncGetResponse();","lastModifiedDate":"2022-10-05"},{"lineNumber":69,"author":{"gitId":"pipipipi2002"},"content":"            fetchTries--;","lastModifiedDate":"2022-10-05"},{"lineNumber":70,"author":{"gitId":"pipipipi2002"},"content":"        }","lastModifiedDate":"2022-10-05"},{"lineNumber":71,"author":{"gitId":"pipipipi2002"},"content":"        if (fetchTries \u003d\u003d 0 \u0026\u0026 result.isEmpty()) {","lastModifiedDate":"2022-10-05"},{"lineNumber":72,"author":{"gitId":"malcolmang"},"content":"            throw new EmptyResponseException(\"No response was received.\");","lastModifiedDate":"2022-10-09"},{"lineNumber":73,"author":{"gitId":"pipipipi2002"},"content":"        }","lastModifiedDate":"2022-10-05"},{"lineNumber":74,"author":{"gitId":"pipipipi2002"},"content":"        storage.writeDataToFile(result);","lastModifiedDate":"2022-10-05"},{"lineNumber":75,"author":{"gitId":"pipipipi2002"},"content":"    }","lastModifiedDate":"2022-10-04"},{"lineNumber":76,"author":{"gitId":"pipipipi2002"},"content":"}","lastModifiedDate":"2022-10-04"}],"authorContributionMap":{"eehongchan":7,"pipipipi2002":67,"malcolmang":2}},{"path":"src/main/java/seedu/api/Storage.java","fileType":"functional-code","lines":[{"lineNumber":1,"author":{"gitId":"pipipipi2002"},"content":"package seedu.api;","lastModifiedDate":"2022-10-05"},{"lineNumber":2,"author":{"gitId":"pipipipi2002"},"content":"","lastModifiedDate":"2022-10-05"},{"lineNumber":3,"author":{"gitId":"eehongchan"},"content":"import seedu.ui.Ui;","lastModifiedDate":"2022-10-08"},{"lineNumber":4,"author":{"gitId":"eehongchan"},"content":"","lastModifiedDate":"2022-10-08"},{"lineNumber":5,"author":{"gitId":"pipipipi2002"},"content":"import java.io.File;","lastModifiedDate":"2022-10-05"},{"lineNumber":6,"author":{"gitId":"pipipipi2002"},"content":"import java.io.FileWriter;","lastModifiedDate":"2022-10-05"},{"lineNumber":7,"author":{"gitId":"pipipipi2002"},"content":"import java.io.IOException;","lastModifiedDate":"2022-10-05"},{"lineNumber":8,"author":{"gitId":"pipipipi2002"},"content":"import java.nio.file.Paths;","lastModifiedDate":"2022-10-05"},{"lineNumber":9,"author":{"gitId":"pipipipi2002"},"content":"","lastModifiedDate":"2022-10-05"},{"lineNumber":10,"author":{"gitId":"pipipipi2002"},"content":"public class Storage {","lastModifiedDate":"2022-10-05"},{"lineNumber":11,"author":{"gitId":"pipipipi2002"},"content":"    private final String DIRECTORY_PATH;","lastModifiedDate":"2022-10-05"},{"lineNumber":12,"author":{"gitId":"pipipipi2002"},"content":"    private final String FILE_PATH;","lastModifiedDate":"2022-10-05"},{"lineNumber":13,"author":{"gitId":"pipipipi2002"},"content":"    private final File FILE;","lastModifiedDate":"2022-10-05"},{"lineNumber":14,"author":{"gitId":"eehongchan"},"content":"    private final Ui ui;","lastModifiedDate":"2022-10-08"},{"lineNumber":15,"author":{"gitId":"pipipipi2002"},"content":"","lastModifiedDate":"2022-10-05"},{"lineNumber":16,"author":{"gitId":"pipipipi2002"},"content":"    public Storage(String directory, String file) {","lastModifiedDate":"2022-10-05"},{"lineNumber":17,"author":{"gitId":"pipipipi2002"},"content":"        DIRECTORY_PATH \u003d directory;","lastModifiedDate":"2022-10-05"},{"lineNumber":18,"author":{"gitId":"pipipipi2002"},"content":"        FILE_PATH \u003d Paths.get(directory, file).toString();","lastModifiedDate":"2022-10-05"},{"lineNumber":19,"author":{"gitId":"pipipipi2002"},"content":"        FILE \u003d new File(FILE_PATH);","lastModifiedDate":"2022-10-05"},{"lineNumber":20,"author":{"gitId":"pipipipi2002"},"content":"        checkFileExist();","lastModifiedDate":"2022-10-05"},{"lineNumber":21,"author":{"gitId":"eehongchan"},"content":"        this.ui \u003d new Ui();","lastModifiedDate":"2022-10-08"},{"lineNumber":22,"author":{"gitId":"pipipipi2002"},"content":"    }","lastModifiedDate":"2022-10-05"},{"lineNumber":23,"author":{"gitId":"pipipipi2002"},"content":"","lastModifiedDate":"2022-10-05"},{"lineNumber":24,"author":{"gitId":"pipipipi2002"},"content":"    private void checkFileExist() {","lastModifiedDate":"2022-10-05"},{"lineNumber":25,"author":{"gitId":"pipipipi2002"},"content":"        if (FILE.exists()) {","lastModifiedDate":"2022-10-05"},{"lineNumber":26,"author":{"gitId":"pipipipi2002"},"content":"            return;","lastModifiedDate":"2022-10-05"},{"lineNumber":27,"author":{"gitId":"pipipipi2002"},"content":"        }","lastModifiedDate":"2022-10-05"},{"lineNumber":28,"author":{"gitId":"pipipipi2002"},"content":"        File directory \u003d new File(DIRECTORY_PATH);","lastModifiedDate":"2022-10-05"},{"lineNumber":29,"author":{"gitId":"pipipipi2002"},"content":"        directory.mkdir();","lastModifiedDate":"2022-10-05"},{"lineNumber":30,"author":{"gitId":"pipipipi2002"},"content":"        try {","lastModifiedDate":"2022-10-05"},{"lineNumber":31,"author":{"gitId":"pipipipi2002"},"content":"            FILE.createNewFile();","lastModifiedDate":"2022-10-05"},{"lineNumber":32,"author":{"gitId":"pipipipi2002"},"content":"        } catch (IOException e) {","lastModifiedDate":"2022-10-05"},{"lineNumber":33,"author":{"gitId":"eehongchan"},"content":"            ui.showCreateFileError();","lastModifiedDate":"2022-10-08"},{"lineNumber":34,"author":{"gitId":"pipipipi2002"},"content":"        }","lastModifiedDate":"2022-10-05"},{"lineNumber":35,"author":{"gitId":"pipipipi2002"},"content":"    }","lastModifiedDate":"2022-10-05"},{"lineNumber":36,"author":{"gitId":"pipipipi2002"},"content":"","lastModifiedDate":"2022-10-05"},{"lineNumber":37,"author":{"gitId":"pipipipi2002"},"content":"    public void writeDataToFile(String data) throws IOException {","lastModifiedDate":"2022-10-05"},{"lineNumber":38,"author":{"gitId":"pipipipi2002"},"content":"        checkFileExist();","lastModifiedDate":"2022-10-05"},{"lineNumber":39,"author":{"gitId":"pipipipi2002"},"content":"        FileWriter fileWriter \u003d new FileWriter(FILE_PATH);","lastModifiedDate":"2022-10-05"},{"lineNumber":40,"author":{"gitId":"pipipipi2002"},"content":"        fileWriter.write(data);","lastModifiedDate":"2022-10-05"},{"lineNumber":41,"author":{"gitId":"pipipipi2002"},"content":"        fileWriter.close();","lastModifiedDate":"2022-10-05"},{"lineNumber":42,"author":{"gitId":"pipipipi2002"},"content":"    }","lastModifiedDate":"2022-10-05"},{"lineNumber":43,"author":{"gitId":"pipipipi2002"},"content":"}","lastModifiedDate":"2022-10-05"}],"authorContributionMap":{"eehongchan":5,"pipipipi2002":38}},{"path":"src/main/java/seedu/common/CommonFiles.java","fileType":"functional-code","lines":[{"lineNumber":1,"author":{"gitId":"pipipipi2002"},"content":"package seedu.common;","lastModifiedDate":"2022-10-04"},{"lineNumber":2,"author":{"gitId":"pipipipi2002"},"content":"","lastModifiedDate":"2022-10-04"},{"lineNumber":3,"author":{"gitId":"pipipipi2002"},"content":"public class CommonFiles {","lastModifiedDate":"2022-10-04"},{"lineNumber":4,"author":{"gitId":"pipipipi2002"},"content":"    public static final String API_JSON_DIRECTORY \u003d \"./resources/api\";","lastModifiedDate":"2022-10-05"},{"lineNumber":5,"author":{"gitId":"pipipipi2002"},"content":"    public static final String URA_JSON_FILE \u003d \"uraResponse.json\";","lastModifiedDate":"2022-10-05"},{"lineNumber":6,"author":{"gitId":"pipipipi2002"},"content":"    public static final String LTA_JSON_FILE \u003d \"ltaResponse.json\";","lastModifiedDate":"2022-10-05"},{"lineNumber":7,"author":{"gitId":"pipipipi2002"},"content":"    public static final String LTA_BASE_URL \u003d \"http://datamall2.mytransport.sg/ltaodataservice/CarParkAvailabilityv2\";","lastModifiedDate":"2022-10-05"},{"lineNumber":8,"author":{"gitId":"pipipipi2002"},"content":"    public static final String URA_BASE_URL \u003d \"\";","lastModifiedDate":"2022-10-05"},{"lineNumber":9,"author":{"gitId":"pipipipi2002"},"content":"}","lastModifiedDate":"2022-10-04"}],"authorContributionMap":{"pipipipi2002":9}},{"path":"src/main/java/seedu/data/Carpark.java","fileType":"functional-code","lines":[{"lineNumber":1,"author":{"gitId":"malcolmang"},"content":"package seedu.data;","lastModifiedDate":"2022-10-09"},{"lineNumber":2,"author":{"gitId":"malcolmang"},"content":"","lastModifiedDate":"2022-10-09"},{"lineNumber":3,"author":{"gitId":"malcolmang"},"content":"import org.codehaus.jackson.annotate.JsonProperty;","lastModifiedDate":"2022-10-09"},{"lineNumber":4,"author":{"gitId":"malcolmang"},"content":"public class Carpark {","lastModifiedDate":"2022-10-09"},{"lineNumber":5,"author":{"gitId":"malcolmang"},"content":"    private String carparkId;","lastModifiedDate":"2022-10-09"},{"lineNumber":6,"author":{"gitId":"malcolmang"},"content":"    private String area;","lastModifiedDate":"2022-10-09"},{"lineNumber":7,"author":{"gitId":"malcolmang"},"content":"    private String development;","lastModifiedDate":"2022-10-09"},{"lineNumber":8,"author":{"gitId":"malcolmang"},"content":"    private String location;","lastModifiedDate":"2022-10-09"},{"lineNumber":9,"author":{"gitId":"malcolmang"},"content":"    private String availableLots;","lastModifiedDate":"2022-10-09"},{"lineNumber":10,"author":{"gitId":"malcolmang"},"content":"    private String lotType;","lastModifiedDate":"2022-10-09"},{"lineNumber":11,"author":{"gitId":"malcolmang"},"content":"    private String agency;","lastModifiedDate":"2022-10-09"},{"lineNumber":12,"author":{"gitId":"malcolmang"},"content":"","lastModifiedDate":"2022-10-09"},{"lineNumber":13,"author":{"gitId":"malcolmang"},"content":"    /**","lastModifiedDate":"2022-10-09"},{"lineNumber":14,"author":{"gitId":"malcolmang"},"content":"     * Used to print the identifier for a carpark","lastModifiedDate":"2022-10-09"},{"lineNumber":15,"author":{"gitId":"malcolmang"},"content":"     * @return formatted string","lastModifiedDate":"2022-10-09"},{"lineNumber":16,"author":{"gitId":"malcolmang"},"content":"     */","lastModifiedDate":"2022-10-09"},{"lineNumber":17,"author":{"gitId":"malcolmang"},"content":"    @Override","lastModifiedDate":"2022-10-09"},{"lineNumber":18,"author":{"gitId":"malcolmang"},"content":"    public String toString(){","lastModifiedDate":"2022-10-09"},{"lineNumber":19,"author":{"gitId":"malcolmang"},"content":"        return String.format(\"CarparkID %s at %s\", carparkId, development);","lastModifiedDate":"2022-10-09"},{"lineNumber":20,"author":{"gitId":"malcolmang"},"content":"    }","lastModifiedDate":"2022-10-09"},{"lineNumber":21,"author":{"gitId":"malcolmang"},"content":"","lastModifiedDate":"2022-10-09"},{"lineNumber":22,"author":{"gitId":"malcolmang"},"content":"    public String getCarparkId() {","lastModifiedDate":"2022-10-09"},{"lineNumber":23,"author":{"gitId":"malcolmang"},"content":"        return carparkId;","lastModifiedDate":"2022-10-09"},{"lineNumber":24,"author":{"gitId":"malcolmang"},"content":"    }","lastModifiedDate":"2022-10-09"},{"lineNumber":25,"author":{"gitId":"malcolmang"},"content":"","lastModifiedDate":"2022-10-09"},{"lineNumber":26,"author":{"gitId":"malcolmang"},"content":"    @JsonProperty(\"CarParkID\")","lastModifiedDate":"2022-10-09"},{"lineNumber":27,"author":{"gitId":"malcolmang"},"content":"    public void setCarparkId(String carparkId) {","lastModifiedDate":"2022-10-09"},{"lineNumber":28,"author":{"gitId":"malcolmang"},"content":"        this.carparkId \u003d carparkId;","lastModifiedDate":"2022-10-09"},{"lineNumber":29,"author":{"gitId":"malcolmang"},"content":"    }","lastModifiedDate":"2022-10-09"},{"lineNumber":30,"author":{"gitId":"malcolmang"},"content":"","lastModifiedDate":"2022-10-09"},{"lineNumber":31,"author":{"gitId":"malcolmang"},"content":"    public String getArea() {","lastModifiedDate":"2022-10-09"},{"lineNumber":32,"author":{"gitId":"malcolmang"},"content":"        return area;","lastModifiedDate":"2022-10-09"},{"lineNumber":33,"author":{"gitId":"malcolmang"},"content":"    }","lastModifiedDate":"2022-10-09"},{"lineNumber":34,"author":{"gitId":"malcolmang"},"content":"","lastModifiedDate":"2022-10-09"},{"lineNumber":35,"author":{"gitId":"malcolmang"},"content":"    @JsonProperty(\"Area\")","lastModifiedDate":"2022-10-09"},{"lineNumber":36,"author":{"gitId":"malcolmang"},"content":"    public void setArea(String area) {","lastModifiedDate":"2022-10-09"},{"lineNumber":37,"author":{"gitId":"malcolmang"},"content":"        this.area \u003d area;","lastModifiedDate":"2022-10-09"},{"lineNumber":38,"author":{"gitId":"malcolmang"},"content":"    }","lastModifiedDate":"2022-10-09"},{"lineNumber":39,"author":{"gitId":"malcolmang"},"content":"","lastModifiedDate":"2022-10-09"},{"lineNumber":40,"author":{"gitId":"malcolmang"},"content":"    public String getDevelopment() {","lastModifiedDate":"2022-10-09"},{"lineNumber":41,"author":{"gitId":"malcolmang"},"content":"        return development;","lastModifiedDate":"2022-10-09"},{"lineNumber":42,"author":{"gitId":"malcolmang"},"content":"    }","lastModifiedDate":"2022-10-09"},{"lineNumber":43,"author":{"gitId":"malcolmang"},"content":"","lastModifiedDate":"2022-10-09"},{"lineNumber":44,"author":{"gitId":"malcolmang"},"content":"    @JsonProperty(\"Development\")","lastModifiedDate":"2022-10-09"},{"lineNumber":45,"author":{"gitId":"malcolmang"},"content":"    public void setDevelopment(String development) {","lastModifiedDate":"2022-10-09"},{"lineNumber":46,"author":{"gitId":"malcolmang"},"content":"        this.development \u003d development;","lastModifiedDate":"2022-10-09"},{"lineNumber":47,"author":{"gitId":"malcolmang"},"content":"    }","lastModifiedDate":"2022-10-09"},{"lineNumber":48,"author":{"gitId":"malcolmang"},"content":"","lastModifiedDate":"2022-10-09"},{"lineNumber":49,"author":{"gitId":"malcolmang"},"content":"    public String getLocation() {","lastModifiedDate":"2022-10-09"},{"lineNumber":50,"author":{"gitId":"malcolmang"},"content":"        return location;","lastModifiedDate":"2022-10-09"},{"lineNumber":51,"author":{"gitId":"malcolmang"},"content":"    }","lastModifiedDate":"2022-10-09"},{"lineNumber":52,"author":{"gitId":"malcolmang"},"content":"","lastModifiedDate":"2022-10-09"},{"lineNumber":53,"author":{"gitId":"malcolmang"},"content":"    @JsonProperty(\"Location\")","lastModifiedDate":"2022-10-09"},{"lineNumber":54,"author":{"gitId":"malcolmang"},"content":"    public void setLocation(String location) {","lastModifiedDate":"2022-10-09"},{"lineNumber":55,"author":{"gitId":"malcolmang"},"content":"        this.location \u003d location;","lastModifiedDate":"2022-10-09"},{"lineNumber":56,"author":{"gitId":"malcolmang"},"content":"    }","lastModifiedDate":"2022-10-09"},{"lineNumber":57,"author":{"gitId":"malcolmang"},"content":"","lastModifiedDate":"2022-10-09"},{"lineNumber":58,"author":{"gitId":"malcolmang"},"content":"    public String getAvailableLots() {","lastModifiedDate":"2022-10-09"},{"lineNumber":59,"author":{"gitId":"malcolmang"},"content":"        return availableLots;","lastModifiedDate":"2022-10-09"},{"lineNumber":60,"author":{"gitId":"malcolmang"},"content":"    }","lastModifiedDate":"2022-10-09"},{"lineNumber":61,"author":{"gitId":"malcolmang"},"content":"","lastModifiedDate":"2022-10-09"},{"lineNumber":62,"author":{"gitId":"malcolmang"},"content":"    @JsonProperty(\"AvailableLots\")","lastModifiedDate":"2022-10-09"},{"lineNumber":63,"author":{"gitId":"malcolmang"},"content":"    public void setAvailableLots(String availableLots) {","lastModifiedDate":"2022-10-09"},{"lineNumber":64,"author":{"gitId":"malcolmang"},"content":"        this.availableLots \u003d availableLots;","lastModifiedDate":"2022-10-09"},{"lineNumber":65,"author":{"gitId":"malcolmang"},"content":"    }","lastModifiedDate":"2022-10-09"},{"lineNumber":66,"author":{"gitId":"malcolmang"},"content":"","lastModifiedDate":"2022-10-09"},{"lineNumber":67,"author":{"gitId":"malcolmang"},"content":"    public String getLotType() {","lastModifiedDate":"2022-10-09"},{"lineNumber":68,"author":{"gitId":"malcolmang"},"content":"        return lotType;","lastModifiedDate":"2022-10-09"},{"lineNumber":69,"author":{"gitId":"malcolmang"},"content":"    }","lastModifiedDate":"2022-10-09"},{"lineNumber":70,"author":{"gitId":"malcolmang"},"content":"","lastModifiedDate":"2022-10-09"},{"lineNumber":71,"author":{"gitId":"malcolmang"},"content":"    @JsonProperty(\"LotType\")","lastModifiedDate":"2022-10-09"},{"lineNumber":72,"author":{"gitId":"malcolmang"},"content":"    public void setLotType(String lotType) {","lastModifiedDate":"2022-10-09"},{"lineNumber":73,"author":{"gitId":"malcolmang"},"content":"        this.lotType \u003d lotType;","lastModifiedDate":"2022-10-09"},{"lineNumber":74,"author":{"gitId":"malcolmang"},"content":"    }","lastModifiedDate":"2022-10-09"},{"lineNumber":75,"author":{"gitId":"malcolmang"},"content":"","lastModifiedDate":"2022-10-09"},{"lineNumber":76,"author":{"gitId":"malcolmang"},"content":"    public String getAgency() {","lastModifiedDate":"2022-10-09"},{"lineNumber":77,"author":{"gitId":"malcolmang"},"content":"        return agency;","lastModifiedDate":"2022-10-09"},{"lineNumber":78,"author":{"gitId":"malcolmang"},"content":"    }","lastModifiedDate":"2022-10-09"},{"lineNumber":79,"author":{"gitId":"malcolmang"},"content":"","lastModifiedDate":"2022-10-09"},{"lineNumber":80,"author":{"gitId":"malcolmang"},"content":"    @JsonProperty(\"Agency\")","lastModifiedDate":"2022-10-09"},{"lineNumber":81,"author":{"gitId":"malcolmang"},"content":"    public void setAgency(String agency) {","lastModifiedDate":"2022-10-09"},{"lineNumber":82,"author":{"gitId":"malcolmang"},"content":"        this.agency \u003d agency;","lastModifiedDate":"2022-10-09"},{"lineNumber":83,"author":{"gitId":"malcolmang"},"content":"    }","lastModifiedDate":"2022-10-09"},{"lineNumber":84,"author":{"gitId":"malcolmang"},"content":"}","lastModifiedDate":"2022-10-09"}],"authorContributionMap":{"malcolmang":84}},{"path":"src/main/java/seedu/data/CarparkList.java","fileType":"functional-code","lines":[{"lineNumber":1,"author":{"gitId":"malcolmang"},"content":"package seedu.data;","lastModifiedDate":"2022-10-09"},{"lineNumber":2,"author":{"gitId":"malcolmang"},"content":"","lastModifiedDate":"2022-10-09"},{"lineNumber":3,"author":{"gitId":"malcolmang"},"content":"import seedu.exception.NoCarparkFoundException;","lastModifiedDate":"2022-10-09"},{"lineNumber":4,"author":{"gitId":"malcolmang"},"content":"import seedu.exception.NoFileFoundException;","lastModifiedDate":"2022-10-09"},{"lineNumber":5,"author":{"gitId":"malcolmang"},"content":"import seedu.files.FileLoader;","lastModifiedDate":"2022-10-09"},{"lineNumber":6,"author":{"gitId":"malcolmang"},"content":"","lastModifiedDate":"2022-10-09"},{"lineNumber":7,"author":{"gitId":"malcolmang"},"content":"import java.util.List;","lastModifiedDate":"2022-10-09"},{"lineNumber":8,"author":{"gitId":"malcolmang"},"content":"","lastModifiedDate":"2022-10-09"},{"lineNumber":9,"author":{"gitId":"malcolmang"},"content":"/**","lastModifiedDate":"2022-10-09"},{"lineNumber":10,"author":{"gitId":"malcolmang"},"content":" * Container for all the {@link Carpark} classes. Contains method for finding the carpark.","lastModifiedDate":"2022-10-09"},{"lineNumber":11,"author":{"gitId":"malcolmang"},"content":" */","lastModifiedDate":"2022-10-09"},{"lineNumber":12,"author":{"gitId":"malcolmang"},"content":"public class CarparkList {","lastModifiedDate":"2022-10-09"},{"lineNumber":13,"author":{"gitId":"malcolmang"},"content":"    private final List\u003cCarpark\u003e CARPARKS;","lastModifiedDate":"2022-10-09"},{"lineNumber":14,"author":{"gitId":"malcolmang"},"content":"    public CarparkList() throws NoFileFoundException {","lastModifiedDate":"2022-10-09"},{"lineNumber":15,"author":{"gitId":"malcolmang"},"content":"        CARPARKS \u003d FileLoader.loadLtaJson();","lastModifiedDate":"2022-10-09"},{"lineNumber":16,"author":{"gitId":"malcolmang"},"content":"    }","lastModifiedDate":"2022-10-09"},{"lineNumber":17,"author":{"gitId":"malcolmang"},"content":"","lastModifiedDate":"2022-10-09"},{"lineNumber":18,"author":{"gitId":"malcolmang"},"content":"    /**","lastModifiedDate":"2022-10-09"},{"lineNumber":19,"author":{"gitId":"malcolmang"},"content":"     * Finds carpark based on an exact string (case-insensitive) for the carpark ID.","lastModifiedDate":"2022-10-09"},{"lineNumber":20,"author":{"gitId":"malcolmang"},"content":"     * @param searchString string that should be matched to","lastModifiedDate":"2022-10-09"},{"lineNumber":21,"author":{"gitId":"malcolmang"},"content":"     * @return returns the carpark with this unique ID","lastModifiedDate":"2022-10-09"},{"lineNumber":22,"author":{"gitId":"malcolmang"},"content":"     * @throws NoCarparkFoundException If no carpark was found","lastModifiedDate":"2022-10-09"},{"lineNumber":23,"author":{"gitId":"malcolmang"},"content":"     */","lastModifiedDate":"2022-10-09"},{"lineNumber":24,"author":{"gitId":"malcolmang"},"content":"    public Carpark findCarpark(String searchString) throws NoCarparkFoundException {","lastModifiedDate":"2022-10-09"},{"lineNumber":25,"author":{"gitId":"malcolmang"},"content":"        for (Carpark carpark : CARPARKS) {","lastModifiedDate":"2022-10-09"},{"lineNumber":26,"author":{"gitId":"malcolmang"},"content":"            if (carpark.getCarparkId().equalsIgnoreCase(searchString)) {","lastModifiedDate":"2022-10-09"},{"lineNumber":27,"author":{"gitId":"malcolmang"},"content":"                return carpark;","lastModifiedDate":"2022-10-09"},{"lineNumber":28,"author":{"gitId":"malcolmang"},"content":"            }","lastModifiedDate":"2022-10-09"},{"lineNumber":29,"author":{"gitId":"malcolmang"},"content":"        }","lastModifiedDate":"2022-10-09"},{"lineNumber":30,"author":{"gitId":"malcolmang"},"content":"        throw new NoCarparkFoundException(\"No carpark was found!\");","lastModifiedDate":"2022-10-09"},{"lineNumber":31,"author":{"gitId":"malcolmang"},"content":"    }","lastModifiedDate":"2022-10-09"},{"lineNumber":32,"author":{"gitId":"malcolmang"},"content":"}","lastModifiedDate":"2022-10-09"}],"authorContributionMap":{"malcolmang":32}},{"path":"src/main/java/seedu/exception/EmptyResponseException.java","fileType":"functional-code","lines":[{"lineNumber":1,"author":{"gitId":"malcolmang"},"content":"package seedu.exception;","lastModifiedDate":"2022-10-09"},{"lineNumber":2,"author":{"gitId":"malcolmang"},"content":"","lastModifiedDate":"2022-10-09"},{"lineNumber":3,"author":{"gitId":"malcolmang"},"content":"public class EmptyResponseException extends ParkingException {","lastModifiedDate":"2022-10-09"},{"lineNumber":4,"author":{"gitId":"malcolmang"},"content":"    public EmptyResponseException(String message) {","lastModifiedDate":"2022-10-09"},{"lineNumber":5,"author":{"gitId":"malcolmang"},"content":"        super(message);","lastModifiedDate":"2022-10-09"},{"lineNumber":6,"author":{"gitId":"malcolmang"},"content":"    }","lastModifiedDate":"2022-10-09"},{"lineNumber":7,"author":{"gitId":"malcolmang"},"content":"}","lastModifiedDate":"2022-10-09"}],"authorContributionMap":{"malcolmang":7}},{"path":"src/main/java/seedu/exception/NoCarparkFoundException.java","fileType":"functional-code","lines":[{"lineNumber":1,"author":{"gitId":"malcolmang"},"content":"package seedu.exception;","lastModifiedDate":"2022-10-09"},{"lineNumber":2,"author":{"gitId":"malcolmang"},"content":"","lastModifiedDate":"2022-10-09"},{"lineNumber":3,"author":{"gitId":"malcolmang"},"content":"public class NoCarparkFoundException extends ParkingException {","lastModifiedDate":"2022-10-09"},{"lineNumber":4,"author":{"gitId":"malcolmang"},"content":"    public NoCarparkFoundException(String message) {","lastModifiedDate":"2022-10-09"},{"lineNumber":5,"author":{"gitId":"malcolmang"},"content":"        super(message);","lastModifiedDate":"2022-10-09"},{"lineNumber":6,"author":{"gitId":"malcolmang"},"content":"    }","lastModifiedDate":"2022-10-09"},{"lineNumber":7,"author":{"gitId":"malcolmang"},"content":"}","lastModifiedDate":"2022-10-09"}],"authorContributionMap":{"malcolmang":7}},{"path":"src/main/java/seedu/exception/NoFileFoundException.java","fileType":"functional-code","lines":[{"lineNumber":1,"author":{"gitId":"malcolmang"},"content":"package seedu.exception;","lastModifiedDate":"2022-10-09"},{"lineNumber":2,"author":{"gitId":"malcolmang"},"content":"","lastModifiedDate":"2022-10-09"},{"lineNumber":3,"author":{"gitId":"malcolmang"},"content":"public class NoFileFoundException extends ParkingException {","lastModifiedDate":"2022-10-09"},{"lineNumber":4,"author":{"gitId":"malcolmang"},"content":"    public NoFileFoundException(String message) {","lastModifiedDate":"2022-10-09"},{"lineNumber":5,"author":{"gitId":"malcolmang"},"content":"        super(message);","lastModifiedDate":"2022-10-09"},{"lineNumber":6,"author":{"gitId":"malcolmang"},"content":"    }","lastModifiedDate":"2022-10-09"},{"lineNumber":7,"author":{"gitId":"malcolmang"},"content":"}","lastModifiedDate":"2022-10-09"}],"authorContributionMap":{"malcolmang":7}},{"path":"src/main/java/seedu/exception/ParkingException.java","fileType":"functional-code","lines":[{"lineNumber":1,"author":{"gitId":"malcolmang"},"content":"package seedu.exception;","lastModifiedDate":"2022-10-09"},{"lineNumber":2,"author":{"gitId":"malcolmang"},"content":"","lastModifiedDate":"2022-10-09"},{"lineNumber":3,"author":{"gitId":"malcolmang"},"content":"abstract public class ParkingException extends Exception {","lastModifiedDate":"2022-10-09"},{"lineNumber":4,"author":{"gitId":"malcolmang"},"content":"    public ParkingException(String message) {","lastModifiedDate":"2022-10-09"},{"lineNumber":5,"author":{"gitId":"malcolmang"},"content":"        super(message);","lastModifiedDate":"2022-10-09"},{"lineNumber":6,"author":{"gitId":"malcolmang"},"content":"    }","lastModifiedDate":"2022-10-09"},{"lineNumber":7,"author":{"gitId":"malcolmang"},"content":"}","lastModifiedDate":"2022-10-09"}],"authorContributionMap":{"malcolmang":7}},{"path":"src/main/java/seedu/files/FileLoader.java","fileType":"functional-code","lines":[{"lineNumber":1,"author":{"gitId":"malcolmang"},"content":"package seedu.files;","lastModifiedDate":"2022-10-09"},{"lineNumber":2,"author":{"gitId":"malcolmang"},"content":"","lastModifiedDate":"2022-10-09"},{"lineNumber":3,"author":{"gitId":"malcolmang"},"content":"import org.codehaus.jackson.map.JsonMappingException;","lastModifiedDate":"2022-10-09"},{"lineNumber":4,"author":{"gitId":"malcolmang"},"content":"import org.codehaus.jackson.map.ObjectMapper;","lastModifiedDate":"2022-10-09"},{"lineNumber":5,"author":{"gitId":"malcolmang"},"content":"import org.codehaus.jackson.map.ObjectReader;","lastModifiedDate":"2022-10-09"},{"lineNumber":6,"author":{"gitId":"malcolmang"},"content":"import seedu.exception.NoFileFoundException;","lastModifiedDate":"2022-10-09"},{"lineNumber":7,"author":{"gitId":"malcolmang"},"content":"import seedu.common.CommonFiles;","lastModifiedDate":"2022-10-09"},{"lineNumber":8,"author":{"gitId":"malcolmang"},"content":"import seedu.data.Carpark;","lastModifiedDate":"2022-10-09"},{"lineNumber":9,"author":{"gitId":"malcolmang"},"content":"import seedu.files.parsing.LtaJsonWrapper;","lastModifiedDate":"2022-10-09"},{"lineNumber":10,"author":{"gitId":"malcolmang"},"content":"","lastModifiedDate":"2022-10-09"},{"lineNumber":11,"author":{"gitId":"malcolmang"},"content":"import java.io.IOException;","lastModifiedDate":"2022-10-09"},{"lineNumber":12,"author":{"gitId":"malcolmang"},"content":"import java.nio.file.Files;","lastModifiedDate":"2022-10-09"},{"lineNumber":13,"author":{"gitId":"malcolmang"},"content":"import java.nio.file.Path;","lastModifiedDate":"2022-10-09"},{"lineNumber":14,"author":{"gitId":"malcolmang"},"content":"import java.nio.file.Paths;","lastModifiedDate":"2022-10-09"},{"lineNumber":15,"author":{"gitId":"malcolmang"},"content":"import java.util.List;","lastModifiedDate":"2022-10-09"},{"lineNumber":16,"author":{"gitId":"malcolmang"},"content":"","lastModifiedDate":"2022-10-09"},{"lineNumber":17,"author":{"gitId":"malcolmang"},"content":"public class FileLoader {","lastModifiedDate":"2022-10-09"},{"lineNumber":18,"author":{"gitId":"malcolmang"},"content":"","lastModifiedDate":"2022-10-09"},{"lineNumber":19,"author":{"gitId":"malcolmang"},"content":"    /**","lastModifiedDate":"2022-10-09"},{"lineNumber":20,"author":{"gitId":"malcolmang"},"content":"     * Loads .json file as an ArrayList of {@link Carpark} class","lastModifiedDate":"2022-10-09"},{"lineNumber":21,"author":{"gitId":"malcolmang"},"content":"     *","lastModifiedDate":"2022-10-09"},{"lineNumber":22,"author":{"gitId":"malcolmang"},"content":"     * @return list of all Carparks found","lastModifiedDate":"2022-10-09"},{"lineNumber":23,"author":{"gitId":"malcolmang"},"content":"     * @throws NoFileFoundException if a file was not found","lastModifiedDate":"2022-10-09"},{"lineNumber":24,"author":{"gitId":"malcolmang"},"content":"     */","lastModifiedDate":"2022-10-09"},{"lineNumber":25,"author":{"gitId":"malcolmang"},"content":"    public static List\u003cCarpark\u003e loadLtaJson() throws NoFileFoundException {","lastModifiedDate":"2022-10-09"},{"lineNumber":26,"author":{"gitId":"malcolmang"},"content":"        Path filepath \u003d Paths.get(CommonFiles.API_JSON_DIRECTORY, CommonFiles.LTA_JSON_FILE);","lastModifiedDate":"2022-10-09"},{"lineNumber":27,"author":{"gitId":"malcolmang"},"content":"        Path filepathBackup \u003d Paths.get(CommonFiles.API_JSON_DIRECTORY, \"ltaResponseSample.json\");","lastModifiedDate":"2022-10-09"},{"lineNumber":28,"author":{"gitId":"malcolmang"},"content":"        try {","lastModifiedDate":"2022-10-09"},{"lineNumber":29,"author":{"gitId":"malcolmang"},"content":"            return getCarparks(filepath);","lastModifiedDate":"2022-10-09"},{"lineNumber":30,"author":{"gitId":"malcolmang"},"content":"        } catch (IOException e) {","lastModifiedDate":"2022-10-09"},{"lineNumber":31,"author":{"gitId":"malcolmang"},"content":"            System.out.println(\"No file was found, or invalid format at \" + filepath + \". Trying the backup:\");","lastModifiedDate":"2022-10-09"},{"lineNumber":32,"author":{"gitId":"malcolmang"},"content":"            try {","lastModifiedDate":"2022-10-09"},{"lineNumber":33,"author":{"gitId":"malcolmang"},"content":"                List\u003cCarpark\u003e carparks \u003d getCarparks(filepathBackup);","lastModifiedDate":"2022-10-09"},{"lineNumber":34,"author":{"gitId":"malcolmang"},"content":"                System.out.println(\"Backup load successful!\");","lastModifiedDate":"2022-10-09"},{"lineNumber":35,"author":{"gitId":"malcolmang"},"content":"                return carparks;","lastModifiedDate":"2022-10-09"},{"lineNumber":36,"author":{"gitId":"malcolmang"},"content":"            } catch (IOException backupException) {","lastModifiedDate":"2022-10-09"},{"lineNumber":37,"author":{"gitId":"malcolmang"},"content":"                throw new NoFileFoundException(\"Both the main file and backup file did not load correctly.\"","lastModifiedDate":"2022-10-09"},{"lineNumber":38,"author":{"gitId":"malcolmang"},"content":"                        + \"Please check your directory at \" + filepath + \" and try again, or\"","lastModifiedDate":"2022-10-09"},{"lineNumber":39,"author":{"gitId":"malcolmang"},"content":"                        + \"download a sample .json file and place it in \" + filepathBackup + \".\");","lastModifiedDate":"2022-10-09"},{"lineNumber":40,"author":{"gitId":"malcolmang"},"content":"            }","lastModifiedDate":"2022-10-09"},{"lineNumber":41,"author":{"gitId":"malcolmang"},"content":"        }","lastModifiedDate":"2022-10-09"},{"lineNumber":42,"author":{"gitId":"malcolmang"},"content":"    }","lastModifiedDate":"2022-10-09"},{"lineNumber":43,"author":{"gitId":"malcolmang"},"content":"","lastModifiedDate":"2022-10-09"},{"lineNumber":44,"author":{"gitId":"malcolmang"},"content":"    private static List\u003cCarpark\u003e getCarparks(Path filepath) throws IOException {","lastModifiedDate":"2022-10-09"},{"lineNumber":45,"author":{"gitId":"malcolmang"},"content":"        ObjectMapper objectMapper \u003d new ObjectMapper();","lastModifiedDate":"2022-10-09"},{"lineNumber":46,"author":{"gitId":"malcolmang"},"content":"        ObjectReader objectReader \u003d objectMapper.reader(LtaJsonWrapper.class);","lastModifiedDate":"2022-10-09"},{"lineNumber":47,"author":{"gitId":"malcolmang"},"content":"        byte[] jsonData \u003d Files.readAllBytes(filepath);","lastModifiedDate":"2022-10-09"},{"lineNumber":48,"author":{"gitId":"malcolmang"},"content":"        LtaJsonWrapper wrapperObject \u003d objectReader.readValue(jsonData);","lastModifiedDate":"2022-10-09"},{"lineNumber":49,"author":{"gitId":"malcolmang"},"content":"        return wrapperObject.getValue();","lastModifiedDate":"2022-10-09"},{"lineNumber":50,"author":{"gitId":"malcolmang"},"content":"    }","lastModifiedDate":"2022-10-09"},{"lineNumber":51,"author":{"gitId":"malcolmang"},"content":"","lastModifiedDate":"2022-10-09"},{"lineNumber":52,"author":{"gitId":"malcolmang"},"content":"}","lastModifiedDate":"2022-10-09"}],"authorContributionMap":{"malcolmang":52}},{"path":"src/main/java/seedu/files/parsing/LtaJsonWrapper.java","fileType":"functional-code","lines":[{"lineNumber":1,"author":{"gitId":"malcolmang"},"content":"package seedu.files.parsing;","lastModifiedDate":"2022-10-09"},{"lineNumber":2,"author":{"gitId":"malcolmang"},"content":"","lastModifiedDate":"2022-10-09"},{"lineNumber":3,"author":{"gitId":"malcolmang"},"content":"import org.codehaus.jackson.annotate.JsonProperty;","lastModifiedDate":"2022-10-09"},{"lineNumber":4,"author":{"gitId":"malcolmang"},"content":"import seedu.data.Carpark;","lastModifiedDate":"2022-10-09"},{"lineNumber":5,"author":{"gitId":"malcolmang"},"content":"","lastModifiedDate":"2022-10-09"},{"lineNumber":6,"author":{"gitId":"malcolmang"},"content":"import java.util.List;","lastModifiedDate":"2022-10-09"},{"lineNumber":7,"author":{"gitId":"malcolmang"},"content":"","lastModifiedDate":"2022-10-09"},{"lineNumber":8,"author":{"gitId":"malcolmang"},"content":"/**","lastModifiedDate":"2022-10-09"},{"lineNumber":9,"author":{"gitId":"malcolmang"},"content":" * Blueprint class for the {@link org.codehaus.jackson.map.ObjectMapper} class","lastModifiedDate":"2022-10-09"},{"lineNumber":10,"author":{"gitId":"malcolmang"},"content":" * to build","lastModifiedDate":"2022-10-09"},{"lineNumber":11,"author":{"gitId":"malcolmang"},"content":" */","lastModifiedDate":"2022-10-09"},{"lineNumber":12,"author":{"gitId":"malcolmang"},"content":"public class LtaJsonWrapper {","lastModifiedDate":"2022-10-09"},{"lineNumber":13,"author":{"gitId":"malcolmang"},"content":"    private String metadata;","lastModifiedDate":"2022-10-09"},{"lineNumber":14,"author":{"gitId":"malcolmang"},"content":"    private List\u003cCarpark\u003e value;","lastModifiedDate":"2022-10-09"},{"lineNumber":15,"author":{"gitId":"malcolmang"},"content":"","lastModifiedDate":"2022-10-09"},{"lineNumber":16,"author":{"gitId":"malcolmang"},"content":"","lastModifiedDate":"2022-10-09"},{"lineNumber":17,"author":{"gitId":"malcolmang"},"content":"    public String getMetadata() {","lastModifiedDate":"2022-10-09"},{"lineNumber":18,"author":{"gitId":"malcolmang"},"content":"        return metadata;","lastModifiedDate":"2022-10-09"},{"lineNumber":19,"author":{"gitId":"malcolmang"},"content":"    }","lastModifiedDate":"2022-10-09"},{"lineNumber":20,"author":{"gitId":"malcolmang"},"content":"","lastModifiedDate":"2022-10-09"},{"lineNumber":21,"author":{"gitId":"malcolmang"},"content":"    @JsonProperty(\"odata.metadata\")","lastModifiedDate":"2022-10-09"},{"lineNumber":22,"author":{"gitId":"malcolmang"},"content":"    public void setMetadata(String metadata) {","lastModifiedDate":"2022-10-09"},{"lineNumber":23,"author":{"gitId":"malcolmang"},"content":"        this.metadata \u003d metadata;","lastModifiedDate":"2022-10-09"},{"lineNumber":24,"author":{"gitId":"malcolmang"},"content":"    }","lastModifiedDate":"2022-10-09"},{"lineNumber":25,"author":{"gitId":"malcolmang"},"content":"","lastModifiedDate":"2022-10-09"},{"lineNumber":26,"author":{"gitId":"malcolmang"},"content":"    public List\u003cCarpark\u003e getValue() {","lastModifiedDate":"2022-10-09"},{"lineNumber":27,"author":{"gitId":"malcolmang"},"content":"        return value;","lastModifiedDate":"2022-10-09"},{"lineNumber":28,"author":{"gitId":"malcolmang"},"content":"    }","lastModifiedDate":"2022-10-09"},{"lineNumber":29,"author":{"gitId":"malcolmang"},"content":"","lastModifiedDate":"2022-10-09"},{"lineNumber":30,"author":{"gitId":"malcolmang"},"content":"    public void setValue(List\u003cCarpark\u003e value) {","lastModifiedDate":"2022-10-09"},{"lineNumber":31,"author":{"gitId":"malcolmang"},"content":"        this.value \u003d value;","lastModifiedDate":"2022-10-09"},{"lineNumber":32,"author":{"gitId":"malcolmang"},"content":"    }","lastModifiedDate":"2022-10-09"},{"lineNumber":33,"author":{"gitId":"malcolmang"},"content":"}","lastModifiedDate":"2022-10-09"}],"authorContributionMap":{"malcolmang":33}},{"path":"src/main/java/seedu/parking/Parking.java","fileType":"functional-code","lines":[{"lineNumber":1,"author":{"gitId":"pipipipi2002"},"content":"package seedu.parking;","lastModifiedDate":"2022-10-04"},{"lineNumber":2,"author":{"gitId":"-"},"content":"","lastModifiedDate":"2020-05-24"},{"lineNumber":3,"author":{"gitId":"pipipipi2002"},"content":"import seedu.api.Api;","lastModifiedDate":"2022-10-04"},{"lineNumber":4,"author":{"gitId":"malcolmang"},"content":"import seedu.exception.EmptyResponseException;","lastModifiedDate":"2022-10-09"},{"lineNumber":5,"author":{"gitId":"malcolmang"},"content":"import seedu.exception.ParkingException;","lastModifiedDate":"2022-10-09"},{"lineNumber":6,"author":{"gitId":"malcolmang"},"content":"import seedu.data.CarparkList;","lastModifiedDate":"2022-10-09"},{"lineNumber":7,"author":{"gitId":"pipipipi2002"},"content":"","lastModifiedDate":"2022-10-04"},{"lineNumber":8,"author":{"gitId":"eehongchan"},"content":"import seedu.ui.Ui;","lastModifiedDate":"2022-10-08"},{"lineNumber":9,"author":{"gitId":"eehongchan"},"content":"","lastModifiedDate":"2022-10-08"},{"lineNumber":10,"author":{"gitId":"pipipipi2002"},"content":"import java.io.IOException;","lastModifiedDate":"2022-10-05"},{"lineNumber":11,"author":{"gitId":"-"},"content":"","lastModifiedDate":"2020-05-24"},{"lineNumber":12,"author":{"gitId":"pipipipi2002"},"content":"public class Parking {","lastModifiedDate":"2022-10-04"},{"lineNumber":13,"author":{"gitId":"malcolmang"},"content":"    private static CarparkList carparkList;","lastModifiedDate":"2022-10-09"},{"lineNumber":14,"author":{"gitId":"-"},"content":"    /**","lastModifiedDate":"2020-05-24"},{"lineNumber":15,"author":{"gitId":"-"},"content":"     * Main entry-point for the java.duke.Duke application.","lastModifiedDate":"2020-05-24"},{"lineNumber":16,"author":{"gitId":"-"},"content":"     */","lastModifiedDate":"2020-05-24"},{"lineNumber":17,"author":{"gitId":"-"},"content":"    public static void main(String[] args) {","lastModifiedDate":"2019-07-29"},{"lineNumber":18,"author":{"gitId":"eehongchan"},"content":"        Ui ui \u003d new Ui();","lastModifiedDate":"2022-10-08"},{"lineNumber":19,"author":{"gitId":"eehongchan"},"content":"        ui.greetUser();","lastModifiedDate":"2022-10-08"},{"lineNumber":20,"author":{"gitId":"pipipipi2002"},"content":"","lastModifiedDate":"2022-10-04"},{"lineNumber":21,"author":{"gitId":"pipipipi2002"},"content":"        Api api \u003d new Api();","lastModifiedDate":"2022-10-04"},{"lineNumber":22,"author":{"gitId":"pipipipi2002"},"content":"        api.asyncExecuteRequest(); // Send request to API and wait asynchronously","lastModifiedDate":"2022-10-05"},{"lineNumber":23,"author":{"gitId":"pipipipi2002"},"content":"","lastModifiedDate":"2022-10-05"},{"lineNumber":24,"author":{"gitId":"pipipipi2002"},"content":"        // More code here while waiting for data to come back","lastModifiedDate":"2022-10-05"},{"lineNumber":25,"author":{"gitId":"pipipipi2002"},"content":"","lastModifiedDate":"2022-10-05"},{"lineNumber":26,"author":{"gitId":"pipipipi2002"},"content":"","lastModifiedDate":"2022-10-05"},{"lineNumber":27,"author":{"gitId":"pipipipi2002"},"content":"        // This should be the last code block of the initialising phase","lastModifiedDate":"2022-10-05"},{"lineNumber":28,"author":{"gitId":"pipipipi2002"},"content":"        try {","lastModifiedDate":"2022-10-04"},{"lineNumber":29,"author":{"gitId":"pipipipi2002"},"content":"            System.out.println(\"Trying to fetch data\"); // Debug line","lastModifiedDate":"2022-10-05"},{"lineNumber":30,"author":{"gitId":"pipipipi2002"},"content":"            api.fetchData();","lastModifiedDate":"2022-10-05"},{"lineNumber":31,"author":{"gitId":"malcolmang"},"content":"            System.out.println(\"Completed fetch data!\"); // Debug line","lastModifiedDate":"2022-10-09"},{"lineNumber":32,"author":{"gitId":"pipipipi2002"},"content":"        } catch (EmptyResponseException e) {","lastModifiedDate":"2022-10-05"},{"lineNumber":33,"author":{"gitId":"eehongchan"},"content":"            ui.showFetchError();","lastModifiedDate":"2022-10-08"},{"lineNumber":34,"author":{"gitId":"pipipipi2002"},"content":"        } catch (IOException e) {","lastModifiedDate":"2022-10-05"},{"lineNumber":35,"author":{"gitId":"eehongchan"},"content":"            ui.showSaveError();","lastModifiedDate":"2022-10-08"},{"lineNumber":36,"author":{"gitId":"pipipipi2002"},"content":"        } finally {","lastModifiedDate":"2022-10-05"},{"lineNumber":37,"author":{"gitId":"pipipipi2002"},"content":"            System.out.println(\"Fetching and save data sequence terminated\"); // Debug line","lastModifiedDate":"2022-10-05"},{"lineNumber":38,"author":{"gitId":"pipipipi2002"},"content":"        }","lastModifiedDate":"2022-10-04"},{"lineNumber":39,"author":{"gitId":"malcolmang"},"content":"","lastModifiedDate":"2022-10-09"},{"lineNumber":40,"author":{"gitId":"malcolmang"},"content":"        // Load file from json","lastModifiedDate":"2022-10-09"},{"lineNumber":41,"author":{"gitId":"malcolmang"},"content":"        System.out.println(\"Trying to load data\");","lastModifiedDate":"2022-10-09"},{"lineNumber":42,"author":{"gitId":"malcolmang"},"content":"        try {","lastModifiedDate":"2022-10-09"},{"lineNumber":43,"author":{"gitId":"malcolmang"},"content":"            carparkList \u003d new CarparkList();","lastModifiedDate":"2022-10-09"},{"lineNumber":44,"author":{"gitId":"malcolmang"},"content":"        } catch (ParkingException e) {","lastModifiedDate":"2022-10-09"},{"lineNumber":45,"author":{"gitId":"malcolmang"},"content":"            System.out.println(e.getMessage());","lastModifiedDate":"2022-10-09"},{"lineNumber":46,"author":{"gitId":"malcolmang"},"content":"        } finally {","lastModifiedDate":"2022-10-09"},{"lineNumber":47,"author":{"gitId":"malcolmang"},"content":"            System.out.println(\"Load data sequence terminated\"); // Debug line","lastModifiedDate":"2022-10-09"},{"lineNumber":48,"author":{"gitId":"malcolmang"},"content":"        }","lastModifiedDate":"2022-10-09"},{"lineNumber":49,"author":{"gitId":"malcolmang"},"content":"","lastModifiedDate":"2022-10-09"},{"lineNumber":50,"author":{"gitId":"-"},"content":"    }","lastModifiedDate":"2019-07-29"},{"lineNumber":51,"author":{"gitId":"-"},"content":"}","lastModifiedDate":"2019-07-29"}],"authorContributionMap":{"eehongchan":6,"pipipipi2002":21,"malcolmang":16,"-":8}},{"path":"src/main/java/seedu/parser/Command.java","fileType":"functional-code","lines":[{"lineNumber":1,"author":{"gitId":"kyrenechua"},"content":"package seedu.parser;","lastModifiedDate":"2022-10-05"},{"lineNumber":2,"author":{"gitId":"kyrenechua"},"content":"","lastModifiedDate":"2022-10-05"},{"lineNumber":3,"author":{"gitId":"kyrenechua"},"content":"/**","lastModifiedDate":"2022-10-05"},{"lineNumber":4,"author":{"gitId":"kyrenechua"},"content":" * Represents a type of command from the user","lastModifiedDate":"2022-10-05"},{"lineNumber":5,"author":{"gitId":"kyrenechua"},"content":" */","lastModifiedDate":"2022-10-05"},{"lineNumber":6,"author":{"gitId":"kyrenechua"},"content":"public enum Command {","lastModifiedDate":"2022-10-05"},{"lineNumber":7,"author":{"gitId":"kyrenechua"},"content":"    FIND,","lastModifiedDate":"2022-10-05"},{"lineNumber":8,"author":{"gitId":"kyrenechua"},"content":"    BYE,","lastModifiedDate":"2022-10-05"},{"lineNumber":9,"author":{"gitId":"kyrenechua"},"content":"    INVALID","lastModifiedDate":"2022-10-05"},{"lineNumber":10,"author":{"gitId":"kyrenechua"},"content":"}","lastModifiedDate":"2022-10-05"}],"authorContributionMap":{"kyrenechua":10}},{"path":"src/main/java/seedu/parser/Parser.java","fileType":"functional-code","lines":[{"lineNumber":1,"author":{"gitId":"kyrenechua"},"content":"package seedu.parser;","lastModifiedDate":"2022-10-05"},{"lineNumber":2,"author":{"gitId":"kyrenechua"},"content":"","lastModifiedDate":"2022-10-05"},{"lineNumber":3,"author":{"gitId":"kyrenechua"},"content":"","lastModifiedDate":"2022-10-05"},{"lineNumber":4,"author":{"gitId":"kyrenechua"},"content":"public class Parser {","lastModifiedDate":"2022-10-05"},{"lineNumber":5,"author":{"gitId":"kyrenechua"},"content":"    private static final String COMMAND_FIND \u003d \"find\";","lastModifiedDate":"2022-10-05"},{"lineNumber":6,"author":{"gitId":"kyrenechua"},"content":"    private static final String COMMAND_EXIT \u003d \"bye\";","lastModifiedDate":"2022-10-05"},{"lineNumber":7,"author":{"gitId":"kyrenechua"},"content":"","lastModifiedDate":"2022-10-05"},{"lineNumber":8,"author":{"gitId":"kyrenechua"},"content":"    /**","lastModifiedDate":"2022-10-05"},{"lineNumber":9,"author":{"gitId":"kyrenechua"},"content":"     * To convert the user input into commands for the program.","lastModifiedDate":"2022-10-05"},{"lineNumber":10,"author":{"gitId":"kyrenechua"},"content":"     * @param input User input","lastModifiedDate":"2022-10-05"},{"lineNumber":11,"author":{"gitId":"kyrenechua"},"content":"     * @return Command that user wants to do.","lastModifiedDate":"2022-10-05"},{"lineNumber":12,"author":{"gitId":"kyrenechua"},"content":"     */","lastModifiedDate":"2022-10-05"},{"lineNumber":13,"author":{"gitId":"kyrenechua"},"content":"    public Command parseInputString(String input) {","lastModifiedDate":"2022-10-05"},{"lineNumber":14,"author":{"gitId":"kyrenechua"},"content":"        Command command;","lastModifiedDate":"2022-10-05"},{"lineNumber":15,"author":{"gitId":"kyrenechua"},"content":"        if (input.equals(COMMAND_EXIT)) {","lastModifiedDate":"2022-10-05"},{"lineNumber":16,"author":{"gitId":"kyrenechua"},"content":"            command \u003d Command.BYE;","lastModifiedDate":"2022-10-05"},{"lineNumber":17,"author":{"gitId":"kyrenechua"},"content":"        } else {","lastModifiedDate":"2022-10-05"},{"lineNumber":18,"author":{"gitId":"kyrenechua"},"content":"            String instruction \u003d input.split(\"\\\\s+\")[0];","lastModifiedDate":"2022-10-05"},{"lineNumber":19,"author":{"gitId":"kyrenechua"},"content":"            //use switch format when there are more commands in future","lastModifiedDate":"2022-10-05"},{"lineNumber":20,"author":{"gitId":"kyrenechua"},"content":"            if (instruction.equals(COMMAND_FIND)) {","lastModifiedDate":"2022-10-05"},{"lineNumber":21,"author":{"gitId":"kyrenechua"},"content":"                command \u003d Command.FIND;","lastModifiedDate":"2022-10-05"},{"lineNumber":22,"author":{"gitId":"kyrenechua"},"content":"            } else {","lastModifiedDate":"2022-10-05"},{"lineNumber":23,"author":{"gitId":"kyrenechua"},"content":"                command \u003d Command.INVALID;","lastModifiedDate":"2022-10-05"},{"lineNumber":24,"author":{"gitId":"kyrenechua"},"content":"            }","lastModifiedDate":"2022-10-05"},{"lineNumber":25,"author":{"gitId":"kyrenechua"},"content":"        }","lastModifiedDate":"2022-10-05"},{"lineNumber":26,"author":{"gitId":"kyrenechua"},"content":"        return command;","lastModifiedDate":"2022-10-05"},{"lineNumber":27,"author":{"gitId":"kyrenechua"},"content":"    }","lastModifiedDate":"2022-10-05"},{"lineNumber":28,"author":{"gitId":"kyrenechua"},"content":"}","lastModifiedDate":"2022-10-05"}],"authorContributionMap":{"kyrenechua":28}},{"path":"src/main/java/seedu/ui/Ui.java","fileType":"functional-code","lines":[{"lineNumber":1,"author":{"gitId":"eehongchan"},"content":"package seedu.ui;","lastModifiedDate":"2022-10-08"},{"lineNumber":2,"author":{"gitId":"eehongchan"},"content":"","lastModifiedDate":"2022-10-08"},{"lineNumber":3,"author":{"gitId":"eehongchan"},"content":"import java.util.Scanner;","lastModifiedDate":"2022-10-08"},{"lineNumber":4,"author":{"gitId":"eehongchan"},"content":"","lastModifiedDate":"2022-10-08"},{"lineNumber":5,"author":{"gitId":"eehongchan"},"content":"/**","lastModifiedDate":"2022-10-08"},{"lineNumber":6,"author":{"gitId":"eehongchan"},"content":" * Represents a user interface that handles input and output with the user.","lastModifiedDate":"2022-10-08"},{"lineNumber":7,"author":{"gitId":"eehongchan"},"content":" */","lastModifiedDate":"2022-10-08"},{"lineNumber":8,"author":{"gitId":"eehongchan"},"content":"public class Ui {","lastModifiedDate":"2022-10-08"},{"lineNumber":9,"author":{"gitId":"eehongchan"},"content":"","lastModifiedDate":"2022-10-08"},{"lineNumber":10,"author":{"gitId":"eehongchan"},"content":"    private final Scanner in;","lastModifiedDate":"2022-10-08"},{"lineNumber":11,"author":{"gitId":"eehongchan"},"content":"","lastModifiedDate":"2022-10-08"},{"lineNumber":12,"author":{"gitId":"eehongchan"},"content":"    public Ui() {","lastModifiedDate":"2022-10-08"},{"lineNumber":13,"author":{"gitId":"eehongchan"},"content":"        this.in \u003d new Scanner(System.in);","lastModifiedDate":"2022-10-08"},{"lineNumber":14,"author":{"gitId":"eehongchan"},"content":"    }","lastModifiedDate":"2022-10-08"},{"lineNumber":15,"author":{"gitId":"eehongchan"},"content":"","lastModifiedDate":"2022-10-08"},{"lineNumber":16,"author":{"gitId":"eehongchan"},"content":"    /**","lastModifiedDate":"2022-10-08"},{"lineNumber":17,"author":{"gitId":"eehongchan"},"content":"     * Asks for input and returns user input.","lastModifiedDate":"2022-10-08"},{"lineNumber":18,"author":{"gitId":"eehongchan"},"content":"     *","lastModifiedDate":"2022-10-08"},{"lineNumber":19,"author":{"gitId":"eehongchan"},"content":"     * @return User input.","lastModifiedDate":"2022-10-08"},{"lineNumber":20,"author":{"gitId":"eehongchan"},"content":"     */","lastModifiedDate":"2022-10-08"},{"lineNumber":21,"author":{"gitId":"eehongchan"},"content":"    public String getLine() {","lastModifiedDate":"2022-10-08"},{"lineNumber":22,"author":{"gitId":"eehongchan"},"content":"        return in.nextLine();","lastModifiedDate":"2022-10-08"},{"lineNumber":23,"author":{"gitId":"eehongchan"},"content":"    }","lastModifiedDate":"2022-10-08"},{"lineNumber":24,"author":{"gitId":"eehongchan"},"content":"","lastModifiedDate":"2022-10-08"},{"lineNumber":25,"author":{"gitId":"eehongchan"},"content":"    /**","lastModifiedDate":"2022-10-08"},{"lineNumber":26,"author":{"gitId":"eehongchan"},"content":"     * Prints ASCII art of a car and parKING logo","lastModifiedDate":"2022-10-08"},{"lineNumber":27,"author":{"gitId":"eehongchan"},"content":"     */","lastModifiedDate":"2022-10-08"},{"lineNumber":28,"author":{"gitId":"-"},"content":"    //@@author eehongchan-reused","lastModifiedDate":"2022-10-08"},{"lineNumber":29,"author":{"gitId":"-"},"content":"    //Reused from https://www.asciiart.eu/vehicles/cars and http://patorjk.com/software/taag/","lastModifiedDate":"2022-10-08"},{"lineNumber":30,"author":{"gitId":"-"},"content":"    // with minor modifications","lastModifiedDate":"2022-10-08"},{"lineNumber":31,"author":{"gitId":"-"},"content":"    private void showLogo() {","lastModifiedDate":"2022-10-08"},{"lineNumber":32,"author":{"gitId":"-"},"content":"        System.out.println(","lastModifiedDate":"2022-10-08"},{"lineNumber":33,"author":{"gitId":"-"},"content":"                \"    ____\\n\" +","lastModifiedDate":"2022-10-08"},{"lineNumber":34,"author":{"gitId":"-"},"content":"                \" __/  |_\\\\_\\n\" +","lastModifiedDate":"2022-10-08"},{"lineNumber":35,"author":{"gitId":"-"},"content":"                \"|  _     _``-.\\n\" +","lastModifiedDate":"2022-10-08"},{"lineNumber":36,"author":{"gitId":"-"},"content":"                \"\u0027-(_)---(_)--\u0027   _  _____ _  _  ___ \\n\" +","lastModifiedDate":"2022-10-08"},{"lineNumber":37,"author":{"gitId":"-"},"content":"                \"  _ __  __ _ _ _| |/ /_ _| \\\\| |/ __|\\n\" +","lastModifiedDate":"2022-10-08"},{"lineNumber":38,"author":{"gitId":"-"},"content":"                \" | \u0027_ \\\\/ _` | \u0027_| \u0027 \u003c | || .` | (_ |\\n\" +","lastModifiedDate":"2022-10-08"},{"lineNumber":39,"author":{"gitId":"-"},"content":"                \" | .__/\\\\__,_|_| |_|\\\\_\\\\___|_|\\\\_|\\\\___|\\n\" +","lastModifiedDate":"2022-10-08"},{"lineNumber":40,"author":{"gitId":"-"},"content":"                \" |_|                                \");","lastModifiedDate":"2022-10-08"},{"lineNumber":41,"author":{"gitId":"-"},"content":"    }","lastModifiedDate":"2022-10-08"},{"lineNumber":42,"author":{"gitId":"-"},"content":"    //@@author","lastModifiedDate":"2022-10-08"},{"lineNumber":43,"author":{"gitId":"eehongchan"},"content":"","lastModifiedDate":"2022-10-08"},{"lineNumber":44,"author":{"gitId":"eehongchan"},"content":"    /**","lastModifiedDate":"2022-10-08"},{"lineNumber":45,"author":{"gitId":"eehongchan"},"content":"     * Prompts user to enter name and prints welcome message.","lastModifiedDate":"2022-10-08"},{"lineNumber":46,"author":{"gitId":"eehongchan"},"content":"     */","lastModifiedDate":"2022-10-08"},{"lineNumber":47,"author":{"gitId":"eehongchan"},"content":"    private void askName() {","lastModifiedDate":"2022-10-08"},{"lineNumber":48,"author":{"gitId":"eehongchan"},"content":"        System.out.println(\"What is your name?\");","lastModifiedDate":"2022-10-08"},{"lineNumber":49,"author":{"gitId":"eehongchan"},"content":"        String name \u003d getLine();","lastModifiedDate":"2022-10-08"},{"lineNumber":50,"author":{"gitId":"eehongchan"},"content":"        System.out.printf(\"Welcome to parKING, %s!\\n\", name);","lastModifiedDate":"2022-10-08"},{"lineNumber":51,"author":{"gitId":"eehongchan"},"content":"    }","lastModifiedDate":"2022-10-08"},{"lineNumber":52,"author":{"gitId":"eehongchan"},"content":"","lastModifiedDate":"2022-10-08"},{"lineNumber":53,"author":{"gitId":"eehongchan"},"content":"    /**","lastModifiedDate":"2022-10-08"},{"lineNumber":54,"author":{"gitId":"eehongchan"},"content":"     * Prints ASCII art and logo, and asks user for their name.","lastModifiedDate":"2022-10-08"},{"lineNumber":55,"author":{"gitId":"eehongchan"},"content":"     */","lastModifiedDate":"2022-10-08"},{"lineNumber":56,"author":{"gitId":"eehongchan"},"content":"    public void greetUser() {","lastModifiedDate":"2022-10-08"},{"lineNumber":57,"author":{"gitId":"eehongchan"},"content":"        showLogo();","lastModifiedDate":"2022-10-08"},{"lineNumber":58,"author":{"gitId":"eehongchan"},"content":"        askName();","lastModifiedDate":"2022-10-08"},{"lineNumber":59,"author":{"gitId":"eehongchan"},"content":"    }","lastModifiedDate":"2022-10-08"},{"lineNumber":60,"author":{"gitId":"eehongchan"},"content":"","lastModifiedDate":"2022-10-08"},{"lineNumber":61,"author":{"gitId":"eehongchan"},"content":"    /**","lastModifiedDate":"2022-10-08"},{"lineNumber":62,"author":{"gitId":"eehongchan"},"content":"     * Show error message when fetching data is unsuccessful.","lastModifiedDate":"2022-10-08"},{"lineNumber":63,"author":{"gitId":"eehongchan"},"content":"     */","lastModifiedDate":"2022-10-08"},{"lineNumber":64,"author":{"gitId":"eehongchan"},"content":"    public void showFetchError() {","lastModifiedDate":"2022-10-08"},{"lineNumber":65,"author":{"gitId":"eehongchan"},"content":"        System.out.println(\"Something went wrong when fetching data.\");","lastModifiedDate":"2022-10-08"},{"lineNumber":66,"author":{"gitId":"eehongchan"},"content":"    }","lastModifiedDate":"2022-10-08"},{"lineNumber":67,"author":{"gitId":"eehongchan"},"content":"","lastModifiedDate":"2022-10-08"},{"lineNumber":68,"author":{"gitId":"eehongchan"},"content":"    /**","lastModifiedDate":"2022-10-08"},{"lineNumber":69,"author":{"gitId":"eehongchan"},"content":"     * Show error message when fetching data took too long.","lastModifiedDate":"2022-10-08"},{"lineNumber":70,"author":{"gitId":"eehongchan"},"content":"     */","lastModifiedDate":"2022-10-08"},{"lineNumber":71,"author":{"gitId":"eehongchan"},"content":"    public void showFetchTimeout() {","lastModifiedDate":"2022-10-08"},{"lineNumber":72,"author":{"gitId":"eehongchan"},"content":"        System.out.println(\"Fetch Timeout, try again!\");","lastModifiedDate":"2022-10-08"},{"lineNumber":73,"author":{"gitId":"eehongchan"},"content":"    }","lastModifiedDate":"2022-10-08"},{"lineNumber":74,"author":{"gitId":"eehongchan"},"content":"","lastModifiedDate":"2022-10-08"},{"lineNumber":75,"author":{"gitId":"eehongchan"},"content":"    /**","lastModifiedDate":"2022-10-08"},{"lineNumber":76,"author":{"gitId":"eehongchan"},"content":"     * Show error message when saving data to file.","lastModifiedDate":"2022-10-08"},{"lineNumber":77,"author":{"gitId":"eehongchan"},"content":"     */","lastModifiedDate":"2022-10-08"},{"lineNumber":78,"author":{"gitId":"eehongchan"},"content":"    public void showSaveError() {","lastModifiedDate":"2022-10-08"},{"lineNumber":79,"author":{"gitId":"eehongchan"},"content":"        System.out.println(\"Something went wrong when saving data.\");","lastModifiedDate":"2022-10-08"},{"lineNumber":80,"author":{"gitId":"eehongchan"},"content":"    }","lastModifiedDate":"2022-10-08"},{"lineNumber":81,"author":{"gitId":"eehongchan"},"content":"","lastModifiedDate":"2022-10-08"},{"lineNumber":82,"author":{"gitId":"eehongchan"},"content":"    /**","lastModifiedDate":"2022-10-08"},{"lineNumber":83,"author":{"gitId":"eehongchan"},"content":"     * Show error message when creating file is unsuccessful.","lastModifiedDate":"2022-10-08"},{"lineNumber":84,"author":{"gitId":"eehongchan"},"content":"     */","lastModifiedDate":"2022-10-08"},{"lineNumber":85,"author":{"gitId":"eehongchan"},"content":"    public void showCreateFileError() {","lastModifiedDate":"2022-10-08"},{"lineNumber":86,"author":{"gitId":"eehongchan"},"content":"        System.out.println(\"Something wrong happened in file creation.\");","lastModifiedDate":"2022-10-08"},{"lineNumber":87,"author":{"gitId":"eehongchan"},"content":"    }","lastModifiedDate":"2022-10-08"},{"lineNumber":88,"author":{"gitId":"eehongchan"},"content":"}","lastModifiedDate":"2022-10-08"}],"authorContributionMap":{"eehongchan":73,"-":15}},{"path":"src/test/java/seedu/parking/DukeTest.java","fileType":"test-code","lines":[{"lineNumber":1,"author":{"gitId":"pipipipi2002"},"content":"package seedu.parking;","lastModifiedDate":"2022-10-04"},{"lineNumber":2,"author":{"gitId":"-"},"content":"","lastModifiedDate":"2020-05-24"},{"lineNumber":3,"author":{"gitId":"-"},"content":"import static org.junit.jupiter.api.Assertions.assertTrue;","lastModifiedDate":"2020-05-24"},{"lineNumber":4,"author":{"gitId":"-"},"content":"","lastModifiedDate":"2020-05-24"},{"lineNumber":5,"author":{"gitId":"-"},"content":"import org.junit.jupiter.api.Test;","lastModifiedDate":"2020-05-24"},{"lineNumber":6,"author":{"gitId":"-"},"content":"","lastModifiedDate":"2020-05-24"},{"lineNumber":7,"author":{"gitId":"-"},"content":"class DukeTest {","lastModifiedDate":"2020-05-24"},{"lineNumber":8,"author":{"gitId":"-"},"content":"    @Test","lastModifiedDate":"2020-05-24"},{"lineNumber":9,"author":{"gitId":"-"},"content":"    public void sampleTest() {","lastModifiedDate":"2020-05-24"},{"lineNumber":10,"author":{"gitId":"-"},"content":"        assertTrue(true);","lastModifiedDate":"2020-05-24"},{"lineNumber":11,"author":{"gitId":"-"},"content":"    }","lastModifiedDate":"2020-05-24"},{"lineNumber":12,"author":{"gitId":"-"},"content":"}","lastModifiedDate":"2020-05-24"}],"authorContributionMap":{"pipipipi2002":1,"-":11}}]
