{"authorDailyContributionsMap":{"kyrenechua":[{"date":"2022-09-29","commitResults":[{"hash":"3f0a0389b7e58cc575633c46ffd38ee9c80f9f51","messageTitle":"Added my name","messageBody":"","fileTypesAndContributionMap":{"docs":{"insertions":6,"deletions":7}}}]},{"date":"2022-10-05","commitResults":[{"hash":"066da840992d8053049dfaec3fa6942bd390b41f","messageTitle":"added Parser and Command classes","messageBody":"","fileTypesAndContributionMap":{"functional-code":{"insertions":38,"deletions":0}}}]},{"date":"2022-10-11","commitResults":[{"hash":"8693f1be2fe9a5a94bc9d1fad377683445f501ef","messageTitle":"Edits from others; Added update feature","messageBody":"","fileTypesAndContributionMap":{"functional-code":{"insertions":772,"deletions":95},"other":{"insertions":403,"deletions":210},"test-code":{"insertions":124,"deletions":0}}},{"hash":"2ca5becbf076cd0ed1910e4b11d5621740360e34","messageTitle":"reversed a mistake","messageBody":"","fileTypesAndContributionMap":{"functional-code":{"insertions":1,"deletions":1}}},{"hash":"78137fde88cbc1ea47404251126b09cc8a025680","messageTitle":"merged conflicts resolved","messageBody":"","fileTypesAndContributionMap":{"functional-code":{"insertions":1,"deletions":3}}}]}],"eehongchan":[{"date":"2022-09-29","commitResults":[{"hash":"c1e5578c115ea52cd2dbbb2cde6515768405bc4f","messageTitle":"Update own name","messageBody":"","fileTypesAndContributionMap":{"docs":{"insertions":7,"deletions":7}}}]},{"date":"2022-10-08","commitResults":[{"hash":"5a5a58008078c79741a3ea946a192d2a2873c52b","messageTitle":"Add UI class","messageBody":"","fileTypesAndContributionMap":{"functional-code":{"insertions":0,"deletions":0}}},{"hash":"dc0911e7176ad3edb7499185ba06cf128dda3e52","messageTitle":"Add UI class support","messageBody":"","fileTypesAndContributionMap":{"functional-code":{"insertions":18,"deletions":13}}},{"hash":"ed87c92a80fb56bce0039d47f0d9f240b1154bcb","messageTitle":"Add methods to handle greeting and errors","messageBody":"","fileTypesAndContributionMap":{"functional-code":{"insertions":88,"deletions":0}}}]},{"date":"2022-10-11","commitResults":[{"hash":"017678347f21c4641130ac7a1e231839ef10f696","messageTitle":"Add Find class that represents a Find Command","messageBody":"","fileTypesAndContributionMap":{"functional-code":{"insertions":25,"deletions":0}}},{"hash":"eff0f438343a6269fe6b342fe1c0be1f97388039","messageTitle":"Add InvalidFindCommandException to handle Invalid Command","messageBody":"","fileTypesAndContributionMap":{"functional-code":{"insertions":10,"deletions":0}}},{"hash":"dd6085a5f28ad7d5b664f53c8f45a06f2564fb34","messageTitle":"Add extra methods to support main program","messageBody":"","fileTypesAndContributionMap":{"functional-code":{"insertions":54,"deletions":7}}},{"hash":"0960510a8385c31728cc9fc5d217d80c4c5b9d0b","messageTitle":"Modify toString() method to include available lots","messageBody":"","fileTypesAndContributionMap":{"functional-code":{"insertions":1,"deletions":1}}},{"hash":"2a11ec8f0a32b546f4c9b3de60dc91ee7c8ccfea","messageTitle":"Add main loop for user to input commands and use program","messageBody":"","fileTypesAndContributionMap":{"functional-code":{"insertions":35,"deletions":2}}},{"hash":"c426b7a239cb2b50f5f50146b575a20afc441956","messageTitle":"Revert Carpark toString() method to only contain ID and name of carpark","messageBody":"","fileTypesAndContributionMap":{"functional-code":{"insertions":1,"deletions":1}}},{"hash":"ff52f3b064a3a83554b48717b85785a11d41c300","messageTitle":"Modify search result when finding carpark to include available lots","messageBody":"","fileTypesAndContributionMap":{"functional-code":{"insertions":1,"deletions":0}}},{"hash":"214ee6045abd7a7c2ec963f6e5954217d1dac28f","messageTitle":"Add file for JUnit test for Ui class","messageBody":"","fileTypesAndContributionMap":{"test-code":{"insertions":50,"deletions":0}}},{"hash":"bb65b7bb555a529b3afc992716ed94d593ae2ea1","messageTitle":"Add changeScanner() method to support JUnit testing","messageBody":"","fileTypesAndContributionMap":{"functional-code":{"insertions":10,"deletions":1}}}]}],"malcolmang":[{"date":"2022-09-29","commitResults":[{"hash":"4c6af8f52872546acaffc651d8db359343869e72","messageTitle":"Update README.md","messageBody":"","fileTypesAndContributionMap":{"docs":{"insertions":2,"deletions":2}}},{"hash":"5cc1ba9f2d80187bb9862497844f2266b986a78a","messageTitle":"Update README.md","messageBody":"","fileTypesAndContributionMap":{"docs":{"insertions":1,"deletions":1}}},{"hash":"d91975d21dc0673cd503ba206277e37e774d9d71","messageTitle":"Change name - Malcolm Ang","messageBody":"","fileTypesAndContributionMap":{"docs":{"insertions":6,"deletions":7}}}]},{"date":"2022-10-09","commitResults":[{"hash":"e5ef9a327239c05db35758d72ba6dfd99d769e7b","messageTitle":"Complete parsing of json files","messageBody":"","fileTypesAndContributionMap":{"functional-code":{"insertions":182,"deletions":5},"other":{"insertions":1,"deletions":0}}},{"hash":"d24dd4f99d802bf06f9cd2375d6d32224b9f9d78","messageTitle":"Add documentation, refactor file organisation","messageBody":"Moved package seedu.api.exception to seedu.exception to be universal.\nAdded exception handling for when file is not found.\n","fileTypesAndContributionMap":{"functional-code":{"insertions":82,"deletions":25}}},{"hash":"f51cc8bba4cb08ab79a2bd8a3fcdbfe2acb968a7","messageTitle":"Change .gitignore to not track LTA json files","messageBody":"","fileTypesAndContributionMap":{"functional-code":{"insertions":3,"deletions":1}}}]},{"date":"2022-10-10","commitResults":[{"hash":"c0b01535fe643ab72f5d4ef4e639b2dd1c647fd7","messageTitle":"Add JUnit testing for FileLoader and CarparkList","messageBody":"","fileTypesAndContributionMap":{"functional-code":{"insertions":13,"deletions":6},"test-code":{"insertions":51,"deletions":0}}},{"hash":"db2f719d9e04a8a2ab21dd51326d76db4747eb77","messageTitle":"Format project to comply with checkstyle rules","messageBody":"","fileTypesAndContributionMap":{"functional-code":{"insertions":150,"deletions":92},"other":{"insertions":415,"deletions":223},"test-code":{"insertions":73,"deletions":50}}},{"hash":"84d4a8951cb64c7f0094841c63deebf1d86b4b14","messageTitle":"Fix bug for text-ui-testing","messageBody":"","fileTypesAndContributionMap":{"functional-code":{"insertions":2,"deletions":2}}}]},{"date":"2022-10-11","commitResults":[{"hash":"25828c0b3a0ea816431e6e467141cc8fa431dd1f","messageTitle":"Change formatting","messageBody":"Minor deletion of linebreak\n","fileTypesAndContributionMap":{"functional-code":{"insertions":0,"deletions":1}}},{"hash":"2771cd3141c483555bdfe8c83feb7c8d34c86834","messageTitle":"Make changes to satisfy checkstyle","messageBody":"","fileTypesAndContributionMap":{"functional-code":{"insertions":7,"deletions":66}}}]}],"pipipipi2002":[{"date":"2022-09-29","commitResults":[{"hash":"03e5bff36f73508b47f2c009709c1cde33844149","messageTitle":"Edited AboutUs.md","messageBody":"","fileTypesAndContributionMap":{"docs":{"insertions":7,"deletions":7}}}]},{"date":"2022-10-04","commitResults":[{"hash":"99077b02f958327b1a1d41aedb9a5f6e5a942eb9","messageTitle":"Change Duke to Parking.","messageBody":"","fileTypesAndContributionMap":{"other":{"insertions":6,"deletions":10}}},{"hash":"dcfd9cdebc29a7e401a5674bca999f36622e3a1f","messageTitle":"Add Common Files class for centralized workflow.","messageBody":"","fileTypesAndContributionMap":{"functional-code":{"insertions":6,"deletions":0}}},{"hash":"b880d5244b49bc8e9bed1584f597dd1551dfdce6","messageTitle":"Add basic API Http Get method.","messageBody":"","fileTypesAndContributionMap":{"functional-code":{"insertions":42,"deletions":2}}}]},{"date":"2022-10-05","commitResults":[{"hash":"24ed4e920064393ffb6de09f5961e3aa15e1b822","messageTitle":"Add support for LTA API.","messageBody":"","fileTypesAndContributionMap":{"functional-code":{"insertions":120,"deletions":16}}}]},{"date":"2022-10-10","commitResults":[{"hash":"eabf2808b18c1a84a403aef935ba76d065b4a9cb","messageTitle":"JavaDoc updated for API authentication and storage.","messageBody":"","fileTypesAndContributionMap":{"functional-code":{"insertions":49,"deletions":3}}}]},{"date":"2022-10-11","commitResults":[{"hash":"ba195cdb4dc416adceb4369e1520eaa483f7b0bd","messageTitle":"Handled 503 and 401 API response code.","messageBody":"","fileTypesAndContributionMap":{"functional-code":{"insertions":67,"deletions":16}}},{"hash":"ef343dc587438ee48175f0ea3a0683d99979d6bd","messageTitle":"Rename API exception file name to adhere to style.","messageBody":"","fileTypesAndContributionMap":{"functional-code":{"insertions":13,"deletions":13}}},{"hash":"bebe504a9b5160e0a52444943e94f1d1d1c59e02","messageTitle":"Resolve Gradle API check.","messageBody":"","fileTypesAndContributionMap":{"functional-code":{"insertions":14,"deletions":2}}},{"hash":"659cace0c38c28257464d0fdae9389a2af06db37","messageTitle":"Add API key load from file functionality.","messageBody":"","fileTypesAndContributionMap":{"functional-code":{"insertions":72,"deletions":14},"other":{"insertions":0,"deletions":0}}},{"hash":"900ac59bf97e78233821ccdcb5805388c85d75b0","messageTitle":"Add JavaDoc.","messageBody":"","fileTypesAndContributionMap":{"functional-code":{"insertions":20,"deletions":16}}},{"hash":"592bb45d7d2c535637fc2c4907da7f40db79b90b","messageTitle":"Add create file if secret file is not found.","messageBody":"","fileTypesAndContributionMap":{"functional-code":{"insertions":23,"deletions":6}}},{"hash":"8fa7628cc806c730797244faf915301f2bc844de","messageTitle":"Fix styling issues.","messageBody":"","fileTypesAndContributionMap":{"functional-code":{"insertions":19,"deletions":19}}}]},{"date":"2022-10-12","commitResults":[{"hash":"6932309c544129e90bc09442f45ca54f00d9377e","messageTitle":"Add JUnit test for API related code.","messageBody":"","fileTypesAndContributionMap":{"functional-code":{"insertions":21,"deletions":27},"other":{"insertions":1,"deletions":1},"test-code":{"insertions":102,"deletions":0}}},{"hash":"dcd50b1eed08a19e2d0ed6df993a1382172a0cf0","messageTitle":"FIx styling issues","messageBody":"","fileTypesAndContributionMap":{"functional-code":{"insertions":14,"deletions":17},"test-code":{"insertions":11,"deletions":12}}},{"hash":"20e1644e3b12f4ade4587c7c4d906e7665f2bf2c","messageTitle":"Fix Ui text testing","messageBody":"","fileTypesAndContributionMap":{"functional-code":{"insertions":2,"deletions":3}}},{"hash":"db7d183bb168717b295884d6127628a5dd29756c","messageTitle":"fix minor style bug","messageBody":"","fileTypesAndContributionMap":{"functional-code":{"insertions":2,"deletions":2}}},{"hash":"7b43f40a46a02db6bc8651a4d5707197a40a53ae","messageTitle":"Revert \"Branch junit api\"","messageBody":"","fileTypesAndContributionMap":{"functional-code":{"insertions":43,"deletions":33},"other":{"insertions":1,"deletions":1},"test-code":{"insertions":5,"deletions":106}}},{"hash":"3d88ba953325a9f1a202dbd3c9b32c641fa4689c","messageTitle":"Revert \"Revert \"Branch junit api\"\"","messageBody":"","fileTypesAndContributionMap":{"functional-code":{"insertions":33,"deletions":43},"other":{"insertions":1,"deletions":1},"test-code":{"insertions":106,"deletions":5}}}]}]},"authorFileTypeContributionMap":{"kyrenechua":{"docs":1,"functional-code":436,"test-code":0},"eehongchan":{"docs":1,"functional-code":27,"test-code":22},"malcolmang":{"docs":3,"functional-code":251,"test-code":74,"other":386},"pipipipi2002":{"docs":2,"functional-code":179,"test-code":106,"other":2}},"authorContributionVariance":{"kyrenechua":92278.91,"eehongchan":1847.2456,"malcolmang":43527.5,"pipipipi2002":15735.658},"authorDisplayNameMap":{"kyrenechua":"CS2113-T17-4 CHUA..RENE","eehongchan":"CS2113-T17-4 CHAN..HONG","malcolmang":"CS2113-T17-4 MALC..HUAN","pipipipi2002":"CS2113-T17-4 MARV..JAYA"}}
