{"authorDailyContributionsMap":{"kyrenechua":[{"date":"2022-09-29","commitResults":[{"hash":"3f0a0389b7e58cc575633c46ffd38ee9c80f9f51","messageTitle":"Added my name","messageBody":"","fileTypesAndContributionMap":{"docs":{"insertions":6,"deletions":7}}}]},{"date":"2022-10-05","commitResults":[{"hash":"066da840992d8053049dfaec3fa6942bd390b41f","messageTitle":"added Parser and Command classes","messageBody":"","fileTypesAndContributionMap":{"functional-code":{"insertions":38,"deletions":0}}}]},{"date":"2022-10-11","commitResults":[{"hash":"8693f1be2fe9a5a94bc9d1fad377683445f501ef","messageTitle":"Edits from others; Added update feature","messageBody":"","fileTypesAndContributionMap":{"functional-code":{"insertions":772,"deletions":95},"other":{"insertions":403,"deletions":210},"test-code":{"insertions":124,"deletions":0}}},{"hash":"2ca5becbf076cd0ed1910e4b11d5621740360e34","messageTitle":"reversed a mistake","messageBody":"","fileTypesAndContributionMap":{"functional-code":{"insertions":1,"deletions":1}}},{"hash":"78137fde88cbc1ea47404251126b09cc8a025680","messageTitle":"merged conflicts resolved","messageBody":"","fileTypesAndContributionMap":{"functional-code":{"insertions":1,"deletions":3}}}]},{"date":"2022-10-12","commitResults":[{"hash":"a296324e1d0294ed22b71c39306a246bacaca062","messageTitle":"JUnit test","messageBody":"","fileTypesAndContributionMap":{"test-code":{"insertions":6,"deletions":6}}},{"hash":"7c109e33b5bd6362d21f404343545bdfea3a427a","messageTitle":"added the update feature in main","messageBody":"","fileTypesAndContributionMap":{"functional-code":{"insertions":38,"deletions":7}}},{"hash":"4cf1398537b1444662eaf8809399f84c28d5129f","messageTitle":"Added the auth feature","messageBody":"","fileTypesAndContributionMap":{"functional-code":{"insertions":64,"deletions":4}}},{"hash":"1606b93f5082282c655a56ef8d30b37601be8131","messageTitle":"resolved merge conflicts","messageBody":"","fileTypesAndContributionMap":{"functional-code":{"insertions":0,"deletions":14}}},{"hash":"3a5a28e71179142cdbaf6d351349af8b76d7c6f9","messageTitle":"merged conflicts, added auth feature","messageBody":"","fileTypesAndContributionMap":{"functional-code":{"insertions":46,"deletions":27},"test-code":{"insertions":4,"deletions":4}}},{"hash":"48e002b88d37fdc060bf4bd96a66c28c6184b486","messageTitle":"edited code","messageBody":"","fileTypesAndContributionMap":{"functional-code":{"insertions":33,"deletions":26},"test-code":{"insertions":2,"deletions":1}}},{"hash":"1f7d21fe64ebfcc6ee3d2b8d783d451e303a877f","messageTitle":"Add addiional exceptions","messageBody":"","fileTypesAndContributionMap":{"functional-code":{"insertions":239,"deletions":113},"test-code":{"insertions":11,"deletions":2}}},{"hash":"32bebb6c0797814f1c2aa9ea9799bfcbaffe34ea","messageTitle":"edit test files","messageBody":"","fileTypesAndContributionMap":{"test-code":{"insertions":4,"deletions":4}}}]},{"date":"2022-10-20","commitResults":[{"hash":"09a3cc9907236de729f84f3026e7b08979eef440","messageTitle":"testing","messageBody":"","fileTypesAndContributionMap":{"docs":{"insertions":1,"deletions":0}}},{"hash":"51f849e6f618a5644731121d0a8280b526f25727","messageTitle":"Edited the Parser and Command components","messageBody":"","fileTypesAndContributionMap":{"docs":{"insertions":21,"deletions":2}}},{"hash":"ab2dff3d24dbf14648093d7b116bd0975304012c","messageTitle":"Edited the authenticate part","messageBody":"","fileTypesAndContributionMap":{"docs":{"insertions":5,"deletions":0}}}]}],"eehongchan":[{"date":"2022-09-29","commitResults":[{"hash":"c1e5578c115ea52cd2dbbb2cde6515768405bc4f","messageTitle":"Update own name","messageBody":"","fileTypesAndContributionMap":{"docs":{"insertions":7,"deletions":7}}}]},{"date":"2022-10-08","commitResults":[{"hash":"5a5a58008078c79741a3ea946a192d2a2873c52b","messageTitle":"Add UI class","messageBody":"","fileTypesAndContributionMap":{"functional-code":{"insertions":0,"deletions":0}}},{"hash":"dc0911e7176ad3edb7499185ba06cf128dda3e52","messageTitle":"Add UI class support","messageBody":"","fileTypesAndContributionMap":{"functional-code":{"insertions":18,"deletions":13}}},{"hash":"ed87c92a80fb56bce0039d47f0d9f240b1154bcb","messageTitle":"Add methods to handle greeting and errors","messageBody":"","fileTypesAndContributionMap":{"functional-code":{"insertions":88,"deletions":0}}}]},{"date":"2022-10-11","commitResults":[{"hash":"017678347f21c4641130ac7a1e231839ef10f696","messageTitle":"Add Find class that represents a Find Command","messageBody":"","fileTypesAndContributionMap":{"functional-code":{"insertions":25,"deletions":0}}},{"hash":"eff0f438343a6269fe6b342fe1c0be1f97388039","messageTitle":"Add InvalidFindCommandException to handle Invalid Command","messageBody":"","fileTypesAndContributionMap":{"functional-code":{"insertions":10,"deletions":0}}},{"hash":"dd6085a5f28ad7d5b664f53c8f45a06f2564fb34","messageTitle":"Add extra methods to support main program","messageBody":"","fileTypesAndContributionMap":{"functional-code":{"insertions":54,"deletions":7}}},{"hash":"0960510a8385c31728cc9fc5d217d80c4c5b9d0b","messageTitle":"Modify toString() method to include available lots","messageBody":"","fileTypesAndContributionMap":{"functional-code":{"insertions":1,"deletions":1}}},{"hash":"2a11ec8f0a32b546f4c9b3de60dc91ee7c8ccfea","messageTitle":"Add main loop for user to input commands and use program","messageBody":"","fileTypesAndContributionMap":{"functional-code":{"insertions":35,"deletions":2}}},{"hash":"c426b7a239cb2b50f5f50146b575a20afc441956","messageTitle":"Revert Carpark toString() method to only contain ID and name of carpark","messageBody":"","fileTypesAndContributionMap":{"functional-code":{"insertions":1,"deletions":1}}},{"hash":"ff52f3b064a3a83554b48717b85785a11d41c300","messageTitle":"Modify search result when finding carpark to include available lots","messageBody":"","fileTypesAndContributionMap":{"functional-code":{"insertions":1,"deletions":0}}},{"hash":"214ee6045abd7a7c2ec963f6e5954217d1dac28f","messageTitle":"Add file for JUnit test for Ui class","messageBody":"","fileTypesAndContributionMap":{"test-code":{"insertions":50,"deletions":0}}},{"hash":"bb65b7bb555a529b3afc992716ed94d593ae2ea1","messageTitle":"Add changeScanner() method to support JUnit testing","messageBody":"","fileTypesAndContributionMap":{"functional-code":{"insertions":10,"deletions":1}}}]},{"date":"2022-10-12","commitResults":[{"hash":"71492d678ba5840469276633a097378fee511bda","messageTitle":"Add toString override method to support printing of entire carpark list","messageBody":"","fileTypesAndContributionMap":{"functional-code":{"insertions":9,"deletions":0}}},{"hash":"4470ff8d7d058f2339e7b40dd5e393be52faa904","messageTitle":"Add support for \u0027list\u0027 Command, change \u0027bye\u0027 command to \u0027exit\u0027","messageBody":"","fileTypesAndContributionMap":{"functional-code":{"insertions":4,"deletions":1}}},{"hash":"6b3a69b04b518d8c3c4ea48a47ec550fce60cd5c","messageTitle":"Change \u0027BYE\u0027 to \u0027EXIT\u0027","messageBody":"","fileTypesAndContributionMap":{"functional-code":{"insertions":3,"deletions":2}}},{"hash":"d13e9b506d4fba3bd726aa23e799ef8b13de34d9","messageTitle":"Add support for \u0027list\u0027 Command, change \u0027bye\u0027 to \u0027exit\u0027, make input case insensitive","messageBody":"","fileTypesAndContributionMap":{"functional-code":{"insertions":8,"deletions":4}}},{"hash":"cfe26d3259899c3789da9288e5b4e1963ef8d1a3","messageTitle":"Add JUnit test for toString() method","messageBody":"","fileTypesAndContributionMap":{"test-code":{"insertions":8,"deletions":0}}}]},{"date":"2022-10-19","commitResults":[{"hash":"fc2ba91d34ad4749308c790ff4c5d447ec8e4214","messageTitle":"Add UI","messageBody":"","fileTypesAndContributionMap":{"functional-code":{"insertions":21,"deletions":8}}},{"hash":"00af2e51ba54019d9b42ba9b9fdd857b472b8db7","messageTitle":"Modify loadApiKey() method to trim input whitespaces","messageBody":"","fileTypesAndContributionMap":{"functional-code":{"insertions":1,"deletions":1}}},{"hash":"74f6108b893f8f0b7659af9d72c9a6e2e829e774","messageTitle":"Add extra checks for exceptions, update JavaDocs","messageBody":"","fileTypesAndContributionMap":{"functional-code":{"insertions":6,"deletions":1}}},{"hash":"bb4d34078711322e4304f1c243f5246ae420ef77","messageTitle":"Add file paths and directory for favourite file","messageBody":"","fileTypesAndContributionMap":{"functional-code":{"insertions":3,"deletions":0}}},{"hash":"e524e47107d8e3d2011d3ea533ca968be796deb1","messageTitle":"Add numbering for search results","messageBody":"","fileTypesAndContributionMap":{"functional-code":{"insertions":3,"deletions":1}}},{"hash":"874523d0ca2aafe7547d97c43ae67a3ca75e6c96","messageTitle":"Modify description and exception message","messageBody":"","fileTypesAndContributionMap":{"functional-code":{"insertions":2,"deletions":2}}},{"hash":"1c13e554b8e6dc2400272bddcf6526dec215e106","messageTitle":"Modify to use stringbuilder when reading from file, add support for multiline files","messageBody":"","fileTypesAndContributionMap":{"functional-code":{"insertions":3,"deletions":3}}},{"hash":"310e9572c0d63205f666af6d1f8fd55425829d05","messageTitle":"Add support for \u0027favourite\u0027 command","messageBody":"","fileTypesAndContributionMap":{"functional-code":{"insertions":43,"deletions":3}}},{"hash":"d106296be0631a83954999b953f704832455e5d3","messageTitle":"Add \u0027favourite\u0027 and \u0027unfavourite\u0027 commands","messageBody":"","fileTypesAndContributionMap":{"functional-code":{"insertions":3,"deletions":1}}},{"hash":"6f94062a206b3c9665c1ae5b36b866c0a566b129","messageTitle":"Add support for \u0027favourite\u0027 and \u0027unfavourite\u0027 commands","messageBody":"","fileTypesAndContributionMap":{"functional-code":{"insertions":14,"deletions":0}}},{"hash":"74ce1f43f715731d7b5ac59cec0349b9b09d827b","messageTitle":"Update tests to correctly reflect expected and actual results","messageBody":"","fileTypesAndContributionMap":{"test-code":{"insertions":8,"deletions":9}}},{"hash":"7fb81d890d05a89511b620a34704f4b29cb67e43","messageTitle":"Add class for \u0027favourite\u0027 and \u0027unfavourite\u0027 command","messageBody":"","fileTypesAndContributionMap":{"functional-code":{"insertions":132,"deletions":0}}},{"hash":"f0a7954e70570e6b59fb4424a61dddd4e127b5c9","messageTitle":"Add exception to be used when checking if a carpark ID already exist in a list","messageBody":"","fileTypesAndContributionMap":{"functional-code":{"insertions":23,"deletions":0}}}]},{"date":"2022-10-20","commitResults":[{"hash":"5550a7ac469615721edec1ea171548bac376ec7c","messageTitle":"Add implementation and design for \u0027favourite\u0027 command","messageBody":"","fileTypesAndContributionMap":{"docs":{"insertions":52,"deletions":0}}},{"hash":"cbfd0f01fe07bae12518dc25a04b6617eb709441","messageTitle":"Add class diagram for \u0027favourite\u0027 class","messageBody":"","fileTypesAndContributionMap":{"docs":{"insertions":65,"deletions":0}}},{"hash":"afcaaecc91ea667b40af4344aa948da6122eab2a","messageTitle":"Add in favourite class diagram","messageBody":"","fileTypesAndContributionMap":{"docs":{"insertions":2,"deletions":0}}},{"hash":"0973a46ca3a9744ee7ef7d3cc4c7cab22b05b7bc","messageTitle":"Add favourite class diagram","messageBody":"","fileTypesAndContributionMap":{"docs":{"insertions":21,"deletions":47}}},{"hash":"621b5db133c06f919936cb3449e23f0ec54eda9a","messageTitle":"Remove UI","messageBody":"","fileTypesAndContributionMap":{"functional-code":{"insertions":0,"deletions":4}}},{"hash":"e6b20a4c554f090cefc8a9b2331f9f39e61732b4","messageTitle":"Use UI to print list of favourite carparks","messageBody":"","fileTypesAndContributionMap":{"functional-code":{"insertions":1,"deletions":1}}}]},{"date":"2022-10-25","commitResults":[{"hash":"31f8b2e9d664d73db6d3652b628f17753bc123a3","messageTitle":"Update user guide for existing commands","messageBody":"","fileTypesAndContributionMap":{"docs":{"insertions":108,"deletions":8}}},{"hash":"e76a1e1a2383a0989d8847d2ffec32c0bfefcf1d","messageTitle":"Update UI","messageBody":"","fileTypesAndContributionMap":{"functional-code":{"insertions":182,"deletions":182}}},{"hash":"3a62d8a68c545d71054750841bab1337f11ad892","messageTitle":"Update UI","messageBody":"","fileTypesAndContributionMap":{"functional-code":{"insertions":182,"deletions":182}}},{"hash":"00e01ef1979d1a5b42e9a755eb973e70e4ba9e42","messageTitle":"Modify symbol links","messageBody":"","fileTypesAndContributionMap":{"docs":{"insertions":10,"deletions":10}}}]}],"malcolmang":[{"date":"2022-09-29","commitResults":[{"hash":"4c6af8f52872546acaffc651d8db359343869e72","messageTitle":"Update README.md","messageBody":"","fileTypesAndContributionMap":{"docs":{"insertions":2,"deletions":2}}},{"hash":"5cc1ba9f2d80187bb9862497844f2266b986a78a","messageTitle":"Update README.md","messageBody":"","fileTypesAndContributionMap":{"docs":{"insertions":1,"deletions":1}}},{"hash":"d91975d21dc0673cd503ba206277e37e774d9d71","messageTitle":"Change name - Malcolm Ang","messageBody":"","fileTypesAndContributionMap":{"docs":{"insertions":6,"deletions":7}}}]},{"date":"2022-10-09","commitResults":[{"hash":"e5ef9a327239c05db35758d72ba6dfd99d769e7b","messageTitle":"Complete parsing of json files","messageBody":"","fileTypesAndContributionMap":{"functional-code":{"insertions":182,"deletions":5},"other":{"insertions":1,"deletions":0}}},{"hash":"d24dd4f99d802bf06f9cd2375d6d32224b9f9d78","messageTitle":"Add documentation, refactor file organisation","messageBody":"Moved package seedu.api.exception to seedu.exception to be universal.\nAdded exception handling for when file is not found.\n","fileTypesAndContributionMap":{"functional-code":{"insertions":82,"deletions":25}}},{"hash":"f51cc8bba4cb08ab79a2bd8a3fcdbfe2acb968a7","messageTitle":"Change .gitignore to not track LTA json files","messageBody":"","fileTypesAndContributionMap":{"functional-code":{"insertions":3,"deletions":1}}}]},{"date":"2022-10-10","commitResults":[{"hash":"c0b01535fe643ab72f5d4ef4e639b2dd1c647fd7","messageTitle":"Add JUnit testing for FileLoader and CarparkList","messageBody":"","fileTypesAndContributionMap":{"functional-code":{"insertions":13,"deletions":6},"test-code":{"insertions":51,"deletions":0}}},{"hash":"db2f719d9e04a8a2ab21dd51326d76db4747eb77","messageTitle":"Format project to comply with checkstyle rules","messageBody":"","fileTypesAndContributionMap":{"functional-code":{"insertions":150,"deletions":92},"other":{"insertions":415,"deletions":223},"test-code":{"insertions":73,"deletions":50}}},{"hash":"84d4a8951cb64c7f0094841c63deebf1d86b4b14","messageTitle":"Fix bug for text-ui-testing","messageBody":"","fileTypesAndContributionMap":{"functional-code":{"insertions":2,"deletions":2}}}]},{"date":"2022-10-11","commitResults":[{"hash":"25828c0b3a0ea816431e6e467141cc8fa431dd1f","messageTitle":"Change formatting","messageBody":"Minor deletion of linebreak\n","fileTypesAndContributionMap":{"functional-code":{"insertions":0,"deletions":1}}},{"hash":"2771cd3141c483555bdfe8c83feb7c8d34c86834","messageTitle":"Make changes to satisfy checkstyle","messageBody":"","fileTypesAndContributionMap":{"functional-code":{"insertions":7,"deletions":66}}}]},{"date":"2022-10-12","commitResults":[{"hash":"f95007fd292d6966cdf9e78d66af1d1480689f23","messageTitle":"Alter output strings","messageBody":"","fileTypesAndContributionMap":{"functional-code":{"insertions":20,"deletions":21},"test-code":{"insertions":1,"deletions":1}}},{"hash":"e349a1985f5a9da26ee59ccc9e4d70c72c2ac28e","messageTitle":"Update main loop","messageBody":"","fileTypesAndContributionMap":{"functional-code":{"insertions":173,"deletions":76}}},{"hash":"fcc95a27c75ff54175ce906a267c9f17e30cbc59","messageTitle":"Add Exceptions","messageBody":"","fileTypesAndContributionMap":{"functional-code":{"insertions":38,"deletions":19},"test-code":{"insertions":3,"deletions":1}}},{"hash":"c27dcbe4c13462398743584896959ff7fea4ddec","messageTitle":"Fix filereader JUnit test","messageBody":"","fileTypesAndContributionMap":{"test-code":{"insertions":4,"deletions":2}}}]},{"date":"2022-10-13","commitResults":[{"hash":"1b5f8625448ffcb1be32318ffcae6f78c506dbfe","messageTitle":"Enable assertions in gradle.yml","messageBody":"","fileTypesAndContributionMap":{"functional-code":{"insertions":1,"deletions":1},"other":{"insertions":1,"deletions":0}}}]},{"date":"2022-10-16","commitResults":[{"hash":"18d223d5135a97d21a03b41a4921265ff16623ad","messageTitle":"Standardize exception handling","messageBody":"","fileTypesAndContributionMap":{"functional-code":{"insertions":105,"deletions":35}}},{"hash":"bdb01e2dc543c5a2e55b637b8e239c5d2ae603b6","messageTitle":"Fix compile error","messageBody":"Edits were not reflected after merge conflict resolution.\n","fileTypesAndContributionMap":{"functional-code":{"insertions":1,"deletions":1}}}]},{"date":"2022-10-17","commitResults":[{"hash":"7561d8cb36fbc37a3a3d86f8d6e2faaf18c3c1de","messageTitle":"Write initial version of search","messageBody":"","fileTypesAndContributionMap":{"functional-code":{"insertions":172,"deletions":2}}},{"hash":"ad6249a24988afaaa8e5fc4254c45935fa7214b6","messageTitle":"Add more string formats for Carpark class","messageBody":"Added a \"detail view\" and \"list view\" to be used\nin various functions\n","fileTypesAndContributionMap":{"functional-code":{"insertions":139,"deletions":34}}},{"hash":"816a432865744480c7091f63ae6bbf6371c9ce69","messageTitle":"Fix code style violations","messageBody":"Now adheres to checkstyle.\n","fileTypesAndContributionMap":{"functional-code":{"insertions":76,"deletions":15},"test-code":{"insertions":6,"deletions":3}}}]},{"date":"2022-10-19","commitResults":[{"hash":"7263e01fdd9affffdfea25bfcc54f1089b9ae650","messageTitle":"Add CarparkFilteredList subclass","messageBody":"To separate the functionalities of using a CarparkList as a whole and a filtered subset\n","fileTypesAndContributionMap":{"functional-code":{"insertions":67,"deletions":39}}},{"hash":"1f8a0bcbda2b522726eadec64477e5bc8df39cce","messageTitle":"Update developer guide","messageBody":"","fileTypesAndContributionMap":{"functional-code":{"insertions":2,"deletions":2},"docs":{"insertions":188,"deletions":2}}}]},{"date":"2022-10-23","commitResults":[{"hash":"b3a734e30d650c4eb5295bb738068de12cc70188","messageTitle":"Add default functionality","messageBody":"A sample .json is loaded into the .jar and generates the appropriate directory.\nThe build.gradle was changed to build this.\n","fileTypesAndContributionMap":{"functional-code":{"insertions":31,"deletions":4},"other":{"insertions":9,"deletions":1}}}]},{"date":"2022-10-25","commitResults":[{"hash":"24a0594326980d08774ad75a4e7c75cdb6541200","messageTitle":"Add carparkList txt saving and loading and updating.","messageBody":"","fileTypesAndContributionMap":{"functional-code":{"insertions":272,"deletions":20},"test-code":{"insertions":9,"deletions":7}}}]}],"pipipipi2002":[{"date":"2022-09-29","commitResults":[{"hash":"03e5bff36f73508b47f2c009709c1cde33844149","messageTitle":"Edited AboutUs.md","messageBody":"","fileTypesAndContributionMap":{"docs":{"insertions":7,"deletions":7}}}]},{"date":"2022-10-04","commitResults":[{"hash":"99077b02f958327b1a1d41aedb9a5f6e5a942eb9","messageTitle":"Change Duke to Parking.","messageBody":"","fileTypesAndContributionMap":{"other":{"insertions":6,"deletions":10}}},{"hash":"dcfd9cdebc29a7e401a5674bca999f36622e3a1f","messageTitle":"Add Common Files class for centralized workflow.","messageBody":"","fileTypesAndContributionMap":{"functional-code":{"insertions":6,"deletions":0}}},{"hash":"b880d5244b49bc8e9bed1584f597dd1551dfdce6","messageTitle":"Add basic API Http Get method.","messageBody":"","fileTypesAndContributionMap":{"functional-code":{"insertions":42,"deletions":2}}}]},{"date":"2022-10-05","commitResults":[{"hash":"24ed4e920064393ffb6de09f5961e3aa15e1b822","messageTitle":"Add support for LTA API.","messageBody":"","fileTypesAndContributionMap":{"functional-code":{"insertions":120,"deletions":16}}}]},{"date":"2022-10-10","commitResults":[{"hash":"eabf2808b18c1a84a403aef935ba76d065b4a9cb","messageTitle":"JavaDoc updated for API authentication and storage.","messageBody":"","fileTypesAndContributionMap":{"functional-code":{"insertions":49,"deletions":3}}}]},{"date":"2022-10-11","commitResults":[{"hash":"ba195cdb4dc416adceb4369e1520eaa483f7b0bd","messageTitle":"Handled 503 and 401 API response code.","messageBody":"","fileTypesAndContributionMap":{"functional-code":{"insertions":67,"deletions":16}}},{"hash":"ef343dc587438ee48175f0ea3a0683d99979d6bd","messageTitle":"Rename API exception file name to adhere to style.","messageBody":"","fileTypesAndContributionMap":{"functional-code":{"insertions":13,"deletions":13}}},{"hash":"bebe504a9b5160e0a52444943e94f1d1d1c59e02","messageTitle":"Resolve Gradle API check.","messageBody":"","fileTypesAndContributionMap":{"functional-code":{"insertions":14,"deletions":2}}},{"hash":"659cace0c38c28257464d0fdae9389a2af06db37","messageTitle":"Add API key load from file functionality.","messageBody":"","fileTypesAndContributionMap":{"functional-code":{"insertions":72,"deletions":14},"other":{"insertions":0,"deletions":0}}},{"hash":"900ac59bf97e78233821ccdcb5805388c85d75b0","messageTitle":"Add JavaDoc.","messageBody":"","fileTypesAndContributionMap":{"functional-code":{"insertions":20,"deletions":16}}},{"hash":"592bb45d7d2c535637fc2c4907da7f40db79b90b","messageTitle":"Add create file if secret file is not found.","messageBody":"","fileTypesAndContributionMap":{"functional-code":{"insertions":23,"deletions":6}}},{"hash":"8fa7628cc806c730797244faf915301f2bc844de","messageTitle":"Fix styling issues.","messageBody":"","fileTypesAndContributionMap":{"functional-code":{"insertions":19,"deletions":19}}}]},{"date":"2022-10-12","commitResults":[{"hash":"6932309c544129e90bc09442f45ca54f00d9377e","messageTitle":"Add JUnit test for API related code.","messageBody":"","fileTypesAndContributionMap":{"functional-code":{"insertions":21,"deletions":27},"other":{"insertions":1,"deletions":1},"test-code":{"insertions":102,"deletions":0}}},{"hash":"dcd50b1eed08a19e2d0ed6df993a1382172a0cf0","messageTitle":"FIx styling issues","messageBody":"","fileTypesAndContributionMap":{"functional-code":{"insertions":14,"deletions":17},"test-code":{"insertions":11,"deletions":12}}},{"hash":"20e1644e3b12f4ade4587c7c4d906e7665f2bf2c","messageTitle":"Fix Ui text testing","messageBody":"","fileTypesAndContributionMap":{"functional-code":{"insertions":2,"deletions":3}}},{"hash":"db7d183bb168717b295884d6127628a5dd29756c","messageTitle":"fix minor style bug","messageBody":"","fileTypesAndContributionMap":{"functional-code":{"insertions":2,"deletions":2}}},{"hash":"7b43f40a46a02db6bc8651a4d5707197a40a53ae","messageTitle":"Revert \"Branch junit api\"","messageBody":"","fileTypesAndContributionMap":{"functional-code":{"insertions":43,"deletions":33},"other":{"insertions":1,"deletions":1},"test-code":{"insertions":5,"deletions":106}}},{"hash":"3d88ba953325a9f1a202dbd3c9b32c641fa4689c","messageTitle":"Revert \"Revert \"Branch junit api\"\"","messageBody":"","fileTypesAndContributionMap":{"functional-code":{"insertions":33,"deletions":43},"other":{"insertions":1,"deletions":1},"test-code":{"insertions":106,"deletions":5}}},{"hash":"8ea0cb14acc340d4b353b55e0a9532bdecef32ec","messageTitle":"Fix authentication bug.","messageBody":"","fileTypesAndContributionMap":{"functional-code":{"insertions":12,"deletions":29}}}]},{"date":"2022-10-13","commitResults":[{"hash":"fd8181e022e1a73a33404cc560c7d0a180a98d40","messageTitle":"fix","messageBody":"","fileTypesAndContributionMap":{"functional-code":{"insertions":0,"deletions":1}}},{"hash":"b60ece355a25a1eef978781b87a775a3f6a332c5","messageTitle":"Fix styling issues.","messageBody":"","fileTypesAndContributionMap":{"functional-code":{"insertions":1,"deletions":12}}}]},{"date":"2022-10-15","commitResults":[{"hash":"87022ec530e5aedfe81ea91614796ff5358761ca","messageTitle":"added API authentication validation feature.","messageBody":"","fileTypesAndContributionMap":{"functional-code":{"insertions":32,"deletions":11}}},{"hash":"3fb90e0a978cdb25062f6af3fdb3a528aaa8d70f","messageTitle":"refractor default api key functionality","messageBody":"","fileTypesAndContributionMap":{"functional-code":{"insertions":23,"deletions":12}}},{"hash":"b40e5e6947a6bdb0cbc8f26a6f99d6f2a010afb0","messageTitle":"Add API key default support.","messageBody":"","fileTypesAndContributionMap":{"functional-code":{"insertions":13,"deletions":3}}},{"hash":"b123eff6029086919837b4f351e393c8df0a5498","messageTitle":"Fix gradle build bugs.","messageBody":"","fileTypesAndContributionMap":{"functional-code":{"insertions":16,"deletions":14},"test-code":{"insertions":3,"deletions":3}}}]},{"date":"2022-10-16","commitResults":[{"hash":"7287d7e0d6e2cedd439ae7d044cbbf349e98bf1f","messageTitle":"Add auth status support.","messageBody":"","fileTypesAndContributionMap":{"functional-code":{"insertions":42,"deletions":3}}},{"hash":"b00ff00b99bee2cb1a0bbb421acd6314713c2187","messageTitle":"fix gradle bugs","messageBody":"","fileTypesAndContributionMap":{"functional-code":{"insertions":8,"deletions":0}}}]},{"date":"2022-10-17","commitResults":[{"hash":"cb6b1dae94d9f4b835d6f7ed64482c7e77bb4185","messageTitle":"Add synchronous function to update json data.","messageBody":"","fileTypesAndContributionMap":{"functional-code":{"insertions":57,"deletions":48}}}]},{"date":"2022-10-19","commitResults":[{"hash":"dfa0d4f63c265f4771f565a1b804d481cce71b89","messageTitle":"Added DG for API.","messageBody":"","fileTypesAndContributionMap":{"docs":{"insertions":40,"deletions":8}}},{"hash":"1da19fdd5ee8ff8c7d347fa13b7172dd6a40f00a","messageTitle":"Added UML diagram for API.","messageBody":"","fileTypesAndContributionMap":{"docs":{"insertions":55,"deletions":3}}}]},{"date":"2022-10-20","commitResults":[{"hash":"55dc29c14264c1c2199e321121b5782f64520329","messageTitle":"Edited DG api puml","messageBody":"","fileTypesAndContributionMap":{"docs":{"insertions":1,"deletions":3}}}]},{"date":"2022-10-24","commitResults":[{"hash":"e99ea428e616c806dd596a9c44be6b2deb9ed46f","messageTitle":"Added support for increment fetch api.","messageBody":"","fileTypesAndContributionMap":{"functional-code":{"insertions":8,"deletions":8},"test-code":{"insertions":1,"deletions":1}}},{"hash":"caec204ffb514bfebbdbb9a79613b0fbc187fb32","messageTitle":"Fixed unintended UI printing","messageBody":"","fileTypesAndContributionMap":{"functional-code":{"insertions":3,"deletions":1}}},{"hash":"36f58286615b2814d1974aa3268ccadaab0e12bd","messageTitle":"Added data spliting","messageBody":"","fileTypesAndContributionMap":{"functional-code":{"insertions":16,"deletions":4}}},{"hash":"85ea8c65a9bc4708d69429f1bade895f45783401","messageTitle":"Added support for multiple fetch data","messageBody":"","fileTypesAndContributionMap":{"functional-code":{"insertions":34,"deletions":23}}},{"hash":"5ca937d773be6ca441a7eddc9ad620636a73d608","messageTitle":"Updated API javadoc document","messageBody":"","fileTypesAndContributionMap":{"functional-code":{"insertions":19,"deletions":4}}},{"hash":"8d61493b386f64aa2c7a3f46cbfad6ddd82a3bc9","messageTitle":"resolved api style error","messageBody":"","fileTypesAndContributionMap":{"functional-code":{"insertions":11,"deletions":7}}},{"hash":"82bf6d30f140116bac24188f2440c1cb3af39631","messageTitle":"Updated API Junit testing","messageBody":"","fileTypesAndContributionMap":{"test-code":{"insertions":11,"deletions":5}}},{"hash":"59eb311936e18195553bd4784c6489fd76c0b30a","messageTitle":"Clean up code","messageBody":"","fileTypesAndContributionMap":{"functional-code":{"insertions":25,"deletions":21}}},{"hash":"c30e8a20a70b857ec00001b421d51fa4ae602027","messageTitle":"Yet another code cleaning up","messageBody":"","fileTypesAndContributionMap":{"functional-code":{"insertions":14,"deletions":15}}},{"hash":"f0912a646bdf0fcd057989f6c2c67b15395d003b","messageTitle":"Add data count feature in api","messageBody":"","fileTypesAndContributionMap":{"functional-code":{"insertions":10,"deletions":6}}},{"hash":"a6af360ad44cbb916c83f6d7f01cae97037f296b","messageTitle":"Refractored api exception for simpler handling.","messageBody":"","fileTypesAndContributionMap":{"functional-code":{"insertions":31,"deletions":7}}},{"hash":"289e8dfe478d415fe3977ecaabc654b8a4c56a2c","messageTitle":"More style fixes.","messageBody":"","fileTypesAndContributionMap":{"functional-code":{"insertions":21,"deletions":5}}},{"hash":"4be1e77c111044ce7dd5fb38a94982a049c8650b","messageTitle":"Handled data formatting when data count is less than optimal.","messageBody":"","fileTypesAndContributionMap":{"functional-code":{"insertions":7,"deletions":3}}},{"hash":"2fe4a3e614c6ca5f4fe50daaafe33a7f34fffde3","messageTitle":"Update DG for API","messageBody":"","fileTypesAndContributionMap":{"docs":{"insertions":13,"deletions":12}}}]}]},"authorFileTypeContributionMap":{"kyrenechua":{"docs":27,"functional-code":395,"test-code":71},"eehongchan":{"docs":201,"functional-code":277,"test-code":30},"malcolmang":{"docs":181,"functional-code":1151,"test-code":18,"other":395},"pipipipi2002":{"docs":95,"functional-code":406,"test-code":105,"other":2}},"authorContributionVariance":{"kyrenechua":72152.625,"eehongchan":21250.775,"malcolmang":38870.902,"pipipipi2002":14769.631},"authorDisplayNameMap":{"kyrenechua":"CS2113-T17-4 CHUA..RENE","eehongchan":"CS2113-T17-4 CHAN..HONG","malcolmang":"CS2113-T17-4 MALC..HUAN","pipipipi2002":"CS2113-T17-4 MARV..JAYA"}}
