{"authorDailyContributionsMap":{"kyrenechua":[{"date":"2022-09-29","commitResults":[{"hash":"3f0a0389b7e58cc575633c46ffd38ee9c80f9f51","messageTitle":"Added my name","messageBody":"","fileTypesAndContributionMap":{"docs":{"insertions":6,"deletions":7}}}]}],"eehongchan":[{"date":"2022-09-29","commitResults":[{"hash":"c1e5578c115ea52cd2dbbb2cde6515768405bc4f","messageTitle":"Update own name","messageBody":"","fileTypesAndContributionMap":{"docs":{"insertions":7,"deletions":7}}}]}],"malcolmang":[{"date":"2022-09-29","commitResults":[{"hash":"4c6af8f52872546acaffc651d8db359343869e72","messageTitle":"Update README.md","messageBody":"","fileTypesAndContributionMap":{"docs":{"insertions":2,"deletions":2}}},{"hash":"5cc1ba9f2d80187bb9862497844f2266b986a78a","messageTitle":"Update README.md","messageBody":"","fileTypesAndContributionMap":{"docs":{"insertions":1,"deletions":1}}},{"hash":"d91975d21dc0673cd503ba206277e37e774d9d71","messageTitle":"Change name - Malcolm Ang","messageBody":"","fileTypesAndContributionMap":{"docs":{"insertions":6,"deletions":7}}}]}],"pipipipi2002":[{"date":"2022-09-29","commitResults":[{"hash":"03e5bff36f73508b47f2c009709c1cde33844149","messageTitle":"Edited AboutUs.md","messageBody":"","fileTypesAndContributionMap":{"docs":{"insertions":7,"deletions":7}}}]}]},"authorFileTypeContributionMap":{"kyrenechua":{"docs":1,"functional-code":0,"test-code":0},"eehongchan":{"docs":1,"functional-code":0,"test-code":0},"malcolmang":{"docs":3,"functional-code":0,"test-code":0},"pipipipi2002":{"docs":2,"functional-code":0,"test-code":0}},"authorContributionVariance":{"kyrenechua":11.209183,"eehongchan":13.0,"malcolmang":23.943876,"pipipipi2002":13.0},"authorDisplayNameMap":{"kyrenechua":"CS2113-T17-4 CHUA..RENE","eehongchan":"CS2113-T17-4 CHAN..HONG","malcolmang":"CS2113-T17-4 MALC..HUAN","pipipipi2002":"CS2113-T17-4 MARV..JAYA"}}
