{"authorDailyContributionsMap":{"kyrenechua":[{"date":"2022-09-29","commitResults":[{"hash":"3f0a0389b7e58cc575633c46ffd38ee9c80f9f51","messageTitle":"Added my name","messageBody":"","fileTypesAndContributionMap":{"docs":{"insertions":6,"deletions":7}}}]},{"date":"2022-10-05","commitResults":[{"hash":"066da840992d8053049dfaec3fa6942bd390b41f","messageTitle":"added Parser and Command classes","messageBody":"","fileTypesAndContributionMap":{"functional-code":{"insertions":38,"deletions":0}}}]},{"date":"2022-10-11","commitResults":[{"hash":"8693f1be2fe9a5a94bc9d1fad377683445f501ef","messageTitle":"Edits from others; Added update feature","messageBody":"","fileTypesAndContributionMap":{"functional-code":{"insertions":772,"deletions":95},"other":{"insertions":403,"deletions":210},"test-code":{"insertions":124,"deletions":0}}},{"hash":"2ca5becbf076cd0ed1910e4b11d5621740360e34","messageTitle":"reversed a mistake","messageBody":"","fileTypesAndContributionMap":{"functional-code":{"insertions":1,"deletions":1}}},{"hash":"78137fde88cbc1ea47404251126b09cc8a025680","messageTitle":"merged conflicts resolved","messageBody":"","fileTypesAndContributionMap":{"functional-code":{"insertions":1,"deletions":3}}}]},{"date":"2022-10-12","commitResults":[{"hash":"a296324e1d0294ed22b71c39306a246bacaca062","messageTitle":"JUnit test","messageBody":"","fileTypesAndContributionMap":{"test-code":{"insertions":6,"deletions":6}}},{"hash":"7c109e33b5bd6362d21f404343545bdfea3a427a","messageTitle":"added the update feature in main","messageBody":"","fileTypesAndContributionMap":{"functional-code":{"insertions":38,"deletions":7}}},{"hash":"4cf1398537b1444662eaf8809399f84c28d5129f","messageTitle":"Added the auth feature","messageBody":"","fileTypesAndContributionMap":{"functional-code":{"insertions":64,"deletions":4}}},{"hash":"1606b93f5082282c655a56ef8d30b37601be8131","messageTitle":"resolved merge conflicts","messageBody":"","fileTypesAndContributionMap":{"functional-code":{"insertions":0,"deletions":14}}},{"hash":"3a5a28e71179142cdbaf6d351349af8b76d7c6f9","messageTitle":"merged conflicts, added auth feature","messageBody":"","fileTypesAndContributionMap":{"functional-code":{"insertions":46,"deletions":27},"test-code":{"insertions":4,"deletions":4}}},{"hash":"48e002b88d37fdc060bf4bd96a66c28c6184b486","messageTitle":"edited code","messageBody":"","fileTypesAndContributionMap":{"functional-code":{"insertions":33,"deletions":26},"test-code":{"insertions":2,"deletions":1}}},{"hash":"1f7d21fe64ebfcc6ee3d2b8d783d451e303a877f","messageTitle":"Add addiional exceptions","messageBody":"","fileTypesAndContributionMap":{"functional-code":{"insertions":239,"deletions":113},"test-code":{"insertions":11,"deletions":2}}},{"hash":"32bebb6c0797814f1c2aa9ea9799bfcbaffe34ea","messageTitle":"edit test files","messageBody":"","fileTypesAndContributionMap":{"test-code":{"insertions":4,"deletions":4}}}]},{"date":"2022-10-20","commitResults":[{"hash":"09a3cc9907236de729f84f3026e7b08979eef440","messageTitle":"testing","messageBody":"","fileTypesAndContributionMap":{"docs":{"insertions":1,"deletions":0}}},{"hash":"51f849e6f618a5644731121d0a8280b526f25727","messageTitle":"Edited the Parser and Command components","messageBody":"","fileTypesAndContributionMap":{"docs":{"insertions":21,"deletions":2}}},{"hash":"ab2dff3d24dbf14648093d7b116bd0975304012c","messageTitle":"Edited the authenticate part","messageBody":"","fileTypesAndContributionMap":{"docs":{"insertions":5,"deletions":0}}}]},{"date":"2022-10-21","commitResults":[{"hash":"e9e748f05ec45638a4c04e3a4bf014a14e7637f6","messageTitle":"Added more OOP for Find, Search, Invalid Commands. Added more OOP for Command and CommanResult classes","messageBody":"","fileTypesAndContributionMap":{"functional-code":{"insertions":272,"deletions":86}}},{"hash":"bdd98a218eeefcc5a0639efe1af8d6ee334ef793","messageTitle":"Wrote more oop for auth, exit, list and update. Edited parser classes and main class accordingly","messageBody":"","fileTypesAndContributionMap":{"functional-code":{"insertions":422,"deletions":124}}}]},{"date":"2022-10-22","commitResults":[{"hash":"213fe778f3f9537368ea0bd522fa2d09912005e4","messageTitle":"edited search and find","messageBody":"","fileTypesAndContributionMap":{"functional-code":{"insertions":16,"deletions":108},"other":{"insertions":1,"deletions":0}}},{"hash":"377f1945fbe9c46d6697d23148499173b4efcac5","messageTitle":"Fixed SearchCommand and FindCommand","messageBody":"","fileTypesAndContributionMap":{"functional-code":{"insertions":5,"deletions":4}}},{"hash":"fbd8714fb2e3cce8dac2c60d4614623af1e5adc5","messageTitle":"Fixed Auth","messageBody":"","fileTypesAndContributionMap":{"functional-code":{"insertions":15,"deletions":14}}},{"hash":"3baf12341a4a13fc4050c29470defb974ae11de6","messageTitle":"Added JavaDoc, fixed FindCommand","messageBody":"","fileTypesAndContributionMap":{"functional-code":{"insertions":91,"deletions":85}}}]},{"date":"2022-10-23","commitResults":[{"hash":"f0404d0eaf8efd03b9105732c8ac6e34b4ed554c","messageTitle":"Edited parts of favourite","messageBody":"","fileTypesAndContributionMap":{"functional-code":{"insertions":68,"deletions":217},"other":{"insertions":1,"deletions":55}}},{"hash":"df4581572dac3ba0dd4fb045fbde516f44745305","messageTitle":"Edited code to fit checkstyle","messageBody":"","fileTypesAndContributionMap":{"functional-code":{"insertions":224,"deletions":79}}},{"hash":"ed02455af319da28b3ab94b5befbff41d034070d","messageTitle":"Editted favourite and unfavourite commands","messageBody":"","fileTypesAndContributionMap":{"functional-code":{"insertions":40,"deletions":12}}},{"hash":"846cf2321e895328b0f82ed4560e9c8a314b619b","messageTitle":"Edited code to follow Checkstyle format","messageBody":"","fileTypesAndContributionMap":{"functional-code":{"insertions":6,"deletions":10}}}]},{"date":"2022-10-25","commitResults":[{"hash":"64e7c2b313bf3affd50e3978d53e3703590ae06b","messageTitle":"FavouriteCommand DG and UML Class diagram","messageBody":"","fileTypesAndContributionMap":{"docs":{"insertions":89,"deletions":42}}},{"hash":"5868d42d9578dfa2d6d4231bae9f43eaa11d8a35","messageTitle":"Editted style of puml file","messageBody":"","fileTypesAndContributionMap":{"docs":{"insertions":3,"deletions":2}}}]},{"date":"2022-10-26","commitResults":[{"hash":"a12d8a489f1eab268bb000734f918bf6934acb15","messageTitle":"Edited search to filter Command","messageBody":"","fileTypesAndContributionMap":{"functional-code":{"insertions":5,"deletions":5},"other":{"insertions":17,"deletions":7}}},{"hash":"fb6ce0b776c0ce2efddd9d20e019c55a87709f51","messageTitle":"Edited Help Command","messageBody":"","fileTypesAndContributionMap":{"functional-code":{"insertions":4,"deletions":4}}},{"hash":"80c6df785fe41abca33cdfbdd7fd06081ebe70eb","messageTitle":"Logic Class Diagram","messageBody":"","fileTypesAndContributionMap":{"docs":{"insertions":67,"deletions":0}}},{"hash":"f3018bb11edda17c88d7bc7a5b6fe7e22606f560","messageTitle":"Edited Logic Class diagram","messageBody":"","fileTypesAndContributionMap":{"docs":{"insertions":16,"deletions":14}}},{"hash":"d539c348b0f66f3d922078ed825b530c8c6787de","messageTitle":"Edited contents of DG","messageBody":"","fileTypesAndContributionMap":{"docs":{"insertions":6,"deletions":10}}},{"hash":"a2230a04a1f48f928ee23e39510bb619b9d7b372","messageTitle":"Wrote User guide Introduction","messageBody":"","fileTypesAndContributionMap":{"docs":{"insertions":5,"deletions":1}}},{"hash":"d8b96f33e6351b51b221ce835b91e7a2abac8676","messageTitle":"Usage of api key Disclaimer Message","messageBody":"","fileTypesAndContributionMap":{"docs":{"insertions":2,"deletions":0}}}]},{"date":"2022-10-29","commitResults":[{"hash":"3d7dec4400a97427da5384b02d7a2972b9143bd6","messageTitle":"Added UnneededArgumentsException to UpdateCommand","messageBody":"","fileTypesAndContributionMap":{"functional-code":{"insertions":17,"deletions":3}}},{"hash":"308a99ad265df8ecdbf872d5825fc4c3288bb1d1","messageTitle":"Added documentations for UpdateCommand","messageBody":"","fileTypesAndContributionMap":{"functional-code":{"insertions":6,"deletions":0}}},{"hash":"bfdee1fbc3a36f9f77eb12b0888037bdf9545ef7","messageTitle":"Added help sections to UG","messageBody":"","fileTypesAndContributionMap":{"docs":{"insertions":45,"deletions":13}}},{"hash":"186e97f7c15db26eec2298ce851cd1d4cd4dbf02","messageTitle":"Edited UpdateCommand to provide more clarity.","messageBody":"","fileTypesAndContributionMap":{"docs":{"insertions":19,"deletions":13}}},{"hash":"5e8fa9de64af08c0dfe1ad2116a516b58741ce80","messageTitle":"Added UnneededArgumentsException to ExitCommand","messageBody":"","fileTypesAndContributionMap":{"functional-code":{"insertions":13,"deletions":2}}},{"hash":"6c4410009c059ca267001de2dd3d71abb11bc465","messageTitle":"Added UnneededArgumentsException to ListCommand","messageBody":"","fileTypesAndContributionMap":{"functional-code":{"insertions":12,"deletions":1}}},{"hash":"27bd253cd24d9650ba0e65f69e3228b718754a62","messageTitle":"Added UnneededArgumentsException to HelpCommand","messageBody":"","fileTypesAndContributionMap":{"functional-code":{"insertions":12,"deletions":1}}},{"hash":"6f9cb8960751ece82db7ff279b2967091c91ca6f","messageTitle":"Added JavaDoc and edited code to adhere to checkstyle requirements","messageBody":"","fileTypesAndContributionMap":{"functional-code":{"insertions":18,"deletions":3}}}]},{"date":"2022-11-01","commitResults":[{"hash":"86ff6cf44b94cd61d966713d063a8ea35b2f7131","messageTitle":"edited filter","messageBody":"","fileTypesAndContributionMap":{"functional-code":{"insertions":155,"deletions":23}}},{"hash":"6e5b677cab461ef5080924e5fa02fa3c922d062d","messageTitle":"Editted filter branches","messageBody":"","fileTypesAndContributionMap":{"functional-code":{"insertions":24,"deletions":12}}},{"hash":"a682a65ff566dde8850a7c50c3a3a8e83614a7e8","messageTitle":"edited parser to be neater","messageBody":"","fileTypesAndContributionMap":{"functional-code":{"insertions":30,"deletions":25}}},{"hash":"7f8d299f2fa94b5bd2937723ff94842925a01365","messageTitle":"Edited Parser","messageBody":"","fileTypesAndContributionMap":{"functional-code":{"insertions":54,"deletions":54}}},{"hash":"b2f3a0001c96411399674a045ccfe98078ba8766","messageTitle":"Edtied conditions for filter -id and filter -address","messageBody":"","fileTypesAndContributionMap":{"functional-code":{"insertions":3,"deletions":2}}},{"hash":"e45e06944d5b555aaaff7253b74cf92a2473258b","messageTitle":"edited the HelpCommand and CommonData file for new filter commands","messageBody":"","fileTypesAndContributionMap":{"functional-code":{"insertions":9,"deletions":1}}},{"hash":"3e6bc1eee773dc737196e54d599a66190f59491e","messageTitle":"Edited how the content was being organsied","messageBody":"","fileTypesAndContributionMap":{"docs":{"insertions":43,"deletions":30}}}]},{"date":"2022-11-02","commitResults":[{"hash":"b13c3ddbca2df37f3e4c4acadccbfb09ad46308b","messageTitle":"Added Architecture Sequence and Class Diagrams","messageBody":"","fileTypesAndContributionMap":{"docs":{"insertions":18,"deletions":1}}},{"hash":"05f4eccdc20f3702d6c41ca82eb55c08188e3d9a","messageTitle":"Added Arch Sequence and Class Diagrams","messageBody":"","fileTypesAndContributionMap":{"docs":{"insertions":91,"deletions":0}}},{"hash":"c1383388a4a2815fff8b2ffda368fef28ab80d68","messageTitle":"Added Junit for FindCommand","messageBody":"","fileTypesAndContributionMap":{"test-code":{"insertions":32,"deletions":0}}},{"hash":"52c57bbd3cf98b7b588408d900f2d16a5c59c37c","messageTitle":"added exception JUnit test for FindCommand","messageBody":"","fileTypesAndContributionMap":{"test-code":{"insertions":8,"deletions":0}}}]},{"date":"2022-11-03","commitResults":[{"hash":"87deaa4336057567c917963451d2815a727193f0","messageTitle":"Added Junit for FilterAddressCommand","messageBody":"","fileTypesAndContributionMap":{"test-code":{"insertions":38,"deletions":0}}},{"hash":"983098f16af1442299db6a391772fc658e01ee15","messageTitle":"added FilterCarparkIdCommand Junit","messageBody":"","fileTypesAndContributionMap":{"test-code":{"insertions":41,"deletions":10}}},{"hash":"bd4bac858352fb919578a544b967d91a60ca793b","messageTitle":"added JUnit for FilterCommand","messageBody":"","fileTypesAndContributionMap":{"test-code":{"insertions":36,"deletions":2}}},{"hash":"89783e8d07d5115cd11c94753bdf98ccbf6d5de1","messageTitle":"Added JUnit for ExitCommand","messageBody":"","fileTypesAndContributionMap":{"test-code":{"insertions":31,"deletions":0}}},{"hash":"2926d2319e86fd077d501adb63a9f669aab74e0b","messageTitle":"Added Junit for HelpCommand","messageBody":"","fileTypesAndContributionMap":{"test-code":{"insertions":44,"deletions":3}}},{"hash":"03e52450250920cb873f7618c0dd649699e4c53a","messageTitle":"Kyrene\u0027s PPP","messageBody":"","fileTypesAndContributionMap":{"docs":{"insertions":14,"deletions":0}}}]}],"eehongchan":[{"date":"2022-09-29","commitResults":[{"hash":"c1e5578c115ea52cd2dbbb2cde6515768405bc4f","messageTitle":"Update own name","messageBody":"","fileTypesAndContributionMap":{"docs":{"insertions":7,"deletions":7}}}]},{"date":"2022-10-08","commitResults":[{"hash":"5a5a58008078c79741a3ea946a192d2a2873c52b","messageTitle":"Add UI class","messageBody":"","fileTypesAndContributionMap":{"functional-code":{"insertions":0,"deletions":0}}},{"hash":"dc0911e7176ad3edb7499185ba06cf128dda3e52","messageTitle":"Add UI class support","messageBody":"","fileTypesAndContributionMap":{"functional-code":{"insertions":18,"deletions":13}}},{"hash":"ed87c92a80fb56bce0039d47f0d9f240b1154bcb","messageTitle":"Add methods to handle greeting and errors","messageBody":"","fileTypesAndContributionMap":{"functional-code":{"insertions":88,"deletions":0}}}]},{"date":"2022-10-11","commitResults":[{"hash":"017678347f21c4641130ac7a1e231839ef10f696","messageTitle":"Add Find class that represents a Find Command","messageBody":"","fileTypesAndContributionMap":{"functional-code":{"insertions":25,"deletions":0}}},{"hash":"eff0f438343a6269fe6b342fe1c0be1f97388039","messageTitle":"Add InvalidFindCommandException to handle Invalid Command","messageBody":"","fileTypesAndContributionMap":{"functional-code":{"insertions":10,"deletions":0}}},{"hash":"dd6085a5f28ad7d5b664f53c8f45a06f2564fb34","messageTitle":"Add extra methods to support main program","messageBody":"","fileTypesAndContributionMap":{"functional-code":{"insertions":54,"deletions":7}}},{"hash":"0960510a8385c31728cc9fc5d217d80c4c5b9d0b","messageTitle":"Modify toString() method to include available lots","messageBody":"","fileTypesAndContributionMap":{"functional-code":{"insertions":1,"deletions":1}}},{"hash":"2a11ec8f0a32b546f4c9b3de60dc91ee7c8ccfea","messageTitle":"Add main loop for user to input commands and use program","messageBody":"","fileTypesAndContributionMap":{"functional-code":{"insertions":35,"deletions":2}}},{"hash":"c426b7a239cb2b50f5f50146b575a20afc441956","messageTitle":"Revert Carpark toString() method to only contain ID and name of carpark","messageBody":"","fileTypesAndContributionMap":{"functional-code":{"insertions":1,"deletions":1}}},{"hash":"ff52f3b064a3a83554b48717b85785a11d41c300","messageTitle":"Modify search result when finding carpark to include available lots","messageBody":"","fileTypesAndContributionMap":{"functional-code":{"insertions":1,"deletions":0}}},{"hash":"214ee6045abd7a7c2ec963f6e5954217d1dac28f","messageTitle":"Add file for JUnit test for Ui class","messageBody":"","fileTypesAndContributionMap":{"test-code":{"insertions":50,"deletions":0}}},{"hash":"bb65b7bb555a529b3afc992716ed94d593ae2ea1","messageTitle":"Add changeScanner() method to support JUnit testing","messageBody":"","fileTypesAndContributionMap":{"functional-code":{"insertions":10,"deletions":1}}}]},{"date":"2022-10-12","commitResults":[{"hash":"71492d678ba5840469276633a097378fee511bda","messageTitle":"Add toString override method to support printing of entire carpark list","messageBody":"","fileTypesAndContributionMap":{"functional-code":{"insertions":9,"deletions":0}}},{"hash":"4470ff8d7d058f2339e7b40dd5e393be52faa904","messageTitle":"Add support for \u0027list\u0027 Command, change \u0027bye\u0027 command to \u0027exit\u0027","messageBody":"","fileTypesAndContributionMap":{"functional-code":{"insertions":4,"deletions":1}}},{"hash":"6b3a69b04b518d8c3c4ea48a47ec550fce60cd5c","messageTitle":"Change \u0027BYE\u0027 to \u0027EXIT\u0027","messageBody":"","fileTypesAndContributionMap":{"functional-code":{"insertions":3,"deletions":2}}},{"hash":"d13e9b506d4fba3bd726aa23e799ef8b13de34d9","messageTitle":"Add support for \u0027list\u0027 Command, change \u0027bye\u0027 to \u0027exit\u0027, make input case insensitive","messageBody":"","fileTypesAndContributionMap":{"functional-code":{"insertions":8,"deletions":4}}},{"hash":"cfe26d3259899c3789da9288e5b4e1963ef8d1a3","messageTitle":"Add JUnit test for toString() method","messageBody":"","fileTypesAndContributionMap":{"test-code":{"insertions":8,"deletions":0}}}]},{"date":"2022-10-19","commitResults":[{"hash":"fc2ba91d34ad4749308c790ff4c5d447ec8e4214","messageTitle":"Add UI","messageBody":"","fileTypesAndContributionMap":{"functional-code":{"insertions":21,"deletions":8}}},{"hash":"00af2e51ba54019d9b42ba9b9fdd857b472b8db7","messageTitle":"Modify loadApiKey() method to trim input whitespaces","messageBody":"","fileTypesAndContributionMap":{"functional-code":{"insertions":1,"deletions":1}}},{"hash":"74f6108b893f8f0b7659af9d72c9a6e2e829e774","messageTitle":"Add extra checks for exceptions, update JavaDocs","messageBody":"","fileTypesAndContributionMap":{"functional-code":{"insertions":6,"deletions":1}}},{"hash":"bb4d34078711322e4304f1c243f5246ae420ef77","messageTitle":"Add file paths and directory for favourite file","messageBody":"","fileTypesAndContributionMap":{"functional-code":{"insertions":3,"deletions":0}}},{"hash":"e524e47107d8e3d2011d3ea533ca968be796deb1","messageTitle":"Add numbering for search results","messageBody":"","fileTypesAndContributionMap":{"functional-code":{"insertions":3,"deletions":1}}},{"hash":"874523d0ca2aafe7547d97c43ae67a3ca75e6c96","messageTitle":"Modify description and exception message","messageBody":"","fileTypesAndContributionMap":{"functional-code":{"insertions":2,"deletions":2}}},{"hash":"1c13e554b8e6dc2400272bddcf6526dec215e106","messageTitle":"Modify to use stringbuilder when reading from file, add support for multiline files","messageBody":"","fileTypesAndContributionMap":{"functional-code":{"insertions":3,"deletions":3}}},{"hash":"310e9572c0d63205f666af6d1f8fd55425829d05","messageTitle":"Add support for \u0027favourite\u0027 command","messageBody":"","fileTypesAndContributionMap":{"functional-code":{"insertions":43,"deletions":3}}},{"hash":"d106296be0631a83954999b953f704832455e5d3","messageTitle":"Add \u0027favourite\u0027 and \u0027unfavourite\u0027 commands","messageBody":"","fileTypesAndContributionMap":{"functional-code":{"insertions":3,"deletions":1}}},{"hash":"6f94062a206b3c9665c1ae5b36b866c0a566b129","messageTitle":"Add support for \u0027favourite\u0027 and \u0027unfavourite\u0027 commands","messageBody":"","fileTypesAndContributionMap":{"functional-code":{"insertions":14,"deletions":0}}},{"hash":"74ce1f43f715731d7b5ac59cec0349b9b09d827b","messageTitle":"Update tests to correctly reflect expected and actual results","messageBody":"","fileTypesAndContributionMap":{"test-code":{"insertions":8,"deletions":9}}},{"hash":"7fb81d890d05a89511b620a34704f4b29cb67e43","messageTitle":"Add class for \u0027favourite\u0027 and \u0027unfavourite\u0027 command","messageBody":"","fileTypesAndContributionMap":{"functional-code":{"insertions":132,"deletions":0}}},{"hash":"f0a7954e70570e6b59fb4424a61dddd4e127b5c9","messageTitle":"Add exception to be used when checking if a carpark ID already exist in a list","messageBody":"","fileTypesAndContributionMap":{"functional-code":{"insertions":23,"deletions":0}}}]},{"date":"2022-10-20","commitResults":[{"hash":"5550a7ac469615721edec1ea171548bac376ec7c","messageTitle":"Add implementation and design for \u0027favourite\u0027 command","messageBody":"","fileTypesAndContributionMap":{"docs":{"insertions":52,"deletions":0}}},{"hash":"cbfd0f01fe07bae12518dc25a04b6617eb709441","messageTitle":"Add class diagram for \u0027favourite\u0027 class","messageBody":"","fileTypesAndContributionMap":{"docs":{"insertions":65,"deletions":0}}},{"hash":"afcaaecc91ea667b40af4344aa948da6122eab2a","messageTitle":"Add in favourite class diagram","messageBody":"","fileTypesAndContributionMap":{"docs":{"insertions":2,"deletions":0}}},{"hash":"0973a46ca3a9744ee7ef7d3cc4c7cab22b05b7bc","messageTitle":"Add favourite class diagram","messageBody":"","fileTypesAndContributionMap":{"docs":{"insertions":21,"deletions":47}}},{"hash":"621b5db133c06f919936cb3449e23f0ec54eda9a","messageTitle":"Remove UI","messageBody":"","fileTypesAndContributionMap":{"functional-code":{"insertions":0,"deletions":4}}},{"hash":"e6b20a4c554f090cefc8a9b2331f9f39e61732b4","messageTitle":"Use UI to print list of favourite carparks","messageBody":"","fileTypesAndContributionMap":{"functional-code":{"insertions":1,"deletions":1}}}]},{"date":"2022-10-25","commitResults":[{"hash":"31f8b2e9d664d73db6d3652b628f17753bc123a3","messageTitle":"Update user guide for existing commands","messageBody":"","fileTypesAndContributionMap":{"docs":{"insertions":108,"deletions":8}}},{"hash":"e76a1e1a2383a0989d8847d2ffec32c0bfefcf1d","messageTitle":"Update UI","messageBody":"","fileTypesAndContributionMap":{"functional-code":{"insertions":182,"deletions":182}}},{"hash":"3a62d8a68c545d71054750841bab1337f11ad892","messageTitle":"Update UI","messageBody":"","fileTypesAndContributionMap":{"functional-code":{"insertions":182,"deletions":182}}},{"hash":"00e01ef1979d1a5b42e9a755eb973e70e4ba9e42","messageTitle":"Modify symbol links","messageBody":"","fileTypesAndContributionMap":{"docs":{"insertions":10,"deletions":10}}},{"hash":"c95c5b9ef2dd5c31a01a8c8fc8855fa7505d256e","messageTitle":"Add sequence diagram","messageBody":"","fileTypesAndContributionMap":{"docs":{"insertions":55,"deletions":0}}},{"hash":"fc33d3e8df20ac098f78fdd5e12b8adc41c079f6","messageTitle":"Edit grammar","messageBody":"","fileTypesAndContributionMap":{"functional-code":{"insertions":3,"deletions":2}}},{"hash":"04280ee0d8fec96840aa02d4a16cf0ae4e773015","messageTitle":"Add UI information and sequence diagram for Favourite command","messageBody":"","fileTypesAndContributionMap":{"docs":{"insertions":15,"deletions":1}}},{"hash":"8180a21f3f97bf11443b40a525114e2c93c8858b","messageTitle":"Add assertion","messageBody":"","fileTypesAndContributionMap":{"functional-code":{"insertions":1,"deletions":0}}}]},{"date":"2022-10-26","commitResults":[{"hash":"c53bdb16c63789ce938f80c53cb18cca0b44445f","messageTitle":"Modify execute() to print lots available for all favourited carparks","messageBody":"","fileTypesAndContributionMap":{"functional-code":{"insertions":10,"deletions":1}}},{"hash":"ee74a845107eb03a366a23c8ee8c5ddca2a31405","messageTitle":"Modify to fit checkstyle","messageBody":"","fileTypesAndContributionMap":{"functional-code":{"insertions":1,"deletions":2}}},{"hash":"b6e8e277b5f41bd017fc23587425e7b6842d7599","messageTitle":"Remove unused function","messageBody":"","fileTypesAndContributionMap":{"functional-code":{"insertions":0,"deletions":14}}},{"hash":"714287c69edbea283e770b854abb2b54a2ff73cb","messageTitle":"Add assertion","messageBody":"","fileTypesAndContributionMap":{"functional-code":{"insertions":1,"deletions":0}}},{"hash":"b8243bd662757f1d12e57a459ffbf811901cff64","messageTitle":"Add example usage for list and favourite commands","messageBody":"","fileTypesAndContributionMap":{"docs":{"insertions":93,"deletions":3}}}]},{"date":"2022-10-30","commitResults":[{"hash":"2f920c89070706002df1db7afc0599a2f9458341","messageTitle":"Add shorthand string","messageBody":"","fileTypesAndContributionMap":{"functional-code":{"insertions":9,"deletions":0}}},{"hash":"f98f9603d70cf36ecd0ff3db6c99e11c73ad98e3","messageTitle":"Change switch case to if else statements to check for shorthand strings as well","messageBody":"","fileTypesAndContributionMap":{"functional-code":{"insertions":23,"deletions":14}}}]},{"date":"2022-10-31","commitResults":[{"hash":"65e25851a4540b6a2516f5eddaa1db699ee6190e","messageTitle":"Fix bug regarding command \u0027favourite list\u0027 not working after favourite file is changed manually","messageBody":"","fileTypesAndContributionMap":{"functional-code":{"insertions":34,"deletions":12}}},{"hash":"1b10793975484fbddf34a3713053410df2e06ec1","messageTitle":"Add \u0027isCarparkValid\u0027 method to check if carpark id is valid","messageBody":"","fileTypesAndContributionMap":{"functional-code":{"insertions":10,"deletions":0}}},{"hash":"cbe11ba6b611944fc64422d83b3099e8067e0655","messageTitle":"Add \u0027replaceFavouriteList\u0027 method to overwrite current ArrayList","messageBody":"","fileTypesAndContributionMap":{"functional-code":{"insertions":4,"deletions":0}}},{"hash":"28a123833ddfa52f4f1380b8d2ab526f2c78a723","messageTitle":"Modify to fit checkstyle","messageBody":"","fileTypesAndContributionMap":{"functional-code":{"insertions":1,"deletions":1}}},{"hash":"d3248ca772ab0db7824bc635a5c86de8440b099c","messageTitle":"Add support for favouriting multiple carparks at once","messageBody":"","fileTypesAndContributionMap":{"functional-code":{"insertions":20,"deletions":6}}}]},{"date":"2022-11-01","commitResults":[{"hash":"cb4b15e2fff46fbbbdc0a01269d7c76c107c8e49","messageTitle":"Add support for favouriting multiple carparks at once","messageBody":"","fileTypesAndContributionMap":{"functional-code":{"insertions":41,"deletions":15}}},{"hash":"b49f3b92f164d9cf5b2ea9f2b6d71aaf6cb09e2e","messageTitle":"Add support for unfavouriting multiple carparks at once","messageBody":"","fileTypesAndContributionMap":{"functional-code":{"insertions":51,"deletions":13}}},{"hash":"1a8f2d296823f0d32433c8ce0d31f05154b26263","messageTitle":"Modify catch block","messageBody":"","fileTypesAndContributionMap":{"functional-code":{"insertions":1,"deletions":2}}},{"hash":"a2d763327b6483ede7127c5c940c7cf19d24e786","messageTitle":"Add new exception type","messageBody":"","fileTypesAndContributionMap":{"functional-code":{"insertions":24,"deletions":0}}},{"hash":"6e12c325c132d29e4d59268972c091c3771a8b74","messageTitle":"Modify to fit checkstyle","messageBody":"","fileTypesAndContributionMap":{"functional-code":{"insertions":3,"deletions":13}}},{"hash":"59ddace4ced8edf6f802b8be1de50e3d7341c3bb","messageTitle":"Modify to fit checkstyle","messageBody":"","fileTypesAndContributionMap":{"functional-code":{"insertions":16,"deletions":12}}}]},{"date":"2022-11-03","commitResults":[{"hash":"384c8744642ecabf735f7181098b96182802ec15","messageTitle":"Add JUnit tests for Favourite","messageBody":"","fileTypesAndContributionMap":{"test-code":{"insertions":82,"deletions":0}}},{"hash":"32afc54b0125d8ed4d57155cb96081d502bc8172","messageTitle":"Change \u0027ensureValidity\u0027 method to public from private to help in JUnit tests","messageBody":"","fileTypesAndContributionMap":{"functional-code":{"insertions":1,"deletions":5}}},{"hash":"9065d728018550675cc48c05579a5b106373e76e","messageTitle":"Add JUnit test","messageBody":"","fileTypesAndContributionMap":{"test-code":{"insertions":2,"deletions":0}}},{"hash":"e12bf462a7cd4f1952036979a2c04105cd3da93c","messageTitle":"Add Ee Hong\u0027s PPP","messageBody":"","fileTypesAndContributionMap":{"docs":{"insertions":31,"deletions":0}}},{"hash":"299505defdbcd7f1d21fe356850925528930ad6a","messageTitle":"Add author tags","messageBody":"","fileTypesAndContributionMap":{"functional-code":{"insertions":3,"deletions":0}}},{"hash":"bda6163363542afd00d8d2d396d0d9df43764f5c","messageTitle":"Edit assertion","messageBody":"","fileTypesAndContributionMap":{"functional-code":{"insertions":1,"deletions":1}}}]}],"malcolmang":[{"date":"2022-09-29","commitResults":[{"hash":"4c6af8f52872546acaffc651d8db359343869e72","messageTitle":"Update README.md","messageBody":"","fileTypesAndContributionMap":{"docs":{"insertions":2,"deletions":2}}},{"hash":"5cc1ba9f2d80187bb9862497844f2266b986a78a","messageTitle":"Update README.md","messageBody":"","fileTypesAndContributionMap":{"docs":{"insertions":1,"deletions":1}}},{"hash":"d91975d21dc0673cd503ba206277e37e774d9d71","messageTitle":"Change name - Malcolm Ang","messageBody":"","fileTypesAndContributionMap":{"docs":{"insertions":6,"deletions":7}}}]},{"date":"2022-10-09","commitResults":[{"hash":"e5ef9a327239c05db35758d72ba6dfd99d769e7b","messageTitle":"Complete parsing of json files","messageBody":"","fileTypesAndContributionMap":{"functional-code":{"insertions":182,"deletions":5},"other":{"insertions":1,"deletions":0}}},{"hash":"d24dd4f99d802bf06f9cd2375d6d32224b9f9d78","messageTitle":"Add documentation, refactor file organisation","messageBody":"Moved package seedu.api.exception to seedu.exception to be universal.\nAdded exception handling for when file is not found.\n","fileTypesAndContributionMap":{"functional-code":{"insertions":82,"deletions":25}}},{"hash":"f51cc8bba4cb08ab79a2bd8a3fcdbfe2acb968a7","messageTitle":"Change .gitignore to not track LTA json files","messageBody":"","fileTypesAndContributionMap":{"functional-code":{"insertions":3,"deletions":1}}}]},{"date":"2022-10-10","commitResults":[{"hash":"c0b01535fe643ab72f5d4ef4e639b2dd1c647fd7","messageTitle":"Add JUnit testing for FileLoader and CarparkList","messageBody":"","fileTypesAndContributionMap":{"functional-code":{"insertions":13,"deletions":6},"test-code":{"insertions":51,"deletions":0}}},{"hash":"db2f719d9e04a8a2ab21dd51326d76db4747eb77","messageTitle":"Format project to comply with checkstyle rules","messageBody":"","fileTypesAndContributionMap":{"functional-code":{"insertions":150,"deletions":92},"other":{"insertions":415,"deletions":223},"test-code":{"insertions":73,"deletions":50}}},{"hash":"84d4a8951cb64c7f0094841c63deebf1d86b4b14","messageTitle":"Fix bug for text-ui-testing","messageBody":"","fileTypesAndContributionMap":{"functional-code":{"insertions":2,"deletions":2}}}]},{"date":"2022-10-11","commitResults":[{"hash":"25828c0b3a0ea816431e6e467141cc8fa431dd1f","messageTitle":"Change formatting","messageBody":"Minor deletion of linebreak\n","fileTypesAndContributionMap":{"functional-code":{"insertions":0,"deletions":1}}},{"hash":"2771cd3141c483555bdfe8c83feb7c8d34c86834","messageTitle":"Make changes to satisfy checkstyle","messageBody":"","fileTypesAndContributionMap":{"functional-code":{"insertions":7,"deletions":66}}}]},{"date":"2022-10-12","commitResults":[{"hash":"f95007fd292d6966cdf9e78d66af1d1480689f23","messageTitle":"Alter output strings","messageBody":"","fileTypesAndContributionMap":{"functional-code":{"insertions":20,"deletions":21},"test-code":{"insertions":1,"deletions":1}}},{"hash":"e349a1985f5a9da26ee59ccc9e4d70c72c2ac28e","messageTitle":"Update main loop","messageBody":"","fileTypesAndContributionMap":{"functional-code":{"insertions":173,"deletions":76}}},{"hash":"fcc95a27c75ff54175ce906a267c9f17e30cbc59","messageTitle":"Add Exceptions","messageBody":"","fileTypesAndContributionMap":{"functional-code":{"insertions":38,"deletions":19},"test-code":{"insertions":3,"deletions":1}}},{"hash":"c27dcbe4c13462398743584896959ff7fea4ddec","messageTitle":"Fix filereader JUnit test","messageBody":"","fileTypesAndContributionMap":{"test-code":{"insertions":4,"deletions":2}}}]},{"date":"2022-10-13","commitResults":[{"hash":"1b5f8625448ffcb1be32318ffcae6f78c506dbfe","messageTitle":"Enable assertions in gradle.yml","messageBody":"","fileTypesAndContributionMap":{"functional-code":{"insertions":1,"deletions":1},"other":{"insertions":1,"deletions":0}}}]},{"date":"2022-10-16","commitResults":[{"hash":"18d223d5135a97d21a03b41a4921265ff16623ad","messageTitle":"Standardize exception handling","messageBody":"","fileTypesAndContributionMap":{"functional-code":{"insertions":105,"deletions":35}}},{"hash":"bdb01e2dc543c5a2e55b637b8e239c5d2ae603b6","messageTitle":"Fix compile error","messageBody":"Edits were not reflected after merge conflict resolution.\n","fileTypesAndContributionMap":{"functional-code":{"insertions":1,"deletions":1}}}]},{"date":"2022-10-17","commitResults":[{"hash":"7561d8cb36fbc37a3a3d86f8d6e2faaf18c3c1de","messageTitle":"Write initial version of search","messageBody":"","fileTypesAndContributionMap":{"functional-code":{"insertions":172,"deletions":2}}},{"hash":"ad6249a24988afaaa8e5fc4254c45935fa7214b6","messageTitle":"Add more string formats for Carpark class","messageBody":"Added a \"detail view\" and \"list view\" to be used\nin various functions\n","fileTypesAndContributionMap":{"functional-code":{"insertions":139,"deletions":34}}},{"hash":"816a432865744480c7091f63ae6bbf6371c9ce69","messageTitle":"Fix code style violations","messageBody":"Now adheres to checkstyle.\n","fileTypesAndContributionMap":{"functional-code":{"insertions":76,"deletions":15},"test-code":{"insertions":6,"deletions":3}}}]},{"date":"2022-10-19","commitResults":[{"hash":"7263e01fdd9affffdfea25bfcc54f1089b9ae650","messageTitle":"Add CarparkFilteredList subclass","messageBody":"To separate the functionalities of using a CarparkList as a whole and a filtered subset\n","fileTypesAndContributionMap":{"functional-code":{"insertions":67,"deletions":39}}},{"hash":"1f8a0bcbda2b522726eadec64477e5bc8df39cce","messageTitle":"Update developer guide","messageBody":"","fileTypesAndContributionMap":{"functional-code":{"insertions":2,"deletions":2},"docs":{"insertions":188,"deletions":2}}}]},{"date":"2022-10-23","commitResults":[{"hash":"b3a734e30d650c4eb5295bb738068de12cc70188","messageTitle":"Add default functionality","messageBody":"A sample .json is loaded into the .jar and generates the appropriate directory.\nThe build.gradle was changed to build this.\n","fileTypesAndContributionMap":{"functional-code":{"insertions":31,"deletions":4},"other":{"insertions":9,"deletions":1}}}]},{"date":"2022-10-25","commitResults":[{"hash":"24a0594326980d08774ad75a4e7c75cdb6541200","messageTitle":"Add carparkList txt saving and loading and updating.","messageBody":"","fileTypesAndContributionMap":{"functional-code":{"insertions":272,"deletions":20},"test-code":{"insertions":9,"deletions":7}}},{"hash":"67d242708d6e9dfecb58ffdab8240885be836a29","messageTitle":"Refactor find and update","messageBody":"","fileTypesAndContributionMap":{"functional-code":{"insertions":38,"deletions":66}}},{"hash":"00ea7fd6dda19c8ae30ca113a88a0492d094b502","messageTitle":"Fix checkstyle issues","messageBody":"","fileTypesAndContributionMap":{"functional-code":{"insertions":22,"deletions":6}}}]},{"date":"2022-10-26","commitResults":[{"hash":"ecae2d7c2c8ce5b2ff56f1c74829f9405f149827","messageTitle":"Edit user guide","messageBody":"Update UG for search and find, and add usage examples for both.\n\nAlso made minor changes to favourite/unfavourite to modify the attribute\ninside the CarparkList class.\n","fileTypesAndContributionMap":{"functional-code":{"insertions":7,"deletions":1},"docs":{"insertions":74,"deletions":15}}},{"hash":"cd1972e5095c0c9205de1bafe36f9a6eb48a38c9","messageTitle":"Fix bug with incorrect values of \"available lots\"","messageBody":"Now shows the correct values.\n","fileTypesAndContributionMap":{"functional-code":{"insertions":5,"deletions":3}}},{"hash":"e18b9ffa0fba2d1041ca37fa1e77bf0cb7779c76","messageTitle":"Edit User Guide","messageBody":"","fileTypesAndContributionMap":{"docs":{"insertions":6,"deletions":6}}},{"hash":"537166ad91f8cfdfaf119c3d41ceda7c50964d05","messageTitle":"Edit user guide","messageBody":"github.io causing a weird bug where list\ngoes into the html\n","fileTypesAndContributionMap":{"docs":{"insertions":1,"deletions":1}}},{"hash":"0dc887162a3f1f1a7c02e1494054737395591ea2","messageTitle":"Change `update` formatting","messageBody":"Making sure UG is free of bugs\n","fileTypesAndContributionMap":{"docs":{"insertions":1,"deletions":1}}}]},{"date":"2022-10-27","commitResults":[{"hash":"7aaabec98f38144e9712b8f3fe5e79c9958064fc","messageTitle":"Add sequence diagram for loadJson()","messageBody":"","fileTypesAndContributionMap":{"docs":{"insertions":114,"deletions":0}}}]},{"date":"2022-10-29","commitResults":[{"hash":"0d21d24ab9fe5929317b88d7c05c196da48f1a84","messageTitle":"Fix command argument and filter-related bugs","messageBody":"","fileTypesAndContributionMap":{"functional-code":{"insertions":26,"deletions":11}}},{"hash":"17ada9ea9a0aea9df81307135fd3978e6c64cb93","messageTitle":"Fix checkstyle related issues","messageBody":"","fileTypesAndContributionMap":{"functional-code":{"insertions":0,"deletions":1}}}]},{"date":"2022-10-31","commitResults":[{"hash":"d83513e151d941bfc8c0e70031a10ab4b04ff93b","messageTitle":"Fix loading bug with input validation","messageBody":"","fileTypesAndContributionMap":{"functional-code":{"insertions":216,"deletions":87}}}]},{"date":"2022-11-01","commitResults":[{"hash":"1c6e29daf2e2da8ea2fcb4b6ad3223eb96338573","messageTitle":"Add duplicate handling for carparkList.txt","messageBody":"Made it so editing the carpark ID to be a duplicate\nthrows an error and regenerates the file.\n","fileTypesAndContributionMap":{"functional-code":{"insertions":61,"deletions":7}}},{"hash":"a49eb3b1d31c2fcc5dcffa8037fca2cd41b80ba1","messageTitle":"Add updating favourites.txt when commands are used","messageBody":"Not only at initialisation and `fav list` but when\n`fav carpark_ID` or `ufav carpark_ID` is used as well.\n\nAlso fixed a bug relating to API tries\n","fileTypesAndContributionMap":{"functional-code":{"insertions":17,"deletions":9}}},{"hash":"6d116ebcbd0cb2b17a43ec06b29c998089fc075c","messageTitle":"Checkstyle fixes","messageBody":"","fileTypesAndContributionMap":{"functional-code":{"insertions":6,"deletions":19},"other":{"insertions":2,"deletions":4}}},{"hash":"eb2c43cba73f32a06e3aaead8154408df344ad3a","messageTitle":"Reverse change to API exception","messageBody":"","fileTypesAndContributionMap":{"functional-code":{"insertions":1,"deletions":1}}},{"hash":"3c086b66cf5eb83d64496c743e270c0a5461a287","messageTitle":"Fix minor typo","messageBody":"","fileTypesAndContributionMap":{"functional-code":{"insertions":4,"deletions":2}}},{"hash":"89bb4602c6caacb422ef0c3f56ef0c156caaea56","messageTitle":"Fix bug with favourites command","messageBody":"","fileTypesAndContributionMap":{"functional-code":{"insertions":9,"deletions":6}}},{"hash":"b120e4a09e88b233e2cc69c25d54523a4e8eee89","messageTitle":"Add Arguments class","messageBody":"For use with command parsing (counts dashed arguments\nand regular arguments)\n","fileTypesAndContributionMap":{"functional-code":{"insertions":127,"deletions":16}}},{"hash":"f455a4690a8a96575153e3048286a7868508b654","messageTitle":"Fix checkstyle issues","messageBody":"","fileTypesAndContributionMap":{"functional-code":{"insertions":33,"deletions":26},"other":{"insertions":2,"deletions":2}}},{"hash":"5be0306b42ca56906a82632df8cd302138f52297","messageTitle":"Fix error handling if favourite.txt is empty","messageBody":"Now does not show an error if file is empty or\nonly has whitespaces.\n","fileTypesAndContributionMap":{"functional-code":{"insertions":5,"deletions":2}}},{"hash":"d78f4c6d597c7bb632757a4d34b578598e5bb3fd","messageTitle":"Add comments to adhere to style guide","messageBody":"Added `//Fallthrough` for switch-case statements\nwithout a break or return\n","fileTypesAndContributionMap":{"functional-code":{"insertions":9,"deletions":0}}},{"hash":"0184bdba4653e87a7cd19f4f9cee3a8a4ee4d397","messageTitle":"Add jansi support for filter","messageBody":"","fileTypesAndContributionMap":{"functional-code":{"insertions":59,"deletions":11}}},{"hash":"3ae4d739ef029a60a0d6ce3e82d620d03daa0202","messageTitle":"Ensure JUnit tests pass","messageBody":"Changed expected input\n","fileTypesAndContributionMap":{"test-code":{"insertions":6,"deletions":6}}}]},{"date":"2022-11-03","commitResults":[{"hash":"53b41d86fa63705f22fc347bd296cbc4d226c615","messageTitle":"Add validation methods for crucial fields","messageBody":"Added validation for Carpark ID, available lots, development,\nsetAvailableLots, parseCarpark method\n","fileTypesAndContributionMap":{"functional-code":{"insertions":116,"deletions":29}}},{"hash":"0e9c144e7e36b002f29cc7a671880dd88d4b4ea6","messageTitle":"Add tests for Carpark class","messageBody":"","fileTypesAndContributionMap":{"functional-code":{"insertions":11,"deletions":2},"test-code":{"insertions":136,"deletions":0}}},{"hash":"351f7dcc485d213ef97116363076929822b623d8","messageTitle":"Add new carpark tests","messageBody":"","fileTypesAndContributionMap":{"functional-code":{"insertions":5,"deletions":3},"test-code":{"insertions":59,"deletions":15}}},{"hash":"222df39786a9ef35f31d2c7a43b733eac4b750d4","messageTitle":"Fix checkstyle violations","messageBody":"","fileTypesAndContributionMap":{"functional-code":{"insertions":9,"deletions":8},"test-code":{"insertions":13,"deletions":7}}}]},{"date":"2022-11-04","commitResults":[{"hash":"04bf6806bae4551b67c134ca6f6f436b26b1bb0e","messageTitle":"Add draft of Malcolm\u0027s PPP","messageBody":"","fileTypesAndContributionMap":{"docs":{"insertions":24,"deletions":0}}},{"hash":"216c65afd1dc0a7123cc68c495f50f7a01059bbb","messageTitle":"Fixed issue with undocumented behaviour (on LTA\u0027s end)","messageBody":"","fileTypesAndContributionMap":{"functional-code":{"insertions":10,"deletions":7}}},{"hash":"e076bf1830b93194deaf6fa19e932bfb5859411e","messageTitle":"Delete updatecommand test","messageBody":"Test relies on hardcoded values. The command must be modified\nfor the test to work (pass in filename as params)\n","fileTypesAndContributionMap":{"test-code":{"insertions":0,"deletions":33}}}]}],"pipipipi2002":[{"date":"2022-09-29","commitResults":[{"hash":"03e5bff36f73508b47f2c009709c1cde33844149","messageTitle":"Edited AboutUs.md","messageBody":"","fileTypesAndContributionMap":{"docs":{"insertions":7,"deletions":7}}}]},{"date":"2022-10-04","commitResults":[{"hash":"99077b02f958327b1a1d41aedb9a5f6e5a942eb9","messageTitle":"Change Duke to Parking.","messageBody":"","fileTypesAndContributionMap":{"other":{"insertions":6,"deletions":10}}},{"hash":"dcfd9cdebc29a7e401a5674bca999f36622e3a1f","messageTitle":"Add Common Files class for centralized workflow.","messageBody":"","fileTypesAndContributionMap":{"functional-code":{"insertions":6,"deletions":0}}},{"hash":"b880d5244b49bc8e9bed1584f597dd1551dfdce6","messageTitle":"Add basic API Http Get method.","messageBody":"","fileTypesAndContributionMap":{"functional-code":{"insertions":42,"deletions":2}}}]},{"date":"2022-10-05","commitResults":[{"hash":"24ed4e920064393ffb6de09f5961e3aa15e1b822","messageTitle":"Add support for LTA API.","messageBody":"","fileTypesAndContributionMap":{"functional-code":{"insertions":120,"deletions":16}}}]},{"date":"2022-10-10","commitResults":[{"hash":"eabf2808b18c1a84a403aef935ba76d065b4a9cb","messageTitle":"JavaDoc updated for API authentication and storage.","messageBody":"","fileTypesAndContributionMap":{"functional-code":{"insertions":49,"deletions":3}}}]},{"date":"2022-10-11","commitResults":[{"hash":"ba195cdb4dc416adceb4369e1520eaa483f7b0bd","messageTitle":"Handled 503 and 401 API response code.","messageBody":"","fileTypesAndContributionMap":{"functional-code":{"insertions":67,"deletions":16}}},{"hash":"ef343dc587438ee48175f0ea3a0683d99979d6bd","messageTitle":"Rename API exception file name to adhere to style.","messageBody":"","fileTypesAndContributionMap":{"functional-code":{"insertions":13,"deletions":13}}},{"hash":"bebe504a9b5160e0a52444943e94f1d1d1c59e02","messageTitle":"Resolve Gradle API check.","messageBody":"","fileTypesAndContributionMap":{"functional-code":{"insertions":14,"deletions":2}}},{"hash":"659cace0c38c28257464d0fdae9389a2af06db37","messageTitle":"Add API key load from file functionality.","messageBody":"","fileTypesAndContributionMap":{"functional-code":{"insertions":72,"deletions":14},"other":{"insertions":0,"deletions":0}}},{"hash":"900ac59bf97e78233821ccdcb5805388c85d75b0","messageTitle":"Add JavaDoc.","messageBody":"","fileTypesAndContributionMap":{"functional-code":{"insertions":20,"deletions":16}}},{"hash":"592bb45d7d2c535637fc2c4907da7f40db79b90b","messageTitle":"Add create file if secret file is not found.","messageBody":"","fileTypesAndContributionMap":{"functional-code":{"insertions":23,"deletions":6}}},{"hash":"8fa7628cc806c730797244faf915301f2bc844de","messageTitle":"Fix styling issues.","messageBody":"","fileTypesAndContributionMap":{"functional-code":{"insertions":19,"deletions":19}}}]},{"date":"2022-10-12","commitResults":[{"hash":"6932309c544129e90bc09442f45ca54f00d9377e","messageTitle":"Add JUnit test for API related code.","messageBody":"","fileTypesAndContributionMap":{"functional-code":{"insertions":21,"deletions":27},"other":{"insertions":1,"deletions":1},"test-code":{"insertions":102,"deletions":0}}},{"hash":"dcd50b1eed08a19e2d0ed6df993a1382172a0cf0","messageTitle":"FIx styling issues","messageBody":"","fileTypesAndContributionMap":{"functional-code":{"insertions":14,"deletions":17},"test-code":{"insertions":11,"deletions":12}}},{"hash":"20e1644e3b12f4ade4587c7c4d906e7665f2bf2c","messageTitle":"Fix Ui text testing","messageBody":"","fileTypesAndContributionMap":{"functional-code":{"insertions":2,"deletions":3}}},{"hash":"db7d183bb168717b295884d6127628a5dd29756c","messageTitle":"fix minor style bug","messageBody":"","fileTypesAndContributionMap":{"functional-code":{"insertions":2,"deletions":2}}},{"hash":"7b43f40a46a02db6bc8651a4d5707197a40a53ae","messageTitle":"Revert \"Branch junit api\"","messageBody":"","fileTypesAndContributionMap":{"functional-code":{"insertions":43,"deletions":33},"other":{"insertions":1,"deletions":1},"test-code":{"insertions":5,"deletions":106}}},{"hash":"3d88ba953325a9f1a202dbd3c9b32c641fa4689c","messageTitle":"Revert \"Revert \"Branch junit api\"\"","messageBody":"","fileTypesAndContributionMap":{"functional-code":{"insertions":33,"deletions":43},"other":{"insertions":1,"deletions":1},"test-code":{"insertions":106,"deletions":5}}},{"hash":"8ea0cb14acc340d4b353b55e0a9532bdecef32ec","messageTitle":"Fix authentication bug.","messageBody":"","fileTypesAndContributionMap":{"functional-code":{"insertions":12,"deletions":29}}}]},{"date":"2022-10-13","commitResults":[{"hash":"fd8181e022e1a73a33404cc560c7d0a180a98d40","messageTitle":"fix","messageBody":"","fileTypesAndContributionMap":{"functional-code":{"insertions":0,"deletions":1}}},{"hash":"b60ece355a25a1eef978781b87a775a3f6a332c5","messageTitle":"Fix styling issues.","messageBody":"","fileTypesAndContributionMap":{"functional-code":{"insertions":1,"deletions":12}}}]},{"date":"2022-10-15","commitResults":[{"hash":"87022ec530e5aedfe81ea91614796ff5358761ca","messageTitle":"added API authentication validation feature.","messageBody":"","fileTypesAndContributionMap":{"functional-code":{"insertions":32,"deletions":11}}},{"hash":"3fb90e0a978cdb25062f6af3fdb3a528aaa8d70f","messageTitle":"refractor default api key functionality","messageBody":"","fileTypesAndContributionMap":{"functional-code":{"insertions":23,"deletions":12}}},{"hash":"b40e5e6947a6bdb0cbc8f26a6f99d6f2a010afb0","messageTitle":"Add API key default support.","messageBody":"","fileTypesAndContributionMap":{"functional-code":{"insertions":13,"deletions":3}}},{"hash":"b123eff6029086919837b4f351e393c8df0a5498","messageTitle":"Fix gradle build bugs.","messageBody":"","fileTypesAndContributionMap":{"functional-code":{"insertions":16,"deletions":14},"test-code":{"insertions":3,"deletions":3}}}]},{"date":"2022-10-16","commitResults":[{"hash":"7287d7e0d6e2cedd439ae7d044cbbf349e98bf1f","messageTitle":"Add auth status support.","messageBody":"","fileTypesAndContributionMap":{"functional-code":{"insertions":42,"deletions":3}}},{"hash":"b00ff00b99bee2cb1a0bbb421acd6314713c2187","messageTitle":"fix gradle bugs","messageBody":"","fileTypesAndContributionMap":{"functional-code":{"insertions":8,"deletions":0}}}]},{"date":"2022-10-17","commitResults":[{"hash":"cb6b1dae94d9f4b835d6f7ed64482c7e77bb4185","messageTitle":"Add synchronous function to update json data.","messageBody":"","fileTypesAndContributionMap":{"functional-code":{"insertions":57,"deletions":48}}}]},{"date":"2022-10-19","commitResults":[{"hash":"dfa0d4f63c265f4771f565a1b804d481cce71b89","messageTitle":"Added DG for API.","messageBody":"","fileTypesAndContributionMap":{"docs":{"insertions":40,"deletions":8}}},{"hash":"1da19fdd5ee8ff8c7d347fa13b7172dd6a40f00a","messageTitle":"Added UML diagram for API.","messageBody":"","fileTypesAndContributionMap":{"docs":{"insertions":55,"deletions":3}}}]},{"date":"2022-10-20","commitResults":[{"hash":"55dc29c14264c1c2199e321121b5782f64520329","messageTitle":"Edited DG api puml","messageBody":"","fileTypesAndContributionMap":{"docs":{"insertions":1,"deletions":3}}}]},{"date":"2022-10-24","commitResults":[{"hash":"e99ea428e616c806dd596a9c44be6b2deb9ed46f","messageTitle":"Added support for increment fetch api.","messageBody":"","fileTypesAndContributionMap":{"functional-code":{"insertions":8,"deletions":8},"test-code":{"insertions":1,"deletions":1}}},{"hash":"caec204ffb514bfebbdbb9a79613b0fbc187fb32","messageTitle":"Fixed unintended UI printing","messageBody":"","fileTypesAndContributionMap":{"functional-code":{"insertions":3,"deletions":1}}},{"hash":"36f58286615b2814d1974aa3268ccadaab0e12bd","messageTitle":"Added data spliting","messageBody":"","fileTypesAndContributionMap":{"functional-code":{"insertions":16,"deletions":4}}},{"hash":"85ea8c65a9bc4708d69429f1bade895f45783401","messageTitle":"Added support for multiple fetch data","messageBody":"","fileTypesAndContributionMap":{"functional-code":{"insertions":34,"deletions":23}}},{"hash":"5ca937d773be6ca441a7eddc9ad620636a73d608","messageTitle":"Updated API javadoc document","messageBody":"","fileTypesAndContributionMap":{"functional-code":{"insertions":19,"deletions":4}}},{"hash":"8d61493b386f64aa2c7a3f46cbfad6ddd82a3bc9","messageTitle":"resolved api style error","messageBody":"","fileTypesAndContributionMap":{"functional-code":{"insertions":11,"deletions":7}}},{"hash":"82bf6d30f140116bac24188f2440c1cb3af39631","messageTitle":"Updated API Junit testing","messageBody":"","fileTypesAndContributionMap":{"test-code":{"insertions":11,"deletions":5}}},{"hash":"59eb311936e18195553bd4784c6489fd76c0b30a","messageTitle":"Clean up code","messageBody":"","fileTypesAndContributionMap":{"functional-code":{"insertions":25,"deletions":21}}},{"hash":"c30e8a20a70b857ec00001b421d51fa4ae602027","messageTitle":"Yet another code cleaning up","messageBody":"","fileTypesAndContributionMap":{"functional-code":{"insertions":14,"deletions":15}}},{"hash":"f0912a646bdf0fcd057989f6c2c67b15395d003b","messageTitle":"Add data count feature in api","messageBody":"","fileTypesAndContributionMap":{"functional-code":{"insertions":10,"deletions":6}}},{"hash":"a6af360ad44cbb916c83f6d7f01cae97037f296b","messageTitle":"Refractored api exception for simpler handling.","messageBody":"","fileTypesAndContributionMap":{"functional-code":{"insertions":31,"deletions":7}}},{"hash":"289e8dfe478d415fe3977ecaabc654b8a4c56a2c","messageTitle":"More style fixes.","messageBody":"","fileTypesAndContributionMap":{"functional-code":{"insertions":21,"deletions":5}}},{"hash":"4be1e77c111044ce7dd5fb38a94982a049c8650b","messageTitle":"Handled data formatting when data count is less than optimal.","messageBody":"","fileTypesAndContributionMap":{"functional-code":{"insertions":7,"deletions":3}}},{"hash":"2fe4a3e614c6ca5f4fe50daaafe33a7f34fffde3","messageTitle":"Update DG for API","messageBody":"","fileTypesAndContributionMap":{"docs":{"insertions":13,"deletions":12}}}]},{"date":"2022-10-25","commitResults":[{"hash":"3b07400a33cc939a9445941defde43a629668092","messageTitle":"Updated UG","messageBody":"","fileTypesAndContributionMap":{"docs":{"insertions":33,"deletions":25}}},{"hash":"298cb8347864dd582001c0691d4876ceff0d2115","messageTitle":"Added auth default functionality","messageBody":"","fileTypesAndContributionMap":{"functional-code":{"insertions":26,"deletions":9}}},{"hash":"dc597c0aa51ef4adee2bc15626894d6acbcdff19","messageTitle":"Fix update command parser","messageBody":"","fileTypesAndContributionMap":{"functional-code":{"insertions":6,"deletions":9}}},{"hash":"6a02135ba0514c960adae990400a9b4fe46dc7a7","messageTitle":"updated jdoc for auth","messageBody":"","fileTypesAndContributionMap":{"functional-code":{"insertions":6,"deletions":0}}},{"hash":"714620ec45faa9ef19f509901e31a35f26ecd32f","messageTitle":"added support for auth status command","messageBody":"","fileTypesAndContributionMap":{"functional-code":{"insertions":6,"deletions":4}}},{"hash":"4d6ef06aee5c9c98b35bff57482df76dc3d4145a","messageTitle":"Added empty argument error handling","messageBody":"","fileTypesAndContributionMap":{"functional-code":{"insertions":31,"deletions":2}}},{"hash":"a74822afa6e6f4f892162f454a9efe536243ad95","messageTitle":"refractored error handling","messageBody":"","fileTypesAndContributionMap":{"functional-code":{"insertions":6,"deletions":5}}},{"hash":"3faad779dcf53039e267f0541d8c80dfc5ed70da","messageTitle":"Removed greetings.","messageBody":"","fileTypesAndContributionMap":{"functional-code":{"insertions":1,"deletions":12}}},{"hash":"3497e92d9e6df6f4817cb71121f708538b71bf29","messageTitle":"Fix Gradle bugs","messageBody":"","fileTypesAndContributionMap":{"functional-code":{"insertions":2,"deletions":4}}},{"hash":"16cb78ba2b218cb783f9ed92e0f3cf295a92add1","messageTitle":"formatted UG","messageBody":"","fileTypesAndContributionMap":{"docs":{"insertions":31,"deletions":42}}}]},{"date":"2022-10-26","commitResults":[{"hash":"d1952464a136817846cd10c8d25863ea279098d2","messageTitle":"Add Help command","messageBody":"","fileTypesAndContributionMap":{"functional-code":{"insertions":40,"deletions":0}}},{"hash":"a0cda05fdb13c55856f743667f4b262d6b7761fd","messageTitle":"Change favourite directory","messageBody":"","fileTypesAndContributionMap":{"functional-code":{"insertions":1,"deletions":1}}},{"hash":"ff18361189f061e92d1d249e33696d4de0028faa","messageTitle":"Fix favourite command UI","messageBody":"","fileTypesAndContributionMap":{"functional-code":{"insertions":4,"deletions":2}}},{"hash":"c5c78d6ce23715755ebb3741bfe2560f252f9547","messageTitle":"Fix inconsistent new line bug","messageBody":"","fileTypesAndContributionMap":{"functional-code":{"insertions":3,"deletions":4}}},{"hash":"f829c6d2f889074da93178821fdb66c4393d8bfe","messageTitle":"fix favourite list output text","messageBody":"","fileTypesAndContributionMap":{"functional-code":{"insertions":6,"deletions":1}}},{"hash":"7b8f5dfebb46247b06685d3fee078ce238409aa3","messageTitle":"fix empty text output for favourite list","messageBody":"","fileTypesAndContributionMap":{"functional-code":{"insertions":3,"deletions":0}}},{"hash":"6bd20f00c11c13a3077f610d8b39c0cf43083f6f","messageTitle":"change API status description","messageBody":"","fileTypesAndContributionMap":{"functional-code":{"insertions":27,"deletions":26},"test-code":{"insertions":1,"deletions":1}}},{"hash":"4ebaaf1bac8c743da25c91fc708b10b33c49f9fe","messageTitle":"Edited enter command to write on the same line","messageBody":"","fileTypesAndContributionMap":{"functional-code":{"insertions":11,"deletions":2}}},{"hash":"c08f6b5e5b7815c6982a0e13a7b3132d4161ca25","messageTitle":"More UI bug fixes","messageBody":"","fileTypesAndContributionMap":{"functional-code":{"insertions":2,"deletions":2}}},{"hash":"2cd5da363694ce9176afb60ca209d69750055f9f","messageTitle":"added example of usage for user guide","messageBody":"","fileTypesAndContributionMap":{"docs":{"insertions":90,"deletions":32}}}]},{"date":"2022-10-27","commitResults":[{"hash":"b4c0a09e5de40c0ea673766e9485ad1f6b1b5084","messageTitle":"Add Load API sequence diagram.","messageBody":"","fileTypesAndContributionMap":{"docs":{"insertions":33,"deletions":0}}},{"hash":"3cc694bd4fd5c42911bfb505954183d827db6a5a","messageTitle":"Add DG for API update and loading","messageBody":"","fileTypesAndContributionMap":{"docs":{"insertions":140,"deletions":0}}}]},{"date":"2022-10-31","commitResults":[{"hash":"c6a4f14278214ddaca13f2d4dfa9f78d7bae7a1b","messageTitle":"Updated user guide","messageBody":"","fileTypesAndContributionMap":{"docs":{"insertions":47,"deletions":40}}},{"hash":"ae6a986be02fd0ff0007ef964b35c478eefdbf8a","messageTitle":"fix ui bug","messageBody":"","fileTypesAndContributionMap":{"functional-code":{"insertions":1,"deletions":1},"docs":{"insertions":3,"deletions":0}}},{"hash":"243077283785af7986724cd52713c208059a857a","messageTitle":"Fix table hyperlinks","messageBody":"","fileTypesAndContributionMap":{"docs":{"insertions":41,"deletions":33}}},{"hash":"218c0c3736bc337db56f24321a0b6ef14ccbfeb8","messageTitle":"added table of contents","messageBody":"","fileTypesAndContributionMap":{"docs":{"insertions":45,"deletions":36}}},{"hash":"4037329f9ae138c93f6669b7d344a19706d7b523","messageTitle":"Update quick start","messageBody":"","fileTypesAndContributionMap":{"docs":{"insertions":14,"deletions":5}}},{"hash":"348d636254d8f50cf080e0686ea3ff735b9c0381","messageTitle":"added more detail for the filter and find command","messageBody":"","fileTypesAndContributionMap":{"docs":{"insertions":6,"deletions":4}}},{"hash":"1dd27746d989a8cce9dbecc46a09f75684bae99a","messageTitle":"Added shorthands to UG","messageBody":"","fileTypesAndContributionMap":{"docs":{"insertions":40,"deletions":40}}},{"hash":"a3583df518044dbd98ba4d07fdc46d2b68c8f559","messageTitle":"Added shorthands to the help comand","messageBody":"","fileTypesAndContributionMap":{"functional-code":{"insertions":16,"deletions":12},"docs":{"insertions":13,"deletions":14}}}]},{"date":"2022-11-01","commitResults":[{"hash":"e3bfdf32aecd5a09b5f6b5dfb313adcb527693b9","messageTitle":"Add red colour for error printing","messageBody":"","fileTypesAndContributionMap":{"functional-code":{"insertions":6,"deletions":13}}},{"hash":"cab6e7240e39a50a41e37c0cfab8cc0f1d53e48f","messageTitle":"Added check function for ANSI","messageBody":"","fileTypesAndContributionMap":{"functional-code":{"insertions":60,"deletions":8}}},{"hash":"8b0537f1cc22e638a888e1b5334c21c8397e9623","messageTitle":"Fully support ANSI capability for MacOS now","messageBody":"","fileTypesAndContributionMap":{"functional-code":{"insertions":75,"deletions":82}}},{"hash":"e45e1e5fcab2f05139d89e3760d64d422f19c6aa","messageTitle":"added jansi support for coloured text ui","messageBody":"","fileTypesAndContributionMap":{"functional-code":{"insertions":24,"deletions":19},"other":{"insertions":1,"deletions":0}}}]},{"date":"2022-11-04","commitResults":[{"hash":"2dc11131f35643713e3c7694e2603197e375d2f2","messageTitle":"added PPP for marvin","messageBody":"","fileTypesAndContributionMap":{"docs":{"insertions":47,"deletions":0}}},{"hash":"83a3d02000527ecda2ac69932adfa02f12732300","messageTitle":"Added Junit for api","messageBody":"","fileTypesAndContributionMap":{"functional-code":{"insertions":36,"deletions":8},"test-code":{"insertions":92,"deletions":4}}},{"hash":"06050db18ab99d06f34b53fd38c919cbd7171077","messageTitle":"Added api stub for update unit testing","messageBody":"","fileTypesAndContributionMap":{"functional-code":{"insertions":52,"deletions":9},"test-code":{"insertions":43,"deletions":5}}},{"hash":"cc12bef83371799135aa6ce27ca1ca842ca09c10","messageTitle":"Update API Class Diagram","messageBody":"","fileTypesAndContributionMap":{"docs":{"insertions":23,"deletions":6}}},{"hash":"9198108f4f6ce2cb5331b1ad451589b4ee1ecd98","messageTitle":"Added content page","messageBody":"","fileTypesAndContributionMap":{"docs":{"insertions":56,"deletions":50}}},{"hash":"797e9394def4b5861c22ba188551cad22c1e5fa2","messageTitle":"Added sequence diagram","messageBody":"","fileTypesAndContributionMap":{"functional-code":{"insertions":1,"deletions":1},"docs":{"insertions":64,"deletions":80}}}]}]},"authorFileTypeContributionMap":{"kyrenechua":{"docs":304,"functional-code":1030,"test-code":281,"other":1},"eehongchan":{"docs":286,"functional-code":330,"test-code":114},"malcolmang":{"docs":358,"functional-code":1620,"test-code":209,"other":395},"pipipipi2002":{"docs":570,"functional-code":685,"test-code":198,"other":3}},"authorContributionVariance":{"kyrenechua":83928.55,"eehongchan":20564.088,"malcolmang":38906.523,"pipipipi2002":22536.375},"authorDisplayNameMap":{"kyrenechua":"CS2113-T17-4 CHUA..RENE","eehongchan":"CS2113-T17-4 CHAN..HONG","malcolmang":"CS2113-T17-4 MALC..HUAN","pipipipi2002":"CS2113-T17-4 MARV..JAYA"}}
