{"authorDailyContributionsMap":{"chinhan99":[{"date":"2022-09-28","commitResults":[{"hash":"ff678b9ba7f0c91c8c1ace1f92baa0c2ba2bab99","messageTitle":"initial commit","messageBody":"","fileTypesAndContributionMap":{"docs":{"insertions":5,"deletions":7}}}]},{"date":"2022-10-02","commitResults":[{"hash":"439d94fc05f2bf2105971879737fb9b19409d5ca","messageTitle":"added base classes for the project","messageBody":"","fileTypesAndContributionMap":{"functional-code":{"insertions":195,"deletions":21},"docs":{"insertions":7,"deletions":1}}},{"hash":"177d8580a9e7156aad0aa5fa879d5f86ed476aaa","messageTitle":"reformatted comment lines longer than 120 characters","messageBody":"","fileTypesAndContributionMap":{"functional-code":{"insertions":14,"deletions":3}}},{"hash":"25513d8d8be142ef6043c6d7d568bbfd0b31d8de","messageTitle":"renamed Main class to Duke class","messageBody":"","fileTypesAndContributionMap":{"other":{"insertions":1,"deletions":1}}},{"hash":"c9f26cbca14bd575edbd84a2e9330402b1504959","messageTitle":"Change markdown file naming in AboutUs.md","messageBody":"","fileTypesAndContributionMap":{"docs":{"insertions":1,"deletions":1}}}]}],"brian-vb":[{"date":"2022-10-02","commitResults":[{"hash":"40aac95e2159195211c8bbf4760f2f72cfd9668e","messageTitle":"Add more details into AboutUs.md and brianwongyunlong.md","messageBody":"","fileTypesAndContributionMap":{"docs":{"insertions":10,"deletions":4}}}]}],"paullowse":[{"date":"2022-09-28","commitResults":[{"hash":"aa49ffa58b74b11d0872c9946266aacd1e0cd523","messageTitle":"update about us for Paul","messageBody":"","fileTypesAndContributionMap":{"docs":{"insertions":1,"deletions":5}}},{"hash":"b69fc177d1b94ec9208bccce2ca6174a3b3bb988","messageTitle":"commit about us change paul","messageBody":"","fileTypesAndContributionMap":{"docs":{"insertions":1,"deletions":1}}}]}],"wcwy":[{"date":"2022-09-28","commitResults":[{"hash":"6585729906774a156b937a3f0bb66e4c64f75ac4","messageTitle":"Update about us for Thin Hong and add chiathinhong.md","messageBody":"","fileTypesAndContributionMap":{"docs":{"insertions":4,"deletions":7}}}]}],"chydarren":[{"date":"2022-09-28","commitResults":[{"hash":"7f13a07f819c21ffaa5467ef5fb88d40f0b667c4","messageTitle":"Create my personal portfolio page","messageBody":"","fileTypesAndContributionMap":{"docs":{"insertions":6,"deletions":6}}},{"hash":"9ce1ffbf180138597627f42d7da0e425f5cdf3d8","messageTitle":"Create my personal portfolio page","messageBody":"","fileTypesAndContributionMap":{"docs":{"insertions":9,"deletions":8}}}]}]},"authorFileTypeContributionMap":{"chinhan99":{"docs":8,"functional-code":197,"test-code":0},"brian-vb":{"docs":7,"functional-code":0,"test-code":0},"paullowse":{"docs":1,"functional-code":0,"test-code":0},"wcwy":{"docs":2,"functional-code":0,"test-code":0},"chydarren":{"docs":3,"functional-code":0,"test-code":0}},"authorContributionVariance":{"chinhan99":3310.8098,"brian-vb":10.851212,"paullowse":3.543253,"wcwy":6.6989627,"chydarren":46.56055},"authorDisplayNameMap":{"chinhan99":"CS2113-W12-2 YONG.. HAN","brian-vb":"CS2113-W12-2 BRIA..LONG","paullowse":"CS2113-W12-2 PAUL..I EN","wcwy":"CS2113-W12-2 CHIA..HONG","chydarren":"CS2113-W12-2 CHUA..RREN"}}
