{"authorDailyContributionsMap":{"chinhan99":[{"date":"2022-09-28","commitResults":[{"hash":"ff678b9ba7f0c91c8c1ace1f92baa0c2ba2bab99","messageTitle":"initial commit","messageBody":"","fileTypesAndContributionMap":{"docs":{"insertions":5,"deletions":7}}}]},{"date":"2022-10-02","commitResults":[{"hash":"439d94fc05f2bf2105971879737fb9b19409d5ca","messageTitle":"added base classes for the project","messageBody":"","fileTypesAndContributionMap":{"functional-code":{"insertions":195,"deletions":21},"docs":{"insertions":7,"deletions":1}}},{"hash":"177d8580a9e7156aad0aa5fa879d5f86ed476aaa","messageTitle":"reformatted comment lines longer than 120 characters","messageBody":"","fileTypesAndContributionMap":{"functional-code":{"insertions":14,"deletions":3}}},{"hash":"25513d8d8be142ef6043c6d7d568bbfd0b31d8de","messageTitle":"renamed Main class to Duke class","messageBody":"","fileTypesAndContributionMap":{"other":{"insertions":1,"deletions":1}}},{"hash":"c9f26cbca14bd575edbd84a2e9330402b1504959","messageTitle":"Change markdown file naming in AboutUs.md","messageBody":"","fileTypesAndContributionMap":{"docs":{"insertions":1,"deletions":1}}}]},{"date":"2022-10-05","commitResults":[{"hash":"e0576ed91a1de69644e7b09d2f3f9a012c3bf27c","messageTitle":"Add exceptions for Category and Amount tags","messageBody":"","fileTypesAndContributionMap":{"functional-code":{"insertions":83,"deletions":16}}},{"hash":"405ee4afa35269974d60ec6164393af4a0506284","messageTitle":"Reformat spacing in classes","messageBody":"","fileTypesAndContributionMap":{"functional-code":{"insertions":10,"deletions":28}}},{"hash":"4c82f58c333dc50946ace1501b63bf412c4823a7","messageTitle":"Reformat spacing and indented long code","messageBody":"","fileTypesAndContributionMap":{"functional-code":{"insertions":3,"deletions":2}}}]},{"date":"2022-10-07","commitResults":[{"hash":"23030c6e578235554c5386bd1df83b4c6e6bd86e","messageTitle":"Add testing for containNumeric() function","messageBody":"","fileTypesAndContributionMap":{"functional-code":{"insertions":2,"deletions":2},"test-code":{"insertions":22,"deletions":0}}},{"hash":"d0c0099afe13fea12d082b4a8d25fac434a5a061","messageTitle":"Reorganise AddCommandTest.java file location","messageBody":"","fileTypesAndContributionMap":{"other":{"insertions":1,"deletions":1}}},{"hash":"e6ca48921affd3d2a9b5a19f675640a1e0134a7f","messageTitle":"Change import statement in AddCommandTest.java","messageBody":"","fileTypesAndContributionMap":{"test-code":{"insertions":3,"deletions":2}}},{"hash":"cd6b73856fc4a2861f7af0032d09642e3765d3e5","messageTitle":"Update test method names in AddCommandTest.java","messageBody":"","fileTypesAndContributionMap":{"test-code":{"insertions":4,"deletions":5}}},{"hash":"14e5241dffda280722eefd048f3389ff7608e9ca","messageTitle":"Add spacing before bracket in method","messageBody":"","fileTypesAndContributionMap":{"test-code":{"insertions":1,"deletions":1}}},{"hash":"e0a62475e61c0aa588cd3774b197d2ca559a912a","messageTitle":"Update parsing methods for the Category and Amount tags","messageBody":"","fileTypesAndContributionMap":{"functional-code":{"insertions":76,"deletions":30}}},{"hash":"50078fe5f9a59d55dfa75ba5e05a2738f0135331","messageTitle":"Update import statements and removed comments in AddCommand.java","messageBody":"","fileTypesAndContributionMap":{"functional-code":{"insertions":7,"deletions":4}}},{"hash":"a5982d592429e849fcb52386fa309deac21601b0","messageTitle":"Update test cases in AddCommandTest.java","messageBody":"","fileTypesAndContributionMap":{"test-code":{"insertions":2,"deletions":2}}}]},{"date":"2022-10-09","commitResults":[{"hash":"24bb1efdc7c4d52dc9f3f20935a088870541acc7","messageTitle":"Add tag and parameter handling with exceptions","messageBody":"","fileTypesAndContributionMap":{"functional-code":{"insertions":81,"deletions":19}}},{"hash":"ce27c93c8104d2a33169249b7965bd0ba7ab105b","messageTitle":"Format indentation in AddCommand.java","messageBody":"","fileTypesAndContributionMap":{"functional-code":{"insertions":13,"deletions":4}}},{"hash":"9f3de15a23c9e1f05fa3b563249b2df1b6603063","messageTitle":"Update amount checking method when parsed","messageBody":"","fileTypesAndContributionMap":{"functional-code":{"insertions":26,"deletions":14}}},{"hash":"ae55ccd144c501d8517ad08a376cacab7fdd753b","messageTitle":"Update indentation in ErrorMessage.java","messageBody":"","fileTypesAndContributionMap":{"functional-code":{"insertions":2,"deletions":2}}},{"hash":"0f9216b7bdabdb2b5d2fdc414a85e4be3aba06a1","messageTitle":"Update expected exception for AddCommandTest.java","messageBody":"","fileTypesAndContributionMap":{"test-code":{"insertions":2,"deletions":1}}}]},{"date":"2022-10-10","commitResults":[{"hash":"ac07bd7a0c87d54eea6eac1bb2539514c6feab85","messageTitle":"Add exception handling for list command","messageBody":"","fileTypesAndContributionMap":{"functional-code":{"insertions":96,"deletions":35},"test-code":{"insertions":36,"deletions":8}}},{"hash":"6aaca5de2d37788fa81488c05b681d17369223b2","messageTitle":"Update files with changes from commit 22b1aa37cb5a2f81f0a0b9d7273f2572cc29febf","messageBody":"","fileTypesAndContributionMap":{"functional-code":{"insertions":9,"deletions":18}}},{"hash":"2a623ff26339a01ba672eb91ce3ff6852086bd0c","messageTitle":"Rename exception for missing parameters","messageBody":"","fileTypesAndContributionMap":{"functional-code":{"insertions":5,"deletions":5},"other":{"insertions":1,"deletions":1},"test-code":{"insertions":2,"deletions":2}}}]},{"date":"2022-10-11","commitResults":[{"hash":"3bcb693e4baf7e324b9c245f6a2e197aa5fb2d5d","messageTitle":"Add logging in AddCommand.java and profile picture","messageBody":"","fileTypesAndContributionMap":{"functional-code":{"insertions":18,"deletions":6},"docs":{"insertions":1,"deletions":1}}},{"hash":"348679e2c756e2c0fbb783d8c3a758136c453c55","messageTitle":"Edit logging message and profile picture","messageBody":"","fileTypesAndContributionMap":{"functional-code":{"insertions":9,"deletions":5}}},{"hash":"20e3cfcabad2929fc659a632268b1d69e4dff206","messageTitle":"Update log level from info to warning","messageBody":"","fileTypesAndContributionMap":{"functional-code":{"insertions":2,"deletions":1}}}]}],"brian-vb":[{"date":"2022-10-02","commitResults":[{"hash":"40aac95e2159195211c8bbf4760f2f72cfd9668e","messageTitle":"Add more details into AboutUs.md and brianwongyunlong.md","messageBody":"","fileTypesAndContributionMap":{"docs":{"insertions":10,"deletions":4}}}]},{"date":"2022-10-05","commitResults":[{"hash":"90601bb11ca58f6d1c4ba0ca3b99c2792cdf89a1","messageTitle":"Add Delete Function (Current Progress)","messageBody":"","fileTypesAndContributionMap":{"functional-code":{"insertions":16,"deletions":1}}},{"hash":"fb5f16fcb58539a995a1e30069ee800b55c30fe0","messageTitle":"Resolve conflicts","messageBody":"","fileTypesAndContributionMap":{"functional-code":{"insertions":2,"deletions":11}}},{"hash":"4d89b5aba8e116c795832b58772be0f0b3f4ec81","messageTitle":"Add Purge Command and Delete Command","messageBody":"","fileTypesAndContributionMap":{"functional-code":{"insertions":26,"deletions":9}}},{"hash":"50c69078a02c2f452a422b337c516f4052b64e69","messageTitle":"Edited some changes to certain functions to provide output.","messageBody":"","fileTypesAndContributionMap":{"functional-code":{"insertions":8,"deletions":0}}},{"hash":"45d13674899dd423fde782baf5803599c07df963","messageTitle":"Edited to follow Coding Standards","messageBody":"","fileTypesAndContributionMap":{"functional-code":{"insertions":4,"deletions":4}}},{"hash":"7a0060af6ef677435fc15cdcb0b7479c85b677fa","messageTitle":"Edit new errors that emerged after Gradle Test","messageBody":"","fileTypesAndContributionMap":{"functional-code":{"insertions":6,"deletions":2}}}]},{"date":"2022-10-06","commitResults":[{"hash":"224a27d1679112b6897e88d3b52d4afd64461e82","messageTitle":"Added JUI Test","messageBody":"","fileTypesAndContributionMap":{"test-code":{"insertions":31,"deletions":12}}},{"hash":"f37afcb7a305cbbe3d5897f63eb66032bbe1f44e","messageTitle":"Add Exception Handling for Delete Function","messageBody":"","fileTypesAndContributionMap":{"functional-code":{"insertions":47,"deletions":5}}},{"hash":"58fcbd77a8ef61e75e8d1c3a3f3e1fe757fce33f","messageTitle":"Update and rename ParserTest.java to DukeTest.java","messageBody":"Revert back to original JUI Test","fileTypesAndContributionMap":{"test-code":{"insertions":12,"deletions":31}}}]},{"date":"2022-10-07","commitResults":[{"hash":"121ca09c33b12a1505a3ed3a9d30d3ab24f1ca58","messageTitle":"Resolving Errors","messageBody":"","fileTypesAndContributionMap":{"functional-code":{"insertions":1,"deletions":1},"test-code":{"insertions":13,"deletions":12}}},{"hash":"89885541900ad2c7cd79492509388a07c8e62fcd","messageTitle":"Add more checks to Purge Command and a Junit Test.","messageBody":"","fileTypesAndContributionMap":{"functional-code":{"insertions":16,"deletions":11},"test-code":{"insertions":28,"deletions":13}}},{"hash":"5169c3d7bb079365c59421d60edeb67ed4d7c81d","messageTitle":"Edited TransactionTest to input a Date rather than a Null Variable. Checkstyle Changes for PurgeCommand.","messageBody":"","fileTypesAndContributionMap":{"functional-code":{"insertions":4,"deletions":1},"test-code":{"insertions":5,"deletions":1}}}]}],"paullowse":[{"date":"2022-09-28","commitResults":[{"hash":"aa49ffa58b74b11d0872c9946266aacd1e0cd523","messageTitle":"update about us for Paul","messageBody":"","fileTypesAndContributionMap":{"docs":{"insertions":1,"deletions":5}}},{"hash":"b69fc177d1b94ec9208bccce2ca6174a3b3bb988","messageTitle":"commit about us change paul","messageBody":"","fileTypesAndContributionMap":{"docs":{"insertions":1,"deletions":1}}}]},{"date":"2022-10-03","commitResults":[{"hash":"75108b5b9cb84f7151fe3f096694634c71babecb","messageTitle":"Create paullow.md","messageBody":"","fileTypesAndContributionMap":{"docs":{"insertions":6,"deletions":0}}},{"hash":"cca70ebb973e66759e289539c396b6bf8304ea55","messageTitle":"Recreate paullow.md","messageBody":"","fileTypesAndContributionMap":{"docs":{"insertions":6,"deletions":0}}}]},{"date":"2022-10-06","commitResults":[{"hash":"bb2328eebfa9291eff0231b1810c7766203e23d6","messageTitle":"Add Command Refactoring","messageBody":"","fileTypesAndContributionMap":{"functional-code":{"insertions":466,"deletions":272}}},{"hash":"00d0e6970072aaa122ffe01d6c29a7eaba2c74d5","messageTitle":"Cleanup Code from tests","messageBody":"","fileTypesAndContributionMap":{"functional-code":{"insertions":79,"deletions":66}}},{"hash":"9eb49304513ff9919db46c996d2ec2b8b5cec7b4","messageTitle":"Command Class errors fix","messageBody":"","fileTypesAndContributionMap":{"functional-code":{"insertions":1,"deletions":1}}},{"hash":"663b8ae73fd1c46c697015f2bc4bccd146b63e12","messageTitle":"Fix Purge scanner","messageBody":"","fileTypesAndContributionMap":{"functional-code":{"insertions":16,"deletions":8}}}]},{"date":"2022-10-07","commitResults":[{"hash":"a94b70b0f863b260e14da2d92569e1794e636a50","messageTitle":"Update tests","messageBody":"","fileTypesAndContributionMap":{"other":{"insertions":1,"deletions":1}}},{"hash":"2c0eb8c7539669c31dbf01065e1f441a426b5141","messageTitle":"Update gradle properties for team","messageBody":"","fileTypesAndContributionMap":{"other":{"insertions":1,"deletions":1}}}]},{"date":"2022-10-12","commitResults":[{"hash":"a20c6653d7aef55dfd8c66c843fc4cb33a0d11b2","messageTitle":"Add Assertions and Logger","messageBody":"","fileTypesAndContributionMap":{"functional-code":{"insertions":7,"deletions":0}}}]}],"wcwy":[{"date":"2022-09-28","commitResults":[{"hash":"6585729906774a156b937a3f0bb66e4c64f75ac4","messageTitle":"Update about us for Thin Hong and add chiathinhong.md","messageBody":"","fileTypesAndContributionMap":{"docs":{"insertions":4,"deletions":7}}}]},{"date":"2022-10-05","commitResults":[{"hash":"a234d4e057236a8e2b5c0a6ac045143d069d744b","messageTitle":"Refractor Transaction.java into a package Edit Duke.java and Parser.java to follow the refractored path.","messageBody":"","fileTypesAndContributionMap":{"functional-code":{"insertions":4,"deletions":0},"other":{"insertions":10,"deletions":10}}},{"hash":"37ddb01488dc646a61f2720856c8b03a1fc5bd36","messageTitle":"Create Expense.java and Income.java as the subclasses of transactions","messageBody":"","fileTypesAndContributionMap":{"functional-code":{"insertions":22,"deletions":0}}},{"hash":"01bcd1e61c7ad72fa770f69ad7b044359cc41bab","messageTitle":"Refractor Transaction package into Data package","messageBody":"Data package is created to contain all the classes that represent\nany type of data inserted by the user and to be stored inside the\napplication.\n","fileTypesAndContributionMap":{"functional-code":{"insertions":2,"deletions":2},"other":{"insertions":3,"deletions":3}}},{"hash":"3be67fad7d45a6e7eddf8db16c1b8501e0245274","messageTitle":"Replace Tasklist.java with TransactionList.java and refractor it","messageBody":"Store the transaction list into data as it contains all the transactions\nadded from the user input and stored in the applications.\n","fileTypesAndContributionMap":{"functional-code":{"insertions":23,"deletions":11}}},{"hash":"9c84718f5756b2d6133fdf021e0b6b245a7121c5","messageTitle":"Change the date format for transactions","messageBody":"Temporary change to read the date as a string.\nTo be updated into LocalDate type in future.\n","fileTypesAndContributionMap":{"functional-code":{"insertions":10,"deletions":33}}},{"hash":"55ba7986955d53304b1d891dc78422deed351bf6","messageTitle":"Create an exception class and define two type of exceptions","messageBody":"MoolahException.java is the abstract class of all the exceptions defined\nin the application.\n\nTwo new exceptions are defined.\nAddTransactionMissingTagException.java: For missing tags in add command\nAddTransactionUnknownTypeException.java: For unknown entered type of\ntransaction given\n\nAdd two error messages in ErrorMessages.java for the two new exceptions.\n","fileTypesAndContributionMap":{"functional-code":{"insertions":48,"deletions":1}}},{"hash":"a3d65a993dffd0b170bc0e3ce7d87536425488f5","messageTitle":"Implement a basic add transaction feature","messageBody":"Parser.java: Add the logic for checking for missing tags and incorrect\ntransaction type, and the logic for calling the transaction list to add\nthe new transaction.\n\nTransactionList.java: Add two methods for adding transaction of\ncorresponding type. Add a skeleton code for listing transaction for\ntesting purpose.\n\nDuke.java: To call Parser.parse() which can capture Moolah manager\nexception now.\n\nUi.java: Add a method to print error message.\n","fileTypesAndContributionMap":{"functional-code":{"insertions":142,"deletions":3}}},{"hash":"2fdfd063a74410dfe34cb31ef9fe3189baa9ae7a","messageTitle":"Format files to align with Java coding standard","messageBody":"","fileTypesAndContributionMap":{"functional-code":{"insertions":9,"deletions":10}}}]},{"date":"2022-10-06","commitResults":[{"hash":"fe6b0cfe82450f2adf475f7917eafe5128887c52","messageTitle":"Use LocalDate class to represent dates in transactions instead of String","messageBody":"","fileTypesAndContributionMap":{"functional-code":{"insertions":18,"deletions":9}}},{"hash":"2ce96d1740aabe98a03704c64b482cca764badbf","messageTitle":"Add new exception class and error message for invalid date during \"add\"","messageBody":"","fileTypesAndContributionMap":{"functional-code":{"insertions":18,"deletions":1}}},{"hash":"441c7c34541c051822177384a509bd5e9901c266","messageTitle":"Update Parser.java to parse the user input for date to LocalDate object","messageBody":"","fileTypesAndContributionMap":{"functional-code":{"insertions":21,"deletions":6}}},{"hash":"f9eb9b0534d107a83ec35673716870e050266b00","messageTitle":"Modify output of transaction with formatted date","messageBody":"DateFormats.java: New enum file to store the supported patterns for the\ndate\u0027s input and output formats.\nTransaction.java: Update toString() method with new printing format.\nParser.java: Update the file to use the enum created for date pattern.\n","fileTypesAndContributionMap":{"functional-code":{"insertions":48,"deletions":4}}},{"hash":"005370d42dc93fce695983ad81eb3fc5913ea8ce","messageTitle":"Update transactions output format for clearer and more concise display","messageBody":"","fileTypesAndContributionMap":{"functional-code":{"insertions":30,"deletions":4}}},{"hash":"41e2db19e9afe35ae6f57167fe0fd834fb7c457e","messageTitle":"Reformat transaction.java to comply with Java coding standards","messageBody":"","fileTypesAndContributionMap":{"functional-code":{"insertions":2,"deletions":2}}}]},{"date":"2022-10-07","commitResults":[{"hash":"cf6908a2d87681093bd9d28b5edf6aec7adcff47","messageTitle":"Add JUnit test for AddCommand class for invalid date format","messageBody":"To ensure that the empty date and not-supported date format will throw\na correct AddTransactionInvalidDateException exception.\n","fileTypesAndContributionMap":{"test-code":{"insertions":28,"deletions":0}}},{"hash":"2178506c77e40c239bc283b780d9bb691e01a629","messageTitle":"Reformat indentation for lambda functions in AddCommandTest","messageBody":"","fileTypesAndContributionMap":{"test-code":{"insertions":8,"deletions":6}}}]},{"date":"2022-10-08","commitResults":[{"hash":"9b3498d65fc4ec7e6607719f56e7834247a3f78d","messageTitle":"Refractor code for adding transaction","messageBody":"","fileTypesAndContributionMap":{"functional-code":{"insertions":35,"deletions":47}}},{"hash":"d859728417776b01eff2f8c3728b588f3e9f850b","messageTitle":"Reformat code to comply with Java coding standards","messageBody":"","fileTypesAndContributionMap":{"functional-code":{"insertions":3,"deletions":1}}},{"hash":"6ef6c0fddecb2d6da4e222a05525647a207aebba","messageTitle":"Set up the command word, description, usage and parameters info for each command.","messageBody":"Change the command word used in Parser.java to use the static command\nword specified in each Command class.\n","fileTypesAndContributionMap":{"functional-code":{"insertions":22,"deletions":10}}},{"hash":"85b65337b99867c6e6b6a05fbea85bb1ceee9c8c","messageTitle":"Add static strings on command help info for Add, Bye, Delete and Edit","messageBody":"","fileTypesAndContributionMap":{"functional-code":{"insertions":61,"deletions":6}}},{"hash":"98cab78e6ddd60ebe5dbb4c9f9e13f4e5776a286","messageTitle":"Add static strings on command help info for Help, List and Purge","messageBody":"","fileTypesAndContributionMap":{"functional-code":{"insertions":42,"deletions":6}}},{"hash":"9ed58f9346d7ef6207c52dccd94e342a0a12eb4b","messageTitle":"Add static strings on command help info template for Find and Get","messageBody":"","fileTypesAndContributionMap":{"functional-code":{"insertions":26,"deletions":4}}},{"hash":"480e135f3baf317791d421edfa4cad856cf50e37","messageTitle":"Add default empty constructor for all command classes","messageBody":"","fileTypesAndContributionMap":{"functional-code":{"insertions":26,"deletions":1}}},{"hash":"ba02e21d8c0f765f19c8f9e1426d6becdd6eca13","messageTitle":"Implement help command feature","messageBody":"Two versions of help are available:\n1. Basic help containing command word, description and usage only.\n2. Detailed help containing basic help and parameters information.\n","fileTypesAndContributionMap":{"functional-code":{"insertions":111,"deletions":4}}}]},{"date":"2022-10-10","commitResults":[{"hash":"fbab58b46f8bfe340e83992ac743573988e3da11","messageTitle":"Move Utilities.java and Parser.java into Parser package","messageBody":"Utilities.java is renamed to ParameterParser.java.\nParser.java is renamed to CommandParser.java.\n\nPurpose of this change is to group all the classes of parsing nature\ninto the same package to increase cohesion for the parsers.\n","fileTypesAndContributionMap":{"functional-code":{"insertions":116,"deletions":73},"other":{"insertions":12,"deletions":18},"test-code":{"insertions":1,"deletions":1}}}]},{"date":"2022-10-11","commitResults":[{"hash":"0cbcfe49f8195477c734741dec093f49e69080f1","messageTitle":"Add exceptions and rename exceptions to be more generic","messageBody":"Exceptions added to handle unsupported tag during parameter parsing,\ninvalid index for out of bound transaction list index selected,\nand unknown help option to handle unknown parameter to \"o/\" tag.\n\nRename 4 other exception files to a more generic name.\n","fileTypesAndContributionMap":{"functional-code":{"insertions":46,"deletions":0},"other":{"insertions":7,"deletions":7}}},{"hash":"ed46fbb920d7c0fa0b164b78ad57e9b15de4f837","messageTitle":"Add error messages for the newly added exceptions","messageBody":"Some error messages enum is also renamed to a more generic name.\n","fileTypesAndContributionMap":{"functional-code":{"insertions":7,"deletions":5}}},{"hash":"0d8ae34f41d58d5af5f9315ae0087cd64270ee54","messageTitle":"Add backward compatibility for find due to different command format","messageBody":"","fileTypesAndContributionMap":{"functional-code":{"insertions":19,"deletions":7}}},{"hash":"eb5d3d429b596eed3967d9e14d2cb80a8ca506cd","messageTitle":"Declare static strings for command tags and transaction name","messageBody":"","fileTypesAndContributionMap":{"functional-code":{"insertions":15,"deletions":0}}},{"hash":"727b613cbde483e4a46fdf8377ac6af1a3266562","messageTitle":"Setup Command.java file to prepare for methods refactoring","messageBody":"Two default methods, getMandatoryTags() and getOptionalTags() is\ndeclared for the commands that do not have mandatory tags or optional\ntags. The commands that have either of each will override the method\nto return a string array of their corresponding tags.\n\nA number of setters are also created to allow polymorphism.\n","fileTypesAndContributionMap":{"functional-code":{"insertions":50,"deletions":0}}},{"hash":"904c1928b1b0dee3703d5f1a8305e3c3fd1da626","messageTitle":"Refactor all parsing related methods in Command package into parser","messageBody":"Except for find commands, all the commands now do not have any\nparsing-related method inside Command package anymore.\nAll the methods are now extracted into ParameterParser.java which will\nconduct the following checks and parse the parameter into a correct\nformat for the command to execute:\n\n* Check that the input contains all mandatory tags of the command\n* Check that the input does not contain tags unsupported by the command\n* Check that the input does not contain the same tag more than once\n* Check that the input does not contain a tag without parameter\n* For each parameter, check that the format of the parameter is correct\n","fileTypesAndContributionMap":{"functional-code":{"insertions":612,"deletions":322}}},{"hash":"087f125f0d50ac8a7a2c114f4e42b97c96616af2","messageTitle":"Fix delete command index error","messageBody":"","fileTypesAndContributionMap":{"functional-code":{"insertions":1,"deletions":1}}},{"hash":"fcb4f7dbbfc49ad1cb2f84f072ca5d611914ef54","messageTitle":"Move testing method from AddCommandTest to ParameterParserTest","messageBody":"As they were affected by the parsing-related methods refactoring.\n","fileTypesAndContributionMap":{"test-code":{"insertions":36,"deletions":25}}},{"hash":"a7e931ce52ab93e224f19be4fb0a9112484b7751","messageTitle":"Change error message for missing parameter and add more test cases","messageBody":"","fileTypesAndContributionMap":{"functional-code":{"insertions":1,"deletions":1}}},{"hash":"acbcddd3b93b961ee14a10d4bcbc1ea85f4f035b","messageTitle":"Modify the description of throws tags in JavaDocs for ParameterParser","messageBody":"As per suggestions by Darren in pr#81.\n","fileTypesAndContributionMap":{"functional-code":{"insertions":9,"deletions":9}}},{"hash":"46bcbd340d0c63a75f636decff8d17cf9c28e73c","messageTitle":"Add logging message for ParameterParser.java","messageBody":"","fileTypesAndContributionMap":{"functional-code":{"insertions":31,"deletions":1}}},{"hash":"5d23b09f67af8dcf30fca30e90d8293de5ef7919","messageTitle":"Update build.gradle to enable assertions","messageBody":"","fileTypesAndContributionMap":{"other":{"insertions":1,"deletions":0}}}]}],"chydarren":[{"date":"2022-09-28","commitResults":[{"hash":"7f13a07f819c21ffaa5467ef5fb88d40f0b667c4","messageTitle":"Create my personal portfolio page","messageBody":"","fileTypesAndContributionMap":{"docs":{"insertions":6,"deletions":6}}},{"hash":"9ce1ffbf180138597627f42d7da0e425f5cdf3d8","messageTitle":"Create my personal portfolio page","messageBody":"","fileTypesAndContributionMap":{"docs":{"insertions":9,"deletions":8}}}]},{"date":"2022-10-03","commitResults":[{"hash":"2b6ea9440f680f7ef7983fe44764e583cf743383","messageTitle":"Revert \"Create paullow.md\"","messageBody":"","fileTypesAndContributionMap":{"docs":{"insertions":0,"deletions":6}}}]},{"date":"2022-10-04","commitResults":[{"hash":"bea2bca469b9f6b4d75cfd3f430351e3cadf7cb1","messageTitle":"Add enum variables for Info and Error messages while refractoring UI output class","messageBody":"","fileTypesAndContributionMap":{"functional-code":{"insertions":113,"deletions":51}}},{"hash":"fc26e8ac7b5770c942931bd4971179aef82f5b40","messageTitle":"Fix indentation error with a comment in UI class","messageBody":"","fileTypesAndContributionMap":{"functional-code":{"insertions":1,"deletions":1}}},{"hash":"177715e8b65c22b8c274e8d1d4a8b947b545c142","messageTitle":"Add a hasNextLine function to check if scanner has input before entering loop function","messageBody":"","fileTypesAndContributionMap":{"functional-code":{"insertions":2,"deletions":1}}}]},{"date":"2022-10-05","commitResults":[{"hash":"645e75c83a23f1da087b93635ffc8d31e3dde6cb","messageTitle":"Modify some comments to comply with Java Coding Standard","messageBody":"","fileTypesAndContributionMap":{"functional-code":{"insertions":6,"deletions":4}}},{"hash":"a7629107995ba034d1cef89b71da362cc2b3caf2","messageTitle":"Add ability to list all transactions","messageBody":"","fileTypesAndContributionMap":{"functional-code":{"insertions":41,"deletions":7}}},{"hash":"0acc1ec08b4e1b0c12102aa77e04fff990d4d4e5","messageTitle":"Shorten the length of characters in line 41 of TransactionList class","messageBody":"","fileTypesAndContributionMap":{"functional-code":{"insertions":2,"deletions":1}}}]},{"date":"2022-10-07","commitResults":[{"hash":"04f1d504c132701aaffdc17775d4848feaa098a2","messageTitle":"Rename UI-related variables to comply to a specific format","messageBody":"","fileTypesAndContributionMap":{"functional-code":{"insertions":45,"deletions":48}}},{"hash":"b4726b55bd1b9db9dae3d06cf690f10b8b84c939","messageTitle":"Refractor source codes for the display of output, replace magic literals and adopt string formatter","messageBody":"","fileTypesAndContributionMap":{"functional-code":{"insertions":81,"deletions":72}}},{"hash":"6e22ac63612a36ded2e5d31cdf75acb060cf84b9","messageTitle":"Replace redundant functions in TransactionList class","messageBody":"","fileTypesAndContributionMap":{"functional-code":{"insertions":9,"deletions":29}}},{"hash":"02a1bd91fc9a8ef6c3fa08151aef98a84acfd62f","messageTitle":"Update EXPECTED.TXT and remove spacing from transaction action message to pass Gradle test","messageBody":"","fileTypesAndContributionMap":{"functional-code":{"insertions":3,"deletions":3}}},{"hash":"552314f0c8abfb9826b08fdf1a492976461a46b9","messageTitle":"Add ability to find specific transactions","messageBody":"","fileTypesAndContributionMap":{"functional-code":{"insertions":99,"deletions":4}}},{"hash":"c140c671d78aa7e8282cc314db42c556bfae3493","messageTitle":"Retrieve error messages from exception class","messageBody":"","fileTypesAndContributionMap":{"functional-code":{"insertions":8,"deletions":6}}},{"hash":"cb29032f205acb40cb7347f3352e34db47651007","messageTitle":"Fix bugs occured when a user input does not have additional fields on top of command","messageBody":"","fileTypesAndContributionMap":{"functional-code":{"insertions":29,"deletions":7}}},{"hash":"85504a86219830d05e403d033e10ef500e6d0031","messageTitle":"Add header comments for the refractored command objects","messageBody":"","fileTypesAndContributionMap":{"functional-code":{"insertions":85,"deletions":0}}},{"hash":"780ddda0fac5811d2fce4b21fb8b96d69a48fe6d","messageTitle":"Fix the exception handler for handling invalid or empty commands","messageBody":"","fileTypesAndContributionMap":{"functional-code":{"insertions":18,"deletions":18}}},{"hash":"87c852c18601c89c55a2e4a4e80bfe5a8c6049e2","messageTitle":"Remove an extra new line at the InvalidCommandException class","messageBody":"","fileTypesAndContributionMap":{"functional-code":{"insertions":0,"deletions":1}}},{"hash":"0e23aa842096afa2305001500161833713c72d65","messageTitle":"Add JUnit test for Transaction class","messageBody":"","fileTypesAndContributionMap":{"test-code":{"insertions":45,"deletions":0}}},{"hash":"d8c043f9f078c24cf7c246a0d34f3c7314d2e8c3","messageTitle":"Add ability to list total savings (income and expenditure) for each category","messageBody":"","fileTypesAndContributionMap":{"functional-code":{"insertions":129,"deletions":4},"test-code":{"insertions":0,"deletions":2}}},{"hash":"62ceefa2d683ac8ae94ea1d04a84cc9b64803021","messageTitle":"Update EXPECTED.TXT and input.txt to test the Get command","messageBody":"","fileTypesAndContributionMap":{"functional-code":{"insertions":1,"deletions":1}}}]},{"date":"2022-10-08","commitResults":[{"hash":"f7fea0aea5218b86828856793b4a0709025f1a0e","messageTitle":"Add help for Find and Stats","messageBody":"","fileTypesAndContributionMap":{"functional-code":{"insertions":123,"deletions":100}}},{"hash":"0afb30759260403b2b017a4b0ecfde1da1b55d4f","messageTitle":"Fix CR/LF line break and spacing issues for compatibility with UI-test on Windows","messageBody":"","fileTypesAndContributionMap":{"functional-code":{"insertions":99,"deletions":71}}},{"hash":"2df20db3607e57a33cb83e8b617b621437422157","messageTitle":"Add StatsType tag to StatsCommand","messageBody":"","fileTypesAndContributionMap":{"functional-code":{"insertions":118,"deletions":10}}},{"hash":"08218853e66f4c1db07c7a49e287ba495b78065d","messageTitle":"Update StatsCommand.java","messageBody":"","fileTypesAndContributionMap":{"functional-code":{"insertions":0,"deletions":3}}}]},{"date":"2022-10-10","commitResults":[{"hash":"651d9ff295f520804f5380e8eef5416edb56d81b","messageTitle":"Move commonly-used string and tag parsers into Utilities class","messageBody":"","fileTypesAndContributionMap":{"functional-code":{"insertions":144,"deletions":42},"other":{"insertions":8,"deletions":8}}},{"hash":"49400be3e4f05710dcc43167b1c749cefc14e484","messageTitle":"Import tag handlers from Utilities class into AddCommand class","messageBody":"","fileTypesAndContributionMap":{"functional-code":{"insertions":20,"deletions":92}}},{"hash":"ddd7807c9d83b295aa35e3d9123c41d4622ecbbb","messageTitle":"Add ability to list transactions by filtered tags and import tag handlers from Utilities class into ListCommand class","messageBody":"","fileTypesAndContributionMap":{"functional-code":{"insertions":134,"deletions":14}}},{"hash":"f15a8426805eb6c6805789bed4456bd64076639d","messageTitle":"Move containNumeric JUnit test into UtilitiesTest class from AddCommandTest class","messageBody":"","fileTypesAndContributionMap":{"test-code":{"insertions":23,"deletions":18}}},{"hash":"1305a058ec8b80e3280a4b81bfd251139b5b0343","messageTitle":"Extract if statement into a separate method based on PR feedback by Thin Hong","messageBody":"","fileTypesAndContributionMap":{"functional-code":{"insertions":27,"deletions":10}}},{"hash":"f52a488d60acd7a5bba984bee804f3677e63040f","messageTitle":"Add more assertions into ListCommand class","messageBody":"","fileTypesAndContributionMap":{"functional-code":{"insertions":8,"deletions":1}}}]},{"date":"2022-10-11","commitResults":[{"hash":"c5926ee2a3da5a2700940fdc3968c37bd03bb3a9","messageTitle":"Update the About Us page to include Darren\u0027s and Thin Hong\u0027s profile pictures, and also rectify all links to portfolio pages","messageBody":"","fileTypesAndContributionMap":{"docs":{"insertions":5,"deletions":5}}},{"hash":"e9c57d19489b1ec3f12d12807559e7ffb1641042","messageTitle":"Remove lines that are not needed in the Duke main class","messageBody":"","fileTypesAndContributionMap":{"functional-code":{"insertions":9,"deletions":24}}},{"hash":"63ecae74e87fec74c1cd6340054c04a794b4fa0c","messageTitle":"Remove the passing of the transactions list when calling Delete command and add some header comments","messageBody":"","fileTypesAndContributionMap":{"functional-code":{"insertions":112,"deletions":36}}},{"hash":"3bab1e1b91b0dd0fdce6b45d2df84c404732653c","messageTitle":"Fix documentation issues during refractoring of parser to comply with JavaDoc standards","messageBody":"","fileTypesAndContributionMap":{"functional-code":{"insertions":104,"deletions":81}}},{"hash":"34fa20d967a34f96bd14a18ba86c4144f162cdaf","messageTitle":"Remove the try-catch block from FindCommand and throw Moolah Exception","messageBody":"","fileTypesAndContributionMap":{"functional-code":{"insertions":19,"deletions":17}}},{"hash":"7a765ab011fd56af9903677b0756b39bf0a7cc6f","messageTitle":"Fix the severe bug of duplicated output of \"stats/s categories\" command when used multiple times","messageBody":"","fileTypesAndContributionMap":{"functional-code":{"insertions":31,"deletions":7}}},{"hash":"bdb390be872c4d81ae6adcc535a3a8fe88ff0ab1","messageTitle":"Add some logging statements for ListCommand and StatsCommand classes","messageBody":"","fileTypesAndContributionMap":{"functional-code":{"insertions":36,"deletions":0}}}]}]},"authorFileTypeContributionMap":{"chinhan99":{"docs":8,"functional-code":187,"test-code":6},"brian-vb":{"docs":6,"functional-code":37,"test-code":32},"paullowse":{"docs":6,"functional-code":218,"test-code":0},"wcwy":{"docs":1,"functional-code":1112,"test-code":70,"other":1},"chydarren":{"docs":6,"functional-code":1106,"test-code":62}},"authorContributionVariance":{"chinhan99":5466.6772,"brian-vb":1256.9414,"paullowse":29401.04,"wcwy":59959.035,"chydarren":42908.32},"authorDisplayNameMap":{"chinhan99":"CS2113-W12-2 YONG.. HAN","brian-vb":"CS2113-W12-2 BRIA..LONG","paullowse":"CS2113-W12-2 PAUL..I EN","wcwy":"CS2113-W12-2 CHIA..HONG","chydarren":"CS2113-W12-2 CHUA..RREN"}}
