{"authorDailyContributionsMap":{"chinhan99":[{"date":"2022-09-28","commitResults":[{"hash":"ff678b9ba7f0c91c8c1ace1f92baa0c2ba2bab99","messageTitle":"initial commit","messageBody":"","fileTypesAndContributionMap":{"docs":{"insertions":5,"deletions":7}}}]},{"date":"2022-10-02","commitResults":[{"hash":"439d94fc05f2bf2105971879737fb9b19409d5ca","messageTitle":"added base classes for the project","messageBody":"","fileTypesAndContributionMap":{"functional-code":{"insertions":195,"deletions":21},"docs":{"insertions":7,"deletions":1}}},{"hash":"177d8580a9e7156aad0aa5fa879d5f86ed476aaa","messageTitle":"reformatted comment lines longer than 120 characters","messageBody":"","fileTypesAndContributionMap":{"functional-code":{"insertions":14,"deletions":3}}},{"hash":"25513d8d8be142ef6043c6d7d568bbfd0b31d8de","messageTitle":"renamed Main class to Duke class","messageBody":"","fileTypesAndContributionMap":{"other":{"insertions":1,"deletions":1}}},{"hash":"c9f26cbca14bd575edbd84a2e9330402b1504959","messageTitle":"Change markdown file naming in AboutUs.md","messageBody":"","fileTypesAndContributionMap":{"docs":{"insertions":1,"deletions":1}}}]},{"date":"2022-10-05","commitResults":[{"hash":"e0576ed91a1de69644e7b09d2f3f9a012c3bf27c","messageTitle":"Add exceptions for Category and Amount tags","messageBody":"","fileTypesAndContributionMap":{"functional-code":{"insertions":83,"deletions":16}}},{"hash":"405ee4afa35269974d60ec6164393af4a0506284","messageTitle":"Reformat spacing in classes","messageBody":"","fileTypesAndContributionMap":{"functional-code":{"insertions":10,"deletions":28}}},{"hash":"4c82f58c333dc50946ace1501b63bf412c4823a7","messageTitle":"Reformat spacing and indented long code","messageBody":"","fileTypesAndContributionMap":{"functional-code":{"insertions":3,"deletions":2}}}]}],"brian-vb":[{"date":"2022-10-02","commitResults":[{"hash":"40aac95e2159195211c8bbf4760f2f72cfd9668e","messageTitle":"Add more details into AboutUs.md and brianwongyunlong.md","messageBody":"","fileTypesAndContributionMap":{"docs":{"insertions":10,"deletions":4}}}]},{"date":"2022-10-05","commitResults":[{"hash":"90601bb11ca58f6d1c4ba0ca3b99c2792cdf89a1","messageTitle":"Add Delete Function (Current Progress)","messageBody":"","fileTypesAndContributionMap":{"functional-code":{"insertions":16,"deletions":1}}},{"hash":"fb5f16fcb58539a995a1e30069ee800b55c30fe0","messageTitle":"Resolve conflicts","messageBody":"","fileTypesAndContributionMap":{"functional-code":{"insertions":2,"deletions":11}}},{"hash":"4d89b5aba8e116c795832b58772be0f0b3f4ec81","messageTitle":"Add Purge Command and Delete Command","messageBody":"","fileTypesAndContributionMap":{"functional-code":{"insertions":26,"deletions":9}}},{"hash":"50c69078a02c2f452a422b337c516f4052b64e69","messageTitle":"Edited some changes to certain functions to provide output.","messageBody":"","fileTypesAndContributionMap":{"functional-code":{"insertions":8,"deletions":0}}},{"hash":"45d13674899dd423fde782baf5803599c07df963","messageTitle":"Edited to follow Coding Standards","messageBody":"","fileTypesAndContributionMap":{"functional-code":{"insertions":4,"deletions":4}}},{"hash":"7a0060af6ef677435fc15cdcb0b7479c85b677fa","messageTitle":"Edit new errors that emerged after Gradle Test","messageBody":"","fileTypesAndContributionMap":{"functional-code":{"insertions":6,"deletions":2}}}]},{"date":"2022-10-06","commitResults":[{"hash":"224a27d1679112b6897e88d3b52d4afd64461e82","messageTitle":"Added JUI Test","messageBody":"","fileTypesAndContributionMap":{"test-code":{"insertions":31,"deletions":12}}},{"hash":"f37afcb7a305cbbe3d5897f63eb66032bbe1f44e","messageTitle":"Add Exception Handling for Delete Function","messageBody":"","fileTypesAndContributionMap":{"functional-code":{"insertions":47,"deletions":5}}},{"hash":"58fcbd77a8ef61e75e8d1c3a3f3e1fe757fce33f","messageTitle":"Update and rename ParserTest.java to DukeTest.java","messageBody":"Revert back to original JUI Test","fileTypesAndContributionMap":{"test-code":{"insertions":12,"deletions":31}}}]}],"paullowse":[{"date":"2022-09-28","commitResults":[{"hash":"aa49ffa58b74b11d0872c9946266aacd1e0cd523","messageTitle":"update about us for Paul","messageBody":"","fileTypesAndContributionMap":{"docs":{"insertions":1,"deletions":5}}},{"hash":"b69fc177d1b94ec9208bccce2ca6174a3b3bb988","messageTitle":"commit about us change paul","messageBody":"","fileTypesAndContributionMap":{"docs":{"insertions":1,"deletions":1}}}]},{"date":"2022-10-03","commitResults":[{"hash":"75108b5b9cb84f7151fe3f096694634c71babecb","messageTitle":"Create paullow.md","messageBody":"","fileTypesAndContributionMap":{"docs":{"insertions":6,"deletions":0}}},{"hash":"cca70ebb973e66759e289539c396b6bf8304ea55","messageTitle":"Recreate paullow.md","messageBody":"","fileTypesAndContributionMap":{"docs":{"insertions":6,"deletions":0}}}]},{"date":"2022-10-06","commitResults":[{"hash":"bb2328eebfa9291eff0231b1810c7766203e23d6","messageTitle":"Add Command Refactoring","messageBody":"","fileTypesAndContributionMap":{"functional-code":{"insertions":466,"deletions":272}}},{"hash":"00d0e6970072aaa122ffe01d6c29a7eaba2c74d5","messageTitle":"Cleanup Code from tests","messageBody":"","fileTypesAndContributionMap":{"functional-code":{"insertions":79,"deletions":66}}},{"hash":"9eb49304513ff9919db46c996d2ec2b8b5cec7b4","messageTitle":"Command Class errors fix","messageBody":"","fileTypesAndContributionMap":{"functional-code":{"insertions":1,"deletions":1}}},{"hash":"663b8ae73fd1c46c697015f2bc4bccd146b63e12","messageTitle":"Fix Purge scanner","messageBody":"","fileTypesAndContributionMap":{"functional-code":{"insertions":16,"deletions":8}}}]},{"date":"2022-10-07","commitResults":[{"hash":"a94b70b0f863b260e14da2d92569e1794e636a50","messageTitle":"Update tests","messageBody":"","fileTypesAndContributionMap":{"other":{"insertions":1,"deletions":1}}},{"hash":"2c0eb8c7539669c31dbf01065e1f441a426b5141","messageTitle":"Update gradle properties for team","messageBody":"","fileTypesAndContributionMap":{"other":{"insertions":1,"deletions":1}}}]}],"wcwy":[{"date":"2022-09-28","commitResults":[{"hash":"6585729906774a156b937a3f0bb66e4c64f75ac4","messageTitle":"Update about us for Thin Hong and add chiathinhong.md","messageBody":"","fileTypesAndContributionMap":{"docs":{"insertions":4,"deletions":7}}}]},{"date":"2022-10-05","commitResults":[{"hash":"a234d4e057236a8e2b5c0a6ac045143d069d744b","messageTitle":"Refractor Transaction.java into a package Edit Duke.java and Parser.java to follow the refractored path.","messageBody":"","fileTypesAndContributionMap":{"functional-code":{"insertions":4,"deletions":0},"other":{"insertions":10,"deletions":10}}},{"hash":"37ddb01488dc646a61f2720856c8b03a1fc5bd36","messageTitle":"Create Expense.java and Income.java as the subclasses of transactions","messageBody":"","fileTypesAndContributionMap":{"functional-code":{"insertions":22,"deletions":0}}},{"hash":"01bcd1e61c7ad72fa770f69ad7b044359cc41bab","messageTitle":"Refractor Transaction package into Data package","messageBody":"Data package is created to contain all the classes that represent\nany type of data inserted by the user and to be stored inside the\napplication.\n","fileTypesAndContributionMap":{"functional-code":{"insertions":2,"deletions":2},"other":{"insertions":3,"deletions":3}}},{"hash":"3be67fad7d45a6e7eddf8db16c1b8501e0245274","messageTitle":"Replace Tasklist.java with TransactionList.java and refractor it","messageBody":"Store the transaction list into data as it contains all the transactions\nadded from the user input and stored in the applications.\n","fileTypesAndContributionMap":{"functional-code":{"insertions":23,"deletions":11}}},{"hash":"9c84718f5756b2d6133fdf021e0b6b245a7121c5","messageTitle":"Change the date format for transactions","messageBody":"Temporary change to read the date as a string.\nTo be updated into LocalDate type in future.\n","fileTypesAndContributionMap":{"functional-code":{"insertions":10,"deletions":33}}},{"hash":"55ba7986955d53304b1d891dc78422deed351bf6","messageTitle":"Create an exception class and define two type of exceptions","messageBody":"MoolahException.java is the abstract class of all the exceptions defined\nin the application.\n\nTwo new exceptions are defined.\nAddTransactionMissingTagException.java: For missing tags in add command\nAddTransactionUnknownTypeException.java: For unknown entered type of\ntransaction given\n\nAdd two error messages in ErrorMessages.java for the two new exceptions.\n","fileTypesAndContributionMap":{"functional-code":{"insertions":48,"deletions":1}}},{"hash":"a3d65a993dffd0b170bc0e3ce7d87536425488f5","messageTitle":"Implement a basic add transaction feature","messageBody":"Parser.java: Add the logic for checking for missing tags and incorrect\ntransaction type, and the logic for calling the transaction list to add\nthe new transaction.\n\nTransactionList.java: Add two methods for adding transaction of\ncorresponding type. Add a skeleton code for listing transaction for\ntesting purpose.\n\nDuke.java: To call Parser.parse() which can capture Moolah manager\nexception now.\n\nUi.java: Add a method to print error message.\n","fileTypesAndContributionMap":{"functional-code":{"insertions":142,"deletions":3}}},{"hash":"2fdfd063a74410dfe34cb31ef9fe3189baa9ae7a","messageTitle":"Format files to align with Java coding standard","messageBody":"","fileTypesAndContributionMap":{"functional-code":{"insertions":9,"deletions":10}}}]},{"date":"2022-10-06","commitResults":[{"hash":"fe6b0cfe82450f2adf475f7917eafe5128887c52","messageTitle":"Use LocalDate class to represent dates in transactions instead of String","messageBody":"","fileTypesAndContributionMap":{"functional-code":{"insertions":18,"deletions":9}}},{"hash":"2ce96d1740aabe98a03704c64b482cca764badbf","messageTitle":"Add new exception class and error message for invalid date during \"add\"","messageBody":"","fileTypesAndContributionMap":{"functional-code":{"insertions":18,"deletions":1}}},{"hash":"441c7c34541c051822177384a509bd5e9901c266","messageTitle":"Update Parser.java to parse the user input for date to LocalDate object","messageBody":"","fileTypesAndContributionMap":{"functional-code":{"insertions":21,"deletions":6}}},{"hash":"f9eb9b0534d107a83ec35673716870e050266b00","messageTitle":"Modify output of transaction with formatted date","messageBody":"DateFormats.java: New enum file to store the supported patterns for the\ndate\u0027s input and output formats.\nTransaction.java: Update toString() method with new printing format.\nParser.java: Update the file to use the enum created for date pattern.\n","fileTypesAndContributionMap":{"functional-code":{"insertions":48,"deletions":4}}},{"hash":"005370d42dc93fce695983ad81eb3fc5913ea8ce","messageTitle":"Update transactions output format for clearer and more concise display","messageBody":"","fileTypesAndContributionMap":{"functional-code":{"insertions":30,"deletions":4}}},{"hash":"41e2db19e9afe35ae6f57167fe0fd834fb7c457e","messageTitle":"Reformat transaction.java to comply with Java coding standards","messageBody":"","fileTypesAndContributionMap":{"functional-code":{"insertions":2,"deletions":2}}}]}],"chydarren":[{"date":"2022-09-28","commitResults":[{"hash":"7f13a07f819c21ffaa5467ef5fb88d40f0b667c4","messageTitle":"Create my personal portfolio page","messageBody":"","fileTypesAndContributionMap":{"docs":{"insertions":6,"deletions":6}}},{"hash":"9ce1ffbf180138597627f42d7da0e425f5cdf3d8","messageTitle":"Create my personal portfolio page","messageBody":"","fileTypesAndContributionMap":{"docs":{"insertions":9,"deletions":8}}}]},{"date":"2022-10-03","commitResults":[{"hash":"2b6ea9440f680f7ef7983fe44764e583cf743383","messageTitle":"Revert \"Create paullow.md\"","messageBody":"","fileTypesAndContributionMap":{"docs":{"insertions":0,"deletions":6}}}]},{"date":"2022-10-04","commitResults":[{"hash":"bea2bca469b9f6b4d75cfd3f430351e3cadf7cb1","messageTitle":"Add enum variables for Info and Error messages while refractoring UI output class","messageBody":"","fileTypesAndContributionMap":{"functional-code":{"insertions":113,"deletions":51}}},{"hash":"fc26e8ac7b5770c942931bd4971179aef82f5b40","messageTitle":"Fix indentation error with a comment in UI class","messageBody":"","fileTypesAndContributionMap":{"functional-code":{"insertions":1,"deletions":1}}},{"hash":"177715e8b65c22b8c274e8d1d4a8b947b545c142","messageTitle":"Add a hasNextLine function to check if scanner has input before entering loop function","messageBody":"","fileTypesAndContributionMap":{"functional-code":{"insertions":2,"deletions":1}}}]},{"date":"2022-10-05","commitResults":[{"hash":"645e75c83a23f1da087b93635ffc8d31e3dde6cb","messageTitle":"Modify some comments to comply with Java Coding Standard","messageBody":"","fileTypesAndContributionMap":{"functional-code":{"insertions":6,"deletions":4}}},{"hash":"a7629107995ba034d1cef89b71da362cc2b3caf2","messageTitle":"Add ability to list all transactions","messageBody":"","fileTypesAndContributionMap":{"functional-code":{"insertions":41,"deletions":7}}},{"hash":"0acc1ec08b4e1b0c12102aa77e04fff990d4d4e5","messageTitle":"Shorten the length of characters in line 41 of TransactionList class","messageBody":"","fileTypesAndContributionMap":{"functional-code":{"insertions":2,"deletions":1}}}]},{"date":"2022-10-07","commitResults":[{"hash":"04f1d504c132701aaffdc17775d4848feaa098a2","messageTitle":"Rename UI-related variables to comply to a specific format","messageBody":"","fileTypesAndContributionMap":{"functional-code":{"insertions":45,"deletions":48}}},{"hash":"b4726b55bd1b9db9dae3d06cf690f10b8b84c939","messageTitle":"Refractor source codes for the display of output, replace magic literals and adopt string formatter","messageBody":"","fileTypesAndContributionMap":{"functional-code":{"insertions":81,"deletions":72}}},{"hash":"6e22ac63612a36ded2e5d31cdf75acb060cf84b9","messageTitle":"Replace redundant functions in TransactionList class","messageBody":"","fileTypesAndContributionMap":{"functional-code":{"insertions":9,"deletions":29}}},{"hash":"02a1bd91fc9a8ef6c3fa08151aef98a84acfd62f","messageTitle":"Update EXPECTED.TXT and remove spacing from transaction action message to pass Gradle test","messageBody":"","fileTypesAndContributionMap":{"functional-code":{"insertions":3,"deletions":3}}},{"hash":"552314f0c8abfb9826b08fdf1a492976461a46b9","messageTitle":"Add ability to find specific transactions","messageBody":"","fileTypesAndContributionMap":{"functional-code":{"insertions":99,"deletions":4}}},{"hash":"c140c671d78aa7e8282cc314db42c556bfae3493","messageTitle":"Retrieve error messages from exception class","messageBody":"","fileTypesAndContributionMap":{"functional-code":{"insertions":8,"deletions":6}}},{"hash":"cb29032f205acb40cb7347f3352e34db47651007","messageTitle":"Fix bugs occured when a user input does not have additional fields on top of command","messageBody":"","fileTypesAndContributionMap":{"functional-code":{"insertions":29,"deletions":7}}},{"hash":"85504a86219830d05e403d033e10ef500e6d0031","messageTitle":"Add header comments for the refractored command objects","messageBody":"","fileTypesAndContributionMap":{"functional-code":{"insertions":85,"deletions":0}}}]}]},"authorFileTypeContributionMap":{"chinhan99":{"docs":8,"functional-code":74,"test-code":0},"brian-vb":{"docs":7,"functional-code":27,"test-code":0},"paullowse":{"docs":7,"functional-code":453,"test-code":0},"wcwy":{"docs":2,"functional-code":198,"test-code":0},"chydarren":{"docs":3,"functional-code":403,"test-code":0}},"authorContributionVariance":{"chinhan99":3322.5725,"brian-vb":1114.5889,"paullowse":35769.875,"wcwy":6096.1406,"chydarren":12879.952},"authorDisplayNameMap":{"chinhan99":"CS2113-W12-2 YONG.. HAN","brian-vb":"CS2113-W12-2 BRIA..LONG","paullowse":"CS2113-W12-2 PAUL..I EN","wcwy":"CS2113-W12-2 CHIA..HONG","chydarren":"CS2113-W12-2 CHUA..RREN"}}
