{"authorDailyContributionsMap":{"chinhan99":[{"date":"2022-09-28","commitResults":[{"hash":"ff678b9ba7f0c91c8c1ace1f92baa0c2ba2bab99","messageTitle":"initial commit","messageBody":"","fileTypesAndContributionMap":{"docs":{"insertions":5,"deletions":7}}}]},{"date":"2022-10-02","commitResults":[{"hash":"439d94fc05f2bf2105971879737fb9b19409d5ca","messageTitle":"added base classes for the project","messageBody":"","fileTypesAndContributionMap":{"functional-code":{"insertions":195,"deletions":21},"docs":{"insertions":7,"deletions":1}}},{"hash":"177d8580a9e7156aad0aa5fa879d5f86ed476aaa","messageTitle":"reformatted comment lines longer than 120 characters","messageBody":"","fileTypesAndContributionMap":{"functional-code":{"insertions":14,"deletions":3}}},{"hash":"25513d8d8be142ef6043c6d7d568bbfd0b31d8de","messageTitle":"renamed Main class to Duke class","messageBody":"","fileTypesAndContributionMap":{"other":{"insertions":1,"deletions":1}}},{"hash":"c9f26cbca14bd575edbd84a2e9330402b1504959","messageTitle":"Change markdown file naming in AboutUs.md","messageBody":"","fileTypesAndContributionMap":{"docs":{"insertions":1,"deletions":1}}}]},{"date":"2022-10-05","commitResults":[{"hash":"e0576ed91a1de69644e7b09d2f3f9a012c3bf27c","messageTitle":"Add exceptions for Category and Amount tags","messageBody":"","fileTypesAndContributionMap":{"functional-code":{"insertions":83,"deletions":16}}},{"hash":"405ee4afa35269974d60ec6164393af4a0506284","messageTitle":"Reformat spacing in classes","messageBody":"","fileTypesAndContributionMap":{"functional-code":{"insertions":10,"deletions":28}}},{"hash":"4c82f58c333dc50946ace1501b63bf412c4823a7","messageTitle":"Reformat spacing and indented long code","messageBody":"","fileTypesAndContributionMap":{"functional-code":{"insertions":3,"deletions":2}}}]},{"date":"2022-10-07","commitResults":[{"hash":"23030c6e578235554c5386bd1df83b4c6e6bd86e","messageTitle":"Add testing for containNumeric() function","messageBody":"","fileTypesAndContributionMap":{"functional-code":{"insertions":2,"deletions":2},"test-code":{"insertions":22,"deletions":0}}},{"hash":"d0c0099afe13fea12d082b4a8d25fac434a5a061","messageTitle":"Reorganise AddCommandTest.java file location","messageBody":"","fileTypesAndContributionMap":{"other":{"insertions":1,"deletions":1}}},{"hash":"e6ca48921affd3d2a9b5a19f675640a1e0134a7f","messageTitle":"Change import statement in AddCommandTest.java","messageBody":"","fileTypesAndContributionMap":{"test-code":{"insertions":3,"deletions":2}}},{"hash":"cd6b73856fc4a2861f7af0032d09642e3765d3e5","messageTitle":"Update test method names in AddCommandTest.java","messageBody":"","fileTypesAndContributionMap":{"test-code":{"insertions":4,"deletions":5}}},{"hash":"14e5241dffda280722eefd048f3389ff7608e9ca","messageTitle":"Add spacing before bracket in method","messageBody":"","fileTypesAndContributionMap":{"test-code":{"insertions":1,"deletions":1}}},{"hash":"e0a62475e61c0aa588cd3774b197d2ca559a912a","messageTitle":"Update parsing methods for the Category and Amount tags","messageBody":"","fileTypesAndContributionMap":{"functional-code":{"insertions":76,"deletions":30}}},{"hash":"50078fe5f9a59d55dfa75ba5e05a2738f0135331","messageTitle":"Update import statements and removed comments in AddCommand.java","messageBody":"","fileTypesAndContributionMap":{"functional-code":{"insertions":7,"deletions":4}}},{"hash":"a5982d592429e849fcb52386fa309deac21601b0","messageTitle":"Update test cases in AddCommandTest.java","messageBody":"","fileTypesAndContributionMap":{"test-code":{"insertions":2,"deletions":2}}}]},{"date":"2022-10-09","commitResults":[{"hash":"24bb1efdc7c4d52dc9f3f20935a088870541acc7","messageTitle":"Add tag and parameter handling with exceptions","messageBody":"","fileTypesAndContributionMap":{"functional-code":{"insertions":81,"deletions":19}}},{"hash":"ce27c93c8104d2a33169249b7965bd0ba7ab105b","messageTitle":"Format indentation in AddCommand.java","messageBody":"","fileTypesAndContributionMap":{"functional-code":{"insertions":13,"deletions":4}}},{"hash":"9f3de15a23c9e1f05fa3b563249b2df1b6603063","messageTitle":"Update amount checking method when parsed","messageBody":"","fileTypesAndContributionMap":{"functional-code":{"insertions":26,"deletions":14}}},{"hash":"ae55ccd144c501d8517ad08a376cacab7fdd753b","messageTitle":"Update indentation in ErrorMessage.java","messageBody":"","fileTypesAndContributionMap":{"functional-code":{"insertions":2,"deletions":2}}},{"hash":"0f9216b7bdabdb2b5d2fdc414a85e4be3aba06a1","messageTitle":"Update expected exception for AddCommandTest.java","messageBody":"","fileTypesAndContributionMap":{"test-code":{"insertions":2,"deletions":1}}}]},{"date":"2022-10-10","commitResults":[{"hash":"ac07bd7a0c87d54eea6eac1bb2539514c6feab85","messageTitle":"Add exception handling for list command","messageBody":"","fileTypesAndContributionMap":{"functional-code":{"insertions":96,"deletions":35},"test-code":{"insertions":36,"deletions":8}}},{"hash":"6aaca5de2d37788fa81488c05b681d17369223b2","messageTitle":"Update files with changes from commit 22b1aa37cb5a2f81f0a0b9d7273f2572cc29febf","messageBody":"","fileTypesAndContributionMap":{"functional-code":{"insertions":9,"deletions":18}}},{"hash":"2a623ff26339a01ba672eb91ce3ff6852086bd0c","messageTitle":"Rename exception for missing parameters","messageBody":"","fileTypesAndContributionMap":{"functional-code":{"insertions":5,"deletions":5},"other":{"insertions":1,"deletions":1},"test-code":{"insertions":2,"deletions":2}}}]},{"date":"2022-10-11","commitResults":[{"hash":"3bcb693e4baf7e324b9c245f6a2e197aa5fb2d5d","messageTitle":"Add logging in AddCommand.java and profile picture","messageBody":"","fileTypesAndContributionMap":{"functional-code":{"insertions":18,"deletions":6},"docs":{"insertions":1,"deletions":1}}},{"hash":"348679e2c756e2c0fbb783d8c3a758136c453c55","messageTitle":"Edit logging message and profile picture","messageBody":"","fileTypesAndContributionMap":{"functional-code":{"insertions":9,"deletions":5}}},{"hash":"20e3cfcabad2929fc659a632268b1d69e4dff206","messageTitle":"Update log level from info to warning","messageBody":"","fileTypesAndContributionMap":{"functional-code":{"insertions":2,"deletions":1}}}]},{"date":"2022-10-16","commitResults":[{"hash":"3e146faf61a690f0eb0fcd00d9307bfaecace722","messageTitle":"Add storage feature and exception handling","messageBody":"","fileTypesAndContributionMap":{"functional-code":{"insertions":373,"deletions":84}}}]},{"date":"2022-10-17","commitResults":[{"hash":"ed0d993dfef5accc28969fe64977208b69f3d124","messageTitle":"Change incorrect comments and add constants","messageBody":"","fileTypesAndContributionMap":{"functional-code":{"insertions":18,"deletions":15}}}]},{"date":"2022-10-18","commitResults":[{"hash":"c42b388d7ca6a59265937e2d94682de0451c9310","messageTitle":"Add AddCommand description to Developer Guide","messageBody":"","fileTypesAndContributionMap":{"docs":{"insertions":173,"deletions":25}}}]},{"date":"2022-10-24","commitResults":[{"hash":"1fc600db3050ac6f58d0756910e81c5065968406","messageTitle":"Add storage support for BudgetCommand","messageBody":"","fileTypesAndContributionMap":{"functional-code":{"insertions":152,"deletions":57},"other":{"insertions":2,"deletions":2}}},{"hash":"cc21cc7017be84fbee3672f003ef11269685dc56","messageTitle":"Add exception handling to ignore printing of message in BudgetCommandTest","messageBody":"","fileTypesAndContributionMap":{"test-code":{"insertions":22,"deletions":14}}},{"hash":"fb500fa1a6997223c898fc37428cfd16b44f3775","messageTitle":"Add Storage description for Developer Guide","messageBody":"","fileTypesAndContributionMap":{"docs":{"insertions":108,"deletions":5}}}]},{"date":"2022-10-26","commitResults":[{"hash":"1204b1e9da27a02d6eb899f773b438766b6d1af9","messageTitle":"Add Command cheat sheet to User Guide","messageBody":"","fileTypesAndContributionMap":{"docs":{"insertions":38,"deletions":1}}},{"hash":"7ca0e1d893b350fba33cabfc954faaf49f9b3a66","messageTitle":"Update minimum transaction value","messageBody":"","fileTypesAndContributionMap":{"functional-code":{"insertions":1,"deletions":1}}},{"hash":"543cf797d2ff277b6e7798f87478ca219b685597","messageTitle":"Update list description in Command Summary and Fix Arithmatic exception in StatsCommand","messageBody":"","fileTypesAndContributionMap":{"functional-code":{"insertions":23,"deletions":20},"docs":{"insertions":22,"deletions":19}}},{"hash":"ece5e2b0fe234dbf385d1585600fcb29a9c8b069","messageTitle":"Update List description in Command Summary","messageBody":"","fileTypesAndContributionMap":{"docs":{"insertions":18,"deletions":18}}},{"hash":"f30ed74dfdeb03e0f591f1bc5532ba969fe5f312","messageTitle":"Update ListCommand COMMAND_PARAMETERS_INFO","messageBody":"","fileTypesAndContributionMap":{"functional-code":{"insertions":9,"deletions":9}}},{"hash":"494531535f6342e8b1a320026c4438f8acaf983c","messageTitle":"Update test files and reformat lines in ListCommand","messageBody":"","fileTypesAndContributionMap":{"functional-code":{"insertions":8,"deletions":7}}},{"hash":"028567623cba1181b6e4bbbae97254edd37a964f","messageTitle":"Update MIN_AMOUNT_VALUE","messageBody":"","fileTypesAndContributionMap":{"functional-code":{"insertions":2,"deletions":2}}},{"hash":"acb069d18fcd15056bb4a1c1fcd8b080ef801d77","messageTitle":"Update parser check on minimum amount for Transactions and add test cases","messageBody":"","fileTypesAndContributionMap":{"functional-code":{"insertions":2,"deletions":2}}},{"hash":"23fbf53354f377fc6fdb94005d2929fccb80593c","messageTitle":"Update parameter naming in command summary","messageBody":"","fileTypesAndContributionMap":{"docs":{"insertions":31,"deletions":37}}},{"hash":"16ee27c91214b0e80d9ac345920a8f9e956235a1","messageTitle":"Update Optional tag description for readability","messageBody":"","fileTypesAndContributionMap":{"docs":{"insertions":1,"deletions":3}}}]},{"date":"2022-10-28","commitResults":[{"hash":"951f2a803fed3dc71f5e49fb6becf49f7948e20b","messageTitle":"Add Descriptions for User Guide","messageBody":"","fileTypesAndContributionMap":{"docs":{"insertions":40,"deletions":11}}},{"hash":"03110e472fa04467413db5e52c2539cb782b782f","messageTitle":"Update descriptions and wrong commands","messageBody":"","fileTypesAndContributionMap":{"docs":{"insertions":20,"deletions":20}}}]},{"date":"2022-10-29","commitResults":[{"hash":"ee2b156bb91bf63927c09e30582aad27657d4087","messageTitle":"Fix date parse for leap year dates","messageBody":"","fileTypesAndContributionMap":{"functional-code":{"insertions":6,"deletions":5}}},{"hash":"b151b7ee0317fbaae89ff7fe4c947cde7feca360","messageTitle":"Fix logging warnings showing up","messageBody":"","fileTypesAndContributionMap":{"functional-code":{"insertions":5,"deletions":0}}},{"hash":"d3cddc8995efae165e5ca50ce09f57a448d3e772","messageTitle":"Add exception handling to entry parser","messageBody":"","fileTypesAndContributionMap":{"functional-code":{"insertions":75,"deletions":5}}},{"hash":"4004a2cdf0b72f7c95f7ef9b0bd903fc236719bc","messageTitle":"Fix edit command crash","messageBody":"","fileTypesAndContributionMap":{"functional-code":{"insertions":9,"deletions":6}}},{"hash":"54a5653cce4ba06287d664f753905bd72c468eae","messageTitle":"Add Constants to replace magic values","messageBody":"","fileTypesAndContributionMap":{"functional-code":{"insertions":8,"deletions":2}}}]},{"date":"2022-10-30","commitResults":[{"hash":"3b528daa721d5f8f52801596004e3b3450084d13","messageTitle":"Update error messages to direct users to use help command","messageBody":"","fileTypesAndContributionMap":{"functional-code":{"insertions":35,"deletions":27}}},{"hash":"622e636947acbb24f258658bdd613367dd6ee4e1","messageTitle":"Edit ERROR_GLOBAL_INVALID_COMMAND error message","messageBody":"","fileTypesAndContributionMap":{"functional-code":{"insertions":1,"deletions":1}}},{"hash":"4d6c3679748a120bd149fadac2233006aa0eff11","messageTitle":"Update storage error message","messageBody":"","fileTypesAndContributionMap":{"functional-code":{"insertions":2,"deletions":2}}}]},{"date":"2022-11-01","commitResults":[{"hash":"cc7e400ab3bd3289f36e3685eacbbf00e7b704f7","messageTitle":"Add personal PPP descriptions","messageBody":"","fileTypesAndContributionMap":{"docs":{"insertions":54,"deletions":3}}},{"hash":"2b784941e108415e293acfe5d4669346a9d5e68d","messageTitle":"Fix typo in PPP","messageBody":"","fileTypesAndContributionMap":{"docs":{"insertions":1,"deletions":1}}},{"hash":"85c3ee263dc0e15fefffeebdca76de15e1a92fcb","messageTitle":"Change naming of PPP file","messageBody":"","fileTypesAndContributionMap":{"docs":{"insertions":1,"deletions":1}}}]},{"date":"2022-11-02","commitResults":[{"hash":"88e28277c7915d5ae4142f8ebe83d07fbbcc8e1d","messageTitle":"Add sequence diagram for Add command","messageBody":"","fileTypesAndContributionMap":{"docs":{"insertions":85,"deletions":0}}}]},{"date":"2022-11-03","commitResults":[{"hash":"7dadc76476fac9cd030a70d11c506ef9004568d6","messageTitle":"Fix constant names in Storage class","messageBody":"","fileTypesAndContributionMap":{"functional-code":{"insertions":25,"deletions":14}}},{"hash":"e29f2e890159d1f9c35e9f0f832c57e66109e0ce","messageTitle":"Add constants for tags in Storage class","messageBody":"","fileTypesAndContributionMap":{"functional-code":{"insertions":14,"deletions":2}}},{"hash":"9269fe5f7a411291278f43c53f718b698de2277d","messageTitle":"Add header comments for Storage methods in TransactionList","messageBody":"","fileTypesAndContributionMap":{"functional-code":{"insertions":20,"deletions":0}}},{"hash":"ac8ef17a0678a087fd0e094e338343f1266d9c98","messageTitle":"Remove logging warnings from FindCommand class","messageBody":"","fileTypesAndContributionMap":{"functional-code":{"insertions":3,"deletions":0}}},{"hash":"19f597efaf6fb641d69ecae57daa3eaced6b01b3","messageTitle":"Fix typo in comment","messageBody":"","fileTypesAndContributionMap":{"functional-code":{"insertions":1,"deletions":1}}}]},{"date":"2022-11-06","commitResults":[{"hash":"be7a4f055c3008f3756507d81b3005420c14f446","messageTitle":"Update AddCommand diagrams","messageBody":"","fileTypesAndContributionMap":{"functional-code":{"insertions":2,"deletions":1},"docs":{"insertions":57,"deletions":79}}},{"hash":"3c5c377e0a0ab0973f5a4cd416a353ffa627b1e1","messageTitle":"Update PPP formatting","messageBody":"","fileTypesAndContributionMap":{"docs":{"insertions":12,"deletions":11}}},{"hash":"7864ece226e72edb19fb8fadc04faeeab6940ee5","messageTitle":"Update header comments in Storage","messageBody":"","fileTypesAndContributionMap":{"functional-code":{"insertions":4,"deletions":3}}},{"hash":"7b2c55bfc2109b7004636ad356725617964e0bbf","messageTitle":"Update budget exception comment","messageBody":"","fileTypesAndContributionMap":{"functional-code":{"insertions":2,"deletions":2}}},{"hash":"58f4eb141748ad507eab49800b73b680bdca469b","messageTitle":"Update PPP and UserGuide","messageBody":"","fileTypesAndContributionMap":{"functional-code":{"insertions":18,"deletions":0},"docs":{"insertions":39,"deletions":21}}}]}],"brian-vb":[{"date":"2022-10-02","commitResults":[{"hash":"40aac95e2159195211c8bbf4760f2f72cfd9668e","messageTitle":"Add more details into AboutUs.md and brianwongyunlong.md","messageBody":"","fileTypesAndContributionMap":{"docs":{"insertions":10,"deletions":4}}}]},{"date":"2022-10-05","commitResults":[{"hash":"90601bb11ca58f6d1c4ba0ca3b99c2792cdf89a1","messageTitle":"Add Delete Function (Current Progress)","messageBody":"","fileTypesAndContributionMap":{"functional-code":{"insertions":16,"deletions":1}}},{"hash":"fb5f16fcb58539a995a1e30069ee800b55c30fe0","messageTitle":"Resolve conflicts","messageBody":"","fileTypesAndContributionMap":{"functional-code":{"insertions":2,"deletions":11}}},{"hash":"4d89b5aba8e116c795832b58772be0f0b3f4ec81","messageTitle":"Add Purge Command and Delete Command","messageBody":"","fileTypesAndContributionMap":{"functional-code":{"insertions":26,"deletions":9}}},{"hash":"50c69078a02c2f452a422b337c516f4052b64e69","messageTitle":"Edited some changes to certain functions to provide output.","messageBody":"","fileTypesAndContributionMap":{"functional-code":{"insertions":8,"deletions":0}}},{"hash":"45d13674899dd423fde782baf5803599c07df963","messageTitle":"Edited to follow Coding Standards","messageBody":"","fileTypesAndContributionMap":{"functional-code":{"insertions":4,"deletions":4}}},{"hash":"7a0060af6ef677435fc15cdcb0b7479c85b677fa","messageTitle":"Edit new errors that emerged after Gradle Test","messageBody":"","fileTypesAndContributionMap":{"functional-code":{"insertions":6,"deletions":2}}}]},{"date":"2022-10-06","commitResults":[{"hash":"224a27d1679112b6897e88d3b52d4afd64461e82","messageTitle":"Added JUI Test","messageBody":"","fileTypesAndContributionMap":{"test-code":{"insertions":31,"deletions":12}}},{"hash":"f37afcb7a305cbbe3d5897f63eb66032bbe1f44e","messageTitle":"Add Exception Handling for Delete Function","messageBody":"","fileTypesAndContributionMap":{"functional-code":{"insertions":47,"deletions":5}}},{"hash":"58fcbd77a8ef61e75e8d1c3a3f3e1fe757fce33f","messageTitle":"Update and rename ParserTest.java to DukeTest.java","messageBody":"Revert back to original JUI Test","fileTypesAndContributionMap":{"test-code":{"insertions":12,"deletions":31}}}]},{"date":"2022-10-07","commitResults":[{"hash":"121ca09c33b12a1505a3ed3a9d30d3ab24f1ca58","messageTitle":"Resolving Errors","messageBody":"","fileTypesAndContributionMap":{"functional-code":{"insertions":1,"deletions":1},"test-code":{"insertions":13,"deletions":12}}},{"hash":"89885541900ad2c7cd79492509388a07c8e62fcd","messageTitle":"Add more checks to Purge Command and a Junit Test.","messageBody":"","fileTypesAndContributionMap":{"functional-code":{"insertions":16,"deletions":11},"test-code":{"insertions":28,"deletions":13}}},{"hash":"5169c3d7bb079365c59421d60edeb67ed4d7c81d","messageTitle":"Edited TransactionTest to input a Date rather than a Null Variable. Checkstyle Changes for PurgeCommand.","messageBody":"","fileTypesAndContributionMap":{"functional-code":{"insertions":4,"deletions":1},"test-code":{"insertions":5,"deletions":1}}}]},{"date":"2022-10-13","commitResults":[{"hash":"5ff8713156bcb52fe28993be8e33e7a6195c4f6e","messageTitle":"Add Picture to AboutUs Add Assertions and Loggings to Purge and Delete.","messageBody":"","fileTypesAndContributionMap":{"functional-code":{"insertions":34,"deletions":1},"docs":{"insertions":1,"deletions":1}}}]},{"date":"2022-10-18","commitResults":[{"hash":"6c9143983a41af6b87ff9f195c48b158e98400b6","messageTitle":"Add Documentation","messageBody":"","fileTypesAndContributionMap":{"docs":{"insertions":175,"deletions":13}}}]},{"date":"2022-10-24","commitResults":[{"hash":"59ba566748bb650aaecfdd4dd468d21318fce12f","messageTitle":"Added functionalities of Edit Command","messageBody":"","fileTypesAndContributionMap":{"functional-code":{"insertions":110,"deletions":9}}},{"hash":"e02f3545eecabc7dd3f48e6cbf550df4e62109d9","messageTitle":"Update EditCommand.java","messageBody":"","fileTypesAndContributionMap":{"functional-code":{"insertions":3,"deletions":3}}},{"hash":"de1179d249d037d624155c36535202f2d45bf9d5","messageTitle":"Update EditCommand.java","messageBody":"","fileTypesAndContributionMap":{"functional-code":{"insertions":2,"deletions":1}}},{"hash":"8c6442d4043f7d2fbc5c75cc0a74525a71093a52","messageTitle":"Update EditCommand.java","messageBody":"","fileTypesAndContributionMap":{"functional-code":{"insertions":1,"deletions":1}}}]},{"date":"2022-10-25","commitResults":[{"hash":"1edbf61c45f77fdf6216bec8b9b5ee2f492bd8c0","messageTitle":"Add Preface and Acknowledgements","messageBody":"","fileTypesAndContributionMap":{"docs":{"insertions":10,"deletions":4}}},{"hash":"7ee210f8da72f84111b0d07e4ef1f4a8f3267f51","messageTitle":"Add Command Component and Overview for Transaction","messageBody":"","fileTypesAndContributionMap":{"docs":{"insertions":41,"deletions":3}}},{"hash":"97eeb2523cb25711ae4e9f89b2f96cb0ffaf2425","messageTitle":"Add Diagram","messageBody":"","fileTypesAndContributionMap":{"docs":{"insertions":132,"deletions":0}}}]},{"date":"2022-10-27","commitResults":[{"hash":"f21c21d31ba7433f8aa12f0c8c2d8e9dbc1ed176","messageTitle":"Add details for the User Guide","messageBody":"","fileTypesAndContributionMap":{"docs":{"insertions":92,"deletions":0}}},{"hash":"4f1a0e453c63591fa5810db86adc0f7c38f8f9ee","messageTitle":"Update UserGuide.md","messageBody":"","fileTypesAndContributionMap":{"docs":{"insertions":10,"deletions":8}}}]},{"date":"2022-10-29","commitResults":[{"hash":"ad337a91d8aed11f115fb57df581b0e4c11655c3","messageTitle":"Add more follow up edits to DG based on comments","messageBody":"","fileTypesAndContributionMap":{"docs":{"insertions":83,"deletions":6}}}]},{"date":"2022-10-31","commitResults":[{"hash":"ed9612535e5d35c7f76ccf2446ac2c5fb546011c","messageTitle":"Add DG part for Purge Command","messageBody":"","fileTypesAndContributionMap":{"docs":{"insertions":76,"deletions":0}}}]},{"date":"2022-11-01","commitResults":[{"hash":"9a7efc74a865c2d6b83b8469ff147c50c4b1dfe8","messageTitle":"Add more details into DG","messageBody":"","fileTypesAndContributionMap":{"functional-code":{"insertions":3,"deletions":3},"docs":{"insertions":175,"deletions":5}}},{"hash":"842565a73775b4bf452dad49fc7261be62e94439","messageTitle":"Added PPP Stuff","messageBody":"","fileTypesAndContributionMap":{"docs":{"insertions":57,"deletions":13}}}]},{"date":"2022-11-02","commitResults":[{"hash":"aa39608d6a679b98113b0f6b338e20cf4ea9a5a9","messageTitle":"Add Edit Command Diagram","messageBody":"","fileTypesAndContributionMap":{"docs":{"insertions":84,"deletions":12}}},{"hash":"ed3fbd485240af17278b52cb922744db3be168fb","messageTitle":"Add DG for ByeCommand","messageBody":"","fileTypesAndContributionMap":{"docs":{"insertions":128,"deletions":7}}}]},{"date":"2022-11-04","commitResults":[{"hash":"51a0e619d7d0af8abc6b780585b7a13541a8a1dc","messageTitle":"Changes Made to Edit Command based on Bugs","messageBody":"","fileTypesAndContributionMap":{"functional-code":{"insertions":128,"deletions":55}}}]},{"date":"2022-11-05","commitResults":[{"hash":"0a7ec45c15e1be468b882ee7fcb7f8109deccdc5","messageTitle":"Final Changes to Edit Command","messageBody":"","fileTypesAndContributionMap":{"functional-code":{"insertions":173,"deletions":73}}}]}],"paullowse":[{"date":"2022-09-28","commitResults":[{"hash":"aa49ffa58b74b11d0872c9946266aacd1e0cd523","messageTitle":"update about us for Paul","messageBody":"","fileTypesAndContributionMap":{"docs":{"insertions":1,"deletions":5}}},{"hash":"b69fc177d1b94ec9208bccce2ca6174a3b3bb988","messageTitle":"commit about us change paul","messageBody":"","fileTypesAndContributionMap":{"docs":{"insertions":1,"deletions":1}}}]},{"date":"2022-10-03","commitResults":[{"hash":"75108b5b9cb84f7151fe3f096694634c71babecb","messageTitle":"Create paullow.md","messageBody":"","fileTypesAndContributionMap":{"docs":{"insertions":6,"deletions":0}}},{"hash":"cca70ebb973e66759e289539c396b6bf8304ea55","messageTitle":"Recreate paullow.md","messageBody":"","fileTypesAndContributionMap":{"docs":{"insertions":6,"deletions":0}}}]},{"date":"2022-10-06","commitResults":[{"hash":"bb2328eebfa9291eff0231b1810c7766203e23d6","messageTitle":"Add Command Refactoring","messageBody":"","fileTypesAndContributionMap":{"functional-code":{"insertions":466,"deletions":272}}},{"hash":"00d0e6970072aaa122ffe01d6c29a7eaba2c74d5","messageTitle":"Cleanup Code from tests","messageBody":"","fileTypesAndContributionMap":{"functional-code":{"insertions":79,"deletions":66}}},{"hash":"9eb49304513ff9919db46c996d2ec2b8b5cec7b4","messageTitle":"Command Class errors fix","messageBody":"","fileTypesAndContributionMap":{"functional-code":{"insertions":1,"deletions":1}}},{"hash":"663b8ae73fd1c46c697015f2bc4bccd146b63e12","messageTitle":"Fix Purge scanner","messageBody":"","fileTypesAndContributionMap":{"functional-code":{"insertions":16,"deletions":8}}}]},{"date":"2022-10-07","commitResults":[{"hash":"a94b70b0f863b260e14da2d92569e1794e636a50","messageTitle":"Update tests","messageBody":"","fileTypesAndContributionMap":{"other":{"insertions":1,"deletions":1}}},{"hash":"2c0eb8c7539669c31dbf01065e1f441a426b5141","messageTitle":"Update gradle properties for team","messageBody":"","fileTypesAndContributionMap":{"other":{"insertions":1,"deletions":1}}}]},{"date":"2022-10-12","commitResults":[{"hash":"a20c6653d7aef55dfd8c66c843fc4cb33a0d11b2","messageTitle":"Add Assertions and Logger","messageBody":"","fileTypesAndContributionMap":{"functional-code":{"insertions":7,"deletions":0}}}]},{"date":"2022-10-17","commitResults":[{"hash":"9c5492abad75e515b537238d21f21c2696097adb","messageTitle":"Update DeveloperGuide.md","messageBody":"","fileTypesAndContributionMap":{"docs":{"insertions":34,"deletions":3}}}]},{"date":"2022-10-18","commitResults":[{"hash":"02e24f930e0f6f8897c2c42dac5dbb1522b17c40","messageTitle":"Add DeveloperGuideUML Parser","messageBody":"","fileTypesAndContributionMap":{"functional-code":{"insertions":1,"deletions":1},"docs":{"insertions":93,"deletions":1}}}]},{"date":"2022-10-21","commitResults":[{"hash":"46b261cd51b8527f32419b2fbc77def8748e0788","messageTitle":"Add Stats command parameter time","messageBody":"","fileTypesAndContributionMap":{"functional-code":{"insertions":181,"deletions":28},"other":{"insertions":1,"deletions":1}}},{"hash":"8960182c68d2cb84baded0e06f49870040d65ecc","messageTitle":"fix checkstyle","messageBody":"","fileTypesAndContributionMap":{"functional-code":{"insertions":49,"deletions":17},"other":{"insertions":1,"deletions":1}}},{"hash":"7c3629596a47111792c686c479afab3b688dfff7","messageTitle":"why","messageBody":"","fileTypesAndContributionMap":{"functional-code":{"insertions":3,"deletions":3},"other":{"insertions":1,"deletions":1}}},{"hash":"6ee3f6d6833c383101261834d25d1655c659ff02","messageTitle":"Update gradle-wrapper.properties","messageBody":"","fileTypesAndContributionMap":{"other":{"insertions":1,"deletions":1}}}]},{"date":"2022-10-22","commitResults":[{"hash":"d563269f0caa2865a75b0145c981a3fb979309ba","messageTitle":"Update StatTime fixes","messageBody":"","fileTypesAndContributionMap":{"functional-code":{"insertions":6,"deletions":13}}},{"hash":"3c100536e8e8bdd9526a9356ebc58ee05fd88104","messageTitle":"Update AddCommand.java","messageBody":"","fileTypesAndContributionMap":{"functional-code":{"insertions":5,"deletions":1}}},{"hash":"c984e6aaf648dd51c7aef3d6a7008d3fdfebf51e","messageTitle":"Add Stats Insights, and lastNPeriod","messageBody":"","fileTypesAndContributionMap":{"functional-code":{"insertions":233,"deletions":34}}}]},{"date":"2022-10-24","commitResults":[{"hash":"c4c649868de28abb969035321962cb9c9a10b6ab","messageTitle":"Update Aboutus","messageBody":"","fileTypesAndContributionMap":{"docs":{"insertions":1,"deletions":1}}}]},{"date":"2022-10-25","commitResults":[{"hash":"2d6f4658eb3b6417214f595b481e1ce9066433e0","messageTitle":"Add Stats fix","messageBody":"","fileTypesAndContributionMap":{"functional-code":{"insertions":15,"deletions":8}}}]},{"date":"2022-10-26","commitResults":[{"hash":"7257f30e47bd59fcac1b210f599a13ea94336f63","messageTitle":"Fix Stats Param Parser","messageBody":"","fileTypesAndContributionMap":{"functional-code":{"insertions":3,"deletions":2}}},{"hash":"e638d2c91d83cb0ffb215605047c4ca808e0b9bd","messageTitle":"Fix Stats Bugs","messageBody":"","fileTypesAndContributionMap":{"functional-code":{"insertions":80,"deletions":14}}}]},{"date":"2022-10-27","commitResults":[{"hash":"bdf664906299995ad8b24a49630259b96e4702ac","messageTitle":"Update UserGuide.md","messageBody":"","fileTypesAndContributionMap":{"docs":{"insertions":149,"deletions":3}}},{"hash":"b99d32b8ae04ff6506232c654768d242b3fffa4a","messageTitle":"Update DeveloperGuide","messageBody":"","fileTypesAndContributionMap":{"docs":{"insertions":83,"deletions":17}}}]},{"date":"2022-10-30","commitResults":[{"hash":"ffb277bcb30804ac0cd609c034bada3b4b362639","messageTitle":"Update ParameterParser.java","messageBody":"","fileTypesAndContributionMap":{"functional-code":{"insertions":1,"deletions":1}}},{"hash":"d115e2701de2178c1cf5a41b892fc7ca41b7855a","messageTitle":"Add stats fix","messageBody":"","fileTypesAndContributionMap":{"functional-code":{"insertions":20,"deletions":7},"docs":{"insertions":15,"deletions":15}}}]},{"date":"2022-10-31","commitResults":[{"hash":"ae332bd0d215961d026fb637a9a489a9abdb3619","messageTitle":"Fix Sequence Diagram","messageBody":"","fileTypesAndContributionMap":{"docs":{"insertions":34,"deletions":10}}}]},{"date":"2022-11-01","commitResults":[{"hash":"4bcc124144fba1f62a5d8fce85073ff90fe3aa75","messageTitle":"Added PPP","messageBody":"","fileTypesAndContributionMap":{"docs":{"insertions":56,"deletions":7}}}]},{"date":"2022-11-05","commitResults":[{"hash":"c93bc9384083cf3f58e1c992a95d39e822128dbb","messageTitle":"Update DeveloperGuide.md","messageBody":"","fileTypesAndContributionMap":{"docs":{"insertions":1,"deletions":1}}}]}],"wcwy":[{"date":"2022-09-28","commitResults":[{"hash":"6585729906774a156b937a3f0bb66e4c64f75ac4","messageTitle":"Update about us for Thin Hong and add chiathinhong.md","messageBody":"","fileTypesAndContributionMap":{"docs":{"insertions":4,"deletions":7}}}]},{"date":"2022-10-05","commitResults":[{"hash":"a234d4e057236a8e2b5c0a6ac045143d069d744b","messageTitle":"Refractor Transaction.java into a package Edit Duke.java and Parser.java to follow the refractored path.","messageBody":"","fileTypesAndContributionMap":{"functional-code":{"insertions":4,"deletions":0},"other":{"insertions":10,"deletions":10}}},{"hash":"37ddb01488dc646a61f2720856c8b03a1fc5bd36","messageTitle":"Create Expense.java and Income.java as the subclasses of transactions","messageBody":"","fileTypesAndContributionMap":{"functional-code":{"insertions":22,"deletions":0}}},{"hash":"01bcd1e61c7ad72fa770f69ad7b044359cc41bab","messageTitle":"Refractor Transaction package into Data package","messageBody":"Data package is created to contain all the classes that represent\nany type of data inserted by the user and to be stored inside the\napplication.\n","fileTypesAndContributionMap":{"functional-code":{"insertions":2,"deletions":2},"other":{"insertions":3,"deletions":3}}},{"hash":"3be67fad7d45a6e7eddf8db16c1b8501e0245274","messageTitle":"Replace Tasklist.java with TransactionList.java and refractor it","messageBody":"Store the transaction list into data as it contains all the transactions\nadded from the user input and stored in the applications.\n","fileTypesAndContributionMap":{"functional-code":{"insertions":23,"deletions":11}}},{"hash":"9c84718f5756b2d6133fdf021e0b6b245a7121c5","messageTitle":"Change the date format for transactions","messageBody":"Temporary change to read the date as a string.\nTo be updated into LocalDate type in future.\n","fileTypesAndContributionMap":{"functional-code":{"insertions":10,"deletions":33}}},{"hash":"55ba7986955d53304b1d891dc78422deed351bf6","messageTitle":"Create an exception class and define two type of exceptions","messageBody":"MoolahException.java is the abstract class of all the exceptions defined\nin the application.\n\nTwo new exceptions are defined.\nAddTransactionMissingTagException.java: For missing tags in add command\nAddTransactionUnknownTypeException.java: For unknown entered type of\ntransaction given\n\nAdd two error messages in ErrorMessages.java for the two new exceptions.\n","fileTypesAndContributionMap":{"functional-code":{"insertions":48,"deletions":1}}},{"hash":"a3d65a993dffd0b170bc0e3ce7d87536425488f5","messageTitle":"Implement a basic add transaction feature","messageBody":"Parser.java: Add the logic for checking for missing tags and incorrect\ntransaction type, and the logic for calling the transaction list to add\nthe new transaction.\n\nTransactionList.java: Add two methods for adding transaction of\ncorresponding type. Add a skeleton code for listing transaction for\ntesting purpose.\n\nDuke.java: To call Parser.parse() which can capture Moolah manager\nexception now.\n\nUi.java: Add a method to print error message.\n","fileTypesAndContributionMap":{"functional-code":{"insertions":142,"deletions":3}}},{"hash":"2fdfd063a74410dfe34cb31ef9fe3189baa9ae7a","messageTitle":"Format files to align with Java coding standard","messageBody":"","fileTypesAndContributionMap":{"functional-code":{"insertions":9,"deletions":10}}}]},{"date":"2022-10-06","commitResults":[{"hash":"fe6b0cfe82450f2adf475f7917eafe5128887c52","messageTitle":"Use LocalDate class to represent dates in transactions instead of String","messageBody":"","fileTypesAndContributionMap":{"functional-code":{"insertions":18,"deletions":9}}},{"hash":"2ce96d1740aabe98a03704c64b482cca764badbf","messageTitle":"Add new exception class and error message for invalid date during \"add\"","messageBody":"","fileTypesAndContributionMap":{"functional-code":{"insertions":18,"deletions":1}}},{"hash":"441c7c34541c051822177384a509bd5e9901c266","messageTitle":"Update Parser.java to parse the user input for date to LocalDate object","messageBody":"","fileTypesAndContributionMap":{"functional-code":{"insertions":21,"deletions":6}}},{"hash":"f9eb9b0534d107a83ec35673716870e050266b00","messageTitle":"Modify output of transaction with formatted date","messageBody":"DateFormats.java: New enum file to store the supported patterns for the\ndate\u0027s input and output formats.\nTransaction.java: Update toString() method with new printing format.\nParser.java: Update the file to use the enum created for date pattern.\n","fileTypesAndContributionMap":{"functional-code":{"insertions":48,"deletions":4}}},{"hash":"005370d42dc93fce695983ad81eb3fc5913ea8ce","messageTitle":"Update transactions output format for clearer and more concise display","messageBody":"","fileTypesAndContributionMap":{"functional-code":{"insertions":30,"deletions":4}}},{"hash":"41e2db19e9afe35ae6f57167fe0fd834fb7c457e","messageTitle":"Reformat transaction.java to comply with Java coding standards","messageBody":"","fileTypesAndContributionMap":{"functional-code":{"insertions":2,"deletions":2}}}]},{"date":"2022-10-07","commitResults":[{"hash":"cf6908a2d87681093bd9d28b5edf6aec7adcff47","messageTitle":"Add JUnit test for AddCommand class for invalid date format","messageBody":"To ensure that the empty date and not-supported date format will throw\na correct AddTransactionInvalidDateException exception.\n","fileTypesAndContributionMap":{"test-code":{"insertions":28,"deletions":0}}},{"hash":"2178506c77e40c239bc283b780d9bb691e01a629","messageTitle":"Reformat indentation for lambda functions in AddCommandTest","messageBody":"","fileTypesAndContributionMap":{"test-code":{"insertions":8,"deletions":6}}}]},{"date":"2022-10-08","commitResults":[{"hash":"9b3498d65fc4ec7e6607719f56e7834247a3f78d","messageTitle":"Refractor code for adding transaction","messageBody":"","fileTypesAndContributionMap":{"functional-code":{"insertions":35,"deletions":47}}},{"hash":"d859728417776b01eff2f8c3728b588f3e9f850b","messageTitle":"Reformat code to comply with Java coding standards","messageBody":"","fileTypesAndContributionMap":{"functional-code":{"insertions":3,"deletions":1}}},{"hash":"6ef6c0fddecb2d6da4e222a05525647a207aebba","messageTitle":"Set up the command word, description, usage and parameters info for each command.","messageBody":"Change the command word used in Parser.java to use the static command\nword specified in each Command class.\n","fileTypesAndContributionMap":{"functional-code":{"insertions":22,"deletions":10}}},{"hash":"85b65337b99867c6e6b6a05fbea85bb1ceee9c8c","messageTitle":"Add static strings on command help info for Add, Bye, Delete and Edit","messageBody":"","fileTypesAndContributionMap":{"functional-code":{"insertions":61,"deletions":6}}},{"hash":"98cab78e6ddd60ebe5dbb4c9f9e13f4e5776a286","messageTitle":"Add static strings on command help info for Help, List and Purge","messageBody":"","fileTypesAndContributionMap":{"functional-code":{"insertions":42,"deletions":6}}},{"hash":"9ed58f9346d7ef6207c52dccd94e342a0a12eb4b","messageTitle":"Add static strings on command help info template for Find and Get","messageBody":"","fileTypesAndContributionMap":{"functional-code":{"insertions":26,"deletions":4}}},{"hash":"480e135f3baf317791d421edfa4cad856cf50e37","messageTitle":"Add default empty constructor for all command classes","messageBody":"","fileTypesAndContributionMap":{"functional-code":{"insertions":26,"deletions":1}}},{"hash":"ba02e21d8c0f765f19c8f9e1426d6becdd6eca13","messageTitle":"Implement help command feature","messageBody":"Two versions of help are available:\n1. Basic help containing command word, description and usage only.\n2. Detailed help containing basic help and parameters information.\n","fileTypesAndContributionMap":{"functional-code":{"insertions":111,"deletions":4}}}]},{"date":"2022-10-10","commitResults":[{"hash":"fbab58b46f8bfe340e83992ac743573988e3da11","messageTitle":"Move Utilities.java and Parser.java into Parser package","messageBody":"Utilities.java is renamed to ParameterParser.java.\nParser.java is renamed to CommandParser.java.\n\nPurpose of this change is to group all the classes of parsing nature\ninto the same package to increase cohesion for the parsers.\n","fileTypesAndContributionMap":{"functional-code":{"insertions":116,"deletions":73},"other":{"insertions":12,"deletions":18},"test-code":{"insertions":1,"deletions":1}}}]},{"date":"2022-10-11","commitResults":[{"hash":"0cbcfe49f8195477c734741dec093f49e69080f1","messageTitle":"Add exceptions and rename exceptions to be more generic","messageBody":"Exceptions added to handle unsupported tag during parameter parsing,\ninvalid index for out of bound transaction list index selected,\nand unknown help option to handle unknown parameter to \"o/\" tag.\n\nRename 4 other exception files to a more generic name.\n","fileTypesAndContributionMap":{"functional-code":{"insertions":46,"deletions":0},"other":{"insertions":7,"deletions":7}}},{"hash":"ed46fbb920d7c0fa0b164b78ad57e9b15de4f837","messageTitle":"Add error messages for the newly added exceptions","messageBody":"Some error messages enum is also renamed to a more generic name.\n","fileTypesAndContributionMap":{"functional-code":{"insertions":7,"deletions":5}}},{"hash":"0d8ae34f41d58d5af5f9315ae0087cd64270ee54","messageTitle":"Add backward compatibility for find due to different command format","messageBody":"","fileTypesAndContributionMap":{"functional-code":{"insertions":19,"deletions":7}}},{"hash":"eb5d3d429b596eed3967d9e14d2cb80a8ca506cd","messageTitle":"Declare static strings for command tags and transaction name","messageBody":"","fileTypesAndContributionMap":{"functional-code":{"insertions":15,"deletions":0}}},{"hash":"727b613cbde483e4a46fdf8377ac6af1a3266562","messageTitle":"Setup Command.java file to prepare for methods refactoring","messageBody":"Two default methods, getMandatoryTags() and getOptionalTags() is\ndeclared for the commands that do not have mandatory tags or optional\ntags. The commands that have either of each will override the method\nto return a string array of their corresponding tags.\n\nA number of setters are also created to allow polymorphism.\n","fileTypesAndContributionMap":{"functional-code":{"insertions":50,"deletions":0}}},{"hash":"904c1928b1b0dee3703d5f1a8305e3c3fd1da626","messageTitle":"Refactor all parsing related methods in Command package into parser","messageBody":"Except for find commands, all the commands now do not have any\nparsing-related method inside Command package anymore.\nAll the methods are now extracted into ParameterParser.java which will\nconduct the following checks and parse the parameter into a correct\nformat for the command to execute:\n\n* Check that the input contains all mandatory tags of the command\n* Check that the input does not contain tags unsupported by the command\n* Check that the input does not contain the same tag more than once\n* Check that the input does not contain a tag without parameter\n* For each parameter, check that the format of the parameter is correct\n","fileTypesAndContributionMap":{"functional-code":{"insertions":612,"deletions":322}}},{"hash":"087f125f0d50ac8a7a2c114f4e42b97c96616af2","messageTitle":"Fix delete command index error","messageBody":"","fileTypesAndContributionMap":{"functional-code":{"insertions":1,"deletions":1}}},{"hash":"fcb4f7dbbfc49ad1cb2f84f072ca5d611914ef54","messageTitle":"Move testing method from AddCommandTest to ParameterParserTest","messageBody":"As they were affected by the parsing-related methods refactoring.\n","fileTypesAndContributionMap":{"test-code":{"insertions":36,"deletions":25}}},{"hash":"a7e931ce52ab93e224f19be4fb0a9112484b7751","messageTitle":"Change error message for missing parameter and add more test cases","messageBody":"","fileTypesAndContributionMap":{"functional-code":{"insertions":1,"deletions":1}}},{"hash":"acbcddd3b93b961ee14a10d4bcbc1ea85f4f035b","messageTitle":"Modify the description of throws tags in JavaDocs for ParameterParser","messageBody":"As per suggestions by Darren in pr#81.\n","fileTypesAndContributionMap":{"functional-code":{"insertions":9,"deletions":9}}},{"hash":"46bcbd340d0c63a75f636decff8d17cf9c28e73c","messageTitle":"Add logging message for ParameterParser.java","messageBody":"","fileTypesAndContributionMap":{"functional-code":{"insertions":31,"deletions":1}}},{"hash":"5d23b09f67af8dcf30fca30e90d8293de5ef7919","messageTitle":"Update build.gradle to enable assertions","messageBody":"","fileTypesAndContributionMap":{"other":{"insertions":1,"deletions":0}}}]},{"date":"2022-10-17","commitResults":[{"hash":"cabb13859b5bde83f706f31bb5abe217830d4ff0","messageTitle":"Add missing abstract tag to Transaction.java","messageBody":"","fileTypesAndContributionMap":{"functional-code":{"insertions":1,"deletions":1}}},{"hash":"68e815b4112885bcd3ebc8dcbc53d47fdc19501f","messageTitle":"Add basic explanation on the data component in the developer guide","messageBody":"","fileTypesAndContributionMap":{"docs":{"insertions":20,"deletions":1}}},{"hash":"16270874e29dfcee9e8cb72b0be0640d4a238b94","messageTitle":"Extract the style used for the class diagrams into Style.puml","messageBody":"","fileTypesAndContributionMap":{"docs":{"insertions":3,"deletions":4}}},{"hash":"a8f9333d4fd298410faf1d816e18df7f1f8f11e3","messageTitle":"Create setter for date and change getType() to abstract for transaction","messageBody":"setDate() method could be used in editCommand in Milestone 2.\n","fileTypesAndContributionMap":{"functional-code":{"insertions":5,"deletions":3}}}]},{"date":"2022-10-18","commitResults":[{"hash":"1fe2c58983131b417c862a348d35878ba6c34d34","messageTitle":"Remove class level restriction for the ArrayList in transactionList","messageBody":"","fileTypesAndContributionMap":{"functional-code":{"insertions":5,"deletions":5}}},{"hash":"881a67305b0bf1f830451ca549f27c62419dec6f","messageTitle":"Add class diagram and explain the details for data component in DG","messageBody":"","fileTypesAndContributionMap":{"docs":{"insertions":84,"deletions":2}}},{"hash":"fce036326e1f92c1133a4bd9f8cc5131571e505a","messageTitle":"Add sequence diagram and explain how data component interacts in detail","messageBody":"","fileTypesAndContributionMap":{"docs":{"insertions":66,"deletions":2}}},{"hash":"f5fbe850723f9b48c2fd4e96718bb99f83a6797f","messageTitle":"Minor fix class diagram and explanations in data component","messageBody":"","fileTypesAndContributionMap":{"docs":{"insertions":14,"deletions":12}}},{"hash":"dd7227b5457fbba9fae26ee00b1137520a34718e","messageTitle":"Add class diagram and explanations on help command in DG","messageBody":"","fileTypesAndContributionMap":{"docs":{"insertions":66,"deletions":2}}},{"hash":"211bba8141e06d14259839eac594ae524fd3ab29","messageTitle":"Change log level as severe","messageBody":"To prevent logging messages to flood the terminal when the program is\nbeing run in a command prompt.\n","fileTypesAndContributionMap":{"functional-code":{"insertions":6,"deletions":5}}}]},{"date":"2022-10-19","commitResults":[{"hash":"f26e259f1f6530374c66a2b02a9b261a8682f9c4","messageTitle":"Reformat files to abide with Java coding conventions","messageBody":"","fileTypesAndContributionMap":{"functional-code":{"insertions":57,"deletions":15}}},{"hash":"1fb58ab20c3c80407cf6d12c47f8b5f3cf4d8781","messageTitle":"Add Javadocs for methods in HelpCommand.java","messageBody":"","fileTypesAndContributionMap":{"functional-code":{"insertions":18,"deletions":0}}},{"hash":"99b4c8ccb6f76f77b5065071f40f55fd79f0c814","messageTitle":"Add missing author tag","messageBody":"","fileTypesAndContributionMap":{"functional-code":{"insertions":2,"deletions":1}}}]},{"date":"2022-10-21","commitResults":[{"hash":"48d4f92146a9ffbaa5b84bfb972d5697c117e520","messageTitle":"Add basic budget feature","messageBody":"Today\u0027s date and the default budget set is displayed on welcome message.\nThe default value of the budget is set as $1000.\n","fileTypesAndContributionMap":{"functional-code":{"insertions":67,"deletions":10}}},{"hash":"a30acb66c513b62477a466fa2bfe1ee5a56437ec","messageTitle":"Define the maximum number of transactions allowed in the list","messageBody":"This will allow us to calculate the maximum amount of exceeded budget\npossible in the execution.\n","fileTypesAndContributionMap":{"functional-code":{"insertions":73,"deletions":20},"other":{"insertions":2,"deletions":2},"test-code":{"insertions":3,"deletions":3}}},{"hash":"a9e42725af032e357561bb4013d525fa4415b112","messageTitle":"Change the usage of \"\\n\" to System.lineSeparator()","messageBody":"","fileTypesAndContributionMap":{"functional-code":{"insertions":4,"deletions":4}}}]},{"date":"2022-10-22","commitResults":[{"hash":"5a1736721bc959af08dc75ce8b87fea20639dc32","messageTitle":"Implement basic budget checking feature on every add command","messageBody":"","fileTypesAndContributionMap":{"functional-code":{"insertions":161,"deletions":51}}},{"hash":"f026adac343de2f28fe5e803d62af5eb94c61172","messageTitle":"Fix coding style violation to abide with Java coding convention","messageBody":"","fileTypesAndContributionMap":{"functional-code":{"insertions":27,"deletions":17}}},{"hash":"94cb70bafd19dcca06002d441b47771885a540af","messageTitle":"Update test cases with budget message","messageBody":"","fileTypesAndContributionMap":{"functional-code":{"insertions":1,"deletions":2}}},{"hash":"cebd5cb38c5f8e33d7366e854f22ee5f9bb99fdd","messageTitle":"Remove showing today\u0027s date feature due to its issue in CLI testing","messageBody":"","fileTypesAndContributionMap":{"functional-code":{"insertions":1,"deletions":1}}}]},{"date":"2022-10-24","commitResults":[{"hash":"c6da38dc842a959a7d6674dd7de8a197e8d6e593","messageTitle":"Implement set budget feature","messageBody":"Related features include parsing of budget and exceptions handling,\ncreation of budget command for execution of setting the budget,\nand the addition of help and UI messages.\n","fileTypesAndContributionMap":{"functional-code":{"insertions":222,"deletions":39}}},{"hash":"b252455c513efbebe8090c50ee078d2621c6adfd","messageTitle":"Add Javadocs class header for exception classes","messageBody":"","fileTypesAndContributionMap":{"functional-code":{"insertions":22,"deletions":0}}},{"hash":"e03db16f2a4a20a9070d0eb37e2ddf8bf64649c1","messageTitle":"Fix coding style to comply with the rules in Java coding standards","messageBody":"","fileTypesAndContributionMap":{"functional-code":{"insertions":30,"deletions":10}}},{"hash":"8beb5ff765afd5d50c08a7b98da6486bc994963c","messageTitle":"Add Junit tests","messageBody":"","fileTypesAndContributionMap":{"functional-code":{"insertions":5,"deletions":2},"test-code":{"insertions":421,"deletions":3}}},{"hash":"dddb950b2764357711fdac9ca33a82cda91f1a70","messageTitle":"Bypass StorageWriteErrorException in test case","messageBody":"","fileTypesAndContributionMap":{"test-code":{"insertions":4,"deletions":2}}},{"hash":"2234522178e60b641143f527402538e268800cfc","messageTitle":"Implement money managing tips feature for add command","messageBody":"The program will now check if the monthly budget has been exceeded on\nevery add command and to display corresponding messages and tips to the\nusers.\n","fileTypesAndContributionMap":{"functional-code":{"insertions":112,"deletions":9}}},{"hash":"d6435f64bb704a045836b4e7a36dafed74ac1b84","messageTitle":"Update budget display on the welcome message","messageBody":"Current month\u0027s expense and budget will be calculated to find the\ndifference which will be displayed to the user.\n","fileTypesAndContributionMap":{"functional-code":{"insertions":38,"deletions":17}}},{"hash":"ccb22e70bd4d9ff5933bc3a890ac256b3a5acf74","messageTitle":"Add budget managing tips on delete and edit command","messageBody":"","fileTypesAndContributionMap":{"functional-code":{"insertions":37,"deletions":19}}},{"hash":"968b2d9efda23751291c471b74841bf8e8ca5371","messageTitle":"Remove duplicate declaration for line separator and dollar sign","messageBody":"","fileTypesAndContributionMap":{"functional-code":{"insertions":39,"deletions":32}}}]},{"date":"2022-10-25","commitResults":[{"hash":"d7db48a892b5b59e800a8e2e68a43113e57a2ec0","messageTitle":"Update test cases and fix violations to java coding convention","messageBody":"","fileTypesAndContributionMap":{"functional-code":{"insertions":1,"deletions":1}}},{"hash":"c45554b23ff91f59f2ce90d15f550e3f8cb4b510","messageTitle":"Add Junit test and Javadocs for methods in Budget.java","messageBody":"","fileTypesAndContributionMap":{"functional-code":{"insertions":5,"deletions":0},"test-code":{"insertions":54,"deletions":0}}},{"hash":"25c96498f64168bc04d47df746a0a40296b75577","messageTitle":"Implement reminder feature on program start","messageBody":"To remind users of whether their budget has been exceeded or not.\nTest cases have been updated accordingly.\n","fileTypesAndContributionMap":{"functional-code":{"insertions":18,"deletions":2}}},{"hash":"69e5e032e1ad2b719546e22648b54908b79ddf51","messageTitle":"Describe program architecture in developer guide","messageBody":"Add architecture diagram to aid the description.\nAdd sequence diagram as a simple illustration of the interactions\nbetween components.\n","fileTypesAndContributionMap":{"docs":{"insertions":66,"deletions":3}}},{"hash":"7a7a1fb6e826bf566a63912f55bbf1e194dcb9ba","messageTitle":"Update data component in developer guide for budget class","messageBody":"","fileTypesAndContributionMap":{"functional-code":{"insertions":2,"deletions":0},"docs":{"insertions":73,"deletions":54}}},{"hash":"43014d2915680787500381f00309b60cc7b1f826","messageTitle":"Add sequence diagram for help command","messageBody":"","fileTypesAndContributionMap":{"docs":{"insertions":31,"deletions":3}}},{"hash":"fbada29e67d96213dafb8bcbd8b074e5647838b5","messageTitle":"Add description for budget command","messageBody":"","fileTypesAndContributionMap":{"functional-code":{"insertions":2,"deletions":2},"docs":{"insertions":32,"deletions":6}}}]},{"date":"2022-10-27","commitResults":[{"hash":"3a1b74550ceef7afc4f4f930b472a3ba89012fe1","messageTitle":"Update UserGuide.md","messageBody":"Added guides for command format, help command and budget command","fileTypesAndContributionMap":{"docs":{"insertions":88,"deletions":13}}},{"hash":"40ebbeeb857cd39c3b75cc3e655e69090b0c6e03","messageTitle":"Change the value of MIN_AMOUNT_VALUE and update logic accordingly","messageBody":"MIN_AMOUNT_VALUE is now correctly representing the minimum amount that\na user can set for a transaction.\n","fileTypesAndContributionMap":{"functional-code":{"insertions":10,"deletions":9}}},{"hash":"164d89cdddd155e0a8de2370df89d7cefe66026c","messageTitle":"Modify the wordings used in UG for clearer constraint description","messageBody":"","fileTypesAndContributionMap":{"docs":{"insertions":10,"deletions":9}}},{"hash":"e962f2ca13b54f67a083c5bd87f2456c392bb3f0","messageTitle":"Change usage of \"numerals\" to \"whole number\" and move min-max constants","messageBody":"","fileTypesAndContributionMap":{"functional-code":{"insertions":22,"deletions":9},"docs":{"insertions":2,"deletions":2}}},{"hash":"ce1f507c1c8fc53cd95d92dbf1c80bfac71239e7","messageTitle":"Changing the usage of \"between ... and\" as per @chinhan99 suggestion","messageBody":"","fileTypesAndContributionMap":{"docs":{"insertions":6,"deletions":6}}},{"hash":"c8ea5e4db9b72e1e73859f906ce36cc97d62fae0","messageTitle":"Update user guide as recommended by @chydarren and modify help message","messageBody":"","fileTypesAndContributionMap":{"functional-code":{"insertions":1,"deletions":1},"docs":{"insertions":18,"deletions":7}}}]},{"date":"2022-10-29","commitResults":[{"hash":"e4ab3ba84815d78c68344b1c9837918b03702f11","messageTitle":"Add budget reminder message on budget update as suggested in #195","messageBody":"Test cases updated too.\n","fileTypesAndContributionMap":{"functional-code":{"insertions":2,"deletions":1}}},{"hash":"b45b6d9a5e1dd5fc837b2e0e15f6d97f1d50193a","messageTitle":"Fix discrepancy about spacing in UG identified in #162","messageBody":"","fileTypesAndContributionMap":{"docs":{"insertions":1,"deletions":1}}},{"hash":"a12b806bc7cd8f3f0d9d7bfa3dee9997b32f2cf9","messageTitle":"Fix typo in UG identified in #158","messageBody":"","fileTypesAndContributionMap":{"docs":{"insertions":1,"deletions":1}}}]},{"date":"2022-10-30","commitResults":[{"hash":"3d071cb8edfb8370aed7bf9eb72e3318cbb61ad3","messageTitle":"Update grammar issue in error message as identified in #160","messageBody":"","fileTypesAndContributionMap":{"functional-code":{"insertions":1,"deletions":1}}},{"hash":"19a0ab3c1e3e2f85ba309130faae29910d0bfc49","messageTitle":"Update usage of \"integer\" in budget error message","messageBody":"For more accurate representation of the acceptable input for budget\n","fileTypesAndContributionMap":{"functional-code":{"insertions":1,"deletions":1}}},{"hash":"d734827f2ad0d1c1f30497cac7248e78e5b73202","messageTitle":"Add budget advice into stats command","messageBody":"Budget advice will now be shown during the following stats execution:\nstats s/monthly_expenditure\nstats s/time_insights m/MONTH y/YEAR\n\nThe budget advice will be given based on the ratio of\nremaining/exceeding budget to the monthly budget.\n","fileTypesAndContributionMap":{"functional-code":{"insertions":157,"deletions":36}}},{"hash":"e644b963e0a06a4f7d485a90153cfb47b5ccf61d","messageTitle":"Update test cases and edit files to abide by the Java coding standards","messageBody":"","fileTypesAndContributionMap":{"functional-code":{"insertions":18,"deletions":6}}}]},{"date":"2022-11-01","commitResults":[{"hash":"4f53097a38ddb48947bd76f83d9cf3a358195c40","messageTitle":"Add Project Portfolio Page (PPP) file","messageBody":"","fileTypesAndContributionMap":{"docs":{"insertions":87,"deletions":4}}}]},{"date":"2022-11-02","commitResults":[{"hash":"546ac53085510d609d78bdd76446b05a001aea65","messageTitle":"Refine help command output to fulfil suggestion from #199","messageBody":"Line breaks are used to split long messages. Some of the parameter\nexplanations are shortened. The usages of list and stats are also\nupdated to be clearer of the allowed usages.\n\nRegression testing test cases are updated to new changes.\n","fileTypesAndContributionMap":{"functional-code":{"insertions":41,"deletions":30}}},{"hash":"6c2ceafdedc02aaf1f1bf45a923493fcacba0043","messageTitle":"Improve the coding structure of help command messages for readability","messageBody":"","fileTypesAndContributionMap":{"functional-code":{"insertions":383,"deletions":191}}},{"hash":"1be55bfa7354dcb3a773b0c665a7723ad9aebd23","messageTitle":"Create new exception for unknown queried command word to help command","messageBody":"","fileTypesAndContributionMap":{"functional-code":{"insertions":22,"deletions":0}}},{"hash":"485d9dc6072040e217090993ffa87fb7e8d48a9b","messageTitle":"Implement specific command query option in help feature","messageBody":"This implementation enhances the help query to be more flexible by\nallowing users to view the help message of a single chosen command.\n\nThis also helps to solve the problem of the detailed help command\nin being too overwhelming to the users as pointed out in issue #199.\n","fileTypesAndContributionMap":{"functional-code":{"insertions":123,"deletions":9}}}]},{"date":"2022-11-04","commitResults":[{"hash":"0cc1749797b76ac2fbf8524be093275511665326","messageTitle":"Add sorting logic to add, edit, delete and storage initialisation","messageBody":"This aims to fix the issue found in #239 which occur due to transaction\nlist being sorted only on list command. With this fix, the transaction\nlist will always be remaining in a sorted state.\n","fileTypesAndContributionMap":{"functional-code":{"insertions":22,"deletions":3}}},{"hash":"fab69b04d2ebc4d213b1a7ced6fb96b0eea34e31","messageTitle":"Display transaction number count to improve user experience","messageBody":"The rationale behind this change is that the maximum number of\ntransactions in our application is 100000. It is infeasible for the\nuser to count the entry number on its own during the `list` command,\nif the user wants to delete or edit a particular transaction within a\nlong list.\n","fileTypesAndContributionMap":{"functional-code":{"insertions":6,"deletions":2}}},{"hash":"b9d8f283d3e76b4ff7d00b6672a7d3c893590922","messageTitle":"Clarify the wordings used on help messages for better precision","messageBody":"","fileTypesAndContributionMap":{"functional-code":{"insertions":4,"deletions":3}}},{"hash":"79713962a1e6ee6261b0bf086eb2194c96f3f862","messageTitle":"Update test cases and fix coding violations","messageBody":"","fileTypesAndContributionMap":{"functional-code":{"insertions":2,"deletions":2},"test-code":{"insertions":1,"deletions":1}}},{"hash":"68ccfa7a64cf8c30b1dc71242f60a1e0f2d1a0f3","messageTitle":"Update user guide on command summary and sample of help command","messageBody":"","fileTypesAndContributionMap":{"docs":{"insertions":9,"deletions":6}}}]},{"date":"2022-11-05","commitResults":[{"hash":"792d4201e53e39520c3cdd847ad8217f72b3ae1c","messageTitle":"Update on user guide on changes made in milestone 2.1","messageBody":"Some changes are also made to make the user guide clearer and remove\nany possible ambiguity.\n","fileTypesAndContributionMap":{"docs":{"insertions":28,"deletions":16}}},{"hash":"8fa12927d2aa054f5c71de9085def90499ff5e84","messageTitle":"Update PPP to add contribution on testing","messageBody":"","fileTypesAndContributionMap":{"docs":{"insertions":17,"deletions":6}}},{"hash":"c9ba131df1671020692c53d2f95cf093b1c56c73","messageTitle":"Upgrade all team members\u0027 PPP on Moolah Manager\u0027s LoC","messageBody":"","fileTypesAndContributionMap":{"docs":{"insertions":5,"deletions":5}}},{"hash":"0c208432c8e08a21cde6fea91e2d9194822fd581","messageTitle":"Update UML diagrams in the developer guide on feedback and new changes","messageBody":"","fileTypesAndContributionMap":{"docs":{"insertions":70,"deletions":34}}},{"hash":"3a41591b367fc7bd7a9068531787af39194034ab","messageTitle":"Fix broken links in DG","messageBody":"","fileTypesAndContributionMap":{"docs":{"insertions":16,"deletions":12}}},{"hash":"b28b4fcbec14328f2f90b5531245c1a4631f0568","messageTitle":"Fix saving and budget advice on zero amount spent during month insights","messageBody":"","fileTypesAndContributionMap":{"functional-code":{"insertions":19,"deletions":3}}},{"hash":"8d28bc6506a4866db68576dc5c5ad22d018504cf","messageTitle":"Fix broken links and blur image in DG, and add budget message info to DG","messageBody":"","fileTypesAndContributionMap":{"docs":{"insertions":16,"deletions":5}}},{"hash":"608b8b31c6ac0ac2ed7948a8280d1762ab8358b7","messageTitle":"Add messages to assertion as suggested by TA in #220","messageBody":"Some assertions are also added on top of the previous ones\n","fileTypesAndContributionMap":{"functional-code":{"insertions":17,"deletions":9}}},{"hash":"4e00abef74fe211e7ac6ae9901bd972e985b04fd","messageTitle":"Update parser logic for help option tag to be case insensitive","messageBody":"","fileTypesAndContributionMap":{"functional-code":{"insertions":1,"deletions":1}}},{"hash":"7c83674765be6abad5396108e7d402c98072377a","messageTitle":"Add logging messages for help and budget command classes","messageBody":"","fileTypesAndContributionMap":{"functional-code":{"insertions":20,"deletions":5}}}]},{"date":"2022-11-06","commitResults":[{"hash":"90b7886abe8c176cdc38cbc747334042fc43ecb1","messageTitle":"Add JUnit tests for budget and help features implemented in v2.1","messageBody":"","fileTypesAndContributionMap":{"functional-code":{"insertions":18,"deletions":18},"test-code":{"insertions":95,"deletions":0}}},{"hash":"483358f488a585cdffe8b9a107115e71131534e9","messageTitle":"Remove outdated help message","messageBody":"","fileTypesAndContributionMap":{"functional-code":{"insertions":0,"deletions":3}}},{"hash":"ee5899588bbbdd7010c44a67bf09b6a3a0636323","messageTitle":"Fix regression testing test case and coding standard violations","messageBody":"","fileTypesAndContributionMap":{"functional-code":{"insertions":3,"deletions":3},"test-code":{"insertions":13,"deletions":13}}},{"hash":"a29f43e12e45d9f75e5359ff0feab60121c161a5","messageTitle":"Fix DG figure issues","messageBody":"The following issues are fix\n1. Out-of-ordered figure numbering\n2. Incorrect figure title\n3. Incompletely captured sequence diagrams\n4. Class diagrams that are too large during display\n","fileTypesAndContributionMap":{"docs":{"insertions":9,"deletions":9}}}]}],"chydarren":[{"date":"2022-09-28","commitResults":[{"hash":"7f13a07f819c21ffaa5467ef5fb88d40f0b667c4","messageTitle":"Create my personal portfolio page","messageBody":"","fileTypesAndContributionMap":{"docs":{"insertions":6,"deletions":6}}},{"hash":"9ce1ffbf180138597627f42d7da0e425f5cdf3d8","messageTitle":"Create my personal portfolio page","messageBody":"","fileTypesAndContributionMap":{"docs":{"insertions":9,"deletions":8}}}]},{"date":"2022-10-03","commitResults":[{"hash":"2b6ea9440f680f7ef7983fe44764e583cf743383","messageTitle":"Revert \"Create paullow.md\"","messageBody":"","fileTypesAndContributionMap":{"docs":{"insertions":0,"deletions":6}}}]},{"date":"2022-10-04","commitResults":[{"hash":"bea2bca469b9f6b4d75cfd3f430351e3cadf7cb1","messageTitle":"Add enum variables for Info and Error messages while refractoring UI output class","messageBody":"","fileTypesAndContributionMap":{"functional-code":{"insertions":113,"deletions":51}}},{"hash":"fc26e8ac7b5770c942931bd4971179aef82f5b40","messageTitle":"Fix indentation error with a comment in UI class","messageBody":"","fileTypesAndContributionMap":{"functional-code":{"insertions":1,"deletions":1}}},{"hash":"177715e8b65c22b8c274e8d1d4a8b947b545c142","messageTitle":"Add a hasNextLine function to check if scanner has input before entering loop function","messageBody":"","fileTypesAndContributionMap":{"functional-code":{"insertions":2,"deletions":1}}}]},{"date":"2022-10-05","commitResults":[{"hash":"645e75c83a23f1da087b93635ffc8d31e3dde6cb","messageTitle":"Modify some comments to comply with Java Coding Standard","messageBody":"","fileTypesAndContributionMap":{"functional-code":{"insertions":6,"deletions":4}}},{"hash":"a7629107995ba034d1cef89b71da362cc2b3caf2","messageTitle":"Add ability to list all transactions","messageBody":"","fileTypesAndContributionMap":{"functional-code":{"insertions":41,"deletions":7}}},{"hash":"0acc1ec08b4e1b0c12102aa77e04fff990d4d4e5","messageTitle":"Shorten the length of characters in line 41 of TransactionList class","messageBody":"","fileTypesAndContributionMap":{"functional-code":{"insertions":2,"deletions":1}}}]},{"date":"2022-10-07","commitResults":[{"hash":"04f1d504c132701aaffdc17775d4848feaa098a2","messageTitle":"Rename UI-related variables to comply to a specific format","messageBody":"","fileTypesAndContributionMap":{"functional-code":{"insertions":45,"deletions":48}}},{"hash":"b4726b55bd1b9db9dae3d06cf690f10b8b84c939","messageTitle":"Refractor source codes for the display of output, replace magic literals and adopt string formatter","messageBody":"","fileTypesAndContributionMap":{"functional-code":{"insertions":81,"deletions":72}}},{"hash":"6e22ac63612a36ded2e5d31cdf75acb060cf84b9","messageTitle":"Replace redundant functions in TransactionList class","messageBody":"","fileTypesAndContributionMap":{"functional-code":{"insertions":9,"deletions":29}}},{"hash":"02a1bd91fc9a8ef6c3fa08151aef98a84acfd62f","messageTitle":"Update EXPECTED.TXT and remove spacing from transaction action message to pass Gradle test","messageBody":"","fileTypesAndContributionMap":{"functional-code":{"insertions":3,"deletions":3}}},{"hash":"552314f0c8abfb9826b08fdf1a492976461a46b9","messageTitle":"Add ability to find specific transactions","messageBody":"","fileTypesAndContributionMap":{"functional-code":{"insertions":99,"deletions":4}}},{"hash":"c140c671d78aa7e8282cc314db42c556bfae3493","messageTitle":"Retrieve error messages from exception class","messageBody":"","fileTypesAndContributionMap":{"functional-code":{"insertions":8,"deletions":6}}},{"hash":"cb29032f205acb40cb7347f3352e34db47651007","messageTitle":"Fix bugs occured when a user input does not have additional fields on top of command","messageBody":"","fileTypesAndContributionMap":{"functional-code":{"insertions":29,"deletions":7}}},{"hash":"85504a86219830d05e403d033e10ef500e6d0031","messageTitle":"Add header comments for the refractored command objects","messageBody":"","fileTypesAndContributionMap":{"functional-code":{"insertions":85,"deletions":0}}},{"hash":"780ddda0fac5811d2fce4b21fb8b96d69a48fe6d","messageTitle":"Fix the exception handler for handling invalid or empty commands","messageBody":"","fileTypesAndContributionMap":{"functional-code":{"insertions":18,"deletions":18}}},{"hash":"87c852c18601c89c55a2e4a4e80bfe5a8c6049e2","messageTitle":"Remove an extra new line at the InvalidCommandException class","messageBody":"","fileTypesAndContributionMap":{"functional-code":{"insertions":0,"deletions":1}}},{"hash":"0e23aa842096afa2305001500161833713c72d65","messageTitle":"Add JUnit test for Transaction class","messageBody":"","fileTypesAndContributionMap":{"test-code":{"insertions":45,"deletions":0}}},{"hash":"d8c043f9f078c24cf7c246a0d34f3c7314d2e8c3","messageTitle":"Add ability to list total savings (income and expenditure) for each category","messageBody":"","fileTypesAndContributionMap":{"functional-code":{"insertions":129,"deletions":4},"test-code":{"insertions":0,"deletions":2}}},{"hash":"62ceefa2d683ac8ae94ea1d04a84cc9b64803021","messageTitle":"Update EXPECTED.TXT and input.txt to test the Get command","messageBody":"","fileTypesAndContributionMap":{"functional-code":{"insertions":1,"deletions":1}}}]},{"date":"2022-10-08","commitResults":[{"hash":"f7fea0aea5218b86828856793b4a0709025f1a0e","messageTitle":"Add help for Find and Stats","messageBody":"","fileTypesAndContributionMap":{"functional-code":{"insertions":123,"deletions":100}}},{"hash":"0afb30759260403b2b017a4b0ecfde1da1b55d4f","messageTitle":"Fix CR/LF line break and spacing issues for compatibility with UI-test on Windows","messageBody":"","fileTypesAndContributionMap":{"functional-code":{"insertions":99,"deletions":71}}},{"hash":"2df20db3607e57a33cb83e8b617b621437422157","messageTitle":"Add StatsType tag to StatsCommand","messageBody":"","fileTypesAndContributionMap":{"functional-code":{"insertions":118,"deletions":10}}},{"hash":"08218853e66f4c1db07c7a49e287ba495b78065d","messageTitle":"Update StatsCommand.java","messageBody":"","fileTypesAndContributionMap":{"functional-code":{"insertions":0,"deletions":3}}}]},{"date":"2022-10-10","commitResults":[{"hash":"651d9ff295f520804f5380e8eef5416edb56d81b","messageTitle":"Move commonly-used string and tag parsers into Utilities class","messageBody":"","fileTypesAndContributionMap":{"functional-code":{"insertions":144,"deletions":42},"other":{"insertions":8,"deletions":8}}},{"hash":"49400be3e4f05710dcc43167b1c749cefc14e484","messageTitle":"Import tag handlers from Utilities class into AddCommand class","messageBody":"","fileTypesAndContributionMap":{"functional-code":{"insertions":20,"deletions":92}}},{"hash":"ddd7807c9d83b295aa35e3d9123c41d4622ecbbb","messageTitle":"Add ability to list transactions by filtered tags and import tag handlers from Utilities class into ListCommand class","messageBody":"","fileTypesAndContributionMap":{"functional-code":{"insertions":134,"deletions":14}}},{"hash":"f15a8426805eb6c6805789bed4456bd64076639d","messageTitle":"Move containNumeric JUnit test into UtilitiesTest class from AddCommandTest class","messageBody":"","fileTypesAndContributionMap":{"test-code":{"insertions":23,"deletions":18}}},{"hash":"1305a058ec8b80e3280a4b81bfd251139b5b0343","messageTitle":"Extract if statement into a separate method based on PR feedback by Thin Hong","messageBody":"","fileTypesAndContributionMap":{"functional-code":{"insertions":27,"deletions":10}}},{"hash":"f52a488d60acd7a5bba984bee804f3677e63040f","messageTitle":"Add more assertions into ListCommand class","messageBody":"","fileTypesAndContributionMap":{"functional-code":{"insertions":8,"deletions":1}}}]},{"date":"2022-10-11","commitResults":[{"hash":"c5926ee2a3da5a2700940fdc3968c37bd03bb3a9","messageTitle":"Update the About Us page to include Darren\u0027s and Thin Hong\u0027s profile pictures, and also rectify all links to portfolio pages","messageBody":"","fileTypesAndContributionMap":{"docs":{"insertions":5,"deletions":5}}},{"hash":"e9c57d19489b1ec3f12d12807559e7ffb1641042","messageTitle":"Remove lines that are not needed in the Duke main class","messageBody":"","fileTypesAndContributionMap":{"functional-code":{"insertions":9,"deletions":24}}},{"hash":"63ecae74e87fec74c1cd6340054c04a794b4fa0c","messageTitle":"Remove the passing of the transactions list when calling Delete command and add some header comments","messageBody":"","fileTypesAndContributionMap":{"functional-code":{"insertions":112,"deletions":36}}},{"hash":"3bab1e1b91b0dd0fdce6b45d2df84c404732653c","messageTitle":"Fix documentation issues during refractoring of parser to comply with JavaDoc standards","messageBody":"","fileTypesAndContributionMap":{"functional-code":{"insertions":104,"deletions":81}}},{"hash":"34fa20d967a34f96bd14a18ba86c4144f162cdaf","messageTitle":"Remove the try-catch block from FindCommand and throw Moolah Exception","messageBody":"","fileTypesAndContributionMap":{"functional-code":{"insertions":19,"deletions":17}}},{"hash":"7a765ab011fd56af9903677b0756b39bf0a7cc6f","messageTitle":"Fix the severe bug of duplicated output of \"stats/s categories\" command when used multiple times","messageBody":"","fileTypesAndContributionMap":{"functional-code":{"insertions":31,"deletions":7}}},{"hash":"bdb390be872c4d81ae6adcc535a3a8fe88ff0ab1","messageTitle":"Add some logging statements for ListCommand and StatsCommand classes","messageBody":"","fileTypesAndContributionMap":{"functional-code":{"insertions":36,"deletions":0}}}]},{"date":"2022-10-15","commitResults":[{"hash":"b2191320e2c2e09e9e7c31f487185107b54226f6","messageTitle":"Reclaim code for team members to ensure RepoSense compatibility","messageBody":"","fileTypesAndContributionMap":{"functional-code":{"insertions":110,"deletions":50},"test-code":{"insertions":7,"deletions":9}}}]},{"date":"2022-10-17","commitResults":[{"hash":"d14a6d51da820e927cd395c943f2712121ab379e","messageTitle":"Add heading structure for Developer Guide","messageBody":"","fileTypesAndContributionMap":{"docs":{"insertions":160,"deletions":8}}},{"hash":"6fae03cb1c010834073969a8007138cda7a96ce1","messageTitle":"DG: Add implementation for Transaction object","messageBody":"","fileTypesAndContributionMap":{"docs":{"insertions":56,"deletions":4}}}]},{"date":"2022-10-18","commitResults":[{"hash":"c1fdaf4490c9e9b8e90b677e164e63f411ec876e","messageTitle":"DG: Add implementation (draft) for Find Command and UI Component, and fix issues with line breaks","messageBody":"","fileTypesAndContributionMap":{"docs":{"insertions":160,"deletions":21}}},{"hash":"8542a2d9f57a5e76da6a4a282b03964896edacc1","messageTitle":"Move my name down","messageBody":"","fileTypesAndContributionMap":{"docs":{"insertions":2,"deletions":2}}}]},{"date":"2022-10-21","commitResults":[{"hash":"45eaa5cc35cf22d6c771a548b8c58a5fecfb5f21","messageTitle":"Remove category list class from Moolah Manager to replace with a hashmap","messageBody":"","fileTypesAndContributionMap":{"functional-code":{"insertions":0,"deletions":65},"other":{"insertions":31,"deletions":31}}},{"hash":"19271c4dff84ce135dea1a0d85150c95fefd8938","messageTitle":"Implement a hashmap for categorical savings to fix duplication bug","messageBody":"","fileTypesAndContributionMap":{"functional-code":{"insertions":89,"deletions":54}}},{"hash":"5a19fc4a0c439ce25933065115963b9a9d72d8dd","messageTitle":"Combine the use of some methods in UI class and shorten ListStats exception names","messageBody":"","fileTypesAndContributionMap":{"functional-code":{"insertions":38,"deletions":54}}},{"hash":"6f464181d3ede0bc8eb02e4e0fc7653ff166708f","messageTitle":"Fix minor indentation error for optional tags at ListCommand class","messageBody":"","fileTypesAndContributionMap":{"functional-code":{"insertions":5,"deletions":7}}},{"hash":"8989ab1613141965923cea445cb7a50679e6c8fa","messageTitle":"Implement helper functions to facilitate the retrieval of transactions by date intervals","messageBody":"","fileTypesAndContributionMap":{"functional-code":{"insertions":111,"deletions":2}}},{"hash":"eb96f0b97846bceeeafeff44a3c7753cfd396584","messageTitle":"Amend two comments in TransactionList get date range","messageBody":"","fileTypesAndContributionMap":{"functional-code":{"insertions":2,"deletions":2}}}]},{"date":"2022-10-23","commitResults":[{"hash":"5ead78a40356ac5de1487e696c08428b0e5d6655","messageTitle":"Update placement of authorship for certain code segments","messageBody":"","fileTypesAndContributionMap":{"functional-code":{"insertions":22,"deletions":16}}},{"hash":"85264b10444b66ae7ef0e9111d6dfc367822f534","messageTitle":"Improve date helper functions based on previous PR feedback","messageBody":"","fileTypesAndContributionMap":{"functional-code":{"insertions":40,"deletions":47}}},{"hash":"e44eec052354fb2091b2fd3aac9d5abcdb6c763e","messageTitle":"Edit some tags and exceptions for universal usage","messageBody":"","fileTypesAndContributionMap":{"functional-code":{"insertions":63,"deletions":38}}},{"hash":"562a2c4f2d2544bf94c9b1590188db7d9448eb51","messageTitle":"Minor fix for Gradle test error","messageBody":"","fileTypesAndContributionMap":{"functional-code":{"insertions":1,"deletions":0}}},{"hash":"928194071f900c767d5d663525df4edc1fae9637","messageTitle":"Update EXPECTED.TXT to reflect changes for help on List command","messageBody":"","fileTypesAndContributionMap":{"functional-code":{"insertions":1,"deletions":1}}},{"hash":"69f1c29692301e83bf643abe5e058125508bdb3a","messageTitle":"Rename exceptions and remove redundant ones, and update authorship affected changes to avoid RepoSense issues","messageBody":"","fileTypesAndContributionMap":{"functional-code":{"insertions":234,"deletions":219},"other":{"insertions":51,"deletions":37},"test-code":{"insertions":2,"deletions":2}}},{"hash":"3b9c50935f8337862fe3738376f909ce5f99a8dd","messageTitle":"Minor fixes against Gradle test error","messageBody":"","fileTypesAndContributionMap":{"functional-code":{"insertions":42,"deletions":40}}},{"hash":"5b1e123082cd758995f54283bc28f68b7f9a69c0","messageTitle":"Add ability to list transactions of a specific month or year","messageBody":"","fileTypesAndContributionMap":{"functional-code":{"insertions":31,"deletions":18}}},{"hash":"3681e96500727880238eff9aafe8927a9c66bb18","messageTitle":"Minor indentation fix for Gradle test issue","messageBody":"","fileTypesAndContributionMap":{"functional-code":{"insertions":5,"deletions":5}}},{"hash":"48d87a44dbbdc62e066a2a6aff125120c980be35","messageTitle":"Organize authorship comments for UI class","messageBody":"","fileTypesAndContributionMap":{"functional-code":{"insertions":8,"deletions":0}}}]},{"date":"2022-10-24","commitResults":[{"hash":"e2407ae84b111b71626269aea4ea51aa4fdc554b","messageTitle":"Add header comments for exception classes","messageBody":"","fileTypesAndContributionMap":{"functional-code":{"insertions":13,"deletions":3}}},{"hash":"bea7be539fdf54f5a83895e1f670aa990652f5e7","messageTitle":"Add functions to check month_year and period_number and replace magic some literals in checks","messageBody":"","fileTypesAndContributionMap":{"functional-code":{"insertions":184,"deletions":72}}},{"hash":"a5ec21ac4a74f44c064a4c1608e6a9ca8e491591","messageTitle":"Update exception handling for checking of missing tags in List and Stats command classes","messageBody":"","fileTypesAndContributionMap":{"functional-code":{"insertions":151,"deletions":1}}},{"hash":"a044871b3b92645fafd04cc4b1665be2f445aa29","messageTitle":"Add new checks for date interval tags and migrate getting of time transactions list to superclass","messageBody":"","fileTypesAndContributionMap":{"functional-code":{"insertions":71,"deletions":216}}},{"hash":"a315c7a5be5ee5e2cbe12686d4d24dcf41fd5334","messageTitle":"Fix coding style to deal with Gradle test errors","messageBody":"","fileTypesAndContributionMap":{"functional-code":{"insertions":11,"deletions":8}}},{"hash":"c317319ffb34ef1ec813cf573691adb971d11256","messageTitle":"Fix merge issues and conflicts","messageBody":"","fileTypesAndContributionMap":{"functional-code":{"insertions":531,"deletions":213},"other":{"insertions":2,"deletions":2},"docs":{"insertions":27,"deletions":0},"test-code":{"insertions":22,"deletions":14}}},{"hash":"cd2e303e95715f98c4cf2915ba73b071876ac489","messageTitle":"Fix merge issues and conflicts","messageBody":"","fileTypesAndContributionMap":{"functional-code":{"insertions":186,"deletions":0}}},{"hash":"4c2d9591def7b90075ebf45531a6740d543fa19b","messageTitle":"Add updated help information for List and Stats commands","messageBody":"","fileTypesAndContributionMap":{"functional-code":{"insertions":67,"deletions":11}}},{"hash":"34dd0cf7d0b25f7984081454927f4ffb1ca50f15","messageTitle":"Add ability to view the monthly expenditure and comments related to spending habits in expenditure summary","messageBody":"","fileTypesAndContributionMap":{"functional-code":{"insertions":112,"deletions":3}}}]},{"date":"2022-10-25","commitResults":[{"hash":"ecef4a13de8a78c8f4ab7b747c836ad3ad38e992","messageTitle":"Remove category class as no longer needed, earlier replaced by Hashmap","messageBody":"","fileTypesAndContributionMap":{"functional-code":{"insertions":0,"deletions":39}}},{"hash":"f5d9693f5238967e3ad40b44d11878cccfe4f81b","messageTitle":"Improve JavaDoc comments and remove import authorship for non-Command classes only to avoid redundancy","messageBody":"","fileTypesAndContributionMap":{"functional-code":{"insertions":19,"deletions":26}}},{"hash":"f1816ac7112a9355b07850d48af5df559a07c63c","messageTitle":"Improve naming of variables for Stats command based on previous PR feedback","messageBody":"","fileTypesAndContributionMap":{"functional-code":{"insertions":49,"deletions":52}}},{"hash":"276dd8b22bcc04ccb551b7f8e052f2228b4b4608","messageTitle":"Remove redundant code from Stats command and fix bugs in earlier PR","messageBody":"","fileTypesAndContributionMap":{"functional-code":{"insertions":121,"deletions":140}}},{"hash":"769bf38ef02f40e82397c9e3553496857b2aabd8","messageTitle":"Add JUnit Tests for V2.0 Part I","messageBody":"","fileTypesAndContributionMap":{"functional-code":{"insertions":9,"deletions":10},"test-code":{"insertions":262,"deletions":12}}},{"hash":"9a828d442cde0cc4f5d0073b461131b4df3ad291","messageTitle":"Rectify minor issues for Gradle coding style","messageBody":"","fileTypesAndContributionMap":{"test-code":{"insertions":36,"deletions":24}}},{"hash":"7c1df25130e4f1f39d0f84345afd0916c9dd5ebf","messageTitle":"Reclaim authorship for Brian in EditCommand class","messageBody":"","fileTypesAndContributionMap":{"functional-code":{"insertions":3,"deletions":0}}}]},{"date":"2022-10-26","commitResults":[{"hash":"5ee52935a78aecf607ff4b594578157916b1bd49","messageTitle":"Add heading structure for User Guide","messageBody":"","fileTypesAndContributionMap":{"docs":{"insertions":95,"deletions":11}}},{"hash":"2df27a455ea4197a13bc4c84fc3f06b6a2dac35e","messageTitle":"Amend Duke and description to Moolah Manager","messageBody":"","fileTypesAndContributionMap":{"docs":{"insertions":8,"deletions":2}}},{"hash":"0076531fd4a2bd1523bfad771ba9c84a8a856b6b","messageTitle":"Update the developer guide\u0027s appendices based on previous team meeting notes","messageBody":"","fileTypesAndContributionMap":{"docs":{"insertions":81,"deletions":23}}},{"hash":"a236e8792ff0ca56dc96165c56f1f5bdc5cc3c3e","messageTitle":"Add a full stop at the last line of DG","messageBody":"","fileTypesAndContributionMap":{"docs":{"insertions":1,"deletions":1}}}]},{"date":"2022-10-27","commitResults":[{"hash":"d948865f571f33ab31c080edfb76d345360308ce","messageTitle":"Add content for Introduction, Setting Up, List and Find Commands","messageBody":"","fileTypesAndContributionMap":{"functional-code":{"insertions":2,"deletions":2},"docs":{"insertions":81,"deletions":4}}},{"hash":"d8fd309a6f19bf1c42b697ba5a1fbac30ecbcc32","messageTitle":"Remove duplicated code in TransactionList class, amend existing code to fit time_insights","messageBody":"","fileTypesAndContributionMap":{"functional-code":{"insertions":1,"deletions":44}}},{"hash":"b1d34f529748fc427f6a58062b5125eb874ac1c3","messageTitle":"Add figure to detail how to download the latest JAR file","messageBody":"","fileTypesAndContributionMap":{"docs":{"insertions":7,"deletions":0}}},{"hash":"e0b3a91d2a9e98a09881c754d08db7067f9d49d4","messageTitle":"Amend the size of Figure 1","messageBody":"","fileTypesAndContributionMap":{"docs":{"insertions":1,"deletions":1}}},{"hash":"9ca40b5a27a1af1d3ce916cccfae3ab2849eb866","messageTitle":"Move help information to Help Messages Enum class and sync descriptions to be in-line with UG","messageBody":"","fileTypesAndContributionMap":{"functional-code":{"insertions":171,"deletions":149}}},{"hash":"f60234a657896e04c33c67989e0776b4918276e8","messageTitle":"Remove space between line separator to ensure compatibility with Windows","messageBody":"","fileTypesAndContributionMap":{"functional-code":{"insertions":1,"deletions":1}}},{"hash":"a60206f1e7f2de983c741f8fa1999ba5763422e3","messageTitle":"Add purging confirmation to Help information for Purge command","messageBody":"","fileTypesAndContributionMap":{"functional-code":{"insertions":1,"deletions":1}}},{"hash":"8eaaad758095df319ab39943d7d5dc9c72cfb5e4","messageTitle":"Fix minor issues with Gradle test","messageBody":"","fileTypesAndContributionMap":{"functional-code":{"insertions":2,"deletions":1}}}]},{"date":"2022-10-29","commitResults":[{"hash":"377fa82d0ccaa3d28b6ba9f026e540aeddc73324","messageTitle":"Modify Find function to ignore case-sensitivity and compare only descriptions","messageBody":"","fileTypesAndContributionMap":{"functional-code":{"insertions":1,"deletions":1}}}]},{"date":"2022-10-31","commitResults":[{"hash":"3b04cfea53f3a3ee42f399e4894747aaa33c8cd4","messageTitle":"Rename GlobalNonNumericIndexException class to GlobalIndexNotNumericException class","messageBody":"","fileTypesAndContributionMap":{"other":{"insertions":1,"deletions":1}}},{"hash":"43dccc1d5820292f56a06adda28d8c10edfdf618","messageTitle":"Discard extra comments from program","messageBody":"","fileTypesAndContributionMap":{"functional-code":{"insertions":2,"deletions":7}}},{"hash":"848cf52eba7a6a0f36b08a3b44bc47daa2e3619f","messageTitle":"Add GlobalUnsupportedTagCombinationException to handle tags that are combined incorrectly in List and Stats commands","messageBody":"","fileTypesAndContributionMap":{"functional-code":{"insertions":26,"deletions":7},"test-code":{"insertions":4,"deletions":4}}},{"hash":"15cfe1f2c2470e09dd82d7f6da58c506f246379b","messageTitle":"Refractor functions for Find command class and introduce logging","messageBody":"","fileTypesAndContributionMap":{"functional-code":{"insertions":31,"deletions":6}}},{"hash":"9c969bc1f2dfc3fdda6abee269bda75929b33227","messageTitle":"Add passing of Ui instance instead of calling Ui class directly when printing from List and Stats command classes","messageBody":"","fileTypesAndContributionMap":{"functional-code":{"insertions":19,"deletions":14},"test-code":{"insertions":4,"deletions":2}}},{"hash":"c17abf052722d2bb29d183e5a6262cfa2e1036b5","messageTitle":"Update comments and logging messagesin List command for clarity","messageBody":"","fileTypesAndContributionMap":{"functional-code":{"insertions":15,"deletions":6}}},{"hash":"378d4e8be5786db7fa059f2be78a7e949fa2a8a2","messageTitle":"Add ability to sort the transactions in ascending order of the transaction dates","messageBody":"","fileTypesAndContributionMap":{"functional-code":{"insertions":19,"deletions":1}}},{"hash":"ec2ab77267765d513293e9b7afddd1181c741e28","messageTitle":"Add ability to list transactions for last N days and add spending habit message to time insights list","messageBody":"","fileTypesAndContributionMap":{"functional-code":{"insertions":146,"deletions":73}}},{"hash":"c7bb73a365ba8ba3e0cc2dbf309230941794eff0","messageTitle":"Add and update test cases for testing critical functions in Transaction and TransactionList","messageBody":"","fileTypesAndContributionMap":{"test-code":{"insertions":157,"deletions":19}}},{"hash":"4f3a9115181d3e804ca1e544812318af14c46ccc","messageTitle":"Update test cases in TransactionListTest class","messageBody":"","fileTypesAndContributionMap":{"test-code":{"insertions":8,"deletions":4}}}]},{"date":"2022-11-01","commitResults":[{"hash":"92d02e0c18e168c2ad61196c2f46d279da7534e4","messageTitle":"Add Project Portfolio Page (PPP) file","messageBody":"","fileTypesAndContributionMap":{"docs":{"insertions":104,"deletions":8}}},{"hash":"e13b7a12a1ab6f11a4d6754f4b6072b990f4a2e7","messageTitle":"Remove line spacing for bulleted points in my PPP\u0027s Community section","messageBody":"","fileTypesAndContributionMap":{"docs":{"insertions":0,"deletions":2}}},{"hash":"f2476c6d0ab3268b7699b0732aa17e7b4dc5ad67","messageTitle":"Change F12-2 to F11-2 for Pet Clinic Manager","messageBody":"","fileTypesAndContributionMap":{"docs":{"insertions":1,"deletions":1}}},{"hash":"fb83ee70fdc0bcec462b8135a09fe90fc01b3700","messageTitle":"Complete the PPP","messageBody":"","fileTypesAndContributionMap":{"docs":{"insertions":2,"deletions":1}}},{"hash":"e5cf54d04d981141ae9a9ad7b8b2770b759c5641","messageTitle":"Add a testing section to PPP","messageBody":"","fileTypesAndContributionMap":{"docs":{"insertions":15,"deletions":4}}},{"hash":"a745730bae67c1262caa9b17395a5f38978311ab","messageTitle":"Shorten length of PPP to fit two pages for PDF","messageBody":"","fileTypesAndContributionMap":{"docs":{"insertions":12,"deletions":14}}}]},{"date":"2022-11-03","commitResults":[{"hash":"cfee62b5437c97757b9732d1e722e136955f9148","messageTitle":"Update limit of year tag to allow years 0 - 9999 and N number of days in HelpCommand","messageBody":"","fileTypesAndContributionMap":{"functional-code":{"insertions":5,"deletions":5}}}]},{"date":"2022-11-04","commitResults":[{"hash":"1ce9e5c70a4a755893d2711dc757a4aed774c87e","messageTitle":"Combine Find Command to use Parameter Parser and disallow spacing in keywords","messageBody":"","fileTypesAndContributionMap":{"functional-code":{"insertions":50,"deletions":76},"test-code":{"insertions":0,"deletions":54}}},{"hash":"9212478bd9309ce83ff335ec1736a619d3f56e61","messageTitle":"Remove Utilities test class and move Chin Han\u0027s tests into ParameterParserTest","messageBody":"","fileTypesAndContributionMap":{"test-code":{"insertions":14,"deletions":0}}},{"hash":"af00193f3799ef6978439f06f576b1c63c6dd13f","messageTitle":"Improve the user guide structure, and align all description, examples and commands with most updated application","messageBody":"","fileTypesAndContributionMap":{"docs":{"insertions":342,"deletions":264}}},{"hash":"18ba4e004119b1d1d456de97f0cce9929e703d1b","messageTitle":"Rectify a minor error in heading","messageBody":"","fileTypesAndContributionMap":{"docs":{"insertions":1,"deletions":1}}},{"hash":"448981f400dc02f1c6fc8fa2e1d05d5fcaf59d84","messageTitle":"Rectify a minor error in heading","messageBody":"","fileTypesAndContributionMap":{"docs":{"insertions":3,"deletions":3}}},{"hash":"6676567e55a9bcae506aaeaf83d76a2e6a20ab65","messageTitle":"Add link to FAQ section","messageBody":"","fileTypesAndContributionMap":{"docs":{"insertions":1,"deletions":1}}},{"hash":"aabe978d5d083ee6df6ddbbbca2d4dc98196d653","messageTitle":"Update DG Diagrams and formatting structure","messageBody":"","fileTypesAndContributionMap":{"docs":{"insertions":977,"deletions":354}}}]},{"date":"2022-11-05","commitResults":[{"hash":"0c909b73e92885c0ee77eda348d23d5b44d5e0a4","messageTitle":"Update user guide and developer guide for updates on Find and List","messageBody":"","fileTypesAndContributionMap":{"docs":{"insertions":88,"deletions":85}}},{"hash":"dc70c6952ea44c2a50eda4c911d8138195b19eac","messageTitle":"Fix bug for listing of transactions with indexes, and placement of negative sign for amount","messageBody":"","fileTypesAndContributionMap":{"functional-code":{"insertions":62,"deletions":28},"docs":{"insertions":1,"deletions":1},"test-code":{"insertions":5,"deletions":5}}},{"hash":"d41e5eda9eca97312520ab8f7bda74ddf3e38368","messageTitle":"Fix Gradle test error","messageBody":"","fileTypesAndContributionMap":{"test-code":{"insertions":1,"deletions":1}}},{"hash":"10a25f8184baafa49066de670026b01e2d808fe2","messageTitle":"Add improvements to DG Find and Stats command sections","messageBody":"","fileTypesAndContributionMap":{"docs":{"insertions":259,"deletions":26}}},{"hash":"4c2a8ce23996c7d42c1491f16fd46cad7ce06525","messageTitle":"Add bug reporting to test section in PPP","messageBody":"","fileTypesAndContributionMap":{"docs":{"insertions":4,"deletions":0}}},{"hash":"6f52651f2aff838941251fc0c885863a505eb47d","messageTitle":"Add logo to front page","messageBody":"","fileTypesAndContributionMap":{"docs":{"insertions":4,"deletions":0}}}]},{"date":"2022-11-06","commitResults":[{"hash":"577d3e3f155086f6579129a79c406197058c3f2e","messageTitle":"Update user guide to show spending habit and budget on at least one example in Time Insights section","messageBody":"","fileTypesAndContributionMap":{"functional-code":{"insertions":2,"deletions":2},"docs":{"insertions":12,"deletions":9}}},{"hash":"007a289402a44776f17e3a623f7ca311ac3831e5","messageTitle":"Update developer guide with some improved quality on diagrams and description","messageBody":"","fileTypesAndContributionMap":{"docs":{"insertions":64,"deletions":12}}},{"hash":"466ab8a8ae728fa9e5d45db1e485c1057dd615bb","messageTitle":"Remove unessential methods from the style puml file","messageBody":"","fileTypesAndContributionMap":{"docs":{"insertions":0,"deletions":190}}}]}]},"authorFileTypeContributionMap":{"chinhan99":{"docs":399,"functional-code":928,"test-code":50},"brian-vb":{"docs":907,"functional-code":517,"test-code":30},"paullowse":{"docs":320,"functional-code":1152,"test-code":0},"wcwy":{"docs":598,"functional-code":1878,"test-code":599,"other":1},"chydarren":{"docs":1799,"functional-code":1295,"test-code":432}},"authorContributionVariance":{"chinhan99":10879.499,"brian-vb":5449.4004,"paullowse":19158.545,"wcwy":63866.65,"chydarren":190656.28},"authorDisplayNameMap":{"chinhan99":"CS2113-W12-2 YONG.. HAN","brian-vb":"CS2113-W12-2 BRIA..LONG","paullowse":"CS2113-W12-2 PAUL..I EN","wcwy":"CS2113-W12-2 CHIA..HONG","chydarren":"CS2113-W12-2 CHUA..RREN"}}
