{"authorDailyContributionsMap":{"wilsonngja":[{"date":"2022-09-30","commitResults":[{"hash":"ad0313058d8b1d77544875211131024ce3de75a7","messageTitle":"Update AboutUs.md","messageBody":"","fileTypesAndContributionMap":{"docs":{"insertions":1,"deletions":1}}}]}],"FeliciaBeatrice":[{"date":"2022-09-30","commitResults":[{"hash":"a2c69a4c0e434a6922ce918af51fcb005e181eba","messageTitle":"Update AboutUs.md","messageBody":"","fileTypesAndContributionMap":{"docs":{"insertions":7,"deletions":7}}}]}],"OVReader":[{"date":"2022-09-30","commitResults":[{"hash":"1827ec1c030703eb4aa0443bf6c283c6491c175e","messageTitle":"Add Name in AboutUs","messageBody":"","fileTypesAndContributionMap":{"docs":{"insertions":6,"deletions":6}}}]}],"ngdeqi":[{"date":"2022-09-30","commitResults":[{"hash":"9d914abc0c186c0a79f63602b18ca94ca8faab9b","messageTitle":"Update AboutUs","messageBody":"","fileTypesAndContributionMap":{"docs":{"insertions":6,"deletions":6}}},{"hash":"ee453adcd3bfaf664ca58f8e57a0c1b4e8d8968a","messageTitle":"Update AboutUs with github link","messageBody":"","fileTypesAndContributionMap":{"docs":{"insertions":7,"deletions":7}}}]}],"zoranabc201":[{"date":"2022-09-30","commitResults":[{"hash":"bb7b96387e4f831a7d0aa0bb21edf9c9518ec7dd","messageTitle":"Update AboutUs","messageBody":"","fileTypesAndContributionMap":{"docs":{"insertions":6,"deletions":6}}}]}]},"authorFileTypeContributionMap":{"wilsonngja":{"docs":1,"functional-code":0,"test-code":0},"FeliciaBeatrice":{"docs":1,"functional-code":0,"test-code":0},"OVReader":{"docs":1,"functional-code":0,"test-code":0},"ngdeqi":{"docs":1,"functional-code":0,"test-code":0},"zoranabc201":{"docs":3,"functional-code":0,"test-code":0}},"authorContributionVariance":{"wilsonngja":0.2488889,"FeliciaBeatrice":12.195556,"OVReader":8.96,"ngdeqi":42.06222,"zoranabc201":8.96},"authorDisplayNameMap":{"wilsonngja":"CS2113-F11-1 WILS..G AN","FeliciaBeatrice":"CS2113-F11-1 FELI..LAUW","OVReader":"CS2113-F11-1 ANG ..RCUS","ngdeqi":"CS2113-F11-1 NG D..E QI","zoranabc201":"CS2113-F11-1 SYED..ORAN"}}
