{"authorDailyContributionsMap":{"wilsonngja":[{"date":"2022-09-30","commitResults":[{"hash":"ad0313058d8b1d77544875211131024ce3de75a7","messageTitle":"Update AboutUs.md","messageBody":"","fileTypesAndContributionMap":{"docs":{"insertions":1,"deletions":1}}}]},{"date":"2022-10-07","commitResults":[{"hash":"2d88ea05f34c4cdad017f6fb5d6a8e305e311bf4","messageTitle":"Add baseline for project to start.","messageBody":"","fileTypesAndContributionMap":{"functional-code":{"insertions":52,"deletions":10}}},{"hash":"8ec9db922c6af79be0226d65c3e8bd7f7da75184","messageTitle":"Fix coding standards error to fit CI","messageBody":"","fileTypesAndContributionMap":{"functional-code":{"insertions":4,"deletions":2},"other":{"insertions":1,"deletions":1}}},{"hash":"5085bc4175e2026bcef6583e03a5a1a69ce9a220","messageTitle":"Initialise starting point for team project.","messageBody":"","fileTypesAndContributionMap":{"functional-code":{"insertions":66,"deletions":7}}},{"hash":"1aff51b3d6c7362d9f17e7f0c0c94c61cc369d4d","messageTitle":"Fix styling error in Ui and Command.","messageBody":"","fileTypesAndContributionMap":{"functional-code":{"insertions":7,"deletions":2}}}]},{"date":"2022-10-08","commitResults":[{"hash":"1dfa733d6e051b1f92fe3e06d8cdaee0f068a43e","messageTitle":"Creates directory if not exists and append property, client and pairs to text files","messageBody":"","fileTypesAndContributionMap":{"functional-code":{"insertions":199,"deletions":5},"test-code":{"insertions":23,"deletions":0}}},{"hash":"3e6a7f152d503229ea592bac55efa26f6107efc8","messageTitle":"Fix coding standard violation","messageBody":"","fileTypesAndContributionMap":{"functional-code":{"insertions":5,"deletions":7}}},{"hash":"6c5ebc990837a7d658bcbf3c3604db38f286badb","messageTitle":"Add more test code for file creation and append text.","messageBody":"","fileTypesAndContributionMap":{"test-code":{"insertions":46,"deletions":1}}}]},{"date":"2022-10-10","commitResults":[{"hash":"e902113457b60fc2af92960aa6e77f7c1b68361d","messageTitle":"Update Parser.java","messageBody":"","fileTypesAndContributionMap":{"functional-code":{"insertions":1,"deletions":1}}}]},{"date":"2022-10-11","commitResults":[{"hash":"1253e265b6f82f63052ca301aa5921a2a9b76bc9","messageTitle":"Implement function to store added client to text file.","messageBody":"","fileTypesAndContributionMap":{"functional-code":{"insertions":8,"deletions":7}}},{"hash":"00f1bd9ea19a14e8ee803e945113dbb100069ce4","messageTitle":"Implement function to load client into client list","messageBody":"","fileTypesAndContributionMap":{"functional-code":{"insertions":42,"deletions":19}}},{"hash":"0c5222022244f6026981ee18c7e4a35e9acc80d1","messageTitle":"Fix styling errors","messageBody":"","fileTypesAndContributionMap":{"functional-code":{"insertions":1,"deletions":1}}},{"hash":"d02f856b198e81020e82348fbb517cf044f477ee","messageTitle":"Improve SLAP in Storage.java","messageBody":"","fileTypesAndContributionMap":{"functional-code":{"insertions":69,"deletions":29}}},{"hash":"70ada0d3bb5316c7ac70027dc7a230b73d192c80","messageTitle":"Add update file function for Client","messageBody":"","fileTypesAndContributionMap":{"functional-code":{"insertions":37,"deletions":0}}}]},{"date":"2022-10-12","commitResults":[{"hash":"6104047a808f8db0b738ccf941a53b77257615de","messageTitle":"Implement storing, updating and loading feature for pairing/unpairing function.","messageBody":"","fileTypesAndContributionMap":{"functional-code":{"insertions":62,"deletions":20}}},{"hash":"3f1f51dd7a51e67e0912699df614bced85b994d7","messageTitle":"Add store and load function for property","messageBody":"","fileTypesAndContributionMap":{"functional-code":{"insertions":18,"deletions":2}}},{"hash":"3f1cc6dc97c68ba6b5f9149b15944f9d44212d00","messageTitle":"Add function to update property when property array list change","messageBody":"","fileTypesAndContributionMap":{"functional-code":{"insertions":69,"deletions":5}}},{"hash":"f6acbceea008a91e0e2e56f65692c229fccd07ee","messageTitle":"Implement function to update pairing file when client or property is deleted","messageBody":"","fileTypesAndContributionMap":{"functional-code":{"insertions":73,"deletions":12}}},{"hash":"c31bb5b6d931ce0ac3b35c8ee8fbb454468627bc","messageTitle":"Fix CI Failure issue","messageBody":"","fileTypesAndContributionMap":{"functional-code":{"insertions":1,"deletions":1}}}]},{"date":"2022-10-14","commitResults":[{"hash":"4cdb9de98fe3e9c5400f32523760773d511f23cb","messageTitle":"Change PairingList to take in Objects instead of String","messageBody":"","fileTypesAndContributionMap":{"functional-code":{"insertions":76,"deletions":63}}},{"hash":"90ddfa3d45b64dbc6bff8afc8ba7ca86b7fdb4c4","messageTitle":"Fix CI and styling error","messageBody":"","fileTypesAndContributionMap":{"functional-code":{"insertions":18,"deletions":4}}},{"hash":"9d4ccbfb63f2cf6b276a0bf8abf87990c11962fe","messageTitle":"Add PairingList2.java","messageBody":"","fileTypesAndContributionMap":{"functional-code":{"insertions":183,"deletions":0}}},{"hash":"aa23d03f4ac869b76af25d02b4f8636ca5f31de2","messageTitle":"Fix JUnit test error","messageBody":"","fileTypesAndContributionMap":{"functional-code":{"insertions":76,"deletions":280},"test-code":{"insertions":11,"deletions":19}}},{"hash":"46d08d2eb8e4beb907cd2eae3969ea16bca0de88","messageTitle":"Remove wildcard imports from CommandAddClientTest.java","messageBody":"","fileTypesAndContributionMap":{"test-code":{"insertions":6,"deletions":2}}}]}],"FeliciaBeatrice":[{"date":"2022-09-30","commitResults":[{"hash":"a2c69a4c0e434a6922ce918af51fcb005e181eba","messageTitle":"Update AboutUs.md","messageBody":"","fileTypesAndContributionMap":{"docs":{"insertions":7,"deletions":7}}}]},{"date":"2022-10-09","commitResults":[{"hash":"7176654836af375470c8e24f09e85905ffb15bf2","messageTitle":"Created CommandDelete class, Created CommandDeleteClient class, Added deleteClient method to ClientList class","messageBody":"","fileTypesAndContributionMap":{"functional-code":{"insertions":46,"deletions":1}}}]},{"date":"2022-10-10","commitResults":[{"hash":"65f280652cfa87475a3ee9e54c9d8fb693801e8d","messageTitle":"Added UI messages, Added more exceptions","messageBody":"","fileTypesAndContributionMap":{"functional-code":{"insertions":54,"deletions":13}}},{"hash":"3949f56ae98f69630efb310a3c06ec5d552801be","messageTitle":"Delete Client Feature Implemented","messageBody":"","fileTypesAndContributionMap":{"functional-code":{"insertions":49,"deletions":8}}},{"hash":"ed9dfa14a794d950f88446200af70e89cb3ce458","messageTitle":"Added more exceptions","messageBody":"","fileTypesAndContributionMap":{"functional-code":{"insertions":20,"deletions":2}}},{"hash":"558ee7bc0b31dd87530191def8506934d3592e69","messageTitle":"Fixed coding standard violation","messageBody":"","fileTypesAndContributionMap":{"functional-code":{"insertions":22,"deletions":6}}}]},{"date":"2022-10-11","commitResults":[{"hash":"1f6e8791bbc47004b4a8899787d84a212fe7b354","messageTitle":"Fix Delete Client Feature","messageBody":"","fileTypesAndContributionMap":{"functional-code":{"insertions":63,"deletions":10}}},{"hash":"9da819ebc94c1b1e4994cee51fe38808976678e4","messageTitle":"Fix coding standard violations","messageBody":"","fileTypesAndContributionMap":{"functional-code":{"insertions":2,"deletions":1}}},{"hash":"8f34943542edbce6ef030ef19ecb635d09253767","messageTitle":"Fix Delete Client Exception Messages","messageBody":"","fileTypesAndContributionMap":{"functional-code":{"insertions":5,"deletions":3}}},{"hash":"c947804441b3a02a402e427124e0cda9c894d35a","messageTitle":"Fix Messages error","messageBody":"","fileTypesAndContributionMap":{"functional-code":{"insertions":0,"deletions":2}}}]},{"date":"2022-10-12","commitResults":[{"hash":"fe2d2539fd2b8fabc77222efcfdd8c7bcbd416aa","messageTitle":"Add Delete Property feature and exceptions","messageBody":"","fileTypesAndContributionMap":{"functional-code":{"insertions":167,"deletions":14}}},{"hash":"3fa4a73ae1bcb9c4cd99266760cea5f52f99bda1","messageTitle":"Fix minor code issues","messageBody":"","fileTypesAndContributionMap":{"functional-code":{"insertions":1,"deletions":1}}}]}],"OVReader":[{"date":"2022-09-30","commitResults":[{"hash":"1827ec1c030703eb4aa0443bf6c283c6491c175e","messageTitle":"Add Name in AboutUs","messageBody":"","fileTypesAndContributionMap":{"docs":{"insertions":6,"deletions":6}}}]},{"date":"2022-10-09","commitResults":[{"hash":"0587c989dab0b8143bb4e8b1ca53a7769a10d41c","messageTitle":"Add Client Feature Implemented","messageBody":"","fileTypesAndContributionMap":{"functional-code":{"insertions":465,"deletions":25}}},{"hash":"fcd0a0396e3382c9658c79014db898068d318158","messageTitle":"Added JavaDoc for Command Add Client related Classes","messageBody":"","fileTypesAndContributionMap":{"functional-code":{"insertions":76,"deletions":14}}}]},{"date":"2022-10-11","commitResults":[{"hash":"d25b7b573d1bdb7fbf6c117d3f279ca0d38d4265","messageTitle":"Implementation of Add Property with Singapore Address and Renting Price Validation","messageBody":"","fileTypesAndContributionMap":{"functional-code":{"insertions":440,"deletions":76}}}]},{"date":"2022-10-12","commitResults":[{"hash":"3d70bd019563a217d906ac4489e7e5c3449b7691","messageTitle":"Added simple logging for CommandAddProperty and CommandAddClient","messageBody":"","fileTypesAndContributionMap":{"functional-code":{"insertions":10,"deletions":0}}},{"hash":"85e92d86c77932446b7b8d9432cacd75ba99df0c","messageTitle":"Add simple assertions for CommandAddProperty and CommandAddClient","messageBody":"","fileTypesAndContributionMap":{"functional-code":{"insertions":8,"deletions":0}}}]},{"date":"2022-10-13","commitResults":[{"hash":"25163ac51936b42b6db533652fe5e68209534e3b","messageTitle":"Add CommandAddClientTest Class","messageBody":"","fileTypesAndContributionMap":{"functional-code":{"insertions":0,"deletions":1},"test-code":{"insertions":86,"deletions":0}}},{"hash":"1026e66c2a6136b99b0b5f9db5c306768e122c52","messageTitle":"Add CommandAddPropertyTest Class","messageBody":"","fileTypesAndContributionMap":{"test-code":{"insertions":61,"deletions":0}}},{"hash":"a14c26917624c293c85f3b951e78aad9ee51193d","messageTitle":"Fix Minor Code Standard Violations","messageBody":"","fileTypesAndContributionMap":{"test-code":{"insertions":10,"deletions":8}}},{"hash":"a50660c01c16fd5ba28bf4f4025788d3995fa079","messageTitle":"Fix CI CheckStyleError","messageBody":"","fileTypesAndContributionMap":{"test-code":{"insertions":1,"deletions":1}}},{"hash":"0c4d8e778243776a4f6b019e6c4584022c628dd6","messageTitle":"Fix test fail error due to wrong sequencing of code","messageBody":"","fileTypesAndContributionMap":{"test-code":{"insertions":3,"deletions":2}}},{"hash":"d828b8f1ce5381fcd61f32afc757bfc3e835fb10","messageTitle":"Fix CI CheckStyleError","messageBody":"","fileTypesAndContributionMap":{"test-code":{"insertions":4,"deletions":3}}}]}],"ngdeqi":[{"date":"2022-09-30","commitResults":[{"hash":"9d914abc0c186c0a79f63602b18ca94ca8faab9b","messageTitle":"Update AboutUs","messageBody":"","fileTypesAndContributionMap":{"docs":{"insertions":6,"deletions":6}}},{"hash":"ee453adcd3bfaf664ca58f8e57a0c1b4e8d8968a","messageTitle":"Update AboutUs with github link","messageBody":"","fileTypesAndContributionMap":{"docs":{"insertions":7,"deletions":7}}}]},{"date":"2022-10-09","commitResults":[{"hash":"0efd452196b8f11dd3c8fd031a354797e1cd3e05","messageTitle":"Put Exceptions into exception class","messageBody":"","fileTypesAndContributionMap":{"functional-code":{"insertions":3,"deletions":0},"other":{"insertions":18,"deletions":12}}}]},{"date":"2022-10-10","commitResults":[{"hash":"2ddc386534c19dafdf82f013aa4b86e104479629","messageTitle":"Add Pair and Unpair Features and refactoring","messageBody":"","fileTypesAndContributionMap":{"functional-code":{"insertions":434,"deletions":24}}},{"hash":"12323aff272742f53f2ad78574cdd73a43e9b58f","messageTitle":"Remove wildcard imports","messageBody":"","fileTypesAndContributionMap":{"functional-code":{"insertions":32,"deletions":3}}},{"hash":"637ee246e767773c2986c226b410f00c6830c7f8","messageTitle":"Fix coding standard violations","messageBody":"","fileTypesAndContributionMap":{"functional-code":{"insertions":11,"deletions":12}}},{"hash":"fa047da3a88a91a34ea623837ddd301748033ede","messageTitle":"Fx CI failure","messageBody":"","fileTypesAndContributionMap":{"functional-code":{"insertions":1,"deletions":0}}},{"hash":"35f5c393d32d0beaf72bbb764308caefed2fc17f","messageTitle":"Add some documentation, more exception handling for (non)existing pairs for Pair/Unpair feature","messageBody":"","fileTypesAndContributionMap":{"functional-code":{"insertions":111,"deletions":14}}}]},{"date":"2022-10-11","commitResults":[{"hash":"f8c81954577e67855b3822e89ed18f5c7a08c5a3","messageTitle":"Make PairingList addPairing compatible with Storage, add assertions and edit documentation","messageBody":"","fileTypesAndContributionMap":{"functional-code":{"insertions":40,"deletions":19}}},{"hash":"2e2e313f84f00274b73c7fa8f94cd16e0db90b78","messageTitle":"Add check property feature","messageBody":"","fileTypesAndContributionMap":{"functional-code":{"insertions":212,"deletions":6}}},{"hash":"effd7320575980aac2c5fb8426792e3bdb3a8a71","messageTitle":"Add CommandUndefinedMessage","messageBody":"","fileTypesAndContributionMap":{"functional-code":{"insertions":8,"deletions":1}}},{"hash":"0c5fcd7e8293acbf3190a4e1ea86da69bb701e2f","messageTitle":"Add some documentation","messageBody":"","fileTypesAndContributionMap":{"functional-code":{"insertions":0,"deletions":4}}},{"hash":"c908835282646240357bb34a19089a1b2f6ab314","messageTitle":"Add even more documentation","messageBody":"","fileTypesAndContributionMap":{"functional-code":{"insertions":53,"deletions":2}}}]},{"date":"2022-10-13","commitResults":[{"hash":"bb19a693a9ecb3bc061ac82ea8c6924dba8a2a0b","messageTitle":"Handle case where user pairs a property and client that are already paired","messageBody":"","fileTypesAndContributionMap":{"functional-code":{"insertions":54,"deletions":54}}},{"hash":"6738049aeaa37b81fe152151a9ec76c36ab4424c","messageTitle":"Handle unpair case where the the client and property to unpair are not actually paired","messageBody":"","fileTypesAndContributionMap":{"functional-code":{"insertions":7,"deletions":4}}},{"hash":"88d14e439f0a369b6312bcc9eac102ecd61f4b10","messageTitle":"Add assertions and Junit testing","messageBody":"","fileTypesAndContributionMap":{"functional-code":{"insertions":45,"deletions":19},"test-code":{"insertions":144,"deletions":0}}},{"hash":"a515689e7a030793d8aefe7630ffdbd766e8b00d","messageTitle":"Fix CI failure for PairingListTest","messageBody":"","fileTypesAndContributionMap":{"test-code":{"insertions":4,"deletions":4}}}]}],"zoranabc201":[{"date":"2022-09-30","commitResults":[{"hash":"bb7b96387e4f831a7d0aa0bb21edf9c9518ec7dd","messageTitle":"Update AboutUs","messageBody":"","fileTypesAndContributionMap":{"docs":{"insertions":6,"deletions":6}}}]},{"date":"2022-10-12","commitResults":[{"hash":"649746bac694fc092edcf0b62d614472a588975d","messageTitle":"Add list and bye","messageBody":"","fileTypesAndContributionMap":{"functional-code":{"insertions":141,"deletions":7}}},{"hash":"918842fa4972dd755b517b57f2c18538d0839724","messageTitle":"Add list and bye features","messageBody":"","fileTypesAndContributionMap":{"functional-code":{"insertions":5,"deletions":5}}}]}]},"authorFileTypeContributionMap":{"wilsonngja":{"docs":1,"functional-code":621,"test-code":84},"FeliciaBeatrice":{"docs":1,"functional-code":360,"test-code":0},"OVReader":{"docs":1,"functional-code":925,"test-code":145},"ngdeqi":{"docs":1,"functional-code":838,"test-code":130},"zoranabc201":{"docs":3,"functional-code":140,"test-code":0}},"authorContributionVariance":{"wilsonngja":23087.127,"FeliciaBeatrice":2234.7183,"OVReader":19886.518,"ngdeqi":19979.824,"zoranabc201":831.42914},"authorDisplayNameMap":{"wilsonngja":"CS2113-F11-1 WILS..G AN","FeliciaBeatrice":"CS2113-F11-1 FELI..LAUW","OVReader":"CS2113-F11-1 ANG ..RCUS","ngdeqi":"CS2113-F11-1 NG D..E QI","zoranabc201":"CS2113-F11-1 SYED..ORAN"}}
