{"authorDailyContributionsMap":{"wilsonngja":[{"date":"2022-09-30","commitResults":[{"hash":"ad0313058d8b1d77544875211131024ce3de75a7","messageTitle":"Update AboutUs.md","messageBody":"","fileTypesAndContributionMap":{"docs":{"insertions":1,"deletions":1}}}]},{"date":"2022-10-07","commitResults":[{"hash":"2d88ea05f34c4cdad017f6fb5d6a8e305e311bf4","messageTitle":"Add baseline for project to start.","messageBody":"","fileTypesAndContributionMap":{"functional-code":{"insertions":52,"deletions":10}}},{"hash":"8ec9db922c6af79be0226d65c3e8bd7f7da75184","messageTitle":"Fix coding standards error to fit CI","messageBody":"","fileTypesAndContributionMap":{"functional-code":{"insertions":4,"deletions":2},"other":{"insertions":1,"deletions":1}}},{"hash":"5085bc4175e2026bcef6583e03a5a1a69ce9a220","messageTitle":"Initialise starting point for team project.","messageBody":"","fileTypesAndContributionMap":{"functional-code":{"insertions":66,"deletions":7}}},{"hash":"1aff51b3d6c7362d9f17e7f0c0c94c61cc369d4d","messageTitle":"Fix styling error in Ui and Command.","messageBody":"","fileTypesAndContributionMap":{"functional-code":{"insertions":7,"deletions":2}}}]},{"date":"2022-10-08","commitResults":[{"hash":"1dfa733d6e051b1f92fe3e06d8cdaee0f068a43e","messageTitle":"Creates directory if not exists and append property, client and pairs to text files","messageBody":"","fileTypesAndContributionMap":{"functional-code":{"insertions":199,"deletions":5},"test-code":{"insertions":23,"deletions":0}}},{"hash":"3e6a7f152d503229ea592bac55efa26f6107efc8","messageTitle":"Fix coding standard violation","messageBody":"","fileTypesAndContributionMap":{"functional-code":{"insertions":5,"deletions":7}}},{"hash":"6c5ebc990837a7d658bcbf3c3604db38f286badb","messageTitle":"Add more test code for file creation and append text.","messageBody":"","fileTypesAndContributionMap":{"test-code":{"insertions":46,"deletions":1}}}]},{"date":"2022-10-10","commitResults":[{"hash":"e902113457b60fc2af92960aa6e77f7c1b68361d","messageTitle":"Update Parser.java","messageBody":"","fileTypesAndContributionMap":{"functional-code":{"insertions":1,"deletions":1}}}]},{"date":"2022-10-11","commitResults":[{"hash":"1253e265b6f82f63052ca301aa5921a2a9b76bc9","messageTitle":"Implement function to store added client to text file.","messageBody":"","fileTypesAndContributionMap":{"functional-code":{"insertions":8,"deletions":7}}},{"hash":"00f1bd9ea19a14e8ee803e945113dbb100069ce4","messageTitle":"Implement function to load client into client list","messageBody":"","fileTypesAndContributionMap":{"functional-code":{"insertions":42,"deletions":19}}},{"hash":"0c5222022244f6026981ee18c7e4a35e9acc80d1","messageTitle":"Fix styling errors","messageBody":"","fileTypesAndContributionMap":{"functional-code":{"insertions":1,"deletions":1}}},{"hash":"d02f856b198e81020e82348fbb517cf044f477ee","messageTitle":"Improve SLAP in Storage.java","messageBody":"","fileTypesAndContributionMap":{"functional-code":{"insertions":69,"deletions":29}}},{"hash":"70ada0d3bb5316c7ac70027dc7a230b73d192c80","messageTitle":"Add update file function for Client","messageBody":"","fileTypesAndContributionMap":{"functional-code":{"insertions":37,"deletions":0}}}]},{"date":"2022-10-12","commitResults":[{"hash":"6104047a808f8db0b738ccf941a53b77257615de","messageTitle":"Implement storing, updating and loading feature for pairing/unpairing function.","messageBody":"","fileTypesAndContributionMap":{"functional-code":{"insertions":62,"deletions":20}}},{"hash":"3f1f51dd7a51e67e0912699df614bced85b994d7","messageTitle":"Add store and load function for property","messageBody":"","fileTypesAndContributionMap":{"functional-code":{"insertions":18,"deletions":2}}},{"hash":"3f1cc6dc97c68ba6b5f9149b15944f9d44212d00","messageTitle":"Add function to update property when property array list change","messageBody":"","fileTypesAndContributionMap":{"functional-code":{"insertions":69,"deletions":5}}},{"hash":"f6acbceea008a91e0e2e56f65692c229fccd07ee","messageTitle":"Implement function to update pairing file when client or property is deleted","messageBody":"","fileTypesAndContributionMap":{"functional-code":{"insertions":73,"deletions":12}}},{"hash":"c31bb5b6d931ce0ac3b35c8ee8fbb454468627bc","messageTitle":"Fix CI Failure issue","messageBody":"","fileTypesAndContributionMap":{"functional-code":{"insertions":1,"deletions":1}}}]},{"date":"2022-10-14","commitResults":[{"hash":"4cdb9de98fe3e9c5400f32523760773d511f23cb","messageTitle":"Change PairingList to take in Objects instead of String","messageBody":"","fileTypesAndContributionMap":{"functional-code":{"insertions":76,"deletions":63}}},{"hash":"90ddfa3d45b64dbc6bff8afc8ba7ca86b7fdb4c4","messageTitle":"Fix CI and styling error","messageBody":"","fileTypesAndContributionMap":{"functional-code":{"insertions":18,"deletions":4}}},{"hash":"9d4ccbfb63f2cf6b276a0bf8abf87990c11962fe","messageTitle":"Add PairingList2.java","messageBody":"","fileTypesAndContributionMap":{"functional-code":{"insertions":183,"deletions":0}}},{"hash":"aa23d03f4ac869b76af25d02b4f8636ca5f31de2","messageTitle":"Fix JUnit test error","messageBody":"","fileTypesAndContributionMap":{"functional-code":{"insertions":76,"deletions":280},"test-code":{"insertions":11,"deletions":19}}},{"hash":"46d08d2eb8e4beb907cd2eae3969ea16bca0de88","messageTitle":"Remove wildcard imports from CommandAddClientTest.java","messageBody":"","fileTypesAndContributionMap":{"test-code":{"insertions":6,"deletions":2}}}]},{"date":"2022-10-16","commitResults":[{"hash":"ec4bda14f13472a506c3287c8adac73acd14af32","messageTitle":"Update DeveloperGuide.md","messageBody":"","fileTypesAndContributionMap":{"docs":{"insertions":58,"deletions":19}}}]},{"date":"2022-10-17","commitResults":[{"hash":"9342311bfa3703f89afe08b20e83b568f024594e","messageTitle":"Remove brackets when loading to pairingList","messageBody":"","fileTypesAndContributionMap":{"functional-code":{"insertions":6,"deletions":4}}}]},{"date":"2022-10-18","commitResults":[{"hash":"2b1e0d1e841e71b63c3a1118ac06fae1df26a515","messageTitle":"Refactor parser class","messageBody":"","fileTypesAndContributionMap":{"functional-code":{"insertions":1580,"deletions":714}}},{"hash":"60d2cede86816fdf6e8c2bda71badc4c62966f1e","messageTitle":"Enable assertion in build.gradle","messageBody":"","fileTypesAndContributionMap":{"other":{"insertions":1,"deletions":0}}},{"hash":"045721daae3ddd7316f8673c5f239ed8e01086c0","messageTitle":"Fix spelling mistake on variable in Storage.java","messageBody":"","fileTypesAndContributionMap":{"functional-code":{"insertions":5,"deletions":5}}}]},{"date":"2022-10-20","commitResults":[{"hash":"d49a6e29b8b22469a639d891b19b4539270ffa3d","messageTitle":"Update Design and Implementation portion for Storage","messageBody":"","fileTypesAndContributionMap":{"docs":{"insertions":76,"deletions":0}}},{"hash":"d52ce3ccffc2626621d01df663752f8bdd42a0aa","messageTitle":"Implement \u0027find\u0027 feature to query for matching clients","messageBody":"","fileTypesAndContributionMap":{"functional-code":{"insertions":217,"deletions":6}}}]},{"date":"2022-10-21","commitResults":[{"hash":"2c497c121fd78cc39a39d27bdd74f13ca3349d79","messageTitle":"Implement \u0027find\u0027 feature to search for matching property","messageBody":"","fileTypesAndContributionMap":{"functional-code":{"insertions":162,"deletions":8}}},{"hash":"0f9b9964d9378814e57d2227a1ac1b7182599df7","messageTitle":"Fix coding standard errors in find client features","messageBody":"","fileTypesAndContributionMap":{"functional-code":{"insertions":7,"deletions":10}}},{"hash":"0d735104264f4f344722a3a4f84121e01d662757","messageTitle":"Remove wildcard imports from ParserManager.java","messageBody":"","fileTypesAndContributionMap":{"functional-code":{"insertions":2,"deletions":1}}},{"hash":"1edfdfb98388184f38aef6257ed0fd390b6af494","messageTitle":"Improve standardisation in error message for find property feature","messageBody":"","fileTypesAndContributionMap":{"functional-code":{"insertions":6,"deletions":14}}},{"hash":"8063d424e9dd1c7fda0c6082a3811a052c9b25f2","messageTitle":"Remove wildcard imports from ParseFildClient.java","messageBody":"","fileTypesAndContributionMap":{"functional-code":{"insertions":2,"deletions":1}}},{"hash":"56f29cf9718facca5213d1b010449f0f793e5efc","messageTitle":"Remove invalid import from ParserManager.java","messageBody":"","fileTypesAndContributionMap":{"functional-code":{"insertions":0,"deletions":1}}},{"hash":"76b20461be8b01ea23855a027af89beef5e6f696","messageTitle":"Remove find feature error messages","messageBody":"","fileTypesAndContributionMap":{"functional-code":{"insertions":0,"deletions":8}}}]},{"date":"2022-10-22","commitResults":[{"hash":"0275eb41f4b22fd59566451bc5d677ae7d1057ba","messageTitle":"Standardise error messages and exceptions for find client function","messageBody":"","fileTypesAndContributionMap":{"functional-code":{"insertions":5,"deletions":33}}},{"hash":"addec15388131a2fc255b5b3c845ff00aa3fa000","messageTitle":"Standardise error messages and exceptions for find properties function","messageBody":"","fileTypesAndContributionMap":{"functional-code":{"insertions":9,"deletions":38}}}]},{"date":"2022-10-23","commitResults":[{"hash":"be5115bd9564e103efecf73ee164fcd6d8c4f242","messageTitle":"Implement checking function for valid input to load into Client, Property and Pairing","messageBody":"","fileTypesAndContributionMap":{"functional-code":{"insertions":275,"deletions":86}}}]},{"date":"2022-10-24","commitResults":[{"hash":"052d717b95d6fc4122bdbd1755ff908fcfbe11e4","messageTitle":"Change the creation of pairingList to use current Object of Client and Property","messageBody":"","fileTypesAndContributionMap":{"functional-code":{"insertions":39,"deletions":76}}},{"hash":"68a99b3b23d393249397e8fa6c50f72ad73313d8","messageTitle":"Fix error that causes invalid input when loading property","messageBody":"","fileTypesAndContributionMap":{"functional-code":{"insertions":72,"deletions":5}}},{"hash":"017e11cfe623b56dd6fd96a142f2b7fe2d979116","messageTitle":"Reposition the placement of boolean variable in Storage.java to improve coding standard","messageBody":"","fileTypesAndContributionMap":{"functional-code":{"insertions":5,"deletions":4}}},{"hash":"632515ddb9385d3bcce116a146aae208c96174e1","messageTitle":"Fix a bug where loading is storing the wrong unit type","messageBody":"","fileTypesAndContributionMap":{"functional-code":{"insertions":2,"deletions":3}}}]},{"date":"2022-10-26","commitResults":[{"hash":"cb5a70b90e203eb749168f57908ff69718ff874a","messageTitle":"Add Storage and Find features into the User Guide","messageBody":"","fileTypesAndContributionMap":{"docs":{"insertions":91,"deletions":1}}},{"hash":"29cae4f33a8a77444a26da656a2b7e2f57b39c3e","messageTitle":"Fix coding standard issue where text went above the recommended limit","messageBody":"","fileTypesAndContributionMap":{"docs":{"insertions":2,"deletions":2}}},{"hash":"d6bf3d109dd7974ef615a2401071db2b81285c8a","messageTitle":"Fix a bug on Storage where pairing is made between deleted client or property during loading","messageBody":"","fileTypesAndContributionMap":{"functional-code":{"insertions":10,"deletions":11}}},{"hash":"bcf7147e845af57f6acfcf5771ee2fa27bf3ba47","messageTitle":"Insert author documentation in Find and Storage feature","messageBody":"","fileTypesAndContributionMap":{"functional-code":{"insertions":33,"deletions":6}}}]},{"date":"2022-10-29","commitResults":[{"hash":"3de5852e473756d4c35b2f1f771e3ba9e080ae1d","messageTitle":"Improve exception handling on Storage feature to reduce coupling","messageBody":"","fileTypesAndContributionMap":{"functional-code":{"insertions":513,"deletions":192}}},{"hash":"4679b0faa50ee2bbd93aa206ad712814740be875","messageTitle":"Create specific exceptions for find function to reduce coupling","messageBody":"","fileTypesAndContributionMap":{"functional-code":{"insertions":95,"deletions":55}}},{"hash":"8b0cc177fd7497de4968b1b49d47a5f423586b9b","messageTitle":"Remove wildcard and unused imports from PraseFindClient.java and ParseFindProperty.java","messageBody":"","fileTypesAndContributionMap":{"functional-code":{"insertions":0,"deletions":2}}},{"hash":"6e0bf67717433cc11846cec28df9692f308d15a4","messageTitle":"Fix coding standards violation relating to Storage Exception handling","messageBody":"","fileTypesAndContributionMap":{"functional-code":{"insertions":63,"deletions":29}}},{"hash":"1aef51ebf5cd3937de4c2b9190464fe32d50ff47","messageTitle":"Fix access modifier errors that prevented Storage.java methods from using it","messageBody":"","fileTypesAndContributionMap":{"functional-code":{"insertions":4,"deletions":4}}}]},{"date":"2022-10-30","commitResults":[{"hash":"413ee42c82b593f06b55d8bff22def0afc86348e","messageTitle":"Add more test case for Storage feature to expand coverage","messageBody":"","fileTypesAndContributionMap":{"test-code":{"insertions":176,"deletions":68}}},{"hash":"6007f4b58e001f6f2a13b8ea90708a57a94e12ac","messageTitle":"Add delete, load and unpair test code for Storage","messageBody":"","fileTypesAndContributionMap":{"test-code":{"insertions":332,"deletions":9}}},{"hash":"0eb4ad075041cd11a7a4c33dfae1a7fa19de604c","messageTitle":"Fix coding style violation in StorageTest.java","messageBody":"","fileTypesAndContributionMap":{"test-code":{"insertions":7,"deletions":4}}},{"hash":"96875f303c32f72678dd0778583611da8c992c07","messageTitle":"Fix test error in StorageTest.java pertaining to deleting of property","messageBody":"","fileTypesAndContributionMap":{"test-code":{"insertions":6,"deletions":1}}},{"hash":"2bd20c4bf06260b05776a47cc6d11327bc44affb","messageTitle":"Fix delete client Storage test where it fails for MacOS","messageBody":"","fileTypesAndContributionMap":{"test-code":{"insertions":5,"deletions":1}}},{"hash":"8270673b4e266331b0a6b9a6b69517b42bb793a8","messageTitle":"Remove additional space in deleteClient test in StorageTest","messageBody":"","fileTypesAndContributionMap":{"test-code":{"insertions":3,"deletions":3}}}]},{"date":"2022-10-31","commitResults":[{"hash":"c77a50347622bae46b2755f10fe2011a1d9124cb","messageTitle":"Add test code for Find function","messageBody":"","fileTypesAndContributionMap":{"functional-code":{"insertions":37,"deletions":6},"test-code":{"insertions":174,"deletions":0}}},{"hash":"4dc98261b8bcb6bc9bb7a14ead071088fdf204cc","messageTitle":"Fix lamba indentation error in FindFunctionTest.java","messageBody":"","fileTypesAndContributionMap":{"test-code":{"insertions":1,"deletions":1}}},{"hash":"7428b5c885061debdd8f25a23d7fe173a88e0cf2","messageTitle":"Improve coding standards on ParserManager.java and Storage.java","messageBody":"","fileTypesAndContributionMap":{"functional-code":{"insertions":239,"deletions":209}}},{"hash":"e8ed7f8258b65f1e9328d93e82d195d3b5262212","messageTitle":"Redraw Storage and Find feature\u0027s Sequence diagram using UML","messageBody":"","fileTypesAndContributionMap":{"functional-code":{"insertions":17,"deletions":12},"docs":{"insertions":357,"deletions":0}}}]},{"date":"2022-11-01","commitResults":[{"hash":"6f381a37be70611ada67d7966786b5a718a7548a","messageTitle":"Add Wilson\u0027s Project Portfolio Page (PPP)","messageBody":"","fileTypesAndContributionMap":{"docs":{"insertions":56,"deletions":0}}}]},{"date":"2022-11-02","commitResults":[{"hash":"d962c06f4ac5604e9e08fb51d1037b38d22c4ab8","messageTitle":"Reformat Wilson Ng\u0027s PPP","messageBody":"","fileTypesAndContributionMap":{"docs":{"insertions":36,"deletions":36}}},{"hash":"b666351672c555f18a6657f2503a34abaa952a8f","messageTitle":"Fix grammatical error in wilsonngjingan.md","messageBody":"","fileTypesAndContributionMap":{"docs":{"insertions":2,"deletions":2}}},{"hash":"a25efbad3e8e1c4383cb63eababbd73459d7a004","messageTitle":"Add non functional requirement and finding function to manual testing part of DeveloperGuide.md","messageBody":"","fileTypesAndContributionMap":{"docs":{"insertions":35,"deletions":3}}}]},{"date":"2022-11-03","commitResults":[{"hash":"3cc498e73670696c46cd8d22dfaf18a14c178737","messageTitle":"Change the level for Logger in Storage.java","messageBody":"","fileTypesAndContributionMap":{"functional-code":{"insertions":11,"deletions":9}}},{"hash":"ffe20b7f312eda7c087df350a24fde2e3243714e","messageTitle":"Implement Help function to help user get a list of commands","messageBody":"","fileTypesAndContributionMap":{"functional-code":{"insertions":43,"deletions":6},"other":{"insertions":8,"deletions":8}}},{"hash":"63046f8cc9bff63ea561dba70ac18e0247fd046f","messageTitle":"Add Command, Exception and Parse class for Help Command","messageBody":"","fileTypesAndContributionMap":{"functional-code":{"insertions":64,"deletions":0}}},{"hash":"d2a2a33192d1668f7862398d3210af3c84fac378","messageTitle":"Add check message for help feature","messageBody":"","fileTypesAndContributionMap":{"functional-code":{"insertions":5,"deletions":1}}},{"hash":"44c52081225cb34720152c85154a725dbaaefb86","messageTitle":"Change the flag for delete feature in help message","messageBody":"","fileTypesAndContributionMap":{"functional-code":{"insertions":2,"deletions":2}}},{"hash":"0a9c221d550979082651da667e8ea847c2c66065","messageTitle":"Update Developer Guide with Find feature and fix incorrect UML diagram","messageBody":"","fileTypesAndContributionMap":{"docs":{"insertions":60,"deletions":32}}},{"hash":"5255040aa675a3ad31b2d1bbeb718ff6a1d6625b","messageTitle":"Change the file name for Wilson\u0027s PPP","messageBody":"","fileTypesAndContributionMap":{"docs":{"insertions":0,"deletions":0}}}]},{"date":"2022-11-04","commitResults":[{"hash":"71e1209a87b5e7e00e6646101aa3c5e2234b556a","messageTitle":"Add expected output for find function and include help function in UG","messageBody":"","fileTypesAndContributionMap":{"docs":{"insertions":74,"deletions":0}}},{"hash":"1c9bc55e5b3d7d4d6bf9ec445f65222946cf8c79","messageTitle":"Add expected output for add client and property function","messageBody":"","fileTypesAndContributionMap":{"functional-code":{"insertions":2,"deletions":2},"docs":{"insertions":23,"deletions":1}}},{"hash":"67198f98381d2e8c2607ef61162d0c0b431b854d","messageTitle":"Add screenshots of storage file in UserGuide.md to display storing format","messageBody":"","fileTypesAndContributionMap":{"docs":{"insertions":14,"deletions":0}}},{"hash":"5fe1247310bbba86e5b1afbc377c2c61318338a3","messageTitle":"Rename FindParser class name to improve readability","messageBody":"","fileTypesAndContributionMap":{"functional-code":{"insertions":4,"deletions":3},"other":{"insertions":8,"deletions":6},"test-code":{"insertions":14,"deletions":14}}},{"hash":"bd56a6177bd0312465e35a5800f281d16f510e9a","messageTitle":"Fix coding standard error in FindFunctionTest.java","messageBody":"","fileTypesAndContributionMap":{"test-code":{"insertions":7,"deletions":4}}},{"hash":"9db4e65f50e10b57a22762dfe438b0d6bff7ac61","messageTitle":"Fix indentation error in lamba function in FindFunctionTest.java","messageBody":"","fileTypesAndContributionMap":{"test-code":{"insertions":4,"deletions":4}}},{"hash":"456384b835fa13008ea2a3aa3bb89549dfe94692","messageTitle":"Add help as a feature in PPP","messageBody":"","fileTypesAndContributionMap":{"docs":{"insertions":9,"deletions":1}}},{"hash":"16ba0040211e1440c845d5c1349f8f6911124dbe","messageTitle":"Remove input lines from expected output codeblock in find and help command","messageBody":"","fileTypesAndContributionMap":{"docs":{"insertions":2,"deletions":3}}}]},{"date":"2022-11-05","commitResults":[{"hash":"6a51a1660c97bf1e994ac7bb30689672c69789ad","messageTitle":"Improve coding standard by removing magic literals","messageBody":"","fileTypesAndContributionMap":{"functional-code":{"insertions":53,"deletions":34}}},{"hash":"82228420ba55f5a7293fe44b6bc6528491bb92a6","messageTitle":"Remove additional ordered list in PPP","messageBody":"","fileTypesAndContributionMap":{"docs":{"insertions":1,"deletions":1}}},{"hash":"53bd5d570bc35651438f0ab547d24f43affc90d5","messageTitle":"Update github profile and portfolio in AboutUs.md","messageBody":"","fileTypesAndContributionMap":{"docs":{"insertions":1,"deletions":1}}},{"hash":"2b9b7cfe0225af414f1bd0411cb909de896b6aec","messageTitle":"Change the list for NFR in DeveloperGuide.md","messageBody":"","fileTypesAndContributionMap":{"docs":{"insertions":3,"deletions":4}}}]}],"FeliciaBeatrice":[{"date":"2022-09-30","commitResults":[{"hash":"a2c69a4c0e434a6922ce918af51fcb005e181eba","messageTitle":"Update AboutUs.md","messageBody":"","fileTypesAndContributionMap":{"docs":{"insertions":7,"deletions":7}}}]},{"date":"2022-10-09","commitResults":[{"hash":"7176654836af375470c8e24f09e85905ffb15bf2","messageTitle":"Created CommandDelete class, Created CommandDeleteClient class, Added deleteClient method to ClientList class","messageBody":"","fileTypesAndContributionMap":{"functional-code":{"insertions":46,"deletions":1}}}]},{"date":"2022-10-10","commitResults":[{"hash":"65f280652cfa87475a3ee9e54c9d8fb693801e8d","messageTitle":"Added UI messages, Added more exceptions","messageBody":"","fileTypesAndContributionMap":{"functional-code":{"insertions":54,"deletions":13}}},{"hash":"3949f56ae98f69630efb310a3c06ec5d552801be","messageTitle":"Delete Client Feature Implemented","messageBody":"","fileTypesAndContributionMap":{"functional-code":{"insertions":49,"deletions":8}}},{"hash":"ed9dfa14a794d950f88446200af70e89cb3ce458","messageTitle":"Added more exceptions","messageBody":"","fileTypesAndContributionMap":{"functional-code":{"insertions":20,"deletions":2}}},{"hash":"558ee7bc0b31dd87530191def8506934d3592e69","messageTitle":"Fixed coding standard violation","messageBody":"","fileTypesAndContributionMap":{"functional-code":{"insertions":22,"deletions":6}}}]},{"date":"2022-10-11","commitResults":[{"hash":"1f6e8791bbc47004b4a8899787d84a212fe7b354","messageTitle":"Fix Delete Client Feature","messageBody":"","fileTypesAndContributionMap":{"functional-code":{"insertions":63,"deletions":10}}},{"hash":"9da819ebc94c1b1e4994cee51fe38808976678e4","messageTitle":"Fix coding standard violations","messageBody":"","fileTypesAndContributionMap":{"functional-code":{"insertions":2,"deletions":1}}},{"hash":"8f34943542edbce6ef030ef19ecb635d09253767","messageTitle":"Fix Delete Client Exception Messages","messageBody":"","fileTypesAndContributionMap":{"functional-code":{"insertions":5,"deletions":3}}},{"hash":"c947804441b3a02a402e427124e0cda9c894d35a","messageTitle":"Fix Messages error","messageBody":"","fileTypesAndContributionMap":{"functional-code":{"insertions":0,"deletions":2}}}]},{"date":"2022-10-12","commitResults":[{"hash":"fe2d2539fd2b8fabc77222efcfdd8c7bcbd416aa","messageTitle":"Add Delete Property feature and exceptions","messageBody":"","fileTypesAndContributionMap":{"functional-code":{"insertions":167,"deletions":14}}},{"hash":"3fa4a73ae1bcb9c4cd99266760cea5f52f99bda1","messageTitle":"Fix minor code issues","messageBody":"","fileTypesAndContributionMap":{"functional-code":{"insertions":1,"deletions":1}}}]},{"date":"2022-10-19","commitResults":[{"hash":"401bd3653c4edb9bba13cc9f4357cfd36b3228fe","messageTitle":"Show deleted pairs when deleting","messageBody":"","fileTypesAndContributionMap":{"functional-code":{"insertions":38,"deletions":13}}}]},{"date":"2022-10-20","commitResults":[{"hash":"35dacd5316310e907b3dbe28872eb4975643ce8b","messageTitle":"Add Delete Client/Property Section in Developer Guide","messageBody":"","fileTypesAndContributionMap":{"docs":{"insertions":39,"deletions":1}}}]},{"date":"2022-10-23","commitResults":[{"hash":"a699020a70f8280995a94cbed3b2985bd6e0c3bb","messageTitle":"Show Property details when checking Property","messageBody":"","fileTypesAndContributionMap":{"functional-code":{"insertions":7,"deletions":3},"docs":{"insertions":1,"deletions":1}}},{"hash":"0de2b7e2bd830b6872fe20fb8c7d48d84de66558","messageTitle":"Implement Check Client","messageBody":"","fileTypesAndContributionMap":{"functional-code":{"insertions":206,"deletions":2}}}]},{"date":"2022-10-26","commitResults":[{"hash":"d5885a5e2680293bec3c4fec9ce2a8c5500df94c","messageTitle":"Add Delete Client/Property section to User Guide","messageBody":"","fileTypesAndContributionMap":{"docs":{"insertions":9,"deletions":0}}}]},{"date":"2022-10-30","commitResults":[{"hash":"afe8b01c059e36cc457c38111f5cc7991dd45097","messageTitle":"Show no pairings message when checking client with no pair","messageBody":"","fileTypesAndContributionMap":{"functional-code":{"insertions":20,"deletions":2}}}]},{"date":"2022-11-02","commitResults":[{"hash":"90b7e023a39ff55e2e22952b7ab17f81c2805aee","messageTitle":"Add and handle extra flags exception","messageBody":"","fileTypesAndContributionMap":{"functional-code":{"insertions":48,"deletions":5}}}]},{"date":"2022-11-03","commitResults":[{"hash":"1e01c687320d74168bbc69c924fc936c73629da0","messageTitle":"Add FeliciaBeatrice author tags","messageBody":"","fileTypesAndContributionMap":{"functional-code":{"insertions":27,"deletions":4}}},{"hash":"e975fc92def5bfb894f3ef2be97eff4d966b5697","messageTitle":"Fix gradle checkstylemain errors","messageBody":"","fileTypesAndContributionMap":{"functional-code":{"insertions":9,"deletions":1}}},{"hash":"73ff6d4b752213c6b6df2dc8e604c6c1e4e09d81","messageTitle":"Add FeliciaBeatrice PPP","messageBody":"","fileTypesAndContributionMap":{"docs":{"insertions":45,"deletions":0}}}]},{"date":"2022-11-04","commitResults":[{"hash":"ce8b697fae6bffb6b4597398758b552bc772e8ed","messageTitle":"Change Check Client command format","messageBody":"","fileTypesAndContributionMap":{"functional-code":{"insertions":19,"deletions":5}}},{"hash":"d7d4dbc350c280e67b68320b7610517e0f6635d4","messageTitle":"Update User Guide for Check Client command format","messageBody":"","fileTypesAndContributionMap":{"functional-code":{"insertions":1,"deletions":1},"docs":{"insertions":17,"deletions":2}}},{"hash":"ee539c5fc5b3e24ff63634541dd89a3e4b125fe3","messageTitle":"Change Delete Client/Property commands format","messageBody":"","fileTypesAndContributionMap":{"functional-code":{"insertions":13,"deletions":16}}},{"hash":"ec362cc20a27402bcb004a7137fc668c8dfaf6c8","messageTitle":"Update User Guide for Delete Client/Property commands format","messageBody":"","fileTypesAndContributionMap":{"docs":{"insertions":22,"deletions":4}}},{"hash":"239f2103edf43979e7fb63fd7028fca31cf004ef","messageTitle":"Fix Coding Standard Violations","messageBody":"","fileTypesAndContributionMap":{"functional-code":{"insertions":17,"deletions":14}}},{"hash":"a7a3fccae13255a5569e4b4d4304c84d224c00e9","messageTitle":"Add Delete Client PlantUML Sequence Diagram","messageBody":"","fileTypesAndContributionMap":{"docs":{"insertions":41,"deletions":2}}},{"hash":"093184a6066804e237517e578f1ec9818e5df083","messageTitle":"Add DeleteProperty PlantUML Sequence Diagram","messageBody":"","fileTypesAndContributionMap":{"docs":{"insertions":39,"deletions":0}}}]},{"date":"2022-11-06","commitResults":[{"hash":"a41560de4b5e1ce48b1ad6c5d7b9eff35f078bcd","messageTitle":"Separate INDEX_FLAGS to respective command flags","messageBody":"","fileTypesAndContributionMap":{"functional-code":{"insertions":10,"deletions":9}}},{"hash":"93fdd6529ae5dd8fbca67120c7b63824ca187657","messageTitle":"Create Check Client exceptions","messageBody":"","fileTypesAndContributionMap":{"functional-code":{"insertions":33,"deletions":5}}},{"hash":"4633b631e32bd40232c95db17f563025333550ff","messageTitle":"Localize Check Client exceptions","messageBody":"","fileTypesAndContributionMap":{"functional-code":{"insertions":26,"deletions":51}}},{"hash":"e59eb3efc018b4300c803860e07a6c10fc16fac2","messageTitle":"Create Delete Client/Property exceptions","messageBody":"","fileTypesAndContributionMap":{"functional-code":{"insertions":15,"deletions":0}}},{"hash":"95d24aa523a7bc8d233092cb9094b43ce4d76992","messageTitle":"Localize Delete Client exceptions","messageBody":"","fileTypesAndContributionMap":{"functional-code":{"insertions":94,"deletions":53}}},{"hash":"03b0e00d2e036f39fad366d71c8944d5d8220d16","messageTitle":"Localize Delete Property exceptions","messageBody":"","fileTypesAndContributionMap":{"functional-code":{"insertions":80,"deletions":47}}},{"hash":"7f393286a4802613d1e6eb1ecdd38f513edb50ee","messageTitle":"Delete unused exceptions","messageBody":"","fileTypesAndContributionMap":{"functional-code":{"insertions":0,"deletions":87}}},{"hash":"03130fc28ade4ac76bb1b43db7af0b488d9e1226","messageTitle":"Rename Check Client and Delete Client/Property parser classes","messageBody":"","fileTypesAndContributionMap":{"functional-code":{"insertions":3,"deletions":3},"other":{"insertions":269,"deletions":269}}},{"hash":"83edf6ec0feb66c0d76cae6fb27fc88ed3c21e7c","messageTitle":"Fix coding standard issues","messageBody":"","fileTypesAndContributionMap":{"functional-code":{"insertions":8,"deletions":7}}},{"hash":"efb7076d9d125209a996fd0f1c8ea16034eb7e86","messageTitle":"Add JavaDoc comments","messageBody":"","fileTypesAndContributionMap":{"functional-code":{"insertions":9,"deletions":0}}},{"hash":"b8d5bfcfd39e92d526d1ef0a00d1113e7219d697","messageTitle":"Refactor Delete and Check parser classes","messageBody":"","fileTypesAndContributionMap":{"functional-code":{"insertions":24,"deletions":0},"other":{"insertions":87,"deletions":83}}},{"hash":"f029bcc684a3a5ef3611ad14d7402b612d2d3e66","messageTitle":"Add manual testing section for Delete Client/Property and Check Client in DG","messageBody":"","fileTypesAndContributionMap":{"docs":{"insertions":65,"deletions":0}}},{"hash":"3eae6b0396ed63d3dba710ad342eded7432f8db2","messageTitle":"Create test code for Delete Client/Property","messageBody":"","fileTypesAndContributionMap":{"test-code":{"insertions":78,"deletions":0}}},{"hash":"a3fc9e11a3aaa37c6a7d77061cf22ca14f99b2fb","messageTitle":"Create test code for Check Client/Property","messageBody":"","fileTypesAndContributionMap":{"functional-code":{"insertions":2,"deletions":2},"test-code":{"insertions":48,"deletions":0}}},{"hash":"5caaad69c12d3dfc491465fa88373f31589ffa39","messageTitle":"Fix Delete test code","messageBody":"","fileTypesAndContributionMap":{"test-code":{"insertions":2,"deletions":2}}},{"hash":"d9f959b90cf9b6654efce7b4333e8cfbe6db0d25","messageTitle":"Fix test code error for Delete","messageBody":"","fileTypesAndContributionMap":{"test-code":{"insertions":8,"deletions":2}}}]}],"OVReader":[{"date":"2022-09-30","commitResults":[{"hash":"1827ec1c030703eb4aa0443bf6c283c6491c175e","messageTitle":"Add Name in AboutUs","messageBody":"","fileTypesAndContributionMap":{"docs":{"insertions":6,"deletions":6}}}]},{"date":"2022-10-09","commitResults":[{"hash":"0587c989dab0b8143bb4e8b1ca53a7769a10d41c","messageTitle":"Add Client Feature Implemented","messageBody":"","fileTypesAndContributionMap":{"functional-code":{"insertions":465,"deletions":25}}},{"hash":"fcd0a0396e3382c9658c79014db898068d318158","messageTitle":"Added JavaDoc for Command Add Client related Classes","messageBody":"","fileTypesAndContributionMap":{"functional-code":{"insertions":76,"deletions":14}}}]},{"date":"2022-10-11","commitResults":[{"hash":"d25b7b573d1bdb7fbf6c117d3f279ca0d38d4265","messageTitle":"Implementation of Add Property with Singapore Address and Renting Price Validation","messageBody":"","fileTypesAndContributionMap":{"functional-code":{"insertions":440,"deletions":76}}}]},{"date":"2022-10-12","commitResults":[{"hash":"3d70bd019563a217d906ac4489e7e5c3449b7691","messageTitle":"Added simple logging for CommandAddProperty and CommandAddClient","messageBody":"","fileTypesAndContributionMap":{"functional-code":{"insertions":10,"deletions":0}}},{"hash":"85e92d86c77932446b7b8d9432cacd75ba99df0c","messageTitle":"Add simple assertions for CommandAddProperty and CommandAddClient","messageBody":"","fileTypesAndContributionMap":{"functional-code":{"insertions":8,"deletions":0}}}]},{"date":"2022-10-13","commitResults":[{"hash":"25163ac51936b42b6db533652fe5e68209534e3b","messageTitle":"Add CommandAddClientTest Class","messageBody":"","fileTypesAndContributionMap":{"functional-code":{"insertions":0,"deletions":1},"test-code":{"insertions":86,"deletions":0}}},{"hash":"1026e66c2a6136b99b0b5f9db5c306768e122c52","messageTitle":"Add CommandAddPropertyTest Class","messageBody":"","fileTypesAndContributionMap":{"test-code":{"insertions":61,"deletions":0}}},{"hash":"a14c26917624c293c85f3b951e78aad9ee51193d","messageTitle":"Fix Minor Code Standard Violations","messageBody":"","fileTypesAndContributionMap":{"test-code":{"insertions":10,"deletions":8}}},{"hash":"a50660c01c16fd5ba28bf4f4025788d3995fa079","messageTitle":"Fix CI CheckStyleError","messageBody":"","fileTypesAndContributionMap":{"test-code":{"insertions":1,"deletions":1}}},{"hash":"0c4d8e778243776a4f6b019e6c4584022c628dd6","messageTitle":"Fix test fail error due to wrong sequencing of code","messageBody":"","fileTypesAndContributionMap":{"test-code":{"insertions":3,"deletions":2}}},{"hash":"d828b8f1ce5381fcd61f32afc757bfc3e835fb10","messageTitle":"Fix CI CheckStyleError","messageBody":"","fileTypesAndContributionMap":{"test-code":{"insertions":4,"deletions":3}}}]},{"date":"2022-10-19","commitResults":[{"hash":"4bc635520b05d2977df1f856bb9059891d9a8304","messageTitle":"Fix missing optional email feature for ParseAddClient and some typos","messageBody":"","fileTypesAndContributionMap":{"functional-code":{"insertions":54,"deletions":54}}},{"hash":"3ca5643fafacd358d08075b7c7798dfdf2506a55","messageTitle":"Fix magic number coding standard violation for ParseAddClient","messageBody":"","fileTypesAndContributionMap":{"functional-code":{"insertions":41,"deletions":26}}},{"hash":"83b72d782f47e7968b4bd33e874859220b66a0bf","messageTitle":"Fix discrepancies between ParseAddProperty and ParseAddClient","messageBody":"","fileTypesAndContributionMap":{"functional-code":{"insertions":78,"deletions":106}}},{"hash":"94bb6d82635a4dd03ca91bd8a84c6de5e61cd890","messageTitle":"Fix magic number coding violation for ParseAddProperty","messageBody":"","fileTypesAndContributionMap":{"functional-code":{"insertions":20,"deletions":13}}},{"hash":"92077f1bcf3e8cc817aeccdb93ad21efa3c9d686","messageTitle":"Extract validation regex as String constants for ParseAddClient","messageBody":"","fileTypesAndContributionMap":{"functional-code":{"insertions":13,"deletions":11}}},{"hash":"ec812f68eebb692816b7bff8389605278ee98f09","messageTitle":"Extract validation regex as String constants for ParseAddProperty","messageBody":"","fileTypesAndContributionMap":{"functional-code":{"insertions":40,"deletions":38}}},{"hash":"2cc2c86fbd708d1e87bf487f21bbfabc864268b4","messageTitle":"Extract common methods from ParseAddProperty and ParseAddClient into new superclass ParseAdd (ParserAdd Parent Class is Parser)","messageBody":"","fileTypesAndContributionMap":{"functional-code":{"insertions":67,"deletions":108}}},{"hash":"0b486406a250952009d18920da732f066aa81d97","messageTitle":"Add basic JavaDoc for Classes ParseAdd, ParseAddProperty and ParseAddClient","messageBody":"","fileTypesAndContributionMap":{"functional-code":{"insertions":9,"deletions":0}}}]},{"date":"2022-10-21","commitResults":[{"hash":"c69b1197be1c3c9bf5b9444eac0b746d844f5049","messageTitle":"Add Developer Guide (Draft) for Add Feature in Implementation section","messageBody":"","fileTypesAndContributionMap":{"docs":{"insertions":111,"deletions":0}}}]},{"date":"2022-10-22","commitResults":[{"hash":"aab4017f8a575c99f607a5043f753461e2a81762","messageTitle":"Fix Duplicate Bug for Add Property","messageBody":"","fileTypesAndContributionMap":{"functional-code":{"insertions":66,"deletions":48}}},{"hash":"b07751c8a54b35decd76e2571a7457cd3db5119b","messageTitle":"Fix Duplicate Bug for Add Client","messageBody":"","fileTypesAndContributionMap":{"functional-code":{"insertions":81,"deletions":48}}},{"hash":"d20358fe87fffdf187f3f8131c4441a0ee7c2efc","messageTitle":"Add Duplicate Exception Classes","messageBody":"","fileTypesAndContributionMap":{"functional-code":{"insertions":28,"deletions":0}}}]},{"date":"2022-10-24","commitResults":[{"hash":"0923b51329b1ac3b6f4d194049103e8308d6dc77","messageTitle":"Add Unit Type Validation (Singapore Context) for ParseAddProperty","messageBody":"","fileTypesAndContributionMap":{"functional-code":{"insertions":168,"deletions":9}}}]},{"date":"2022-10-25","commitResults":[{"hash":"da96075b0997a41d391b3bafee5e8fee68e128bb","messageTitle":"Add User Guide draft for Add Features","messageBody":"","fileTypesAndContributionMap":{"functional-code":{"insertions":1,"deletions":1},"docs":{"insertions":88,"deletions":0}}}]},{"date":"2022-10-26","commitResults":[{"hash":"31a668a08fde0e9a6be0d485f8f8c38e6fb9f916","messageTitle":"Extract first round of common methods in Parser","messageBody":"","fileTypesAndContributionMap":{"functional-code":{"insertions":72,"deletions":383}}}]},{"date":"2022-10-27","commitResults":[{"hash":"e61d1a1483ebc315afd257c69c8343fc6a6cc785","messageTitle":"Modify exceptions in ParseAddClient class to be class-based exceptions where they inherit a common superclass ParseAddClientException","messageBody":"","fileTypesAndContributionMap":{"functional-code":{"insertions":138,"deletions":86}}},{"hash":"c35900c0961d7d6c31699623cc41166df4f5c118","messageTitle":"Modify exceptions in ParseAddProperty class to be class-based exceptions where they inherit a superclass ParseAddPropertyException","messageBody":"","fileTypesAndContributionMap":{"functional-code":{"insertions":106,"deletions":49}}}]},{"date":"2022-10-30","commitResults":[{"hash":"d0b4c15b5f8291f51c59df91bc479c41d73a2fe2","messageTitle":"Fix case insensitive address duplication bug","messageBody":"","fileTypesAndContributionMap":{"functional-code":{"insertions":1,"deletions":1}}},{"hash":"2f15298e07aff244343c802a045ba26a7db16ccf","messageTitle":"Optimize price and budget error messages to be more straightforward","messageBody":"","fileTypesAndContributionMap":{"functional-code":{"insertions":4,"deletions":4}}},{"hash":"13468fed11221b183c4d2e831feb8d7827c6a6a5","messageTitle":"Add line separation between user input and exception messages with add related outputs for easy reading","messageBody":"","fileTypesAndContributionMap":{"functional-code":{"insertions":13,"deletions":0}}},{"hash":"2b0b0d6deca96d2f67e46cbf1b81731018669b2e","messageTitle":"Simplify postal code validation with updated shorter error messages","messageBody":"","fileTypesAndContributionMap":{"functional-code":{"insertions":5,"deletions":5}}}]},{"date":"2022-10-31","commitResults":[{"hash":"5c563f34d07b38f50e1a3027b4809764c0a07938","messageTitle":"Optimize address error message for easy reading","messageBody":"","fileTypesAndContributionMap":{"functional-code":{"insertions":15,"deletions":10}}},{"hash":"b6e903b7b0cb93341aa6f4ba5ed7a613028163c1","messageTitle":"Fix coding violations in ParseAddProperty","messageBody":"","fileTypesAndContributionMap":{"functional-code":{"insertions":14,"deletions":14}}},{"hash":"d6ee0b683b29f7f7ce4fb2b5ea0e39745cd63e0e","messageTitle":"Fix magic strings coding standard violation for Property class","messageBody":"","fileTypesAndContributionMap":{"functional-code":{"insertions":9,"deletions":5}}},{"hash":"f91b630a987ebc1447c62d0c3ccee72a098185a0","messageTitle":"Fix magic strings coding standard violations for Client toString() method","messageBody":"","fileTypesAndContributionMap":{"functional-code":{"insertions":9,"deletions":4}}},{"hash":"b8750d702b0f4d2a2377fab8dfafec9a6aba19f3","messageTitle":"Add validation between unit type and address format when adding property","messageBody":"","fileTypesAndContributionMap":{"functional-code":{"insertions":56,"deletions":5}}},{"hash":"f0c767b8b9ecf20d6044466c4f42cc3eb2e7258e","messageTitle":"Add AddressFormatUnitTypeMismatchException class","messageBody":"","fileTypesAndContributionMap":{"functional-code":{"insertions":16,"deletions":0}}}]},{"date":"2022-11-02","commitResults":[{"hash":"5bdad6d0e6993565c3f3da38c58d392035a8899d","messageTitle":"Replace add-related sequence diagrams with corresponding PlantUML version","messageBody":"","fileTypesAndContributionMap":{"docs":{"insertions":67,"deletions":2}}},{"hash":"e9a75d3a8054c74de3e085f8059c6cc6f4d3e808","messageTitle":"Replace add-related class diagrams with corresponding PlantUML version and update add feature in DG","messageBody":"","fileTypesAndContributionMap":{"docs":{"insertions":101,"deletions":3}}},{"hash":"405e5e6d41c1a0594a5950f9293ed6d0a7121964","messageTitle":"Add PPP for Ang Jia Le Marcus","messageBody":"","fileTypesAndContributionMap":{"docs":{"insertions":51,"deletions":0}}},{"hash":"6d966dd386bceb94154b8285269152c903abde35","messageTitle":"Change PPP file name to github username","messageBody":"","fileTypesAndContributionMap":{"docs":{"insertions":0,"deletions":0}}}]},{"date":"2022-11-03","commitResults":[{"hash":"3733cde0a1cbf14dbb5ed81a4065878a1827cf41","messageTitle":"Replace add-related sequence diagrams with corresponding PlantUML version","messageBody":"","fileTypesAndContributionMap":{"docs":{"insertions":67,"deletions":2}}},{"hash":"40426f73a26f962793ad31138768f4b2e2b98f5f","messageTitle":"Replace add-related class diagrams with corresponding PlantUML version and update add feature in DG","messageBody":"","fileTypesAndContributionMap":{"docs":{"insertions":101,"deletions":3}}},{"hash":"1acd8cd3d09d65fcac9b96ea8b1c8d1f0d5c689f","messageTitle":"Standardize add client sequence diagram colour scheme according to style (puml file)","messageBody":"","fileTypesAndContributionMap":{"docs":{"insertions":12,"deletions":10}}},{"hash":"9f7c16ff163cecf6b6bd55c3fb6cae8a10d6d42d","messageTitle":"Standandize add property sequence diagram colour scheme according to style (puml file)","messageBody":"","fileTypesAndContributionMap":{"docs":{"insertions":11,"deletions":10}}},{"hash":"bb6a30767c6ff00b209f7353a6d5e8e5a31a33e0","messageTitle":"Remove icons in class diagrams and update DG","messageBody":"","fileTypesAndContributionMap":{"docs":{"insertions":0,"deletions":0}}},{"hash":"5395b691cbfd82fa532ec5856db904f0c02ea578","messageTitle":"Remove outdated class/sequence diagrams","messageBody":"","fileTypesAndContributionMap":{"docs":{"insertions":0,"deletions":159}}}]},{"date":"2022-11-04","commitResults":[{"hash":"2d67852a10fdabebbb73b4e03423b8445f67ba35","messageTitle":"Add testing for ParseAddClient","messageBody":"","fileTypesAndContributionMap":{"functional-code":{"insertions":6,"deletions":8},"test-code":{"insertions":161,"deletions":0}}},{"hash":"b5982c5305b84f370d6bd8144cf8dba7cf796452","messageTitle":"Fix CI errors","messageBody":"","fileTypesAndContributionMap":{"test-code":{"insertions":4,"deletions":5}}},{"hash":"a38853b6a80d186cb02b90c481a2f8ef853fe836","messageTitle":"Change test method name to have methodName_input_expectedOutput() name format and fix some coding violations for CommandAdd-related test classes","messageBody":"","fileTypesAndContributionMap":{"test-code":{"insertions":29,"deletions":35}}},{"hash":"37a9b3744b1038665319a7620873341f3c5b8421","messageTitle":"Add testing for ParseAddProperty","messageBody":"","fileTypesAndContributionMap":{"test-code":{"insertions":180,"deletions":0}}},{"hash":"a170d280d8697fd5d4ebf4a2ec3ef1314e00934c","messageTitle":"Update add property section in UG","messageBody":"","fileTypesAndContributionMap":{"functional-code":{"insertions":2,"deletions":0},"docs":{"insertions":42,"deletions":21},"test-code":{"insertions":0,"deletions":10}}},{"hash":"0ee1ead4a1525c2ee18cdacdc7375899c8418575","messageTitle":"Update add client section in UG","messageBody":"","fileTypesAndContributionMap":{"docs":{"insertions":12,"deletions":14}}}]},{"date":"2022-11-05","commitResults":[{"hash":"34a64c0b60ee0d3a1843072e9cdec77b1471908e","messageTitle":"Fix various coding standard violations related to add command","messageBody":"","fileTypesAndContributionMap":{"functional-code":{"insertions":64,"deletions":39},"other":{"insertions":110,"deletions":102}}},{"hash":"f450dacc9092cf15da32bee72ebbb8dec1f5dd1d","messageTitle":"Package add-related classes","messageBody":"","fileTypesAndContributionMap":{"functional-code":{"insertions":4,"deletions":2},"other":{"insertions":82,"deletions":44},"test-code":{"insertions":20,"deletions":15}}},{"hash":"2028286927b97c86c491eac2f1fb593b85c26f4c","messageTitle":"Update CommandAddParser-related sections in DG","messageBody":"","fileTypesAndContributionMap":{"docs":{"insertions":20,"deletions":20}}},{"hash":"1bbe21033ea2d24d6c8ba5edb6b3db1b857179a5","messageTitle":"Improve phrasing for add feature implementation section in DG","messageBody":"","fileTypesAndContributionMap":{"docs":{"insertions":1,"deletions":1}}},{"hash":"764b0774ebea46aee706f50255e5f93cb444f949","messageTitle":"Add instructions for manual testing for add client","messageBody":"","fileTypesAndContributionMap":{"docs":{"insertions":1,"deletions":1}}},{"hash":"4e39233c0c1dd9430dc886db08dc11aa17340a18","messageTitle":"Add instructions for manual testing for add property","messageBody":"","fileTypesAndContributionMap":{"docs":{"insertions":153,"deletions":0}}},{"hash":"74db70a6cf042dd2ab3ce26de6a19e4694f9539c","messageTitle":"Add duplication cases for add in manual testing instructions","messageBody":"","fileTypesAndContributionMap":{"docs":{"insertions":33,"deletions":9}}},{"hash":"74b03ab893dc111ef48e2e144699f12720afb295","messageTitle":"Add details in glossary (DG)","messageBody":"","fileTypesAndContributionMap":{"docs":{"insertions":11,"deletions":5}}}]},{"date":"2022-11-06","commitResults":[{"hash":"d02dc44dd9b3ed3e5449998685aae3d3f4eac074","messageTitle":"Update PPP","messageBody":"","fileTypesAndContributionMap":{"functional-code":{"insertions":0,"deletions":1},"docs":{"insertions":12,"deletions":4}}},{"hash":"2fc0bbe166f6d87a3aede68f3235abb4abbff8c5","messageTitle":"Add page break","messageBody":"","fileTypesAndContributionMap":{"docs":{"insertions":1,"deletions":0}}}]}],"ngdeqi":[{"date":"2022-09-30","commitResults":[{"hash":"9d914abc0c186c0a79f63602b18ca94ca8faab9b","messageTitle":"Update AboutUs","messageBody":"","fileTypesAndContributionMap":{"docs":{"insertions":6,"deletions":6}}},{"hash":"ee453adcd3bfaf664ca58f8e57a0c1b4e8d8968a","messageTitle":"Update AboutUs with github link","messageBody":"","fileTypesAndContributionMap":{"docs":{"insertions":7,"deletions":7}}}]},{"date":"2022-10-09","commitResults":[{"hash":"0efd452196b8f11dd3c8fd031a354797e1cd3e05","messageTitle":"Put Exceptions into exception class","messageBody":"","fileTypesAndContributionMap":{"functional-code":{"insertions":3,"deletions":0},"other":{"insertions":18,"deletions":12}}}]},{"date":"2022-10-10","commitResults":[{"hash":"2ddc386534c19dafdf82f013aa4b86e104479629","messageTitle":"Add Pair and Unpair Features and refactoring","messageBody":"","fileTypesAndContributionMap":{"functional-code":{"insertions":434,"deletions":24}}},{"hash":"12323aff272742f53f2ad78574cdd73a43e9b58f","messageTitle":"Remove wildcard imports","messageBody":"","fileTypesAndContributionMap":{"functional-code":{"insertions":32,"deletions":3}}},{"hash":"637ee246e767773c2986c226b410f00c6830c7f8","messageTitle":"Fix coding standard violations","messageBody":"","fileTypesAndContributionMap":{"functional-code":{"insertions":11,"deletions":12}}},{"hash":"fa047da3a88a91a34ea623837ddd301748033ede","messageTitle":"Fx CI failure","messageBody":"","fileTypesAndContributionMap":{"functional-code":{"insertions":1,"deletions":0}}},{"hash":"35f5c393d32d0beaf72bbb764308caefed2fc17f","messageTitle":"Add some documentation, more exception handling for (non)existing pairs for Pair/Unpair feature","messageBody":"","fileTypesAndContributionMap":{"functional-code":{"insertions":111,"deletions":14}}}]},{"date":"2022-10-11","commitResults":[{"hash":"f8c81954577e67855b3822e89ed18f5c7a08c5a3","messageTitle":"Make PairingList addPairing compatible with Storage, add assertions and edit documentation","messageBody":"","fileTypesAndContributionMap":{"functional-code":{"insertions":40,"deletions":19}}},{"hash":"2e2e313f84f00274b73c7fa8f94cd16e0db90b78","messageTitle":"Add check property feature","messageBody":"","fileTypesAndContributionMap":{"functional-code":{"insertions":212,"deletions":6}}},{"hash":"effd7320575980aac2c5fb8426792e3bdb3a8a71","messageTitle":"Add CommandUndefinedMessage","messageBody":"","fileTypesAndContributionMap":{"functional-code":{"insertions":8,"deletions":1}}},{"hash":"0c5fcd7e8293acbf3190a4e1ea86da69bb701e2f","messageTitle":"Add some documentation","messageBody":"","fileTypesAndContributionMap":{"functional-code":{"insertions":0,"deletions":4}}},{"hash":"c908835282646240357bb34a19089a1b2f6ab314","messageTitle":"Add even more documentation","messageBody":"","fileTypesAndContributionMap":{"functional-code":{"insertions":53,"deletions":2}}}]},{"date":"2022-10-13","commitResults":[{"hash":"bb19a693a9ecb3bc061ac82ea8c6924dba8a2a0b","messageTitle":"Handle case where user pairs a property and client that are already paired","messageBody":"","fileTypesAndContributionMap":{"functional-code":{"insertions":54,"deletions":54}}},{"hash":"6738049aeaa37b81fe152151a9ec76c36ab4424c","messageTitle":"Handle unpair case where the the client and property to unpair are not actually paired","messageBody":"","fileTypesAndContributionMap":{"functional-code":{"insertions":7,"deletions":4}}},{"hash":"88d14e439f0a369b6312bcc9eac102ecd61f4b10","messageTitle":"Add assertions and Junit testing","messageBody":"","fileTypesAndContributionMap":{"functional-code":{"insertions":45,"deletions":19},"test-code":{"insertions":144,"deletions":0}}},{"hash":"a515689e7a030793d8aefe7630ffdbd766e8b00d","messageTitle":"Fix CI failure for PairingListTest","messageBody":"","fileTypesAndContributionMap":{"test-code":{"insertions":4,"deletions":4}}}]},{"date":"2022-10-16","commitResults":[{"hash":"ab6091fa7e6fea105376ae292467844fe5cd3b9d","messageTitle":"Clean up PairingListTest and PairingList after convertion to Client, Property hash map","messageBody":"","fileTypesAndContributionMap":{"functional-code":{"insertions":6,"deletions":6},"test-code":{"insertions":7,"deletions":23}}},{"hash":"c47ddcc156adabf060563bba1df5879edcf7c14d","messageTitle":"Extract common exceptions and parsing helper methods, shorten Duke","messageBody":"","fileTypesAndContributionMap":{"functional-code":{"insertions":698,"deletions":1006}}},{"hash":"deb1f32d731c3012ef78f506b1c3d2c7593de606","messageTitle":"Fix CI errors","messageBody":"","fileTypesAndContributionMap":{"functional-code":{"insertions":7,"deletions":5}}},{"hash":"21f36dc2e17844a6c3b25313b28b18b21ba528dd","messageTitle":"Delete extra parser classes","messageBody":"","fileTypesAndContributionMap":{"functional-code":{"insertions":0,"deletions":28}}}]},{"date":"2022-10-18","commitResults":[{"hash":"c27bed995826a1f82ef15e2e1b522f145f2ddfc4","messageTitle":"Move client and property subcommand flags to CommandStructure","messageBody":"","fileTypesAndContributionMap":{"functional-code":{"insertions":5,"deletions":2}}},{"hash":"cfdf4ab30012d6f10291806524406206dc0deea0","messageTitle":"Revert \"Move client and property subcommand flags to CommandStructure\"","messageBody":"This reverts commit c27bed995826a1f82ef15e2e1b522f145f2ddfc4.\n","fileTypesAndContributionMap":{"functional-code":{"insertions":2,"deletions":5}}},{"hash":"662c302d394836bf809dfcb3c71d90b1161b2b27","messageTitle":"Move client and property subcommand flags to CommandStructure class","messageBody":"","fileTypesAndContributionMap":{"functional-code":{"insertions":5,"deletions":2}}},{"hash":"8b832a77bfa65b1b004725c62cf8f92192cd4740","messageTitle":"Add budget checker for Pairing feature","messageBody":"","fileTypesAndContributionMap":{"functional-code":{"insertions":47,"deletions":8}}},{"hash":"b9b4a63b4892c50036130750fb34ae5d6bc95d7d","messageTitle":"Add budget checker tests for pairingList","messageBody":"","fileTypesAndContributionMap":{"test-code":{"insertions":15,"deletions":0}}}]},{"date":"2022-10-20","commitResults":[{"hash":"e948c7d4ff0fa0843488e3c40c2c93b7cac41936","messageTitle":"Add user stories","messageBody":"","fileTypesAndContributionMap":{"docs":{"insertions":19,"deletions":5}}},{"hash":"89bc084a375513036f05527cb8790b434ce57515","messageTitle":"Write Pair Unpair sections of Developer Guide","messageBody":"","fileTypesAndContributionMap":{"docs":{"insertions":74,"deletions":4}}}]},{"date":"2022-10-22","commitResults":[{"hash":"bf2612865ad73fc47a13448923739bd0b86769ba","messageTitle":"Create AddPair sequence diagram, Architecture diagram and style.puml","messageBody":"","fileTypesAndContributionMap":{"docs":{"insertions":271,"deletions":1}}}]},{"date":"2022-10-24","commitResults":[{"hash":"0a592c30a78d7eeed6f4637c911e028900d69305","messageTitle":"Create style.puml to standardize color scheme","messageBody":"","fileTypesAndContributionMap":{"docs":{"insertions":43,"deletions":1}}},{"hash":"96f3a2052f86ed35719ab0b597a75be507185a1c","messageTitle":"Update DG User story","messageBody":"","fileTypesAndContributionMap":{"docs":{"insertions":2,"deletions":3}}},{"hash":"3ea0c62aae41e3c249dc9d6dc87163f8976fcf33","messageTitle":"Add WIP Architecture diagram","messageBody":"","fileTypesAndContributionMap":{"docs":{"insertions":1,"deletions":0}}},{"hash":"1b6d14165c8b21cd7390ab06958fd3f90b52eee4","messageTitle":"Add User Guide sections, table of contents, pair, unpair and check information","messageBody":"","fileTypesAndContributionMap":{"docs":{"insertions":84,"deletions":15}}},{"hash":"1b0edf7d5058efd3e63b81780df671ee23c23a9c","messageTitle":"Add more sections and correct typos","messageBody":"","fileTypesAndContributionMap":{"docs":{"insertions":12,"deletions":10}}}]},{"date":"2022-10-27","commitResults":[{"hash":"3e68c6f52c62fb040aaaae68868b21cc5bdaef4f","messageTitle":"Add specialised pair unpair exceptions","messageBody":"","fileTypesAndContributionMap":{"functional-code":{"insertions":227,"deletions":82},"other":{"insertions":4,"deletions":2}}},{"hash":"c18f524d1fb4a17af076e5513665b2b18ecd9b8a","messageTitle":"Throw command exception in .execute() methods for pair and unpair","messageBody":"","fileTypesAndContributionMap":{"functional-code":{"insertions":283,"deletions":216}}},{"hash":"299db767b5ad2849fa157f1201e6cdc0055f46bf","messageTitle":"Add specialised check property exceptions and throw command exception in .execute() method for check property","messageBody":"","fileTypesAndContributionMap":{"functional-code":{"insertions":193,"deletions":95},"other":{"insertions":4,"deletions":2}}}]},{"date":"2022-10-29","commitResults":[{"hash":"fb20d84c04289ab971073b0f766f7bf42c2654e9","messageTitle":"Add pair unpair check property exception documentation and enhance error messages","messageBody":"","fileTypesAndContributionMap":{"functional-code":{"insertions":133,"deletions":42}}},{"hash":"4b2e157ccd2ca2f038a8c9b34b7b35d143c3fe2a","messageTitle":"Fix CI issues","messageBody":"","fileTypesAndContributionMap":{"functional-code":{"insertions":2,"deletions":1}}},{"hash":"dc3f1c693302e384e3d598c88a3d5b84f2e79406","messageTitle":"Edit check sections of UG","messageBody":"","fileTypesAndContributionMap":{"docs":{"insertions":3,"deletions":3}}},{"hash":"1a6b533b250dc7b613f67b14bc80cdc7dcf7c46e","messageTitle":"Edit check property section of UG","messageBody":"","fileTypesAndContributionMap":{"docs":{"insertions":1,"deletions":1}}},{"hash":"1881966a0f9dfc4b013936e8c29583a5fc0ef967","messageTitle":"Fix broken link to releases","messageBody":"","fileTypesAndContributionMap":{"docs":{"insertions":1,"deletions":1}}}]},{"date":"2022-10-30","commitResults":[{"hash":"91b77325c386997063604a7059246ccf84864b4a","messageTitle":"Fix Quick Start section","messageBody":"","fileTypesAndContributionMap":{"docs":{"insertions":11,"deletions":1}}},{"hash":"e7494c9cf8613a0464426c3b1338fca25cfabb08","messageTitle":"Add newlines before  UG and DG tables","messageBody":"","fileTypesAndContributionMap":{"docs":{"insertions":2,"deletions":0}}}]},{"date":"2022-10-31","commitResults":[{"hash":"b50eb45a56beb87262f4edf68705bc386417cc73","messageTitle":"Improve code quality","messageBody":"","fileTypesAndContributionMap":{"functional-code":{"insertions":89,"deletions":25},"other":{"insertions":12,"deletions":64}}},{"hash":"efe912a09bda08fd8c50848f480ae9a3af09f465","messageTitle":"Simplify messages","messageBody":"","fileTypesAndContributionMap":{"functional-code":{"insertions":13,"deletions":26}}},{"hash":"84da7df89fdbb42aa713a0e26695eacd010ef481","messageTitle":"Fix Ui formatting issues","messageBody":"","fileTypesAndContributionMap":{"functional-code":{"insertions":2,"deletions":2}}}]},{"date":"2022-11-01","commitResults":[{"hash":"915065ed4df264ebc66f72ee64956814ebf927f6","messageTitle":"Edit DG for pairingList","messageBody":"","fileTypesAndContributionMap":{"functional-code":{"insertions":7,"deletions":5},"docs":{"insertions":176,"deletions":183}}},{"hash":"37e4550d1dce8555c42b2fd0a20f7091cdc4bbaa","messageTitle":"Add manual testing instructions","messageBody":"","fileTypesAndContributionMap":{"functional-code":{"insertions":1,"deletions":1},"docs":{"insertions":127,"deletions":2}}},{"hash":"692d19e16d4dba37e57ec4c679b31a078df2f63b","messageTitle":"Fix PairingListAPICD error","messageBody":"","fileTypesAndContributionMap":{"docs":{"insertions":2,"deletions":2}}},{"hash":"6751a59cd9c4e645111b4e8aa2ad1989a4dd5136","messageTitle":"Add PPP","messageBody":"","fileTypesAndContributionMap":{"docs":{"insertions":49,"deletions":0}}}]},{"date":"2022-11-02","commitResults":[{"hash":"b0802f36d6da6f92c74e1d9f68f1b5445659d72b","messageTitle":"Fix grammar issues","messageBody":"","fileTypesAndContributionMap":{"docs":{"insertions":2,"deletions":2}}},{"hash":"065f8a1dc9670ac648a94452bb9f5b45433d510c","messageTitle":"Reorganize sections, add Product Scope","messageBody":"","fileTypesAndContributionMap":{"docs":{"insertions":58,"deletions":70}}},{"hash":"2ab9c4044218f602e2d24eb82bd2a100fb214547","messageTitle":"Add check feature implentation section header","messageBody":"","fileTypesAndContributionMap":{"docs":{"insertions":21,"deletions":5}}},{"hash":"87f7d959deda7d4a10113351303db70f6de868ca","messageTitle":"Refactor pair and unpair parser names to reflect DG","messageBody":"","fileTypesAndContributionMap":{"functional-code":{"insertions":4,"deletions":2},"other":{"insertions":8,"deletions":6}}},{"hash":"22e6627d6b43daa8427723acf477a152226b66bd","messageTitle":"Delete check section from DG","messageBody":"","fileTypesAndContributionMap":{"docs":{"insertions":0,"deletions":16}}},{"hash":"177cd7693c3ff14db4748a801b240505eaa9201f","messageTitle":"Add expected output for pair, unpair and check property. Delete common error messages table","messageBody":"","fileTypesAndContributionMap":{"docs":{"insertions":52,"deletions":17}}}]},{"date":"2022-11-03","commitResults":[{"hash":"faa76cc596269be36178aca124b3f39e11856c60","messageTitle":"Edit UG and DG to reflect change in check command flag","messageBody":"","fileTypesAndContributionMap":{"docs":{"insertions":8,"deletions":8}}},{"hash":"cd0f8176956aeef2744af50af431db3fe60db2ed","messageTitle":"Edit check property flags and messages","messageBody":"","fileTypesAndContributionMap":{"functional-code":{"insertions":3,"deletions":3}}},{"hash":"e54defa272fcca357ac80fbd5010e64da27f1d78","messageTitle":"Add exception and handling for check property extra parameters","messageBody":"","fileTypesAndContributionMap":{"functional-code":{"insertions":57,"deletions":10}}},{"hash":"eca51e2e50ad4002bf0f0d5cb106d899bdc60584","messageTitle":"Remove ParserManager\u0027s dependency on pairingList","messageBody":"","fileTypesAndContributionMap":{"functional-code":{"insertions":2,"deletions":4}}},{"hash":"de58209ecf26ae6b8a0e98e9f3bf3e5307f6ba5f","messageTitle":"Add checking and exceptions for extra arguments in pair and unpair","messageBody":"","fileTypesAndContributionMap":{"functional-code":{"insertions":100,"deletions":6}}},{"hash":"f56f43e3d00240b7fda1662e582c0a041dc7b2b5","messageTitle":"Fix CI issues","messageBody":"","fileTypesAndContributionMap":{"functional-code":{"insertions":2,"deletions":2}}}]},{"date":"2022-11-04","commitResults":[{"hash":"0ddfdfb7ce3d997fc69d23da173df41aa694d57a","messageTitle":"Final code quality check and refactoring for pair, unpair and check code","messageBody":"","fileTypesAndContributionMap":{"functional-code":{"insertions":79,"deletions":58},"other":{"insertions":43,"deletions":47},"docs":{"insertions":0,"deletions":6},"test-code":{"insertions":10,"deletions":13}}},{"hash":"8d6530cf6c50ccabc80aba93b736ffb7ed6c1ef3","messageTitle":"Add UG clause for limit on integer index values","messageBody":"","fileTypesAndContributionMap":{"docs":{"insertions":2,"deletions":0}}},{"hash":"9613dc4d84ce855ad6be0a1df0e567a5336fd087","messageTitle":"Edit UG and DG to reflect refactoring","messageBody":"","fileTypesAndContributionMap":{"docs":{"insertions":29,"deletions":24}}}]},{"date":"2022-11-05","commitResults":[{"hash":"73a9523fdb9fa1f72c2f9e4dfa28617f92f75b19","messageTitle":"Update DG UML diagrams to reflect refactoring","messageBody":"","fileTypesAndContributionMap":{"docs":{"insertions":14,"deletions":14}}},{"hash":"23cf118e3b7fd21239777cbf81e9a693ce26d1db","messageTitle":"Final readingo of UG and DG for pair, unpair, check property","messageBody":"","fileTypesAndContributionMap":{"docs":{"insertions":6,"deletions":8}}},{"hash":"539891097d8e957b42ba559eae93b1c95236150a","messageTitle":"Final edit to pairingList sequence diagram","messageBody":"","fileTypesAndContributionMap":{"docs":{"insertions":4,"deletions":4}}},{"hash":"c1d32abb40eae74dfab39da86feeb58019f66ae1","messageTitle":"Fix broken pairingList link and sectioning problem in DG","messageBody":"","fileTypesAndContributionMap":{"docs":{"insertions":3,"deletions":1}}},{"hash":"846fb43db5edef2bd7f8af6cebd7ff00e3e68c33","messageTitle":"Fix PPP problem","messageBody":"","fileTypesAndContributionMap":{"docs":{"insertions":3,"deletions":1}}},{"hash":"cdcf0c1b30a7b7aa0896cc218fb2bc48e869db3b","messageTitle":"Fix another PPP typo","messageBody":"","fileTypesAndContributionMap":{"docs":{"insertions":1,"deletions":1}}},{"hash":"9f6bcde9acece1b314d1be284d41097b876925c3","messageTitle":"Fix UG command summary link","messageBody":"","fileTypesAndContributionMap":{"docs":{"insertions":1,"deletions":0}}},{"hash":"b855a1bd1313ec2a5259d880099b8ef289128e49","messageTitle":"Fix README, AboutUs and docs/README.md","messageBody":"","fileTypesAndContributionMap":{"docs":{"insertions":27,"deletions":12}}},{"hash":"19a0ac033c92eac6f53d7d4b9d27ba2cf99da95a","messageTitle":"Fix more UG DG ngdeqi PPP formatting ssues","messageBody":"","fileTypesAndContributionMap":{"docs":{"insertions":6,"deletions":3}}}]}],"zoranabc201":[{"date":"2022-09-30","commitResults":[{"hash":"bb7b96387e4f831a7d0aa0bb21edf9c9518ec7dd","messageTitle":"Update AboutUs","messageBody":"","fileTypesAndContributionMap":{"docs":{"insertions":6,"deletions":6}}}]},{"date":"2022-10-12","commitResults":[{"hash":"649746bac694fc092edcf0b62d614472a588975d","messageTitle":"Add list and bye","messageBody":"","fileTypesAndContributionMap":{"functional-code":{"insertions":141,"deletions":7}}},{"hash":"918842fa4972dd755b517b57f2c18538d0839724","messageTitle":"Add list and bye features","messageBody":"","fileTypesAndContributionMap":{"functional-code":{"insertions":5,"deletions":5}}}]},{"date":"2022-10-18","commitResults":[{"hash":"dba50f85fb14dc2282d52e5f058d1fa4d80d88a6","messageTitle":"Add List with Tags feature. Add bye message.","messageBody":"","fileTypesAndContributionMap":{"functional-code":{"insertions":354,"deletions":43}}}]},{"date":"2022-10-19","commitResults":[{"hash":"5f4213746959f897f81afe848abc3ea014e72b84","messageTitle":"Update CommandStructure.java","messageBody":"","fileTypesAndContributionMap":{"functional-code":{"insertions":1,"deletions":1}}}]},{"date":"2022-10-21","commitResults":[{"hash":"249872e75aa507a53f182fe6edd6040eb4893ab6","messageTitle":"Update developer guide to include list","messageBody":"","fileTypesAndContributionMap":{"docs":{"insertions":69,"deletions":0}}}]},{"date":"2022-10-24","commitResults":[{"hash":"3b5bea77870b8761ece590bafb612ed2f589b746","messageTitle":"Fix bug where it would say there are 1 properties in the list","messageBody":"","fileTypesAndContributionMap":{"functional-code":{"insertions":28,"deletions":24}}},{"hash":"04d959d6fd63b25399fb5cf9500283a68dd94483","messageTitle":"Fix gradlew CLI test fail","messageBody":"","fileTypesAndContributionMap":{"functional-code":{"insertions":2,"deletions":2}}},{"hash":"657d4844cf693ce9af28ada8b7f755d0431efbef","messageTitle":"Add short feature for list. Refactor Bye class to Quit.","messageBody":"","fileTypesAndContributionMap":{"functional-code":{"insertions":64,"deletions":25},"other":{"insertions":18,"deletions":18}}},{"hash":"94ff510073316d6d83c984df8dba261c484f7c19","messageTitle":"Reverse commit to not refactor CommandBye in this commit","messageBody":"","fileTypesAndContributionMap":{"functional-code":{"insertions":6,"deletions":6},"other":{"insertions":1,"deletions":1}}},{"hash":"5544567f6681d393d4557d71cf8cf9609f4ab03c","messageTitle":"Fix gradlew CheckStyle bugs","messageBody":"","fileTypesAndContributionMap":{"functional-code":{"insertions":4,"deletions":2}}},{"hash":"a3db985fb6adb4cc65bae03034d0ddacb9681278","messageTitle":"Refactor CommandBye to CommandQuit","messageBody":"","fileTypesAndContributionMap":{"functional-code":{"insertions":6,"deletions":6},"other":{"insertions":1,"deletions":1}}}]},{"date":"2022-10-25","commitResults":[{"hash":"dd58ebeed77bd5c8bc1b0750ba3155583f6d2b56","messageTitle":"Update developer guide to include list -short. Add sequence diagram","messageBody":"","fileTypesAndContributionMap":{"docs":{"insertions":10,"deletions":5}}},{"hash":"b1a4ef4003400ef29d2113a6727f48ff5647895b","messageTitle":"Fix typo in DG.","messageBody":"","fileTypesAndContributionMap":{"docs":{"insertions":2,"deletions":2}}},{"hash":"e4a1570969019bd9d9005f5aa08f8cdd685fe03b","messageTitle":"Update UserGuide","messageBody":"","fileTypesAndContributionMap":{"docs":{"insertions":35,"deletions":0}}},{"hash":"50083d0b046bc9b92d4b1fdd75cd1439a00a9fe7","messageTitle":"Change index to include list component","messageBody":"","fileTypesAndContributionMap":{"docs":{"insertions":1,"deletions":0}}},{"hash":"607b5411d78aab23a1256c3cfc1c63dc626930bd","messageTitle":"Update DG to avoid MCs","messageBody":"","fileTypesAndContributionMap":{"docs":{"insertions":1,"deletions":0}}},{"hash":"5d82adfe14303670f1a561981c4493b1c7cd9ad4","messageTitle":"Update UG to include list links","messageBody":"","fileTypesAndContributionMap":{"docs":{"insertions":5,"deletions":2}}}]},{"date":"2022-10-27","commitResults":[{"hash":"b51d809f86f9d524016244b6cf26667760f9753f","messageTitle":"Fix list sequence discrepancy","messageBody":"","fileTypesAndContributionMap":{"docs":{"insertions":1,"deletions":1}}}]},{"date":"2022-10-31","commitResults":[{"hash":"fbea98fe97a2c7c037a9203ce5c94a6553ec932f","messageTitle":"Add list pairs feature","messageBody":"","fileTypesAndContributionMap":{"functional-code":{"insertions":139,"deletions":11}}}]},{"date":"2022-11-01","commitResults":[{"hash":"2bd636be10e7a994ef6b3ebec72ea938776120ca","messageTitle":"Fix regression with list -pair not being recognised","messageBody":"","fileTypesAndContributionMap":{"functional-code":{"insertions":3,"deletions":0}}},{"hash":"ecf3e03cfd1c8d5f4f42d9921a953da740d4dc9c","messageTitle":"Add newline at the end of commands. Remove some magic literals.","messageBody":"","fileTypesAndContributionMap":{"functional-code":{"insertions":25,"deletions":8}}},{"hash":"d12a05d2c922024c06efbfc5319237041c6b52fb","messageTitle":"Fix coding standard violations - Remove magic literals. Fix comment indent. Add assert statements.","messageBody":"","fileTypesAndContributionMap":{"functional-code":{"insertions":99,"deletions":34}}},{"hash":"1f962aa1d7d858f92df19693cc8dd4c68a21407b","messageTitle":"Add @@author tags for zoranabc201. Fix minor coding violation I discovered.","messageBody":"","fileTypesAndContributionMap":{"functional-code":{"insertions":44,"deletions":17}}},{"hash":"b47e18138adb2b09f5331b7d94980f17f3d5497f","messageTitle":"Create PPP first draft- Syed Omar Zoran","messageBody":"","fileTypesAndContributionMap":{"docs":{"insertions":30,"deletions":0}}}]},{"date":"2022-11-03","commitResults":[{"hash":"d1281f9c4cc3a15a9d8016cee8716fb0d5c32bf8","messageTitle":"Update DG to include list pairs","messageBody":"","fileTypesAndContributionMap":{"docs":{"insertions":11,"deletions":8}}}]},{"date":"2022-11-04","commitResults":[{"hash":"7674e627ec4806e1fb6b7fc2f6a4905ce7e52bf0","messageTitle":"Change DG to include list pairs","messageBody":"","fileTypesAndContributionMap":{"docs":{"insertions":51,"deletions":40}}},{"hash":"679d97647c70810480245bfc1321a7f7e32dd6e9","messageTitle":"Add manual testing info for list","messageBody":"","fileTypesAndContributionMap":{"docs":{"insertions":121,"deletions":1}}},{"hash":"c50a5d7cbe41fe7176b7703f445b99e21dc94590","messageTitle":"Update DG to include list pairs","messageBody":"","fileTypesAndContributionMap":{"docs":{"insertions":11,"deletions":8}}},{"hash":"e3f9a4e55f94889fbae55a2e8160d56c99bf3971","messageTitle":"Update UG to include list -pair features.","messageBody":"","fileTypesAndContributionMap":{"docs":{"insertions":125,"deletions":15}}},{"hash":"50eaef4ea445db834db44bf309caa07c8d2d4846","messageTitle":"Update AboutUs Page. Fix indentation bug. Fix error messages","messageBody":"","fileTypesAndContributionMap":{"functional-code":{"insertions":11,"deletions":11},"docs":{"insertions":7,"deletions":8}}}]},{"date":"2022-11-06","commitResults":[{"hash":"868d4cd3517b91c549bc2f950b2f753c6b37c871","messageTitle":"Refactored FLAGS to TAGS. Added some documentation.","messageBody":"","fileTypesAndContributionMap":{"functional-code":{"insertions":159,"deletions":84}}},{"hash":"d616f29955aedeb33b80189fe21e33901ed810bd","messageTitle":"Fix AboutUs formatting issue","messageBody":"","fileTypesAndContributionMap":{"docs":{"insertions":36,"deletions":31}}}]}]},"authorFileTypeContributionMap":{"wilsonngja":{"docs":769,"functional-code":1919,"test-code":702,"other":1},"FeliciaBeatrice":{"docs":268,"functional-code":743,"test-code":132},"OVReader":{"docs":650,"functional-code":1377,"test-code":483},"ngdeqi":{"docs":768,"functional-code":1601,"test-code":128},"zoranabc201":{"docs":393,"functional-code":797,"test-code":0}},"authorContributionVariance":{"wilsonngja":144136.31,"FeliciaBeatrice":43031.668,"OVReader":38859.906,"ngdeqi":94535.42,"zoranabc201":9796.888},"authorDisplayNameMap":{"wilsonngja":"CS2113-F11-1 WILS..G AN","FeliciaBeatrice":"CS2113-F11-1 FELI..LAUW","OVReader":"CS2113-F11-1 ANG ..RCUS","ngdeqi":"CS2113-F11-1 NG D..E QI","zoranabc201":"CS2113-F11-1 SYED..ORAN"}}
