{"authorDailyContributionsMap":{"redders7":[{"date":"2022-09-29","commitResults":[{"hash":"25eaf1a53826bd92c5800cb7f9ad1713a68e0ff5","messageTitle":"Updated AboutUs","messageBody":"","fileTypesAndContributionMap":{"docs":{"insertions":7,"deletions":7}}}]},{"date":"2022-10-06","commitResults":[{"hash":"ad3922e2d1117dbaae69db2254e146862db0aeb8","messageTitle":"Revert \"commit\"","messageBody":"","fileTypesAndContributionMap":{"other":{"insertions":0,"deletions":10},"docs":{"insertions":1,"deletions":2}}},{"hash":"7c881803ce19867f671537561ad69fb15bd1a5ad","messageTitle":"Added necessary classes","messageBody":"","fileTypesAndContributionMap":{"functional-code":{"insertions":25,"deletions":4}}}]},{"date":"2022-10-09","commitResults":[{"hash":"f94bd8fb4c12fd37eb718743ccb9e787ad4c5ec4","messageTitle":"Added Media parent class and Movie child class.","messageBody":"","fileTypesAndContributionMap":{"functional-code":{"insertions":50,"deletions":2}}},{"hash":"1c2a4600d11108c3d542a732991e9e2acbca833a","messageTitle":"Fixed Checkstyle","messageBody":"","fileTypesAndContributionMap":{"functional-code":{"insertions":1,"deletions":0}}}]},{"date":"2022-10-13","commitResults":[{"hash":"abed3287ab1ac7d081907af97022d93be4123420","messageTitle":"Updated User Guide for v1.0","messageBody":"","fileTypesAndContributionMap":{"docs":{"insertions":30,"deletions":19}}},{"hash":"895a6e7d28db03b74d540faee8148570d0665b09","messageTitle":"Added assertions and logging to Media and Movie classes.","messageBody":"","fileTypesAndContributionMap":{"functional-code":{"insertions":21,"deletions":1}}},{"hash":"ca2bef503f45da4766f757ba525548eedf95ae8d","messageTitle":"Added JUnit test for Movie","messageBody":"","fileTypesAndContributionMap":{"test-code":{"insertions":14,"deletions":0}}},{"hash":"a3e86b9d21f88697f6ececd897b3871d318f846f","messageTitle":"Fix Checkstyle","messageBody":"","fileTypesAndContributionMap":{"test-code":{"insertions":2,"deletions":3}}}]},{"date":"2022-10-17","commitResults":[{"hash":"5ca05967709deedacddc32a9bd1623432f8b2089","messageTitle":"Added TV Shows child class and test cases. Added genre attribute to Movies and TV Shows classes.","messageBody":"","fileTypesAndContributionMap":{"functional-code":{"insertions":83,"deletions":23},"docs":{"insertions":27,"deletions":0},"test-code":{"insertions":25,"deletions":2}}},{"hash":"8aa560a9974047b36e70b7df0693069be1bb4aa0","messageTitle":"Fix Checkstyle for TvShowTest class.","messageBody":"","fileTypesAndContributionMap":{"other":{"insertions":1,"deletions":1}}}]},{"date":"2022-10-18","commitResults":[{"hash":"8dd23a39c0c99bf5b663dce0b4bc4270010cb7b2","messageTitle":"Fixed checkstyle.","messageBody":"","fileTypesAndContributionMap":{"functional-code":{"insertions":4,"deletions":11}}},{"hash":"364587bdb4eaaea9365d264dce9d807137a9defc","messageTitle":"Fix IOTest","messageBody":"","fileTypesAndContributionMap":{"other":{"insertions":1,"deletions":1}}},{"hash":"e2804f7f99328d46e42b049ead0a5c461fb80a94","messageTitle":"Fixed TestUI files","messageBody":"","fileTypesAndContributionMap":{"docs":{"insertions":12,"deletions":5}}}]},{"date":"2022-10-20","commitResults":[{"hash":"5069bc178c1464857e6703ba26fb1baa000c92d4","messageTitle":"Updated Test cases and UG","messageBody":"","fileTypesAndContributionMap":{"other":{"insertions":1,"deletions":4},"docs":{"insertions":26,"deletions":20},"test-code":{"insertions":4,"deletions":4}}},{"hash":"f055b4f473b1604ed7527a558c3763f0a6bc134f","messageTitle":"Fixed runtest.sh","messageBody":"","fileTypesAndContributionMap":{"other":{"insertions":1,"deletions":1}}},{"hash":"a9c8668f26312a4ac6e752497db258e98d8bfc1a","messageTitle":"Removed date tests","messageBody":"","fileTypesAndContributionMap":{"test-code":{"insertions":0,"deletions":2}}},{"hash":"001db2620c9fceee712e970cd52bae5c966cff1f","messageTitle":"Commented out TvShowTests","messageBody":"","fileTypesAndContributionMap":{"test-code":{"insertions":13,"deletions":13}}},{"hash":"03c19865cf8881ee46c4476fbb029189088c43d4","messageTitle":"Removed logo for IO Test","messageBody":"","fileTypesAndContributionMap":{"functional-code":{"insertions":1,"deletions":1},"docs":{"insertions":4,"deletions":2}}},{"hash":"2c50315f05fae0d83cf5b4f20cf0cb862dec1fde","messageTitle":"fix unix test","messageBody":"","fileTypesAndContributionMap":{"other":{"insertions":0,"deletions":2}}}]},{"date":"2022-10-26","commitResults":[{"hash":"1ae47ba9dedb0184278a3abc292084948cb8a51a","messageTitle":"Added tests for AddCommand, Media, Movie, TV Show and RemoveCommand. Added addCommand Sequence Diagram.","messageBody":"","fileTypesAndContributionMap":{"functional-code":{"insertions":2,"deletions":4},"docs":{"insertions":12,"deletions":0},"test-code":{"insertions":58,"deletions":5}}},{"hash":"d264b2910d44643aaecd38e86dea973fa12c6ac9","messageTitle":"Fixed CI checkstyle","messageBody":"","fileTypesAndContributionMap":{"test-code":{"insertions":3,"deletions":1}}},{"hash":"e102356b520f1fdccf3db4b442d0983a670c7248","messageTitle":"Fixed ListCommandTest","messageBody":"","fileTypesAndContributionMap":{"test-code":{"insertions":4,"deletions":4}}},{"hash":"51fea35ed1268ed8e74c4aa2e10deb71d8553f55","messageTitle":"Added addCommand and findCommand sequence diagrams.","messageBody":"","fileTypesAndContributionMap":{"functional-code":{"insertions":20,"deletions":15},"docs":{"insertions":87,"deletions":3}}},{"hash":"ac14c928c122d94f8084f1b15807807485416539","messageTitle":"Added diagrams to developer guide","messageBody":"","fileTypesAndContributionMap":{"docs":{"insertions":23,"deletions":18}}}]},{"date":"2022-10-27","commitResults":[{"hash":"44063b931ecb06bab8df440dfd2e1eb7bbee25ae","messageTitle":"Updated Developer Guide","messageBody":"","fileTypesAndContributionMap":{"docs":{"insertions":27,"deletions":6}}}]},{"date":"2022-10-29","commitResults":[{"hash":"448a26c494c3a15deaf8666547f81625c0386c5a","messageTitle":"Fixes #81","messageBody":"","fileTypesAndContributionMap":{"functional-code":{"insertions":66,"deletions":55},"test-code":{"insertions":1,"deletions":0}}}]},{"date":"2022-11-01","commitResults":[{"hash":"4c0f20c8793c85da90f45590cd5d0651346eead8","messageTitle":"Fixed UML diagrams, coding standards errors and documentation.","messageBody":"","fileTypesAndContributionMap":{"functional-code":{"insertions":57,"deletions":25},"docs":{"insertions":183,"deletions":183}}}]},{"date":"2022-11-02","commitResults":[{"hash":"f585ae9ab658a067a3943574774657cfe840f214","messageTitle":"Created exceptions and commands packages to organise classes. Added new exceptions. Fixed empty command fields issue.","messageBody":"","fileTypesAndContributionMap":{"functional-code":{"insertions":59,"deletions":8},"other":{"insertions":34,"deletions":14},"docs":{"insertions":15,"deletions":0},"test-code":{"insertions":9,"deletions":3}}},{"hash":"dc3aaef7223e2d0f14d9d18c527935a184cd05b9","messageTitle":"Fixed CI Checkstyle","messageBody":"","fileTypesAndContributionMap":{"functional-code":{"insertions":1,"deletions":1}}},{"hash":"6f4f925166c20dacc0e971cf3845e3d6597ee168","messageTitle":"Fixed JUnit tests","messageBody":"","fileTypesAndContributionMap":{"test-code":{"insertions":3,"deletions":2}}},{"hash":"174df998e274c47b1522c868b3592bab07051319","messageTitle":"Fixed CI Checkstyle","messageBody":"","fileTypesAndContributionMap":{"test-code":{"insertions":3,"deletions":0}}}]}],"naz019":[{"date":"2022-09-29","commitResults":[{"hash":"940cb7cf131598098222937891f5cf61cd315fdd","messageTitle":"commit","messageBody":"","fileTypesAndContributionMap":{"other":{"insertions":10,"deletions":0},"docs":{"insertions":7,"deletions":7}}}]},{"date":"2022-10-06","commitResults":[{"hash":"93c5ee9914b2b3a898402147ac43c8c0aa75f0e4","messageTitle":"update files","messageBody":"","fileTypesAndContributionMap":{"other":{"insertions":0,"deletions":0}}},{"hash":"0a19ada100361347a6c2f54daeef8eaefafd0d1d","messageTitle":"sync files with upstream","messageBody":"","fileTypesAndContributionMap":{"other":{"insertions":1,"deletions":1}}},{"hash":"e4c1c0330b65e6ed4b9bbac91337470027744812","messageTitle":"copied matthew\u0027s files to resolve CI checks","messageBody":"","fileTypesAndContributionMap":{"functional-code":{"insertions":0,"deletions":1},"other":{"insertions":1,"deletions":1},"docs":{"insertions":7,"deletions":8}}},{"hash":"e5f78d2f6b321901b05a2c1d1898e0d0c38281e7","messageTitle":"copied redders\u0027 files to resolve CI","messageBody":"","fileTypesAndContributionMap":{"functional-code":{"insertions":25,"deletions":3},"docs":{"insertions":8,"deletions":7}}},{"hash":"8575b4979164e6a43edf4db14416308363ece55a","messageTitle":"update runtest.bat and gradlew.bat file permissions","messageBody":"","fileTypesAndContributionMap":{"other":{"insertions":0,"deletions":0}}},{"hash":"199fe56f00fcdfae62a6d7ae1f5fc22b09007fd2","messageTitle":"test commit","messageBody":"","fileTypesAndContributionMap":{"docs":{"insertions":7,"deletions":7}}}]},{"date":"2022-10-09","commitResults":[{"hash":"def401d1c66401d1144a8fa480a47a35145e17f4","messageTitle":"made runtest.bat executable","messageBody":"","fileTypesAndContributionMap":{"other":{"insertions":0,"deletions":0}}},{"hash":"17dbba3465dab79e9d463c4e766051bf8c7b843a","messageTitle":"made runtest.sh executable","messageBody":"","fileTypesAndContributionMap":{"other":{"insertions":0,"deletions":0}}},{"hash":"5ddac9f2cd38f0029526c70dec2dbf2f66e0c753","messageTitle":"made gradlew.bat executable","messageBody":"","fileTypesAndContributionMap":{"other":{"insertions":0,"deletions":0}}},{"hash":"c5298354a38bc875e95f3c559799cf100a0c80be","messageTitle":"added delete, list and clear commands","messageBody":"","fileTypesAndContributionMap":{"functional-code":{"insertions":23,"deletions":0},"other":{"insertions":0,"deletions":0}}},{"hash":"23e253c7ba88e3dc55a495336a38aada7173bc3e","messageTitle":"added file execute permissions","messageBody":"","fileTypesAndContributionMap":{"other":{"insertions":0,"deletions":0}}}]},{"date":"2022-10-11","commitResults":[{"hash":"dc25c2f891d8b2766bd400fdcd2ceee69a8fa3e9","messageTitle":"added UI print function","messageBody":"","fileTypesAndContributionMap":{"functional-code":{"insertions":8,"deletions":4},"other":{"insertions":0,"deletions":0}}},{"hash":"eddfe32a277ac90a73434426917468545503c3c4","messageTitle":"added execute permissions","messageBody":"","fileTypesAndContributionMap":{"other":{"insertions":0,"deletions":0}}}]},{"date":"2022-10-12","commitResults":[{"hash":"42b00fac144b2d1bca1854608166a9efd17934d0","messageTitle":"add skeleton JUnit test files","messageBody":"","fileTypesAndContributionMap":{"functional-code":{"insertions":6,"deletions":8},"other":{"insertions":1,"deletions":1},"test-code":{"insertions":64,"deletions":0}}},{"hash":"f295b0786323946ecb294ec7a9e91af35fa4c68e","messageTitle":"added execute permissions","messageBody":"","fileTypesAndContributionMap":{"other":{"insertions":0,"deletions":0}}},{"hash":"9debfac265fef51b94eb5e6c8d3d8c1d6afe31ba","messageTitle":"enabled assertions","messageBody":"","fileTypesAndContributionMap":{"other":{"insertions":1,"deletions":0}}},{"hash":"86f721e92ecfcbfd50bc6827333c64b5d8fb6f76","messageTitle":"added assertion in Parser class","messageBody":"","fileTypesAndContributionMap":{"functional-code":{"insertions":6,"deletions":1}}},{"hash":"ad4357ef98a4bb3c4fed1cbaff4d01b741e9c9b6","messageTitle":"added assertion in Parser","messageBody":"","fileTypesAndContributionMap":{"functional-code":{"insertions":2,"deletions":1}}},{"hash":"aac474547a808d58c4387b0263937ed627f897ac","messageTitle":"added execute permissions","messageBody":"","fileTypesAndContributionMap":{"other":{"insertions":0,"deletions":0}}}]},{"date":"2022-10-19","commitResults":[{"hash":"bdc9c41d6c1e8438b1424eda67b80d3ccb789fd6","messageTitle":"added favourites features: marking, unmarking and listing","messageBody":"","fileTypesAndContributionMap":{"functional-code":{"insertions":71,"deletions":2}}},{"hash":"6353025661d0faef5cd073c1601ea9c9547474a5","messageTitle":"added sorting of review list by title and rating","messageBody":"","fileTypesAndContributionMap":{"functional-code":{"insertions":39,"deletions":0}}},{"hash":"a8f686e9960427e54b94536ecc56776f0ae4a967","messageTitle":"fixed invalid sort command bug. added sorting by genre.","messageBody":"","fileTypesAndContributionMap":{"functional-code":{"insertions":35,"deletions":2}}},{"hash":"b263cbd4c36a49ca07d7995e4e07c206810361b2","messageTitle":"added Date objects and enabled sorting by dates","messageBody":"","fileTypesAndContributionMap":{"functional-code":{"insertions":39,"deletions":9}}}]},{"date":"2022-10-20","commitResults":[{"hash":"c3772138394e3c67b57a7a2540ea41394990c3d7","messageTitle":"added UML files for UI and Commands components","messageBody":"","fileTypesAndContributionMap":{"functional-code":{"insertions":0,"deletions":1},"docs":{"insertions":92,"deletions":0}}},{"hash":"520127fe11d72aaeedd23c64b64d7c7d3d99524b","messageTitle":"moved uml diagrams","messageBody":"","fileTypesAndContributionMap":{"functional-code":{"insertions":1,"deletions":2},"docs":{"insertions":0,"deletions":0}}},{"hash":"97028f9f604969f43a5e5ac1b6ede3414a28a496","messageTitle":"updated authorship and added Clear feature sequence diagram","messageBody":"","fileTypesAndContributionMap":{"functional-code":{"insertions":11,"deletions":4},"docs":{"insertions":25,"deletions":3}}},{"hash":"66ce2fa67c304a6cb28dcbd5c97a7760c344f2b6","messageTitle":"fixed checkstyle error","messageBody":"","fileTypesAndContributionMap":{"functional-code":{"insertions":1,"deletions":1}}}]},{"date":"2022-10-25","commitResults":[{"hash":"88a36002222b60416d3d8eee83ad3c40c13a92ae","messageTitle":"added error checking for date formats","messageBody":"","fileTypesAndContributionMap":{"functional-code":{"insertions":41,"deletions":16}}}]},{"date":"2022-10-26","commitResults":[{"hash":"15634f26b4264fd2b6807140128a220140cf67c7","messageTitle":"added tests for Sort Commands","messageBody":"","fileTypesAndContributionMap":{"test-code":{"insertions":94,"deletions":0}}},{"hash":"5285148201b4b3f07ee980e02029ab894707f504","messageTitle":"added tests for date parsing in Media class","messageBody":"","fileTypesAndContributionMap":{"functional-code":{"insertions":6,"deletions":2},"test-code":{"insertions":75,"deletions":0}}},{"hash":"656a149b21b6768c9d700f415b4655bbbcda5f76","messageTitle":"fixed checkstyle errors","messageBody":"","fileTypesAndContributionMap":{"test-code":{"insertions":4,"deletions":4}}},{"hash":"08082d4325153221a2b3e70c59610812dbe6867a","messageTitle":"added tests for favourite command and tvshow class","messageBody":"","fileTypesAndContributionMap":{"test-code":{"insertions":89,"deletions":13}}},{"hash":"28398f8ee59a868e92724d1dc0debfa054abe6b9","messageTitle":"updated sort command tests","messageBody":"","fileTypesAndContributionMap":{"test-code":{"insertions":16,"deletions":16}}},{"hash":"8c1ed04597e760bd3c6004a4fd89b2ea8ffe5946","messageTitle":"made commands class abstract","messageBody":"","fileTypesAndContributionMap":{"functional-code":{"insertions":2,"deletions":5}}},{"hash":"d379f634a9c9c920382f87f35a7fba9b7569b9b8","messageTitle":"updated current class and sequence diagrams after","messageBody":"","fileTypesAndContributionMap":{"docs":{"insertions":16,"deletions":7}}},{"hash":"9e3e0bc5170892fe80835899ea603b253819b8aa","messageTitle":"updated clear command sequence diagram and added sort command sequence diagram","messageBody":"","fileTypesAndContributionMap":{"docs":{"insertions":55,"deletions":4}}},{"hash":"47a7371744ed24de0f2aa2003de14aaa5a66d89c","messageTitle":"added sequence diagram for favourite command","messageBody":"","fileTypesAndContributionMap":{"docs":{"insertions":72,"deletions":0}}},{"hash":"1b74c146e3027e4eb520fafdf7bfbf9d3d4034cb","messageTitle":"added sequence diagram for delete command","messageBody":"","fileTypesAndContributionMap":{"docs":{"insertions":79,"deletions":0}}}]},{"date":"2022-10-27","commitResults":[{"hash":"9e09080edaae014c7e8eb5c36664fa2502df252e","messageTitle":"updated Developer Guide","messageBody":"","fileTypesAndContributionMap":{"docs":{"insertions":68,"deletions":2}}}]},{"date":"2022-10-28","commitResults":[{"hash":"4c628b692cbe76a7dc379edb24dcc18f0d6e99ae","messageTitle":"updated user guide","messageBody":"","fileTypesAndContributionMap":{"docs":{"insertions":32,"deletions":2}}}]},{"date":"2022-11-01","commitResults":[{"hash":"493949b4c363f3262ff7d87404aecedd0e2e428c","messageTitle":"updated user guide, README and AboutUs","messageBody":"","fileTypesAndContributionMap":{"functional-code":{"insertions":2,"deletions":2},"docs":{"insertions":149,"deletions":48}}},{"hash":"156a5fb1be9d4ebfb873a763d222fb3e3190e02c","messageTitle":"updated sorting method, made spacing consistent and updated user guide","messageBody":"","fileTypesAndContributionMap":{"functional-code":{"insertions":5,"deletions":5},"docs":{"insertions":3,"deletions":0}}},{"hash":"5dc34aa4f1de4d059f8d3268dfffee461988ae94","messageTitle":"updated tests","messageBody":"","fileTypesAndContributionMap":{"functional-code":{"insertions":2,"deletions":2},"test-code":{"insertions":12,"deletions":12}}},{"hash":"7fabff6654acd93807d723812095013b31d18291","messageTitle":"updated add command to make all dates from the future invalid","messageBody":"","fileTypesAndContributionMap":{"functional-code":{"insertions":47,"deletions":3}}}]},{"date":"2022-11-02","commitResults":[{"hash":"86087d159224793612d7bab387395325b4d63c84","messageTitle":"updated user guide","messageBody":"","fileTypesAndContributionMap":{"docs":{"insertions":10,"deletions":10}}}]}],"indraneelrp":[{"date":"2022-09-29","commitResults":[{"hash":"b3066880e765c60b8169057ecf244b1b6a233ab3","messageTitle":"test change","messageBody":"","fileTypesAndContributionMap":{"functional-code":{"insertions":1,"deletions":0}}}]},{"date":"2022-10-10","commitResults":[{"hash":"4ed3aa12e8e481344e866955a8d05e68c07c40a3","messageTitle":"basic ui change","messageBody":"","fileTypesAndContributionMap":{"functional-code":{"insertions":21,"deletions":8}}},{"hash":"0740482f4bbfcc0997420e41454ec9101f7d6a4c","messageTitle":"added Driver code, UI methods and Parser methods","messageBody":"","fileTypesAndContributionMap":{"functional-code":{"insertions":149,"deletions":14}}},{"hash":"37f5b5cc4408987eb1d0e9c144cb536df396d53b","messageTitle":"Style edits","messageBody":"","fileTypesAndContributionMap":{"functional-code":{"insertions":26,"deletions":25}}},{"hash":"58e47726df2495cfb853f7bcc24ef18a88b89e54","messageTitle":"another style edit- constants","messageBody":"","fileTypesAndContributionMap":{"functional-code":{"insertions":2,"deletions":2}}}]},{"date":"2022-10-19","commitResults":[{"hash":"ddd156302a877681bda4422654c78718844655e4","messageTitle":"Edited AboutUs","messageBody":"","fileTypesAndContributionMap":{"docs":{"insertions":1,"deletions":1}}}]},{"date":"2022-10-20","commitResults":[{"hash":"016d8420be7bd02bc9cfffa6378a9734ad7857cf","messageTitle":"Added Logging, Assertions and exceptions","messageBody":"","fileTypesAndContributionMap":{"functional-code":{"insertions":36,"deletions":8}}},{"hash":"5dee694b34874d0af81ee6c1031b5a568a81e435","messageTitle":"Added JUnit test for movie","messageBody":"","fileTypesAndContributionMap":{"functional-code":{"insertions":1,"deletions":1},"test-code":{"insertions":12,"deletions":2}}}]},{"date":"2022-10-21","commitResults":[{"hash":"ae3d3de109d3203c0141ed8ebcc3c30664cb530e","messageTitle":"Added storage feature (reviewlist information is saved after exit and reloaded next time program runs)","messageBody":"","fileTypesAndContributionMap":{"functional-code":{"insertions":168,"deletions":5}}},{"hash":"b934dc701b92ff7841c5a47ffb093b7d7dc0c4db","messageTitle":"Added storage feature (with style edits)","messageBody":"","fileTypesAndContributionMap":{"functional-code":{"insertions":22,"deletions":19}}},{"hash":"8333389f75fe3c9d13f46090eecacd22d8bb9e92","messageTitle":"Added storage feature (with more style edits)","messageBody":"","fileTypesAndContributionMap":{"functional-code":{"insertions":6,"deletions":6}}},{"hash":"ccc180acd9286be35e543c459ff0a9ad5e3da68c","messageTitle":"fixed some authorship issues","messageBody":"","fileTypesAndContributionMap":{"functional-code":{"insertions":7,"deletions":0}}},{"hash":"00fc7ab42f7f1dd79709d0c686be87548e399118","messageTitle":"updated parser authorship","messageBody":"","fileTypesAndContributionMap":{"functional-code":{"insertions":5,"deletions":2}}},{"hash":"cc4d31fd89e7aafdfa673d31dee9e6f01cf3e5a6","messageTitle":"Add storage class diagram and added details to DG","messageBody":"","fileTypesAndContributionMap":{"docs":{"insertions":21,"deletions":0}}}]},{"date":"2022-10-27","commitResults":[{"hash":"4b27d6643d0533d695f7bfcb296caabede5d33f5","messageTitle":"Added a parser test","messageBody":"","fileTypesAndContributionMap":{"test-code":{"insertions":20,"deletions":1}}},{"hash":"f88bb9a480ac87b6b356e19640cff9202743bd83","messageTitle":"Checkstyle error fixed","messageBody":"","fileTypesAndContributionMap":{"test-code":{"insertions":1,"deletions":1}}}]},{"date":"2022-10-28","commitResults":[{"hash":"03abb3a382be85bff442ada655593c45bb7b5cfe","messageTitle":"Edited User Guide","messageBody":"","fileTypesAndContributionMap":{"docs":{"insertions":61,"deletions":12}}},{"hash":"c44cffd9edbe1bca451cbd7ad3c36bd5b660846c","messageTitle":"added command info to user guide. added user story","messageBody":"","fileTypesAndContributionMap":{"docs":{"insertions":39,"deletions":12}}},{"hash":"6b8179c1b944add69bbd5a9a89c89cf930a38966","messageTitle":"added sort command info to UG","messageBody":"","fileTypesAndContributionMap":{"docs":{"insertions":27,"deletions":9}}}]},{"date":"2022-10-30","commitResults":[{"hash":"78049bc8428a5521002adb64640982fc7cb7ab52","messageTitle":"Directs all non-severe logging to log file instead","messageBody":"","fileTypesAndContributionMap":{"functional-code":{"insertions":31,"deletions":5}}},{"hash":"ec19de2a923a123968add90edc038284729954b3","messageTitle":"Added JUnit test","messageBody":"","fileTypesAndContributionMap":{"functional-code":{"insertions":1,"deletions":1},"test-code":{"insertions":20,"deletions":0}}},{"hash":"194e3ac5310bbfd59bbc0c08765092524785eb15","messageTitle":"added platform independence to UI test","messageBody":"","fileTypesAndContributionMap":{"test-code":{"insertions":2,"deletions":1}}},{"hash":"65343df9699912c7c99672de468680f00203888f","messageTitle":"Added Parser test","messageBody":"","fileTypesAndContributionMap":{"functional-code":{"insertions":1,"deletions":2},"test-code":{"insertions":49,"deletions":4}}}]},{"date":"2022-10-31","commitResults":[{"hash":"6a7b7cb6d146cdcc6694aeb2560a9a73b5634f10","messageTitle":"testing","messageBody":"","fileTypesAndContributionMap":{"test-code":{"insertions":31,"deletions":31}}},{"hash":"63c9b09c6cf195dac22a224a5d55c7114336ca01","messageTitle":"uncommented fist parser test","messageBody":"","fileTypesAndContributionMap":{"test-code":{"insertions":16,"deletions":16}}},{"hash":"0f6b8ea449c2000add7f6cfd448e6cb8491221d0","messageTitle":"edited exected output on parser test","messageBody":"","fileTypesAndContributionMap":{"test-code":{"insertions":4,"deletions":4}}},{"hash":"1548e868b23129baf4174fbaa552ce87c39ec6f4","messageTitle":"edited parser test","messageBody":"","fileTypesAndContributionMap":{"test-code":{"insertions":16,"deletions":16}}},{"hash":"e87d8d2a1c3875ae1666f679c5caacdb39528508","messageTitle":"Edited parser test again","messageBody":"","fileTypesAndContributionMap":{"test-code":{"insertions":5,"deletions":5}}},{"hash":"262137db461a2fda832761bea9a80f94648dcf72","messageTitle":"line separator bug fix parser test","messageBody":"","fileTypesAndContributionMap":{"test-code":{"insertions":22,"deletions":8}}},{"hash":"7215f1e5248d25576afdb12fb287634806e3e1bf","messageTitle":"working parser test","messageBody":"","fileTypesAndContributionMap":{"test-code":{"insertions":9,"deletions":13}}},{"hash":"0d6a08c93e9a33c7e70d4cb3b50c5775fedc7992","messageTitle":"parsertest negative fix","messageBody":"","fileTypesAndContributionMap":{"test-code":{"insertions":4,"deletions":2}}},{"hash":"58f69edf3ecbdb875c53dde52a58886c9768faf6","messageTitle":"find test negative fix","messageBody":"","fileTypesAndContributionMap":{"test-code":{"insertions":2,"deletions":4}}},{"hash":"06a8712082d695ad5bbdbd11a8792eb24d0fdfcb","messageTitle":"another attempt","messageBody":"","fileTypesAndContributionMap":{"test-code":{"insertions":3,"deletions":7}}},{"hash":"8d6a3c90eb0e36c509015695810b513f3b428e64","messageTitle":"removed negative test","messageBody":"","fileTypesAndContributionMap":{"test-code":{"insertions":19,"deletions":19}}},{"hash":"3348ed4402d9e9cd9078a8961eaa3e773c483090","messageTitle":"checkstyle","messageBody":"","fileTypesAndContributionMap":{"test-code":{"insertions":19,"deletions":19}}},{"hash":"fa82902743d1aa8d52b2467e1cb8047ba660f761","messageTitle":"last try","messageBody":"","fileTypesAndContributionMap":{"test-code":{"insertions":8,"deletions":4}}},{"hash":"5950b49ef035334b0dc2d5db633d4290a5284a18","messageTitle":"changed parsertest method","messageBody":"","fileTypesAndContributionMap":{"functional-code":{"insertions":28,"deletions":1},"test-code":{"insertions":12,"deletions":42}}},{"hash":"c1dae719f45a7ab600c8de366c092c08917a2341","messageTitle":"checkstyle fix","messageBody":"","fileTypesAndContributionMap":{"test-code":{"insertions":1,"deletions":2}}}]},{"date":"2022-11-01","commitResults":[{"hash":"16d2275d2a0799026d1fd8220d66c1317d0af51d","messageTitle":"increased test coverage","messageBody":"","fileTypesAndContributionMap":{"functional-code":{"insertions":5,"deletions":5},"test-code":{"insertions":35,"deletions":3}}},{"hash":"78c4a98a0f94086f78cd82b13938d1dabd5e1471","messageTitle":"checkstyle error","messageBody":"","fileTypesAndContributionMap":{"test-code":{"insertions":2,"deletions":2}}},{"hash":"b58d5b81c534f57d7d744bb38baf6120390fb753","messageTitle":"increased parser test coverage \u003e70%","messageBody":"","fileTypesAndContributionMap":{"functional-code":{"insertions":10,"deletions":1},"test-code":{"insertions":37,"deletions":0}}},{"hash":"c4bdd181f8a4ea2ec6501ee50abb313f144067f5","messageTitle":"style fix","messageBody":"","fileTypesAndContributionMap":{"functional-code":{"insertions":1,"deletions":1}}},{"hash":"d43dd57180856debcc9ffce50b6a859018995923","messageTitle":"style fix","messageBody":"","fileTypesAndContributionMap":{"test-code":{"insertions":2,"deletions":2}}},{"hash":"8313850e26aab55b1c344b59497d1f84102a58eb","messageTitle":"style fix","messageBody":"","fileTypesAndContributionMap":{"test-code":{"insertions":2,"deletions":1}}}]}],"matthewphua":[{"date":"2022-09-29","commitResults":[{"hash":"e6f4588e68db316a67d456f2e0fff777af33f0f5","messageTitle":"adding","messageBody":"","fileTypesAndContributionMap":{"functional-code":{"insertions":1,"deletions":1}}}]},{"date":"2022-10-06","commitResults":[{"hash":"1eb21d06901e6d2cab6b0fed5408d1bd8cba38d1","messageTitle":"adding","messageBody":"","fileTypesAndContributionMap":{"functional-code":{"insertions":2,"deletions":1},"docs":{"insertions":7,"deletions":7}}},{"hash":"6e87f7badf96658a6b4582c8db97498178593375","messageTitle":"added command and review classes","messageBody":"","fileTypesAndContributionMap":{"functional-code":{"insertions":46,"deletions":0},"other":{"insertions":3,"deletions":0}}},{"hash":"116bfdcef6292bb20f2ecb46356f35e3a382496b","messageTitle":"removed import","messageBody":"","fileTypesAndContributionMap":{"functional-code":{"insertions":0,"deletions":1}}},{"hash":"2840b5d876e9d70ebf5e42eaddfef9bfc2db74bf","messageTitle":"updating permissions","messageBody":"","fileTypesAndContributionMap":{"other":{"insertions":0,"deletions":0}}}]},{"date":"2022-10-11","commitResults":[{"hash":"d9b26282a91bbc1de21941c81a15487c5b4768ab","messageTitle":"adding command classes","messageBody":"","fileTypesAndContributionMap":{"functional-code":{"insertions":91,"deletions":36}}},{"hash":"c693e8e3d1d1cd946dc17f2e52a0f0e36a45e89c","messageTitle":"fixing build failures","messageBody":"","fileTypesAndContributionMap":{"functional-code":{"insertions":13,"deletions":13}}}]},{"date":"2022-10-19","commitResults":[{"hash":"e3235ea43a05e7b3ca3dd89912504539da46b961","messageTitle":"adding seperated categories for list command","messageBody":"","fileTypesAndContributionMap":{"functional-code":{"insertions":18,"deletions":3}}},{"hash":"07ecc31d50a68c65ca76d3bb0757f9d121fd8ed5","messageTitle":"adding find command","messageBody":"","fileTypesAndContributionMap":{"functional-code":{"insertions":55,"deletions":4},"other":{"insertions":1,"deletions":1}}}]},{"date":"2022-10-21","commitResults":[{"hash":"40d4c8100965eafd2adc14ace3cc64d9c4980a12","messageTitle":"Adding dev guide","messageBody":"","fileTypesAndContributionMap":{"docs":{"insertions":17,"deletions":0},"test-code":{"insertions":7,"deletions":0}}}]},{"date":"2022-10-25","commitResults":[{"hash":"2634fbb0ae07669e29e110769e626002ed470f4d","messageTitle":"fixing delete command","messageBody":"","fileTypesAndContributionMap":{"functional-code":{"insertions":34,"deletions":11}}},{"hash":"5c8fb344c3a404fa3336977e644a8b60d5dc7cf5","messageTitle":"adding storage assertions","messageBody":"","fileTypesAndContributionMap":{"functional-code":{"insertions":2,"deletions":0}}}]},{"date":"2022-10-26","commitResults":[{"hash":"cfc692e2abf453eb818a5e00fb625f0fdb19ae2b","messageTitle":"adding remove tests","messageBody":"","fileTypesAndContributionMap":{"functional-code":{"insertions":4,"deletions":3},"test-code":{"insertions":54,"deletions":0}}},{"hash":"5c6f581001c065719008439e034b6b68e33e8b06","messageTitle":"fix","messageBody":"","fileTypesAndContributionMap":{"test-code":{"insertions":1,"deletions":2}}},{"hash":"ff43c886706bd34f65805ff648a1079e9168b251","messageTitle":"fix","messageBody":"","fileTypesAndContributionMap":{"test-code":{"insertions":9,"deletions":9}}},{"hash":"588ce8cc6509330b36978955d513bb6edce9a736","messageTitle":"Adding List","messageBody":"","fileTypesAndContributionMap":{"test-code":{"insertions":39,"deletions":0}}},{"hash":"05098e9cf2062142a0da774b92f820fd85c4b309","messageTitle":"adding delete/list in User Guide","messageBody":"","fileTypesAndContributionMap":{"docs":{"insertions":10,"deletions":8}}},{"hash":"d5fe9297643fa67baf32646ea0b52b1ab0756195","messageTitle":"adding list sequence","messageBody":"","fileTypesAndContributionMap":{"docs":{"insertions":45,"deletions":0}}},{"hash":"c6fba9fb9a33665cd2f22a658ccd2943b3895178","messageTitle":"adding list sequence","messageBody":"","fileTypesAndContributionMap":{"docs":{"insertions":2,"deletions":2}}},{"hash":"08a16d7a80a80d245f221fce1919a4f6427d789f","messageTitle":"adding clear tests","messageBody":"","fileTypesAndContributionMap":{"test-code":{"insertions":21,"deletions":9}}},{"hash":"7435505cb87db08c02dcd7c7e7cf10559c78f06d","messageTitle":"adding UI tests","messageBody":"","fileTypesAndContributionMap":{"functional-code":{"insertions":1,"deletions":6},"test-code":{"insertions":38,"deletions":1}}},{"hash":"a48b1da390b739dd1f4c0bdf8ef28bb243296d7f","messageTitle":"adding","messageBody":"","fileTypesAndContributionMap":{"docs":{"insertions":3,"deletions":1}}},{"hash":"ab227ef366f48e0a30ffcf04666d7d00f5f6409a","messageTitle":"adiding","messageBody":"","fileTypesAndContributionMap":{"docs":{"insertions":0,"deletions":2}}},{"hash":"62f99508564ec5d1b22fb1e741dc83a0932d5938","messageTitle":"adding","messageBody":"","fileTypesAndContributionMap":{"functional-code":{"insertions":1,"deletions":1}}},{"hash":"b81d77ef11faf394de91832bc8bf75c0e179fdf4","messageTitle":"adding","messageBody":"","fileTypesAndContributionMap":{"test-code":{"insertions":1,"deletions":1}}},{"hash":"fa8f2bbf35acd1e8a550cb1400d9be630e6390e3","messageTitle":"adding","messageBody":"","fileTypesAndContributionMap":{"test-code":{"insertions":0,"deletions":8}}}]},{"date":"2022-10-27","commitResults":[{"hash":"610cb689cf783bc89ee166f076b16fbb50914272","messageTitle":"adding","messageBody":"","fileTypesAndContributionMap":{"docs":{"insertions":13,"deletions":0}}}]},{"date":"2022-10-29","commitResults":[{"hash":"fe22570cf640681979189df7f79f252c108d42dd","messageTitle":"adding","messageBody":"","fileTypesAndContributionMap":{"functional-code":{"insertions":27,"deletions":8}}},{"hash":"2e32dc85c8deced69b83b6f00dd9d8c62b7eeddd","messageTitle":"adding","messageBody":"","fileTypesAndContributionMap":{"functional-code":{"insertions":1,"deletions":0}}},{"hash":"8d6debb51011519653319c3b957d57e626b13b19","messageTitle":"adding","messageBody":"","fileTypesAndContributionMap":{"functional-code":{"insertions":44,"deletions":18},"docs":{"insertions":11,"deletions":3}}},{"hash":"7b1d9605766b88db42d617f9504106fea342f83d","messageTitle":"adding","messageBody":"","fileTypesAndContributionMap":{"docs":{"insertions":12,"deletions":1}}}]},{"date":"2022-10-30","commitResults":[{"hash":"6a6ce506bcd796b4400fa3b938d45d5025255074","messageTitle":"adding","messageBody":"","fileTypesAndContributionMap":{"docs":{"insertions":24,"deletions":20}}},{"hash":"fc8a939bcb380d1c2d9ec45f553b57cec570ef35","messageTitle":"adding","messageBody":"","fileTypesAndContributionMap":{"test-code":{"insertions":9,"deletions":0}}},{"hash":"4a913b38833dbbccad837f3fc3a3b41a33c0b180","messageTitle":"adding","messageBody":"","fileTypesAndContributionMap":{"test-code":{"insertions":1,"deletions":1}}},{"hash":"9f5b68c9c0c88ea3857612511f9d99518833c54f","messageTitle":"adding","messageBody":"","fileTypesAndContributionMap":{"test-code":{"insertions":3,"deletions":21}}}]},{"date":"2022-10-31","commitResults":[{"hash":"2d73ca116fec0ac2a656fef8c2cec7fe479e9ee5","messageTitle":"adding test","messageBody":"","fileTypesAndContributionMap":{"test-code":{"insertions":12,"deletions":0}}},{"hash":"5e4156b6e638e2959813b429ee0289b8124fe133","messageTitle":"adding","messageBody":"","fileTypesAndContributionMap":{"test-code":{"insertions":2,"deletions":2}}},{"hash":"2b67780b6a96cac4467350ee102085cb1e493f4e","messageTitle":"adding","messageBody":"","fileTypesAndContributionMap":{"test-code":{"insertions":1,"deletions":5}}},{"hash":"47a9e25146e1f5e7db96480e09e15b57efb6e396","messageTitle":"adding","messageBody":"","fileTypesAndContributionMap":{"functional-code":{"insertions":42,"deletions":5}}},{"hash":"65c508d68d1a4bc227a33daa1a48bc0a09973de0","messageTitle":"adding","messageBody":"","fileTypesAndContributionMap":{"functional-code":{"insertions":10,"deletions":6}}}]},{"date":"2022-11-02","commitResults":[{"hash":"d6740d727b1c9a01024f1e403e12e6ae40a582df","messageTitle":"adding","messageBody":"","fileTypesAndContributionMap":{"functional-code":{"insertions":4,"deletions":0},"docs":{"insertions":23,"deletions":3}}},{"hash":"0ca7e7192de8dea3df9b0856e5d3642874bda56d","messageTitle":"adding","messageBody":"","fileTypesAndContributionMap":{"docs":{"insertions":24,"deletions":11}}}]}]},"authorFileTypeContributionMap":{"redders7":{"docs":330,"functional-code":290,"test-code":141},"naz019":{"docs":440,"functional-code":274,"test-code":280,"other":1},"indraneelrp":{"docs":83,"functional-code":400,"test-code":122},"matthewphua":{"docs":108,"functional-code":283,"test-code":145}},"authorContributionVariance":{"redders7":6449.0767,"naz019":8926.364,"indraneelrp":6226.7007,"matthewphua":2678.6387},"authorDisplayNameMap":{"redders7":"CS2113-T18-1 ONG ..YONG","naz019":"CS2113-T18-1 NAZR..URAD","indraneelrp":"CS2113-T18-1 PARA..JEEV","matthewphua":"CS2113-T18-1 PHUA..O YI"}}
