{"authorDailyContributionsMap":{"nvknow":[{"date":"2022-09-30","commitResults":[{"hash":"8d146c26a756e9ec83f30155ca5d1bf7682b14ba","messageTitle":"Update AboutUs.md","messageBody":"","fileTypesAndContributionMap":{"docs":{"insertions":4,"deletions":4}}},{"hash":"d51f1a993630b9094512cf7897b7e217a410b23c","messageTitle":"update Cao Yikai\u0027s information","messageBody":"","fileTypesAndContributionMap":{"docs":{"insertions":7,"deletions":7}}}]},{"date":"2022-10-10","commitResults":[{"hash":"8223bf16065e6470ef501279e7acce0bfded6b5d","messageTitle":"create class Employee and EmployeeList","messageBody":"","fileTypesAndContributionMap":{"functional-code":{"insertions":41,"deletions":0}}},{"hash":"058273b9fa2bda6e5ef2aa04ee45f022129b7144","messageTitle":"create class Service and ServiceList","messageBody":"","fileTypesAndContributionMap":{"functional-code":{"insertions":41,"deletions":0}}},{"hash":"7d28be0c43fc1441466b14cdab7c3ac9ab249c88","messageTitle":"create appointment package","messageBody":"","fileTypesAndContributionMap":{"other":{"insertions":6,"deletions":1}}},{"hash":"2754cc0aba3c2470e944cacd1d2c3b212c00c95c","messageTitle":"create employee package","messageBody":"","fileTypesAndContributionMap":{"other":{"insertions":0,"deletions":0}}},{"hash":"1853d74e49f08628aab1eea0c0c3ccc674031c0b","messageTitle":"create package employee","messageBody":"","fileTypesAndContributionMap":{"functional-code":{"insertions":4,"deletions":0}}},{"hash":"46dee181fef97398c50b027643e73098a3be0fb5","messageTitle":"create package service","messageBody":"","fileTypesAndContributionMap":{"other":{"insertions":4,"deletions":0}}}]},{"date":"2022-10-13","commitResults":[{"hash":"e3d1d6ce986c6181e1dc5624bd5dff23651ab080","messageTitle":"modify typo in service","messageBody":"","fileTypesAndContributionMap":{"functional-code":{"insertions":4,"deletions":4}}},{"hash":"75bc080dfd5d44eb189e499a249a59004660a32e","messageTitle":"Remove List from excute function","messageBody":"","fileTypesAndContributionMap":{"functional-code":{"insertions":23,"deletions":19}}},{"hash":"a0b4fc4224f0e929b13b77f69e22a26ef6043ab0","messageTitle":"fix bug in appointment, use split instead of indexof in add appointment","messageBody":"","fileTypesAndContributionMap":{"functional-code":{"insertions":11,"deletions":8}}}]},{"date":"2022-10-16","commitResults":[{"hash":"b4870efb4c7d031fcf2d40f879e017e368dff5a6","messageTitle":"fix bug in employee id","messageBody":"","fileTypesAndContributionMap":{"functional-code":{"insertions":4,"deletions":0}}},{"hash":"8194111b3daf8ccd126a1b1326b0519cb9189fa3","messageTitle":"add testBye","messageBody":"","fileTypesAndContributionMap":{"test-code":{"insertions":9,"deletions":0}}},{"hash":"c67d8138bf6f906e955949da48c9d6ddb2b20dc7","messageTitle":"update employee id","messageBody":"","fileTypesAndContributionMap":{"functional-code":{"insertions":4,"deletions":5}}},{"hash":"4f80e7773b3b58c2312d58713d174bd444ab3800","messageTitle":"update service id","messageBody":"","fileTypesAndContributionMap":{"functional-code":{"insertions":4,"deletions":2}}},{"hash":"92ad2c8785e94bd797e1b301c3812106fb657781","messageTitle":"add assertion to service","messageBody":"","fileTypesAndContributionMap":{"functional-code":{"insertions":2,"deletions":0}}},{"hash":"e52f1dbd784cececbe06850a3d25dddddcb06e5d","messageTitle":"try to enable assertions","messageBody":"","fileTypesAndContributionMap":{"other":{"insertions":1,"deletions":1}}}]},{"date":"2022-10-18","commitResults":[{"hash":"b770497fea7440425b45434b91655f14027c70eb","messageTitle":"formatted output of add, view, remove employee","messageBody":"","fileTypesAndContributionMap":{"functional-code":{"insertions":9,"deletions":2}}},{"hash":"bf8db593735817a75afc01333b220b2d37d452b9","messageTitle":"formatted output of add, view, remove service","messageBody":"","fileTypesAndContributionMap":{"functional-code":{"insertions":10,"deletions":3}}},{"hash":"13c8963b7f16f21a473a6ec9a465baf248769929","messageTitle":"add DukeException and EmptyCommand, add exception handling to employee view","messageBody":"","fileTypesAndContributionMap":{"functional-code":{"insertions":49,"deletions":19}}},{"hash":"7c178b0c321c1c80ebbe113c5e2887d50565248c","messageTitle":"add exception handling to employee","messageBody":"","fileTypesAndContributionMap":{"functional-code":{"insertions":23,"deletions":19}}},{"hash":"d1838869a83d69f3d2b5efc0aaf7f8e54af9728d","messageTitle":"Revert \"add exception handling to employee\"","messageBody":"","fileTypesAndContributionMap":{"functional-code":{"insertions":18,"deletions":23}}}]},{"date":"2022-10-19","commitResults":[{"hash":"3133a356003347cf36f7e065b59de6135ecebf45","messageTitle":"exception handling employee","messageBody":"","fileTypesAndContributionMap":{"functional-code":{"insertions":0,"deletions":3}}},{"hash":"43a94378de5eb2e689dade574cb5a714530cec60","messageTitle":"Revert \"Revert \"add exception handling to employee\"\"","messageBody":"","fileTypesAndContributionMap":{"functional-code":{"insertions":23,"deletions":18}}},{"hash":"80112743300a22b6b57550ab4ac591316b0527ee","messageTitle":"make employee exception handling more formatted","messageBody":"","fileTypesAndContributionMap":{"functional-code":{"insertions":13,"deletions":11}}},{"hash":"8a3ce48ac81ebdb8527501e396bc1e7d21099979","messageTitle":"add exception handling to service","messageBody":"","fileTypesAndContributionMap":{"functional-code":{"insertions":40,"deletions":33}}}]},{"date":"2022-10-20","commitResults":[{"hash":"cf46ed6a2d16767e90a8bd9048015ead2b216f03","messageTitle":"add user story to DG","messageBody":"","fileTypesAndContributionMap":{"docs":{"insertions":17,"deletions":2}}}]},{"date":"2022-10-21","commitResults":[{"hash":"84858f3da1147cc389cd9109b2ae10b996e489db","messageTitle":"add Employee management feature in DG","messageBody":"","fileTypesAndContributionMap":{"docs":{"insertions":141,"deletions":2}}},{"hash":"c952c3a5667de800eac597921935690c6ce3cf85","messageTitle":"update rough uml in DG","messageBody":"","fileTypesAndContributionMap":{"docs":{"insertions":33,"deletions":1}}},{"hash":"54954f2967619ec7eb24b29c458dbb690625c97c","messageTitle":"update DG uml","messageBody":"","fileTypesAndContributionMap":{"docs":{"insertions":1,"deletions":1}}},{"hash":"ec0ccc79da7b12c4c434664a9aab562ddc1fbd8e","messageTitle":"update DG uml","messageBody":"","fileTypesAndContributionMap":{"docs":{"insertions":3,"deletions":1}}}]},{"date":"2022-10-25","commitResults":[{"hash":"67892891a3045efe59e800fd7dc6e2405de43d97","messageTitle":"add Ui class and make it more OOP","messageBody":"","fileTypesAndContributionMap":{"functional-code":{"insertions":62,"deletions":45},"test-code":{"insertions":2,"deletions":1}}},{"hash":"388e65b02a95a8746ef4d82bd1022f6626b4157c","messageTitle":"modify EndCommand and Parser","messageBody":"","fileTypesAndContributionMap":{"functional-code":{"insertions":23,"deletions":49}}},{"hash":"f1118e06fdc5fce51952442784e4fd03e4f503c4","messageTitle":"delete unnecessary import","messageBody":"","fileTypesAndContributionMap":{"functional-code":{"insertions":0,"deletions":55}}},{"hash":"da7577e2252c843f1dd272ce4c9f4797f97b07ec","messageTitle":"modify ui and parser","messageBody":"","fileTypesAndContributionMap":{"functional-code":{"insertions":10,"deletions":7}}}]},{"date":"2022-10-26","commitResults":[{"hash":"a1327675932f246cbb0ea514fd3ec5606aad9ec1","messageTitle":"initPetStatus when adding a pet","messageBody":"","fileTypesAndContributionMap":{"functional-code":{"insertions":53,"deletions":2}}},{"hash":"6121ec77e45890e5c1ba7c057adfc78f229e36dc","messageTitle":"add wellness","messageBody":"","fileTypesAndContributionMap":{"functional-code":{"insertions":19,"deletions":7}}},{"hash":"5ef6e245f4193a38875fc47767a7ab0045cd03cf","messageTitle":"add whitespace","messageBody":"","fileTypesAndContributionMap":{"functional-code":{"insertions":9,"deletions":9}}},{"hash":"0adfdcda3fcaca4b06b9bfdef4a3ffa3e9b125dc","messageTitle":"add more whitespace","messageBody":"","fileTypesAndContributionMap":{"functional-code":{"insertions":43,"deletions":51}}},{"hash":"4c6d640891977cd5a7d8bf7d0dad1a2dcce7f5da","messageTitle":"modify format","messageBody":"","fileTypesAndContributionMap":{"functional-code":{"insertions":19,"deletions":20}}},{"hash":"771b116d5d88ca131a832e7a8e654107265348c1","messageTitle":"modify more format","messageBody":"","fileTypesAndContributionMap":{"functional-code":{"insertions":20,"deletions":12}}},{"hash":"df0146b6717c3017e9e0a086305967ff54ac9514","messageTitle":"finish pet service modification","messageBody":"","fileTypesAndContributionMap":{"functional-code":{"insertions":4,"deletions":3}}},{"hash":"ef7ae8957f6cd81564a41ab795c5c3e0672b169e","messageTitle":"modify petcommand","messageBody":"","fileTypesAndContributionMap":{"functional-code":{"insertions":23,"deletions":25},"other":{"insertions":26,"deletions":22}}},{"hash":"c914fb22dc9823098d29e0f197d437043080073f","messageTitle":"modify servicecommand and taskcommand","messageBody":"","fileTypesAndContributionMap":{"functional-code":{"insertions":7,"deletions":7},"other":{"insertions":7,"deletions":9}}},{"hash":"075ed79877043e44f10c2387f85314bfcbfd45f1","messageTitle":"modify format of test","messageBody":"","fileTypesAndContributionMap":{"test-code":{"insertions":6,"deletions":5}}},{"hash":"5995a71ca86158aed7ecf07d1b8615e30a29816d","messageTitle":"modify test","messageBody":"","fileTypesAndContributionMap":{"test-code":{"insertions":1,"deletions":1}}},{"hash":"cce71579f4eab4382d293fb414b82ffebaef7fcd","messageTitle":"delete an assertion to make it work","messageBody":"","fileTypesAndContributionMap":{"test-code":{"insertions":0,"deletions":1}}},{"hash":"3dbaf327e33bd299b6c3bdfea8d42a5e80d1c038","messageTitle":"add bye when there\u0027s no input","messageBody":"","fileTypesAndContributionMap":{"functional-code":{"insertions":4,"deletions":1}}},{"hash":"2ba52be8b420c1aa30c433bdb206cc64da3f8d9d","messageTitle":"add changePetStatus","messageBody":"","fileTypesAndContributionMap":{"functional-code":{"insertions":51,"deletions":51}}},{"hash":"c707d4c1b53b72e3b26564178f72805da89dfbe9","messageTitle":"add finishTask","messageBody":"","fileTypesAndContributionMap":{"functional-code":{"insertions":56,"deletions":9}}},{"hash":"e8e63394de55154a4f3a9445630e1ddcda99369b","messageTitle":"modify pet id to make it permanent","messageBody":"","fileTypesAndContributionMap":{"functional-code":{"insertions":14,"deletions":13},"test-code":{"insertions":1,"deletions":1}}},{"hash":"4862a65615faf7b90300a34775bc66242fa3701b","messageTitle":"remove numofpets","messageBody":"","fileTypesAndContributionMap":{"functional-code":{"insertions":2,"deletions":3}}},{"hash":"a3e7eb18b41d9b2d11a673c7a2734adb33776a8d","messageTitle":"modify pet remove","messageBody":"","fileTypesAndContributionMap":{"functional-code":{"insertions":10,"deletions":8}}}]},{"date":"2022-10-27","commitResults":[{"hash":"bc36089ba5eb502840eddcbf073f10ef8644c38e","messageTitle":"modify finishtask","messageBody":"","fileTypesAndContributionMap":{"functional-code":{"insertions":12,"deletions":2}}},{"hash":"b4f8f8874bc15920a9e2bfae2f37b398682ef636","messageTitle":"update task finish in UG","messageBody":"","fileTypesAndContributionMap":{"docs":{"insertions":13,"deletions":0}}},{"hash":"c9d3e1f2fa510dc28c6542cd112797f2ffa4b115","messageTitle":"fix bug in finishtask","messageBody":"","fileTypesAndContributionMap":{"functional-code":{"insertions":1,"deletions":1}}},{"hash":"35b6d5259cf0068ba48aa6be97360c074154bf4f","messageTitle":"add finishTask information","messageBody":"","fileTypesAndContributionMap":{"functional-code":{"insertions":2,"deletions":0}}},{"hash":"444ce347f51df21f856b4c6fbe336e7ca2ff5859","messageTitle":"fix errors","messageBody":"","fileTypesAndContributionMap":{"functional-code":{"insertions":6,"deletions":4}}},{"hash":"053b4519a09616f050035bfa89d5dbe3d7098e15","messageTitle":"fix bug in findPet and findService","messageBody":"","fileTypesAndContributionMap":{"functional-code":{"insertions":4,"deletions":2}}},{"hash":"5b9fb5f6fb8cd889377ef8a9d6d9df40e1bfd4cb","messageTitle":"modify task add information","messageBody":"","fileTypesAndContributionMap":{"functional-code":{"insertions":7,"deletions":5}}},{"hash":"7434cf04fb0c7d32ff0dca7690a5298c53c64ce9","messageTitle":"fix bug in finishTask","messageBody":"","fileTypesAndContributionMap":{"functional-code":{"insertions":6,"deletions":1}}},{"hash":"0a06f5e48725533fb01fa99b5e9303019f00038f","messageTitle":"fix bug in reassign","messageBody":"","fileTypesAndContributionMap":{"functional-code":{"insertions":13,"deletions":2}}},{"hash":"b3e6d46e7fc17a6af429c12c269821d98ca659a6","messageTitle":"add some whitespace","messageBody":"","fileTypesAndContributionMap":{"functional-code":{"insertions":3,"deletions":3}}},{"hash":"85269f8814eed6656998db63807979dd091cb5e8","messageTitle":"change pet status when appointment finished","messageBody":"","fileTypesAndContributionMap":{"functional-code":{"insertions":9,"deletions":9}}},{"hash":"1090146af7ef8abbaa8beb8be57606d8a1538e7a","messageTitle":"modify style","messageBody":"","fileTypesAndContributionMap":{"functional-code":{"insertions":1,"deletions":5}}}]},{"date":"2022-10-30","commitResults":[{"hash":"c5f0702e02f59cb2090217c67c427a61998c0f64","messageTitle":"fix bug in adding empty employee name","messageBody":"","fileTypesAndContributionMap":{"functional-code":{"insertions":3,"deletions":2}}},{"hash":"b296d64b8452eeb8cfbef09304144520e62e0568","messageTitle":"change the index of employee, modify parser","messageBody":"","fileTypesAndContributionMap":{"functional-code":{"insertions":6,"deletions":4}}}]},{"date":"2022-11-03","commitResults":[{"hash":"782a0362dae86a301300d4081260b2a66eec6ba1","messageTitle":"add nvknow ppp","messageBody":"","fileTypesAndContributionMap":{"docs":{"insertions":13,"deletions":0}}},{"hash":"485eb47bff3b4d1e96058c0b6d8fac79ca08baae","messageTitle":"output healthy or unhealthy","messageBody":"","fileTypesAndContributionMap":{"functional-code":{"insertions":3,"deletions":2}}},{"hash":"8a3e8d7c5f5e6695e4d207811f888f9c73c1add9","messageTitle":"modify employee output format","messageBody":"","fileTypesAndContributionMap":{"functional-code":{"insertions":2,"deletions":2}}},{"hash":"1ceb7f4ed55ef2c521e47b726227f6a2b619b2ab","messageTitle":"fix yongjie\u0027s style","messageBody":"","fileTypesAndContributionMap":{"functional-code":{"insertions":4,"deletions":8}}},{"hash":"c02e9d580b39c8f49a18b348f7a13e6f58db0f40","messageTitle":"use idCounter instead of id","messageBody":"","fileTypesAndContributionMap":{"functional-code":{"insertions":15,"deletions":24},"test-code":{"insertions":10,"deletions":12}}},{"hash":"002be34cbcdfd511f10680fa7ab885d7c51e156b","messageTitle":"output error message in setPetStatus\u0027 default branch","messageBody":"","fileTypesAndContributionMap":{"functional-code":{"insertions":1,"deletions":0}}},{"hash":"3d9f50cfba59d8f195f3fbd751048b5ea091fc81","messageTitle":"add LINE_DIVIDER","messageBody":"","fileTypesAndContributionMap":{"functional-code":{"insertions":9,"deletions":5}}},{"hash":"2eb26bdb3112d8f593f0a132785ed235ce24aca2","messageTitle":"add LOGO","messageBody":"","fileTypesAndContributionMap":{"functional-code":{"insertions":9,"deletions":8}}},{"hash":"5957af2060cb6f01f98621820b021b61e0bdc6ac","messageTitle":"make the LOGO and LINE_DIVIDER final","messageBody":"","fileTypesAndContributionMap":{"functional-code":{"insertions":6,"deletions":6}}},{"hash":"a1881a2dd43fb33bd8237ab243d3c49046edd13b","messageTitle":"modify indent in serviceParser","messageBody":"","fileTypesAndContributionMap":{"functional-code":{"insertions":4,"deletions":6}}},{"hash":"d317baa89eab4ade8963c32b512193ded4ec4437","messageTitle":"Make the happy path prominent and Avoid arrowhead code","messageBody":"","fileTypesAndContributionMap":{"functional-code":{"insertions":3,"deletions":2}}}]},{"date":"2022-11-04","commitResults":[{"hash":"043274b5e2de9f932981884653923cb812ce8e6e","messageTitle":"add listEmployeeTest and removeTheFirstEmployeeTest","messageBody":"","fileTypesAndContributionMap":{"test-code":{"insertions":21,"deletions":4}}},{"hash":"15fb9621b0703612afbce4a7d8a4dff915247630","messageTitle":"add findInvalidEmployeeTest","messageBody":"","fileTypesAndContributionMap":{"test-code":{"insertions":31,"deletions":2}}},{"hash":"55319e39a045d2428321aaab590295f7a244b168","messageTitle":"add viewEmployeeTasks test","messageBody":"","fileTypesAndContributionMap":{"test-code":{"insertions":20,"deletions":1}}},{"hash":"36d6aa7f63cac595d56f75a8c9578b5dd6ab9974","messageTitle":"add addInvalidTaskToEmployeeTest, removeInvalidTaskToEmployeeTest","messageBody":"","fileTypesAndContributionMap":{"test-code":{"insertions":23,"deletions":1}}},{"hash":"f6db8a34bcad7cbb31dffdbb4fbb8adbf8c59bd6","messageTitle":"add viewTasksTest","messageBody":"","fileTypesAndContributionMap":{"test-code":{"insertions":26,"deletions":0}}},{"hash":"5a3d0479cfae4ba3261e775cba19af400a800d88","messageTitle":"fix some bugs in test","messageBody":"","fileTypesAndContributionMap":{"test-code":{"insertions":19,"deletions":9}}}]},{"date":"2022-11-06","commitResults":[{"hash":"902a08dda35780781167c28f394967884f0e3fc5","messageTitle":"add more contents to PPP","messageBody":"","fileTypesAndContributionMap":{"docs":{"insertions":22,"deletions":0}}},{"hash":"547da793914c088ad80fae311cd6c5139901b9a4","messageTitle":"add team-based tasks to ppp","messageBody":"","fileTypesAndContributionMap":{"docs":{"insertions":6,"deletions":0}}},{"hash":"0717c166807f0a349f3b41b5a304aafb321cfbac","messageTitle":"fix some style bugs","messageBody":"","fileTypesAndContributionMap":{"functional-code":{"insertions":7,"deletions":6}}},{"hash":"8872f9c65c5049eea144e65b5686f7dade69167a","messageTitle":"update PPP","messageBody":"","fileTypesAndContributionMap":{"docs":{"insertions":22,"deletions":1}}},{"hash":"84e3665d761dd52b58f6606e09b54e20befc98e8","messageTitle":"fix some bugs","messageBody":"","fileTypesAndContributionMap":{"functional-code":{"insertions":3,"deletions":3}}}]},{"date":"2022-11-07","commitResults":[{"hash":"6f72e6650e38d65aba75e918e9b019e06ba3ba19","messageTitle":"Update UserGuide.md","messageBody":"","fileTypesAndContributionMap":{"docs":{"insertions":18,"deletions":17}}},{"hash":"89ab9653892f3d02053caccc39be7a8a0279c372","messageTitle":"Update DeveloperGuide.md","messageBody":"","fileTypesAndContributionMap":{"docs":{"insertions":2,"deletions":1}}},{"hash":"8c91ee00eb77f854718d1da7cc23d058c42e504d","messageTitle":"update ppp","messageBody":"","fileTypesAndContributionMap":{"docs":{"insertions":4,"deletions":0}}},{"hash":"f9458edb10b2156b53b48535087e22f28d4d05ef","messageTitle":"update DG","messageBody":"","fileTypesAndContributionMap":{"docs":{"insertions":4,"deletions":0}}},{"hash":"b9e623afafd6d6bc6a2d970bc7d938e58eb45561","messageTitle":"Update DeveloperGuide.md","messageBody":"","fileTypesAndContributionMap":{"docs":{"insertions":1,"deletions":0}}},{"hash":"1cfb921418cf3825aa0cc92c08c76c2ab5f7a077","messageTitle":"Delete johndoe.md","messageBody":"","fileTypesAndContributionMap":{"docs":{"insertions":0,"deletions":6}}},{"hash":"7ff2d679a3fcdfaa97def340d67dee2ff1deed3c","messageTitle":"Update nvknow.md","messageBody":"","fileTypesAndContributionMap":{"docs":{"insertions":3,"deletions":0}}},{"hash":"20afdf630b6cc0fe1048fc4666b0f7ea193d9716","messageTitle":"Update UserGuide.md","messageBody":"","fileTypesAndContributionMap":{"docs":{"insertions":1,"deletions":2}}},{"hash":"828720175f216b1c8ca599f936ca1715d2717543","messageTitle":"Update UserGuide.md","messageBody":"","fileTypesAndContributionMap":{"docs":{"insertions":16,"deletions":15}}},{"hash":"31292dba4589de47a3857b216ffd78d2f2bc8561","messageTitle":"modify view service","messageBody":"","fileTypesAndContributionMap":{"functional-code":{"insertions":3,"deletions":1}}},{"hash":"620321d89aad86f67c460eba05b6132a8bec857b","messageTitle":"modify view pet","messageBody":"","fileTypesAndContributionMap":{"functional-code":{"insertions":3,"deletions":1}}},{"hash":"9db05110e2dd6a881543a958b2ddddabdef8743d","messageTitle":"modify appointment remove","messageBody":"","fileTypesAndContributionMap":{"functional-code":{"insertions":1,"deletions":1}}},{"hash":"51d4752ab39c25e36d0bd9ed50a44796c743c15e","messageTitle":"modify pet remove","messageBody":"","fileTypesAndContributionMap":{"functional-code":{"insertions":1,"deletions":0}}},{"hash":"fe05e34ec1798ebbc0c177fb2dba03d3b4109c61","messageTitle":"Update nvknow.md","messageBody":"","fileTypesAndContributionMap":{"docs":{"insertions":2,"deletions":1}}},{"hash":"49ed9d4ea50c487f936f3d7bd714820c3d7946d2","messageTitle":"Update nvknow.md","messageBody":"","fileTypesAndContributionMap":{"docs":{"insertions":1,"deletions":0}}},{"hash":"e36d8d3ccace536d5d913dfb3241a4ef5419b057","messageTitle":"Update nvknow.md","messageBody":"","fileTypesAndContributionMap":{"docs":{"insertions":1,"deletions":0}}},{"hash":"52278737b6f3279b2231c91a30171d9c9e062980","messageTitle":"update DG","messageBody":"","fileTypesAndContributionMap":{"docs":{"insertions":29,"deletions":31}}},{"hash":"54aa1fab41e7a8fcf9014820e800b5b67454a355","messageTitle":"Update DeveloperGuide.md","messageBody":"","fileTypesAndContributionMap":{"docs":{"insertions":5,"deletions":5}}},{"hash":"9d8c503701ee2fb52dd23d1a1d95b21788a235af","messageTitle":"Update DeveloperGuide.md","messageBody":"","fileTypesAndContributionMap":{"docs":{"insertions":1,"deletions":1}}},{"hash":"026348f0e3520f62d6ccdbebb591fc103d10322d","messageTitle":"Update DeveloperGuide.md","messageBody":"","fileTypesAndContributionMap":{"docs":{"insertions":5,"deletions":5}}},{"hash":"899148d8e41d78a4ae444374514d978e7f2fc604","messageTitle":"Update nvknow.md","messageBody":"","fileTypesAndContributionMap":{"docs":{"insertions":4,"deletions":0}}},{"hash":"abff987467ac1f501be173047abbd7d60cb987f6","messageTitle":"Update UserGuide.md","messageBody":"","fileTypesAndContributionMap":{"docs":{"insertions":5,"deletions":3}}},{"hash":"713c6a710f2045c42db79319a1241b9a6f74f3e5","messageTitle":"Update DeveloperGuide.md","messageBody":"","fileTypesAndContributionMap":{"docs":{"insertions":1,"deletions":1}}},{"hash":"ad0f1701601f60f4e0afab32f9e75a43be7729b1","messageTitle":"Update nvknow.md","messageBody":"","fileTypesAndContributionMap":{"docs":{"insertions":3,"deletions":8}}},{"hash":"df7465314d9634a42d1d6747c24e5d54f6c44c0a","messageTitle":"Update nvknow.md","messageBody":"","fileTypesAndContributionMap":{"docs":{"insertions":3,"deletions":3}}},{"hash":"43bded98677c6c6fe0463e14d28fc9d6151e4b4c","messageTitle":"Update nvknow.md","messageBody":"","fileTypesAndContributionMap":{"docs":{"insertions":2,"deletions":2}}},{"hash":"b154676e5826af870331cd04cdb83a8561fe9208","messageTitle":"Update nvknow.md","messageBody":"","fileTypesAndContributionMap":{"docs":{"insertions":1,"deletions":1}}},{"hash":"6dd0f0eacdb287a3794e8deff1472b861303f064","messageTitle":"Update nvknow.md","messageBody":"","fileTypesAndContributionMap":{"docs":{"insertions":1,"deletions":1}}},{"hash":"1b643f6a44a9432488b580e150a71c9ea21fdd7b","messageTitle":"Update nvknow.md","messageBody":"","fileTypesAndContributionMap":{"docs":{"insertions":1,"deletions":1}}},{"hash":"29275fb94233bf3ebcbad0a1446213d2790139d0","messageTitle":"Update nvknow.md","messageBody":"","fileTypesAndContributionMap":{"docs":{"insertions":2,"deletions":3}}},{"hash":"10ee9d9baff72b05526b297c610502587a01a7fd","messageTitle":"Update nvknow.md","messageBody":"","fileTypesAndContributionMap":{"docs":{"insertions":10,"deletions":7}}},{"hash":"c7d974e0729b0fc3cf671a270fb2aacef7fbe46a","messageTitle":"Update nvknow.md","messageBody":"","fileTypesAndContributionMap":{"docs":{"insertions":3,"deletions":3}}},{"hash":"30d1c56a5e4797083bd6add669de80ecd41c9601","messageTitle":"Update nvknow.md","messageBody":"","fileTypesAndContributionMap":{"docs":{"insertions":2,"deletions":1}}},{"hash":"dfe182f2da27735747ebcad24639dc3922cd8275","messageTitle":"Update nvknow.md","messageBody":"","fileTypesAndContributionMap":{"docs":{"insertions":1,"deletions":0}}},{"hash":"c3eed2da209509d110f8dd091d2e0d00eea95860","messageTitle":"Update DeveloperGuide.md","messageBody":"","fileTypesAndContributionMap":{"docs":{"insertions":0,"deletions":1}}},{"hash":"90ee660de73a66d1da5e11ac213bc9f4673067a5","messageTitle":"Update DeveloperGuide.md","messageBody":"","fileTypesAndContributionMap":{"docs":{"insertions":0,"deletions":2}}},{"hash":"d0c909f434895e0c083cb4871dfae24b09625ac7","messageTitle":"Update nvknow.md","messageBody":"","fileTypesAndContributionMap":{"docs":{"insertions":0,"deletions":1}}},{"hash":"a068e059e4338ffabd202c11c6a746ee25b9fb97","messageTitle":"Update nvknow.md","messageBody":"","fileTypesAndContributionMap":{"docs":{"insertions":2,"deletions":2}}},{"hash":"a09e30bb49c3d6ff6cda75335e1abfdf1c0ede9f","messageTitle":"update ppp","messageBody":"","fileTypesAndContributionMap":{"docs":{"insertions":18,"deletions":0}}},{"hash":"ca3b4e54a10717830a3626c3a53b965590c797af","messageTitle":"Update nvknow.md","messageBody":"","tags":["v2.1"],"fileTypesAndContributionMap":{"docs":{"insertions":1,"deletions":1}}},{"hash":"030f08f1f7ba68f8a68d4a903e0eb7bb49934abb","messageTitle":"Update nvknow.md","messageBody":"","fileTypesAndContributionMap":{"docs":{"insertions":2,"deletions":9}}},{"hash":"d181638464a9065a9c31f6a1d9e5dfc7893ab0e4","messageTitle":"Update nvknow.md","messageBody":"","fileTypesAndContributionMap":{"docs":{"insertions":4,"deletions":12}}},{"hash":"7e2f66143b58ae3801834bfd7315abf87c4633bf","messageTitle":"Update nvknow.md","messageBody":"","fileTypesAndContributionMap":{"docs":{"insertions":0,"deletions":3}}},{"hash":"7380ebe2048d79afc7ad92a4d14dcd9cc3fc9900","messageTitle":"Update nvknow.md","messageBody":"","fileTypesAndContributionMap":{"docs":{"insertions":0,"deletions":2}}},{"hash":"84cffc541c1b97a0c3fc022f8e4ae676625cf78b","messageTitle":"Update nvknow.md","messageBody":"","fileTypesAndContributionMap":{"docs":{"insertions":1,"deletions":0}}},{"hash":"df6b23faea83842beda2a957686b5fee5a8bd951","messageTitle":"Update nvknow.md","messageBody":"","fileTypesAndContributionMap":{"docs":{"insertions":0,"deletions":2}}},{"hash":"3f849fbef6b8956e73344a0ba34834461ab52b31","messageTitle":"Update nvknow.md","messageBody":"","fileTypesAndContributionMap":{"docs":{"insertions":1,"deletions":0}}},{"hash":"93682dd8a8c3c916a50bd1abe7d1dc2d8ccc2d89","messageTitle":"Update nvknow.md","messageBody":"","fileTypesAndContributionMap":{"docs":{"insertions":3,"deletions":3}}},{"hash":"4dab09e818c51bc3631a51a25cb72c3fa1d5ffda","messageTitle":"Update nvknow.md","messageBody":"","fileTypesAndContributionMap":{"docs":{"insertions":1,"deletions":1}}},{"hash":"3772468ea776e4bb5ace86edca165513c2128936","messageTitle":"Update nvknow.md","messageBody":"","fileTypesAndContributionMap":{"docs":{"insertions":1,"deletions":3}}},{"hash":"1eeee053a5467a82a53506319ea71a06a2818185","messageTitle":"Update nvknow.md","messageBody":"","fileTypesAndContributionMap":{"docs":{"insertions":0,"deletions":1}}},{"hash":"e2674bef21d7dcbf28d54535001035f2756f32be","messageTitle":"Update nvknow.md","messageBody":"","fileTypesAndContributionMap":{"docs":{"insertions":0,"deletions":3}}}]},{"date":"2022-11-08","commitResults":[{"hash":"34b2c0fa1468cabb4ac765649db9e851e80a5e0d","messageTitle":"Update DeveloperGuide.md","messageBody":"","fileTypesAndContributionMap":{"docs":{"insertions":2,"deletions":2}}},{"hash":"150cc8cd6cc8110ea09a362dee5d330c97a9a9ab","messageTitle":"Update DeveloperGuide.md","messageBody":"","fileTypesAndContributionMap":{"docs":{"insertions":27,"deletions":29}}},{"hash":"60c490e145e90e60d2fef870cfd09ef293d5c1e6","messageTitle":"Update DeveloperGuide.md","messageBody":"","fileTypesAndContributionMap":{"docs":{"insertions":1,"deletions":1}}},{"hash":"f0e8aaa7723fe2b90dd64a6489320a9bb872a7cc","messageTitle":"Update DeveloperGuide.md","messageBody":"","fileTypesAndContributionMap":{"docs":{"insertions":2,"deletions":2}}},{"hash":"3384aadd4095d8a2f7437de7fca1af3322a58a44","messageTitle":"Update DeveloperGuide.md","messageBody":"","fileTypesAndContributionMap":{"docs":{"insertions":15,"deletions":16}}},{"hash":"80c91e4b7be489d520ebd20bc4d6cda766a5c01a","messageTitle":"Update DeveloperGuide.md","messageBody":"","fileTypesAndContributionMap":{"docs":{"insertions":3,"deletions":3}}}]}],"yongjicode":[{"date":"2022-10-10","commitResults":[{"hash":"2a4216339b45bfd766dd6df782a28039bd301534","messageTitle":"Add appointment commands","messageBody":"","fileTypesAndContributionMap":{"functional-code":{"insertions":13,"deletions":0},"other":{"insertions":0,"deletions":0}}},{"hash":"fec2e891de2dd178d25bef998bbee331a5f23a27","messageTitle":"Add commands for appointment","messageBody":"","fileTypesAndContributionMap":{"functional-code":{"insertions":123,"deletions":7},"docs":{"insertions":1,"deletions":1}}}]},{"date":"2022-10-13","commitResults":[{"hash":"c06544d9f22e3862485f3a23af59f109302eaf6c","messageTitle":"Update commands for Staff","messageBody":"","fileTypesAndContributionMap":{"functional-code":{"insertions":53,"deletions":9}}},{"hash":"f4c35b9f959d961170e5940ed11d977a12ef92a1","messageTitle":"stress","messageBody":"","fileTypesAndContributionMap":{"functional-code":{"insertions":194,"deletions":2}}}]},{"date":"2022-10-24","commitResults":[{"hash":"9067c0b9a44fee474cf1209a540cfa3909229dc3","messageTitle":"Add Task \u0026 TaskList and Modified Appointment \u0026 Employee classes to aggregate Task","messageBody":"","fileTypesAndContributionMap":{"functional-code":{"insertions":190,"deletions":2}}},{"hash":"68c976cb07f37a35eebe1efc60cead32158349cb","messageTitle":"Add commands for Tasks","messageBody":"","fileTypesAndContributionMap":{"functional-code":{"insertions":112,"deletions":1}}}]},{"date":"2022-10-27","commitResults":[{"hash":"15c18a7c3bb1c41cafeb4c563609f7f0e1bc970d","messageTitle":"Fix bugs for task remove and reassign functions","messageBody":"","fileTypesAndContributionMap":{"functional-code":{"insertions":32,"deletions":12}}},{"hash":"c064cf26ee1df3b0b628e623f50ca05cd7696533","messageTitle":"Update DeveloperGuide.md","messageBody":"","fileTypesAndContributionMap":{"docs":{"insertions":65,"deletions":66}}},{"hash":"f7bcc61e05964cc5f9c96b1755c612e7df0124ac","messageTitle":"Update DeveloperGuide.md","messageBody":"","fileTypesAndContributionMap":{"docs":{"insertions":8,"deletions":5}}},{"hash":"46f9cb0a455211cff992fcfdaf6ae31300a11b75","messageTitle":"Update AboutUs.md","messageBody":"","fileTypesAndContributionMap":{"docs":{"insertions":1,"deletions":1}}},{"hash":"ff47a8abf38cf3ca00c9c488a0bc345255ba2dcb","messageTitle":"Update DeveloperGuide.md","messageBody":"","fileTypesAndContributionMap":{"docs":{"insertions":0,"deletions":126}}},{"hash":"b535d734e860cc9fbda1bb1a025493ca08e8199a","messageTitle":"Update DeveloperGuide.md","messageBody":"","fileTypesAndContributionMap":{"docs":{"insertions":125,"deletions":0}}},{"hash":"8a6cc10c41f6b8fddfef56dd0a93967d7b541ffd","messageTitle":"Update sequence diagram into DG","messageBody":"","fileTypesAndContributionMap":{"docs":{"insertions":4,"deletions":1}}}]},{"date":"2022-10-30","commitResults":[{"hash":"743ada62492e7576cdc07d0ce835291609ad49c5","messageTitle":"Fixed a lot of bugs in task","messageBody":"","fileTypesAndContributionMap":{"functional-code":{"insertions":61,"deletions":24}}}]},{"date":"2022-11-03","commitResults":[{"hash":"502a598c9124c087666e7b8434f8087f8565f704","messageTitle":"Fixed task allocation sequence diagram errors","messageBody":"","fileTypesAndContributionMap":{"docs":{"insertions":1,"deletions":1}}}]},{"date":"2022-11-05","commitResults":[{"hash":"fa464053ef7dcc6e5b4540265e45c5304d0ba3ae","messageTitle":"Added javadoc comments for Task related functions and fixed magic strings","messageBody":"","fileTypesAndContributionMap":{"functional-code":{"insertions":46,"deletions":13},"other":{"insertions":1,"deletions":0}}},{"hash":"35c4dba9a73147b290d626fd91639e1a12dfdee8","messageTitle":"Add javadoc comments for task related functions","messageBody":"","fileTypesAndContributionMap":{"functional-code":{"insertions":46,"deletions":8}}},{"hash":"5fd02d45d2b8a73a166fb1189f34e706fd7ccd77","messageTitle":"Add test coverage for TaskList","messageBody":"","fileTypesAndContributionMap":{"functional-code":{"insertions":8,"deletions":0},"test-code":{"insertions":93,"deletions":0}}},{"hash":"9155c178974732c0af743f64d65407f493919198","messageTitle":"Add assertions to task related functions","messageBody":"","fileTypesAndContributionMap":{"functional-code":{"insertions":16,"deletions":6}}}]},{"date":"2022-11-06","commitResults":[{"hash":"ebf7d0276bb7a8911ed0b2d3cd098f5c4b3b2740","messageTitle":"Fix bugs in task tests","messageBody":"","fileTypesAndContributionMap":{"test-code":{"insertions":11,"deletions":0}}},{"hash":"199eef105c545f710471c23e8f6384831de51877","messageTitle":"Added more coverage for task test","messageBody":"","fileTypesAndContributionMap":{"test-code":{"insertions":106,"deletions":5}}},{"hash":"a5fa9156825d38da3709a599c1ad4c9639cf8159","messageTitle":"Fix check style for Task","messageBody":"","fileTypesAndContributionMap":{"functional-code":{"insertions":11,"deletions":11}}},{"hash":"7776d8926dbc41b18fff3d9828811880ee73a0d8","messageTitle":"Fix task tests","messageBody":"","fileTypesAndContributionMap":{"functional-code":{"insertions":5,"deletions":1},"test-code":{"insertions":31,"deletions":29}}},{"hash":"baf87187391fc6dc3f3cc0ee10c252d368cc5ca4","messageTitle":"Update DeveloperGuide.md","messageBody":"","fileTypesAndContributionMap":{"docs":{"insertions":3,"deletions":3}}},{"hash":"30fef2cdc83bf15cc7637d98a38753a844c7c354","messageTitle":"Update yongjie PPP","messageBody":"","fileTypesAndContributionMap":{"docs":{"insertions":38,"deletions":0}}},{"hash":"7ff8de9f993696bf89b829d9be8b68d59462b8ac","messageTitle":"Update yongjie PPP","messageBody":"","fileTypesAndContributionMap":{"docs":{"insertions":13,"deletions":15}}},{"hash":"d70ae18c620a5705e1122d67b83486cfa4a4b067","messageTitle":"update readme.md","messageBody":"","fileTypesAndContributionMap":{"docs":{"insertions":3,"deletions":3}}}]},{"date":"2022-11-07","commitResults":[{"hash":"2b903d3a6b0a9610310c931e020aaad191f2b08f","messageTitle":"update aboutus.md","messageBody":"","fileTypesAndContributionMap":{"docs":{"insertions":5,"deletions":5}}},{"hash":"9deeb73e25d1efa2bda905aeaf5089e04a7137e9","messageTitle":"update aboutus.md","messageBody":"","fileTypesAndContributionMap":{"docs":{"insertions":5,"deletions":5}}}]}],"ChengYoghurt":[{"date":"2022-09-30","commitResults":[{"hash":"e5826bd7e271a748648ff96a560f20ff4483800b","messageTitle":"Update ChengYuge github profile","messageBody":"","fileTypesAndContributionMap":{"docs":{"insertions":7,"deletions":7}}}]},{"date":"2022-10-10","commitResults":[{"hash":"61d2e93da9beb03a4c9e802bbfbcbc5838d21523","messageTitle":"Add Appointment class","messageBody":"","fileTypesAndContributionMap":{"functional-code":{"insertions":38,"deletions":0}}},{"hash":"86e4cd996d23f2ec6052118387c3edea19dc3b79","messageTitle":"Add listAppointment and its support function","messageBody":"","fileTypesAndContributionMap":{"functional-code":{"insertions":21,"deletions":0}}},{"hash":"495c77a61161f890adfa67bdcff068534da0adaf","messageTitle":"Add AppointmentList class and listAppointment function","messageBody":"","fileTypesAndContributionMap":{"functional-code":{"insertions":18,"deletions":11}}},{"hash":"4db1e121f9d7f5617e020a54f13a1cb28ca2f564","messageTitle":"Add addAppointment function","messageBody":"","fileTypesAndContributionMap":{"functional-code":{"insertions":4,"deletions":0}}},{"hash":"3da337e14a08c0246238e278f603fde795d1614a","messageTitle":"Add removeAppointment function","messageBody":"","fileTypesAndContributionMap":{"functional-code":{"insertions":9,"deletions":0}}},{"hash":"eb4e4cf482d3f8a0091198168a7d1cd1e36201ca","messageTitle":"Add public access modifier","messageBody":"","fileTypesAndContributionMap":{"functional-code":{"insertions":2,"deletions":3}}}]},{"date":"2022-10-13","commitResults":[{"hash":"168df8fbb71b66fe1a7b2b752c1a1254093bc34e","messageTitle":"Fix addAppintment parser","messageBody":"","fileTypesAndContributionMap":{"functional-code":{"insertions":11,"deletions":17}}}]},{"date":"2022-10-16","commitResults":[{"hash":"49d5142153307beb46f823345fa95d4143079bde","messageTitle":"Add service in Appointment class","messageBody":"","fileTypesAndContributionMap":{"functional-code":{"insertions":3,"deletions":10}}},{"hash":"c751d555a4cd18db23a15b89a2bcc6d01f5050d4","messageTitle":"Fix appointment command","messageBody":"","fileTypesAndContributionMap":{"functional-code":{"insertions":5,"deletions":7}}},{"hash":"1eed89289463fb6b09ca605b3b8411694fd1bec0","messageTitle":"Add setAppointmentStatus command","messageBody":"","fileTypesAndContributionMap":{"functional-code":{"insertions":67,"deletions":6}}}]},{"date":"2022-10-19","commitResults":[{"hash":"c6e84c1536a8ed550225685155ce3456eb9f40e1","messageTitle":"Add exception handling to parseAppointment","messageBody":"","fileTypesAndContributionMap":{"functional-code":{"insertions":28,"deletions":27}}},{"hash":"30de3b47324d53727c8769045f79cf3d890ea058","messageTitle":"Add exception handling to prepareRemoveAppointment","messageBody":"","fileTypesAndContributionMap":{"functional-code":{"insertions":7,"deletions":7}}},{"hash":"0575d991d9d3fe2edef82a56cb2e762921c560a1","messageTitle":"Add exception handling to prepareAddAppointment","messageBody":"","fileTypesAndContributionMap":{"functional-code":{"insertions":16,"deletions":13}}},{"hash":"021bfd4ab86154757b376f7d38a27288c17c19cb","messageTitle":"Add exception handling to prepareSetAppointmentStatus","messageBody":"","fileTypesAndContributionMap":{"functional-code":{"insertions":21,"deletions":20}}}]},{"date":"2022-10-20","commitResults":[{"hash":"73a8fd53070b8d75c2b7683b09ddd9f667f6a2a5","messageTitle":"Fix appointment parser","messageBody":"","fileTypesAndContributionMap":{"functional-code":{"insertions":1,"deletions":2}}}]},{"date":"2022-10-21","commitResults":[{"hash":"529cd4bda3901ff1200109637861b3e2a6d9521e","messageTitle":"Add addService uml diagram","messageBody":"","fileTypesAndContributionMap":{"docs":{"insertions":27,"deletions":0}}},{"hash":"eae78bc37a4455940e17a22fb4078e08b2ef92f4","messageTitle":"Modify cmd msg in Employee uml diagram","messageBody":"","fileTypesAndContributionMap":{"docs":{"insertions":3,"deletions":3}}},{"hash":"2a0369dc2a5af008eca7403fddff15d3103183e7","messageTitle":"Add service DG","messageBody":"","fileTypesAndContributionMap":{"docs":{"insertions":51,"deletions":0}}}]},{"date":"2022-10-22","commitResults":[{"hash":"1c8bf657844d4845ebe4b55c9ec43b62efd8314d","messageTitle":"Clean up url image in DG,add viewService image","messageBody":"","fileTypesAndContributionMap":{"docs":{"insertions":34,"deletions":11}}},{"hash":"1ee5b507a39046b71b6512e86c5a1d5a491208fa","messageTitle":"Add appointmentStatus test","messageBody":"","fileTypesAndContributionMap":{"test-code":{"insertions":14,"deletions":0}}},{"hash":"8384e4d83fff555d76a8baab3bf8c7d47cd01edb","messageTitle":"Add addAppointment ui msg","messageBody":"","fileTypesAndContributionMap":{"functional-code":{"insertions":7,"deletions":2}}},{"hash":"ab61bdb8d6d4286808088aa6a0a88ae03cb49d21","messageTitle":"Add removeApoointment ui msg","messageBody":"","fileTypesAndContributionMap":{"functional-code":{"insertions":12,"deletions":4}}},{"hash":"438fa210918f54e930b934d840c9519bbf9ce6ba","messageTitle":"Add setAppointmentStatus ui msg","messageBody":"","fileTypesAndContributionMap":{"functional-code":{"insertions":9,"deletions":0}}},{"hash":"cdeb0ff39f1ce699273f8e4906c5cb704426ebfe","messageTitle":"Modify appointment ui msg format","messageBody":"","fileTypesAndContributionMap":{"functional-code":{"insertions":3,"deletions":3}}}]},{"date":"2022-10-26","commitResults":[{"hash":"35e07b6aaa9d957cb5a0efb8a79c5a962aad39c9","messageTitle":"Rename pet isHealthy","messageBody":"","fileTypesAndContributionMap":{"functional-code":{"insertions":4,"deletions":4},"test-code":{"insertions":7,"deletions":0}}},{"hash":"19e40e37c605ab979f8acc2f57db7f06fe90d6b9","messageTitle":"Modify setAppointmentStatus","messageBody":"","fileTypesAndContributionMap":{"functional-code":{"insertions":18,"deletions":11},"other":{"insertions":4,"deletions":4}}},{"hash":"3adfc9bbf8191f5d3cb2b0df5c935f71a1153f6b","messageTitle":"Add PROCESSED stutas to appointment","messageBody":"","fileTypesAndContributionMap":{"functional-code":{"insertions":5,"deletions":1}}},{"hash":"1d8c8b5d0ec14acf6c813c2e1acd99cc87c53aad","messageTitle":"Add auto updateAppointmentStatus func,remove setAppointmentStatusCmd","messageBody":"","fileTypesAndContributionMap":{"functional-code":{"insertions":17,"deletions":62}}},{"hash":"00750d34c0f8cad0d12f1113cf9145490fb67e64","messageTitle":"Add exception handling to AddTaskCmd","messageBody":"","fileTypesAndContributionMap":{"functional-code":{"insertions":30,"deletions":6}}},{"hash":"8d6420c1758e42cee6f9cc421a879374df8ca4ec","messageTitle":"Fix appointment gradle checkstyle","messageBody":"","fileTypesAndContributionMap":{"functional-code":{"insertions":5,"deletions":5}}},{"hash":"3a1771e3af660f73e7bf83b6bea69a1c1e8d1285","messageTitle":"Fix employee gradle checkstyle","messageBody":"","fileTypesAndContributionMap":{"functional-code":{"insertions":11,"deletions":9},"other":{"insertions":19,"deletions":23}}}]},{"date":"2022-10-27","commitResults":[{"hash":"64297ffd899db7a98f416dfedfd52af3145b2891","messageTitle":"Add findPet,findService","messageBody":"","fileTypesAndContributionMap":{"functional-code":{"insertions":30,"deletions":6}}},{"hash":"cf14b43689fa7b3ff9c2b3893033967c2d30e26f","messageTitle":"Add service checking in addAppointment,start pet checking","messageBody":"","fileTypesAndContributionMap":{"functional-code":{"insertions":15,"deletions":0}}},{"hash":"dc3520b7ce6de791a661b339a34224c39534170c","messageTitle":"Add pet checking in addAppointment","messageBody":"","fileTypesAndContributionMap":{"functional-code":{"insertions":10,"deletions":3}}}]},{"date":"2022-10-30","commitResults":[{"hash":"0c13a71ac51edb592f2e9dc2271c5ca7f6308833","messageTitle":"Replace petName with petId,start appointment date formatter","messageBody":"","fileTypesAndContributionMap":{"functional-code":{"insertions":38,"deletions":19}}},{"hash":"6f9114571ee84de4d77478f2675a408e07f7887e","messageTitle":"Fix appointment test","messageBody":"","fileTypesAndContributionMap":{"functional-code":{"insertions":19,"deletions":8},"test-code":{"insertions":6,"deletions":1}}},{"hash":"a84eb4d02abe54714f91b42149369a3e3b9dfb19","messageTitle":"Fix appointment tests,start debugging appointment parser","messageBody":"","fileTypesAndContributionMap":{"functional-code":{"insertions":2,"deletions":2},"test-code":{"insertions":13,"deletions":8}}},{"hash":"4fdd38f0b56c8da05b00ca3062227f1e34895f81","messageTitle":"Fix addAppointment formatted date","messageBody":"","fileTypesAndContributionMap":{"functional-code":{"insertions":3,"deletions":2}}}]},{"date":"2022-11-03","commitResults":[{"hash":"5fb0a79cbf4d73651514f244e3633d75a929ff66","messageTitle":"Add initial profile md in docs","messageBody":"","fileTypesAndContributionMap":{"docs":{"insertions":15,"deletions":0}}},{"hash":"2a25fa62284be064fb538882c1026b8096032d24","messageTitle":"Fix removeAppointment input check","messageBody":"","fileTypesAndContributionMap":{"functional-code":{"insertions":28,"deletions":4}}},{"hash":"53aaa57bd98027598912fb39c9b8fc2e624cdc53","messageTitle":"Fix appointmentDate input format,isValid check","messageBody":"","fileTypesAndContributionMap":{"functional-code":{"insertions":11,"deletions":4}}},{"hash":"f3fd4940cc74d8044191133ab97fc990ffd841e3","messageTitle":"Modify output msg of listAppointment","messageBody":"","fileTypesAndContributionMap":{"functional-code":{"insertions":1,"deletions":1}}},{"hash":"ce39b75a83984784d1196aabc0c591b582c0b676","messageTitle":"Fix checkstyleTest","messageBody":"","fileTypesAndContributionMap":{"test-code":{"insertions":2,"deletions":2}}},{"hash":"d143edf1c389ad3439639519131518d680a42ce8","messageTitle":"Improve coding quality of part appointment","messageBody":"","fileTypesAndContributionMap":{"functional-code":{"insertions":15,"deletions":17}}},{"hash":"7c705f7744c4525276b5d826855150754f67add6","messageTitle":"Fix checkstyle getAppointmentStatus","messageBody":"","fileTypesAndContributionMap":{"functional-code":{"insertions":3,"deletions":6}}}]},{"date":"2022-11-06","commitResults":[{"hash":"3befbb63596ca021d35f3ba730fc913de5d18211","messageTitle":"Modify output msg of appointment view","messageBody":"","fileTypesAndContributionMap":{"functional-code":{"insertions":1,"deletions":1}}},{"hash":"fc25e3ad0e632c520a6f0c8661e9493a72f907b6","messageTitle":"Add updateAppointmentStatusTest","messageBody":"","fileTypesAndContributionMap":{"test-code":{"insertions":29,"deletions":3}}},{"hash":"db4b691419232497ea45f56f0b13d21fd15dc6c8","messageTitle":"Add checkInvalidFormattedDateTest","messageBody":"","fileTypesAndContributionMap":{"test-code":{"insertions":22,"deletions":1}}},{"hash":"bea31bcd932eafa4a8b26b5b78fd64aee90fa40f","messageTitle":"Add addInvalidParams appointment test","messageBody":"","fileTypesAndContributionMap":{"test-code":{"insertions":38,"deletions":3}}},{"hash":"2c615633846980e2e5666b9259b73755ea7a030c","messageTitle":"Add more appointment test","messageBody":"","fileTypesAndContributionMap":{"functional-code":{"insertions":17,"deletions":13},"test-code":{"insertions":58,"deletions":7}}},{"hash":"31905efa7911a163b91eaef5d78362fbd62ba3c6","messageTitle":"Refactor ppp filename","messageBody":"","fileTypesAndContributionMap":{"docs":{"insertions":0,"deletions":0},"test-code":{"insertions":2,"deletions":4}}},{"hash":"7f1e730dbfa2bae8a172b7eb28376f926cdd90a4","messageTitle":"Start ppp","messageBody":"","fileTypesAndContributionMap":{"docs":{"insertions":2,"deletions":0}}},{"hash":"f7a3acf75f2d311761b05fa0d19d4a879e2f3530","messageTitle":"Fix all the tests,start checking exam","messageBody":"","fileTypesAndContributionMap":{"test-code":{"insertions":5,"deletions":5}}},{"hash":"ec780afdd44d9c9f980b15862ba102be7fdfea04","messageTitle":"Pass checkStyle,allTestCases","messageBody":"","fileTypesAndContributionMap":{"test-code":{"insertions":124,"deletions":82}}},{"hash":"b761080b082139d866b2ec1bf256e9f4bfaac72e","messageTitle":"Fix updateAppointmentStatusTest","messageBody":"","fileTypesAndContributionMap":{"functional-code":{"insertions":3,"deletions":1}}},{"hash":"f071b7a1aef800e6ccf0652edf0ddce612f3cec5","messageTitle":"Fix some feature-bugs","messageBody":"","fileTypesAndContributionMap":{"functional-code":{"insertions":15,"deletions":16}}}]},{"date":"2022-11-07","commitResults":[{"hash":"f093205c4d2029b139a7c30ecdd587e8192c23ab","messageTitle":"Add appointment management in DG","messageBody":"","fileTypesAndContributionMap":{"docs":{"insertions":51,"deletions":16}}},{"hash":"1666c56a10ab21c2c7f5021982bdacb7a9703bb7","messageTitle":"Add appointment status feature in DG","messageBody":"","fileTypesAndContributionMap":{"docs":{"insertions":24,"deletions":21}}},{"hash":"106087ff3686c6177189d2ce585c54c929b4b19f","messageTitle":"Add design consideration in appointment management DG","messageBody":"","fileTypesAndContributionMap":{"docs":{"insertions":13,"deletions":3}}},{"hash":"39d43766c979b0cc3340d475d1d5026aedc83b20","messageTitle":"Add more design consderation in appointment management DG","messageBody":"","fileTypesAndContributionMap":{"docs":{"insertions":39,"deletions":3}}},{"hash":"ab8914fbc8bdca2bf70f4b52a826c519ded35924","messageTitle":"Add anchor to appointment part","messageBody":"","fileTypesAndContributionMap":{"docs":{"insertions":19,"deletions":13}}},{"hash":"5adb9b4ebca85876b6904a592a554a495ffdf57f","messageTitle":"Add ppp,left DG of removing","messageBody":"","fileTypesAndContributionMap":{"docs":{"insertions":95,"deletions":8}}},{"hash":"0f93d7464fa476f13fcafca676c80b3fbfb052a1","messageTitle":"Complete ppp","messageBody":"","fileTypesAndContributionMap":{"docs":{"insertions":4,"deletions":3}}},{"hash":"73334260b44a0fab7ab93e77373347dadd43a42b","messageTitle":"Fix format in PPP","messageBody":"","fileTypesAndContributionMap":{"docs":{"insertions":7,"deletions":7}}},{"hash":"f64412d9b125fbb4141529743b72d938c3ee67c8","messageTitle":"Adjust format in PPP","messageBody":"","fileTypesAndContributionMap":{"docs":{"insertions":5,"deletions":5}}},{"hash":"3dce622aa0d23e6f67bec04170b2a7325a97fefe","messageTitle":"Add url","messageBody":"","fileTypesAndContributionMap":{"docs":{"insertions":2,"deletions":1}}}]},{"date":"2022-11-08","commitResults":[{"hash":"952e95e44df2342c32bb74e4a9e37a825240ef34","messageTitle":"Add url to service remove in DG","messageBody":"","fileTypesAndContributionMap":{"docs":{"insertions":2,"deletions":0}}},{"hash":"01b885d7084b0e3da288abcd888d399d80ce4172","messageTitle":"Update DG remove","messageBody":"","fileTypesAndContributionMap":{"docs":{"insertions":2,"deletions":4}}},{"hash":"db22cc0280f58bf8290ca4be28fcf44513aaa2e0","messageTitle":"Update DeveloperGuide.md","messageBody":"","fileTypesAndContributionMap":{"docs":{"insertions":1,"deletions":1}}}]}],"zheqis12138":[{"date":"2022-09-30","commitResults":[{"hash":"7593062651ed4be43d54e27c3d960ee139c05bba","messageTitle":"Update git portfolio","messageBody":"","fileTypesAndContributionMap":{"docs":{"insertions":1,"deletions":1}}}]},{"date":"2022-10-13","commitResults":[{"hash":"47546e63aa4ce887cac0e3a1cf277c53a485e062","messageTitle":"no message","messageBody":"","fileTypesAndContributionMap":{"functional-code":{"insertions":113,"deletions":0}}},{"hash":"a6f480d289b437579a251dccf2ca8a5fd577e818","messageTitle":"Restructure pet class","messageBody":"","fileTypesAndContributionMap":{"other":{"insertions":18,"deletions":6}}},{"hash":"67a84948d173a87b2e5e0d370d9f4bc2deb91cb1","messageTitle":"merge pet command into command","messageBody":"","fileTypesAndContributionMap":{"other":{"insertions":7,"deletions":5}}}]},{"date":"2022-10-16","commitResults":[{"hash":"9166206a7a9e244cc812ba8f9f682456dd462ea9","messageTitle":"petlist bug fix","messageBody":"","fileTypesAndContributionMap":{"functional-code":{"insertions":9,"deletions":6}}},{"hash":"3bcb0f9ba158bea6671f8b7f471f9a102c6eb62b","messageTitle":"pet add bug fix","messageBody":"","fileTypesAndContributionMap":{"functional-code":{"insertions":9,"deletions":8}}},{"hash":"162b3cebcc66781fd4bad6f29a486b50d100ffe9","messageTitle":"pet bug fix","messageBody":"","fileTypesAndContributionMap":{"functional-code":{"insertions":2,"deletions":2}}},{"hash":"b71a026a90191f9c4d7da74c0aba760a584c047c","messageTitle":"complete pet v.1","messageBody":"","fileTypesAndContributionMap":{"functional-code":{"insertions":11,"deletions":3}}}]},{"date":"2022-10-20","commitResults":[{"hash":"bab671e74e72b8e44f0775216e799605a1816b7d","messageTitle":"Pet exeptions","messageBody":"","fileTypesAndContributionMap":{"functional-code":{"insertions":65,"deletions":41}}}]},{"date":"2022-10-21","commitResults":[{"hash":"6059cd29839272ecbc9aa4378db65edfe748cec3","messageTitle":"pet development guide","messageBody":"","fileTypesAndContributionMap":{"docs":{"insertions":22,"deletions":0}}}]},{"date":"2022-10-24","commitResults":[{"hash":"89fcaa1f46f3ee9ad1a93ce016876213d6157151","messageTitle":"Randomly change pet status","messageBody":"","fileTypesAndContributionMap":{"functional-code":{"insertions":127,"deletions":31}}},{"hash":"a82c1e2d9eaba28f13eb85f04f1a8d40c94cae2a","messageTitle":"change pet isHealthy status","messageBody":"","fileTypesAndContributionMap":{"functional-code":{"insertions":24,"deletions":0}}}]},{"date":"2022-10-25","commitResults":[{"hash":"8fb872ba53f7e2d9e5cf4d95761e0123f9561b37","messageTitle":"try task parser","messageBody":"","fileTypesAndContributionMap":{"functional-code":{"insertions":21,"deletions":1},"test-code":{"insertions":15,"deletions":0}}},{"hash":"4672c0a942c04121ee692226e777f66b4649682d","messageTitle":"Task Parser","messageBody":"","fileTypesAndContributionMap":{"functional-code":{"insertions":98,"deletions":8}}},{"hash":"cf4e9c6c764525439d3701dd2c3dfd70d08358a4","messageTitle":"Pet Parser","messageBody":"","fileTypesAndContributionMap":{"functional-code":{"insertions":4,"deletions":0}}},{"hash":"6182548009b532d72e88f360f313de6c7bc04821","messageTitle":"bug fixed","messageBody":"","fileTypesAndContributionMap":{"functional-code":{"insertions":3,"deletions":3}}}]},{"date":"2022-10-27","commitResults":[{"hash":"24a6ab74852bbeed5c8578cb10e72f06efea6332","messageTitle":"Test Skeleton","messageBody":"","fileTypesAndContributionMap":{"test-code":{"insertions":121,"deletions":15}}},{"hash":"dcc02fa0bd076914f96a97e42d41e5830117115c","messageTitle":"testestest","messageBody":"","fileTypesAndContributionMap":{"test-code":{"insertions":108,"deletions":13}}},{"hash":"8eef1a56219c6528dd5901a77d7fbf4735c9b486","messageTitle":"delete remove employee temporarily","messageBody":"","fileTypesAndContributionMap":{"test-code":{"insertions":2,"deletions":9}}},{"hash":"c2117bdee1920f0cc434f4b2eb19d1e8673b18be","messageTitle":"exceptions","messageBody":"","fileTypesAndContributionMap":{"test-code":{"insertions":4,"deletions":2}}},{"hash":"74d3149304254160886749117b454c013fe3b201","messageTitle":"Appointment test","messageBody":"","fileTypesAndContributionMap":{"functional-code":{"insertions":1,"deletions":1},"test-code":{"insertions":43,"deletions":10}}},{"hash":"a042c8f3f89b84504bd99e0ea452baa8e12adf37","messageTitle":"checkstyle","messageBody":"","fileTypesAndContributionMap":{"functional-code":{"insertions":3,"deletions":3},"test-code":{"insertions":4,"deletions":4}}}]},{"date":"2022-10-30","commitResults":[{"hash":"0d6b62974f688b4656a1902e053b9c94836aae80","messageTitle":"fix remove pet","messageBody":"","fileTypesAndContributionMap":{"functional-code":{"insertions":37,"deletions":13}}},{"hash":"dceab5524194decbbd96e4108589ea9e05630dea","messageTitle":"Update indentation in parser","messageBody":"","fileTypesAndContributionMap":{"functional-code":{"insertions":1,"deletions":1}}}]},{"date":"2022-11-01","commitResults":[{"hash":"776a85dc5a92b970c2bd2ef1588e47b52e805ecb","messageTitle":"pet issue fixed","messageBody":"","fileTypesAndContributionMap":{"functional-code":{"insertions":21,"deletions":8},"docs":{"insertions":2,"deletions":2}}}]},{"date":"2022-11-05","commitResults":[{"hash":"628794ceb12ab0a24b768dbc5cadb6f60ce846f9","messageTitle":"increase covarage","messageBody":"","fileTypesAndContributionMap":{"functional-code":{"insertions":6,"deletions":40},"test-code":{"insertions":125,"deletions":13}}},{"hash":"31d1d532ef2df28f8ff82958539e20ac577c469f","messageTitle":"more tests","messageBody":"","fileTypesAndContributionMap":{"test-code":{"insertions":37,"deletions":0}}}]},{"date":"2022-11-06","commitResults":[{"hash":"75dcbb50286c1e854c2b2d130c756b7dbd597dd8","messageTitle":"add some assertion","messageBody":"","fileTypesAndContributionMap":{"functional-code":{"insertions":4,"deletions":1}}},{"hash":"68825b1d63d28703123cbc1b96f51de8614206bc","messageTitle":"PPP draft","messageBody":"","fileTypesAndContributionMap":{"docs":{"insertions":33,"deletions":0}}},{"hash":"4974f880a93c805fe744ba72210b0181e19a2b73","messageTitle":"edit PPP","messageBody":"","fileTypesAndContributionMap":{"docs":{"insertions":5,"deletions":4}}}]},{"date":"2022-11-07","commitResults":[{"hash":"3a2d6d61972d0ce9f9f2bfa1c71200ed771a0c36","messageTitle":"Update pet UML and DG","messageBody":"","fileTypesAndContributionMap":{"docs":{"insertions":5,"deletions":0}}},{"hash":"73530e320ace3a633717130faea2b0137de662a7","messageTitle":"update DG","messageBody":"","fileTypesAndContributionMap":{"docs":{"insertions":36,"deletions":7}}},{"hash":"6406b279b836a8ba6c9a6b502d0b94903fe89968","messageTitle":"bug fix","messageBody":"","fileTypesAndContributionMap":{"docs":{"insertions":1,"deletions":2}}},{"hash":"ff696e2e394672f6f58d8bfed8fcb21701cc1cda","messageTitle":"update PPP","messageBody":"","fileTypesAndContributionMap":{"docs":{"insertions":4,"deletions":1}}},{"hash":"9901463fdc4792f2b827f2faef09862ef39522f6","messageTitle":"change name","messageBody":"","fileTypesAndContributionMap":{"docs":{"insertions":1,"deletions":1}}}]}],"sylviahe171":[{"date":"2022-09-30","commitResults":[{"hash":"7e6e7986a0de983461ccc41ad7dd5ed8f3dc031a","messageTitle":"about us changed","messageBody":"","fileTypesAndContributionMap":{"docs":{"insertions":7,"deletions":7}}}]},{"date":"2022-10-11","commitResults":[{"hash":"4ff2c0fe09836c7e4dae624645ff09c608de7e4e","messageTitle":"pets and appointments partially done","messageBody":"","fileTypesAndContributionMap":{"functional-code":{"insertions":200,"deletions":0}}},{"hash":"c6a0a95f714da211d1232a65d2cedf326959b87b","messageTitle":"pets: add, remove, and list completed appointments: add, remove, and list completed","messageBody":"","tags":["pets-add,remove,list","appointments-add,remove,list"],"fileTypesAndContributionMap":{"functional-code":{"insertions":7,"deletions":17}}}]},{"date":"2022-10-13","commitResults":[{"hash":"c23adf750c23c5ae4e2a3a7aa4153375011d4dab","messageTitle":"Add status,allocate","messageBody":"","fileTypesAndContributionMap":{"functional-code":{"insertions":94,"deletions":15}}},{"hash":"27713a32a7e0d5849c3e39b9549faf33272cd4a7","messageTitle":"service","messageBody":"","fileTypesAndContributionMap":{"functional-code":{"insertions":39,"deletions":4}}},{"hash":"d3bf6e41348d91c7f5287fb6f8b84dd50912ba93","messageTitle":"\"change delete to remove\"","messageBody":"","fileTypesAndContributionMap":{"functional-code":{"insertions":17,"deletions":17}}},{"hash":"6957710ba2a577db59db24db48423ab7435e46ea","messageTitle":"\"bug fixed 1.0\"","messageBody":"","fileTypesAndContributionMap":{"functional-code":{"insertions":52,"deletions":35}}},{"hash":"0f337087da1dabadc5eb85555832bf229b0a5c9c","messageTitle":"\"move Parser into parser package\"","messageBody":"","fileTypesAndContributionMap":{"functional-code":{"insertions":166,"deletions":363}}},{"hash":"9b67aafb327e46537fd866bd6ec9c5093cc9240a","messageTitle":"add view employee","messageBody":"","fileTypesAndContributionMap":{"functional-code":{"insertions":9,"deletions":10}}},{"hash":"6a7498564d1474261aba4056d884ff8a2e65f659","messageTitle":"added COMMAND_WORD","messageBody":"","fileTypesAndContributionMap":{"functional-code":{"insertions":8,"deletions":21}}},{"hash":"c4d2ad6351a24ccaf277d9a63cd22e0889e8b546","messageTitle":"more command word added","messageBody":"","fileTypesAndContributionMap":{"other":{"insertions":10,"deletions":9}}},{"hash":"8572d5f54ec56934cb04395b7c59111c0a4da47c","messageTitle":"no message","messageBody":"","fileTypesAndContributionMap":{"functional-code":{"insertions":1,"deletions":2}}}]},{"date":"2022-10-14","commitResults":[{"hash":"330898663d823cec1dedbdfdaab0549110cdd440","messageTitle":"no message","messageBody":"","fileTypesAndContributionMap":{"functional-code":{"insertions":1,"deletions":1}}},{"hash":"3893d210bfeae1d0fc32f0d6a0672118e234275d","messageTitle":"debug","messageBody":"","fileTypesAndContributionMap":{"functional-code":{"insertions":15,"deletions":15}}},{"hash":"c64ca14feb9a6be90930175f3dca1f2e3eeac6f8","messageTitle":"working parser","messageBody":"","fileTypesAndContributionMap":{"functional-code":{"insertions":40,"deletions":33},"other":{"insertions":1,"deletions":0}}},{"hash":"fa0ceabb836aa5699cc9b6764ede9823a18ac97f","messageTitle":"error message clarified","messageBody":"","fileTypesAndContributionMap":{"functional-code":{"insertions":21,"deletions":25}}}]},{"date":"2022-10-16","commitResults":[{"hash":"8bd829c90108ff022ffe862fb2c58e32b969c47b","messageTitle":"parser debug","messageBody":"","fileTypesAndContributionMap":{"functional-code":{"insertions":2,"deletions":2}}},{"hash":"e5bb3a9bfe34edff6c50c06cfd26efa6ab1a5157","messageTitle":"newest parser","messageBody":"","fileTypesAndContributionMap":{"functional-code":{"insertions":1,"deletions":1}}},{"hash":"e9f1b2172c424c6932c2d0d2dd04c404a0e31115","messageTitle":"Multiple parser prepared","messageBody":"","fileTypesAndContributionMap":{"functional-code":{"insertions":246,"deletions":4}}},{"hash":"8b3e8577f89e6d82198cfdc33f1c068efe5bf941","messageTitle":"parser seperated with grammar mistakes fixed","messageBody":"","fileTypesAndContributionMap":{"functional-code":{"insertions":38,"deletions":16}}},{"hash":"9fed49b0001a46a32dadbcd2cd385d014c296003","messageTitle":"Parser more OOP working version","messageBody":"","fileTypesAndContributionMap":{"functional-code":{"insertions":34,"deletions":236}}},{"hash":"64eb5fac7396638054dbdd93e6df29fafdf6d755","messageTitle":"OOP parser: remove one trim()","messageBody":"","fileTypesAndContributionMap":{"functional-code":{"insertions":10,"deletions":10}}},{"hash":"8f216d7131ab89f016ed94c45cf20817d6bb3e95","messageTitle":"added status check","messageBody":"","fileTypesAndContributionMap":{"functional-code":{"insertions":29,"deletions":6}}}]},{"date":"2022-10-18","commitResults":[{"hash":"c500718fb2a0e024829dcd9f0dc788a97dec279a","messageTitle":"add pet\u0027s health added","messageBody":"","fileTypesAndContributionMap":{"functional-code":{"insertions":20,"deletions":4}}},{"hash":"34ef3061a016d154fb28e5b2affbea0149a282e6","messageTitle":"command package refactored","messageBody":"","tags":["refactor_command_package"],"fileTypesAndContributionMap":{"functional-code":{"insertions":13,"deletions":1},"other":{"insertions":38,"deletions":25}}},{"hash":"0bffa698c40b8b368d2ba3f2a0d6340e2c4db2bf","messageTitle":"exception handling in parser partially done","messageBody":"","fileTypesAndContributionMap":{"functional-code":{"insertions":25,"deletions":11}}},{"hash":"d9adc3af4d1c4bb3ea5459f9fff46a17e1ac89f1","messageTitle":"no message","messageBody":"","fileTypesAndContributionMap":{"functional-code":{"insertions":7,"deletions":6}}},{"hash":"727ccd8c8ddfe2aa16ccfe8755514d2fb1e10f9d","messageTitle":"bug fixed","messageBody":"","fileTypesAndContributionMap":{"functional-code":{"insertions":10,"deletions":8}}},{"hash":"6a475297c83c5063697810e052d47caa6488f5c6","messageTitle":"bug in change appointment status fixed","messageBody":"","fileTypesAndContributionMap":{"functional-code":{"insertions":10,"deletions":11}}},{"hash":"b3b65300ca6d16bdc1e2058664677179c063373a","messageTitle":"Parser-all excepetions added","messageBody":"","fileTypesAndContributionMap":{"functional-code":{"insertions":35,"deletions":27}}}]},{"date":"2022-10-21","commitResults":[{"hash":"8eb3c11ba4f8caf25bf957e79656d923f4be9761","messageTitle":"Employee view uml added","messageBody":"","tags":["Employee_view_uml"],"fileTypesAndContributionMap":{"docs":{"insertions":70,"deletions":0}}},{"hash":"5608d8e0733c93cba3c671d303758ee440a99447","messageTitle":"employee view added in userguide","messageBody":"","fileTypesAndContributionMap":{"docs":{"insertions":1,"deletions":0}}}]},{"date":"2022-10-26","commitResults":[{"hash":"17d786e35d3bd244ff5c28fa97d98719583123d7","messageTitle":"all but service management partially done","messageBody":"","fileTypesAndContributionMap":{"docs":{"insertions":151,"deletions":8}}}]},{"date":"2022-10-27","commitResults":[{"hash":"a4cb1cb4450f259bdd23d858d641f17d0e0f0b3c","messageTitle":"UG features completed","messageBody":"","tags":["UG-features"],"fileTypesAndContributionMap":{"docs":{"insertions":40,"deletions":12}}},{"hash":"15d2d4c152cde953bd9ef9bff39e9520e47f74d4","messageTitle":"command.command Summary completed","messageBody":"","tags":["UG-commandSummary"],"fileTypesAndContributionMap":{"docs":{"insertions":21,"deletions":3}}},{"hash":"3131e8caa9a4a5c085b3feb6b8fc06723be33525","messageTitle":"UG\u0027s tense corrected","messageBody":"","fileTypesAndContributionMap":{"docs":{"insertions":7,"deletions":7}}},{"hash":"b5962d51e037e292e77099d007367b575beb49f7","messageTitle":"UG","messageBody":"","tags":["UG"],"fileTypesAndContributionMap":{"docs":{"insertions":19,"deletions":15}}},{"hash":"cd7a5612e3e64ca00ab602ced765eea40f36afcf","messageTitle":"minor bugs in UG fixed","messageBody":"","fileTypesAndContributionMap":{"docs":{"insertions":13,"deletions":13}}},{"hash":"94cdefd5e3dea22322a381eb26d37883eee1385b","messageTitle":"UG updated with pet status added","messageBody":"","fileTypesAndContributionMap":{"docs":{"insertions":20,"deletions":6}}},{"hash":"9a02d0a347623b9dc3bb73502052cc8aa8897ef3","messageTitle":"Minor bugs in parser related to exception fixed","messageBody":"","fileTypesAndContributionMap":{"functional-code":{"insertions":17,"deletions":23}}},{"hash":"7198edb2f4578d1fe967b363d2479f32243ffc40","messageTitle":"delete all tasks belong to an appointment before deleting it","messageBody":"","fileTypesAndContributionMap":{"functional-code":{"insertions":21,"deletions":1}}},{"hash":"835c8b027f576a848059787daf561a459929e194","messageTitle":"UG workflow added","messageBody":"","tags":["UG-workflow"],"fileTypesAndContributionMap":{"docs":{"insertions":23,"deletions":2}}},{"hash":"32d0587d2f2880614ebcc78b5fff29968b3b11a0","messageTitle":"syntax fixed","messageBody":"","fileTypesAndContributionMap":{"functional-code":{"insertions":1,"deletions":6}}}]},{"date":"2022-11-02","commitResults":[{"hash":"e0ec9b23ad158db40d8bfb2e2db467788d1ee833","messageTitle":"Some bugs from PE-D fixed","messageBody":"","fileTypesAndContributionMap":{"functional-code":{"insertions":37,"deletions":23},"docs":{"insertions":1,"deletions":1}}},{"hash":"e34809a997f6f942365d71d8b9378608baa910d2","messageTitle":"Removed some migic string","messageBody":"","tags":["Remove_magic_string"],"fileTypesAndContributionMap":{"functional-code":{"insertions":32,"deletions":27},"docs":{"insertions":1,"deletions":0}}},{"hash":"0ed88b823db69fd62170cbb9a4d22eef97150f41","messageTitle":"PPP","messageBody":"","fileTypesAndContributionMap":{"docs":{"insertions":24,"deletions":0}}}]},{"date":"2022-11-03","commitResults":[{"hash":"db17b09c933f67e90c3d5acac72cad5bdee530a2","messageTitle":"check style errors fixed","messageBody":"","fileTypesAndContributionMap":{"functional-code":{"insertions":31,"deletions":29}}},{"hash":"e04d97aae8cb8d5a3ff736c06545c66c558414e0","messageTitle":"updated appointment add","messageBody":"","fileTypesAndContributionMap":{"docs":{"insertions":7,"deletions":7}}},{"hash":"5f401bb174a5fd50b906b8461c11201261843ed6","messageTitle":"appointment add pet input changed from string input to int input","messageBody":"","fileTypesAndContributionMap":{"functional-code":{"insertions":3,"deletions":3}}},{"hash":"b5effe433f3a7e9bf32d2fec46b09f3bae29d0e9","messageTitle":"UserGuide updated with new index format","messageBody":"","fileTypesAndContributionMap":{"docs":{"insertions":22,"deletions":14}}},{"hash":"73514653354b7c6b07ed4717ecaa41531a7295ee","messageTitle":"updated UG","messageBody":"","fileTypesAndContributionMap":{"docs":{"insertions":7,"deletions":7}}},{"hash":"d6ccc40d09936f14f277563cf05cb243b9908da8","messageTitle":"length of id input restricted","messageBody":"","fileTypesAndContributionMap":{"functional-code":{"insertions":3,"deletions":3}}},{"hash":"2731f7b4502579441ff3251ab4dd22ef42d279b8","messageTitle":"Storage feature added in UG","messageBody":"","fileTypesAndContributionMap":{"docs":{"insertions":2,"deletions":0}}},{"hash":"8d310aedfe5dfc1f752eb128953a145bd215c854","messageTitle":"appointments of a pet will be deleted after the pet is deleted Service remove fail notification added","messageBody":"","fileTypesAndContributionMap":{"functional-code":{"insertions":35,"deletions":4},"docs":{"insertions":1,"deletions":0}}},{"hash":"cfc8bd2f2d22a6aff4062cae563842ae431ee83c","messageTitle":"pet remove updated with related appointments deleted service remove updated with failure notification","messageBody":"","fileTypesAndContributionMap":{"functional-code":{"insertions":2,"deletions":2}}},{"hash":"b088b6a7e39a547c9dc509634c534dd09c099cbc","messageTitle":"No duplicate services allowed","messageBody":"","fileTypesAndContributionMap":{"functional-code":{"insertions":11,"deletions":2},"docs":{"insertions":3,"deletions":0}}},{"hash":"473e73eb548d52c4d994daa733fbb653d7b9b019","messageTitle":"Service list test updated","messageBody":"","fileTypesAndContributionMap":{"test-code":{"insertions":2,"deletions":2}}}]},{"date":"2022-11-06","commitResults":[{"hash":"46d9015d3bde28ba8cb0e70e60427ce04b5c1d6c","messageTitle":"Service test complete","messageBody":"","fileTypesAndContributionMap":{"functional-code":{"insertions":0,"deletions":2},"test-code":{"insertions":57,"deletions":4}}},{"hash":"2654d19a70caf1edb6952bbbac6273f4321ec523","messageTitle":"UG and PPP updated","messageBody":"","fileTypesAndContributionMap":{"docs":{"insertions":14,"deletions":5}}},{"hash":"f56e4bf9d320e557300070cd01d63f9886c18287","messageTitle":"PPP updated, employeeView updated","messageBody":"","tags":["EmployeeViewUML"],"fileTypesAndContributionMap":{"docs":{"insertions":10,"deletions":5}}},{"hash":"f1057b55d0884d5a997f24b3c2dda9f71be1eeea","messageTitle":"UG sample workflow updated","messageBody":"","fileTypesAndContributionMap":{"docs":{"insertions":10,"deletions":8}}},{"hash":"31edef0a885e932a71ff24f80d3030dcecf0553f","messageTitle":"service, task, pet, appointment, employee view UML added","messageBody":"","fileTypesAndContributionMap":{"docs":{"insertions":5,"deletions":1}}},{"hash":"1df196b15f3314c385e99f8e3bc8c22fedc96df7","messageTitle":"update todo for yuge","messageBody":"","fileTypesAndContributionMap":{"docs":{"insertions":9,"deletions":21}}}]},{"date":"2022-11-07","commitResults":[{"hash":"a87ab2b81d67910e1f018677824b053831770bd6","messageTitle":"updated UG PPP","messageBody":"","fileTypesAndContributionMap":{"docs":{"insertions":7,"deletions":7}}},{"hash":"aa9a64e9ea08fa83c15d992314d2112d62ca9f9d","messageTitle":"only allows 0/1 input of health status","messageBody":"","fileTypesAndContributionMap":{"functional-code":{"insertions":3,"deletions":0}}},{"hash":"bf1d26fe8ce6ec92957eaf6907ca4ccbbe76d845","messageTitle":"updated PPP","messageBody":"","fileTypesAndContributionMap":{"docs":{"insertions":12,"deletions":6}}},{"hash":"6b70aef9a8f2a64ffee32430e134ff325e4744d1","messageTitle":"no message","messageBody":"","fileTypesAndContributionMap":{"docs":{"insertions":1,"deletions":1}}},{"hash":"50ec7ca467f315d920b95941a29a7fb4e2eed294","messageTitle":"sylvia\u0027s PPP typo fixed","messageBody":"","fileTypesAndContributionMap":{"docs":{"insertions":1,"deletions":1}}}]}]},"authorFileTypeContributionMap":{"nvknow":{"docs":232,"functional-code":525,"test-code":148,"other":1},"yongjicode":{"docs":90,"functional-code":626,"test-code":164,"other":1},"ChengYoghurt":{"docs":311,"functional-code":332,"test-code":256},"zheqis12138":{"docs":94,"functional-code":320,"test-code":362},"sylviahe171":{"docs":318,"functional-code":377,"test-code":59,"other":1}},"authorContributionVariance":{"nvknow":11803.712,"yongjicode":8651.884,"ChengYoghurt":7413.831,"zheqis12138":4288.488,"sylviahe171":24106.963},"authorDisplayNameMap":{"nvknow":"CS2113-F11-2 CAO ..IKAI","yongjicode":"CS2113-F11-2 NG Y.. JIE","ChengYoghurt":"CS2113-F11-2 CHEN..YUGE","zheqis12138":"CS2113-F11-2 SHEN..HEQI","sylviahe171":"CS2113-F11-2 HE J..NWEN"}}
