{"authorDailyContributionsMap":{"nvknow":[{"date":"2022-09-30","commitResults":[{"hash":"8d146c26a756e9ec83f30155ca5d1bf7682b14ba","messageTitle":"Update AboutUs.md","messageBody":"","fileTypesAndContributionMap":{"docs":{"insertions":4,"deletions":4}}},{"hash":"d51f1a993630b9094512cf7897b7e217a410b23c","messageTitle":"update Cao Yikai\u0027s information","messageBody":"","fileTypesAndContributionMap":{"docs":{"insertions":7,"deletions":7}}}]},{"date":"2022-10-10","commitResults":[{"hash":"8223bf16065e6470ef501279e7acce0bfded6b5d","messageTitle":"create class Employee and EmployeeList","messageBody":"","fileTypesAndContributionMap":{"functional-code":{"insertions":41,"deletions":0}}},{"hash":"058273b9fa2bda6e5ef2aa04ee45f022129b7144","messageTitle":"create class Service and ServiceList","messageBody":"","fileTypesAndContributionMap":{"functional-code":{"insertions":41,"deletions":0}}},{"hash":"7d28be0c43fc1441466b14cdab7c3ac9ab249c88","messageTitle":"create appointment package","messageBody":"","fileTypesAndContributionMap":{"other":{"insertions":6,"deletions":1}}},{"hash":"2754cc0aba3c2470e944cacd1d2c3b212c00c95c","messageTitle":"create employee package","messageBody":"","fileTypesAndContributionMap":{"other":{"insertions":0,"deletions":0}}},{"hash":"1853d74e49f08628aab1eea0c0c3ccc674031c0b","messageTitle":"create package employee","messageBody":"","fileTypesAndContributionMap":{"functional-code":{"insertions":4,"deletions":0}}},{"hash":"46dee181fef97398c50b027643e73098a3be0fb5","messageTitle":"create package service","messageBody":"","fileTypesAndContributionMap":{"other":{"insertions":4,"deletions":0}}}]},{"date":"2022-10-13","commitResults":[{"hash":"e3d1d6ce986c6181e1dc5624bd5dff23651ab080","messageTitle":"modify typo in service","messageBody":"","fileTypesAndContributionMap":{"functional-code":{"insertions":4,"deletions":4}}},{"hash":"75bc080dfd5d44eb189e499a249a59004660a32e","messageTitle":"Remove List from excute function","messageBody":"","fileTypesAndContributionMap":{"functional-code":{"insertions":23,"deletions":19}}},{"hash":"a0b4fc4224f0e929b13b77f69e22a26ef6043ab0","messageTitle":"fix bug in appointment, use split instead of indexof in add appointment","messageBody":"","fileTypesAndContributionMap":{"functional-code":{"insertions":11,"deletions":8}}}]},{"date":"2022-10-16","commitResults":[{"hash":"b4870efb4c7d031fcf2d40f879e017e368dff5a6","messageTitle":"fix bug in employee id","messageBody":"","fileTypesAndContributionMap":{"functional-code":{"insertions":4,"deletions":0}}},{"hash":"8194111b3daf8ccd126a1b1326b0519cb9189fa3","messageTitle":"add testBye","messageBody":"","fileTypesAndContributionMap":{"test-code":{"insertions":9,"deletions":0}}},{"hash":"c67d8138bf6f906e955949da48c9d6ddb2b20dc7","messageTitle":"update employee id","messageBody":"","fileTypesAndContributionMap":{"functional-code":{"insertions":4,"deletions":5}}},{"hash":"4f80e7773b3b58c2312d58713d174bd444ab3800","messageTitle":"update service id","messageBody":"","fileTypesAndContributionMap":{"functional-code":{"insertions":4,"deletions":2}}},{"hash":"92ad2c8785e94bd797e1b301c3812106fb657781","messageTitle":"add assertion to service","messageBody":"","fileTypesAndContributionMap":{"functional-code":{"insertions":2,"deletions":0}}},{"hash":"e52f1dbd784cececbe06850a3d25dddddcb06e5d","messageTitle":"try to enable assertions","messageBody":"","fileTypesAndContributionMap":{"other":{"insertions":1,"deletions":1}}}]},{"date":"2022-10-18","commitResults":[{"hash":"b770497fea7440425b45434b91655f14027c70eb","messageTitle":"formatted output of add, view, remove employee","messageBody":"","fileTypesAndContributionMap":{"functional-code":{"insertions":9,"deletions":2}}},{"hash":"bf8db593735817a75afc01333b220b2d37d452b9","messageTitle":"formatted output of add, view, remove service","messageBody":"","fileTypesAndContributionMap":{"functional-code":{"insertions":10,"deletions":3}}},{"hash":"13c8963b7f16f21a473a6ec9a465baf248769929","messageTitle":"add DukeException and EmptyCommand, add exception handling to employee view","messageBody":"","fileTypesAndContributionMap":{"functional-code":{"insertions":49,"deletions":19}}},{"hash":"7c178b0c321c1c80ebbe113c5e2887d50565248c","messageTitle":"add exception handling to employee","messageBody":"","fileTypesAndContributionMap":{"functional-code":{"insertions":23,"deletions":19}}},{"hash":"d1838869a83d69f3d2b5efc0aaf7f8e54af9728d","messageTitle":"Revert \"add exception handling to employee\"","messageBody":"","fileTypesAndContributionMap":{"functional-code":{"insertions":18,"deletions":23}}}]},{"date":"2022-10-19","commitResults":[{"hash":"3133a356003347cf36f7e065b59de6135ecebf45","messageTitle":"exception handling employee","messageBody":"","fileTypesAndContributionMap":{"functional-code":{"insertions":0,"deletions":3}}},{"hash":"43a94378de5eb2e689dade574cb5a714530cec60","messageTitle":"Revert \"Revert \"add exception handling to employee\"\"","messageBody":"","fileTypesAndContributionMap":{"functional-code":{"insertions":23,"deletions":18}}},{"hash":"80112743300a22b6b57550ab4ac591316b0527ee","messageTitle":"make employee exception handling more formatted","messageBody":"","fileTypesAndContributionMap":{"functional-code":{"insertions":13,"deletions":11}}},{"hash":"8a3ce48ac81ebdb8527501e396bc1e7d21099979","messageTitle":"add exception handling to service","messageBody":"","fileTypesAndContributionMap":{"functional-code":{"insertions":40,"deletions":33}}}]},{"date":"2022-10-20","commitResults":[{"hash":"cf46ed6a2d16767e90a8bd9048015ead2b216f03","messageTitle":"add user story to DG","messageBody":"","fileTypesAndContributionMap":{"docs":{"insertions":17,"deletions":2}}}]},{"date":"2022-10-21","commitResults":[{"hash":"84858f3da1147cc389cd9109b2ae10b996e489db","messageTitle":"add Employee management feature in DG","messageBody":"","fileTypesAndContributionMap":{"docs":{"insertions":141,"deletions":2}}},{"hash":"c952c3a5667de800eac597921935690c6ce3cf85","messageTitle":"update rough uml in DG","messageBody":"","fileTypesAndContributionMap":{"docs":{"insertions":33,"deletions":1}}},{"hash":"54954f2967619ec7eb24b29c458dbb690625c97c","messageTitle":"update DG uml","messageBody":"","fileTypesAndContributionMap":{"docs":{"insertions":1,"deletions":1}}},{"hash":"ec0ccc79da7b12c4c434664a9aab562ddc1fbd8e","messageTitle":"update DG uml","messageBody":"","fileTypesAndContributionMap":{"docs":{"insertions":3,"deletions":1}}}]},{"date":"2022-10-25","commitResults":[{"hash":"67892891a3045efe59e800fd7dc6e2405de43d97","messageTitle":"add Ui class and make it more OOP","messageBody":"","fileTypesAndContributionMap":{"functional-code":{"insertions":62,"deletions":45},"test-code":{"insertions":2,"deletions":1}}},{"hash":"388e65b02a95a8746ef4d82bd1022f6626b4157c","messageTitle":"modify EndCommand and Parser","messageBody":"","fileTypesAndContributionMap":{"functional-code":{"insertions":23,"deletions":49}}},{"hash":"f1118e06fdc5fce51952442784e4fd03e4f503c4","messageTitle":"delete unnecessary import","messageBody":"","fileTypesAndContributionMap":{"functional-code":{"insertions":0,"deletions":55}}},{"hash":"da7577e2252c843f1dd272ce4c9f4797f97b07ec","messageTitle":"modify ui and parser","messageBody":"","fileTypesAndContributionMap":{"functional-code":{"insertions":10,"deletions":7}}}]}],"yongjicode":[{"date":"2022-10-10","commitResults":[{"hash":"2a4216339b45bfd766dd6df782a28039bd301534","messageTitle":"Add appointment commands","messageBody":"","fileTypesAndContributionMap":{"functional-code":{"insertions":13,"deletions":0},"other":{"insertions":0,"deletions":0}}},{"hash":"fec2e891de2dd178d25bef998bbee331a5f23a27","messageTitle":"Add commands for appointment","messageBody":"","fileTypesAndContributionMap":{"functional-code":{"insertions":123,"deletions":7},"docs":{"insertions":1,"deletions":1}}}]},{"date":"2022-10-13","commitResults":[{"hash":"c06544d9f22e3862485f3a23af59f109302eaf6c","messageTitle":"Update commands for Staff","messageBody":"","fileTypesAndContributionMap":{"functional-code":{"insertions":53,"deletions":9}}},{"hash":"f4c35b9f959d961170e5940ed11d977a12ef92a1","messageTitle":"stress","messageBody":"","fileTypesAndContributionMap":{"functional-code":{"insertions":194,"deletions":2}}}]},{"date":"2022-10-24","commitResults":[{"hash":"9067c0b9a44fee474cf1209a540cfa3909229dc3","messageTitle":"Add Task \u0026 TaskList and Modified Appointment \u0026 Employee classes to aggregate Task","messageBody":"","fileTypesAndContributionMap":{"functional-code":{"insertions":190,"deletions":2}}},{"hash":"68c976cb07f37a35eebe1efc60cead32158349cb","messageTitle":"Add commands for Tasks","messageBody":"","fileTypesAndContributionMap":{"functional-code":{"insertions":112,"deletions":1}}}]}],"ChengYoghurt":[{"date":"2022-09-30","commitResults":[{"hash":"e5826bd7e271a748648ff96a560f20ff4483800b","messageTitle":"Update ChengYuge github profile","messageBody":"","fileTypesAndContributionMap":{"docs":{"insertions":7,"deletions":7}}}]},{"date":"2022-10-10","commitResults":[{"hash":"61d2e93da9beb03a4c9e802bbfbcbc5838d21523","messageTitle":"Add Appointment class","messageBody":"","fileTypesAndContributionMap":{"functional-code":{"insertions":38,"deletions":0}}},{"hash":"86e4cd996d23f2ec6052118387c3edea19dc3b79","messageTitle":"Add listAppointment and its support function","messageBody":"","fileTypesAndContributionMap":{"functional-code":{"insertions":21,"deletions":0}}},{"hash":"495c77a61161f890adfa67bdcff068534da0adaf","messageTitle":"Add AppointmentList class and listAppointment function","messageBody":"","fileTypesAndContributionMap":{"functional-code":{"insertions":18,"deletions":11}}},{"hash":"4db1e121f9d7f5617e020a54f13a1cb28ca2f564","messageTitle":"Add addAppointment function","messageBody":"","fileTypesAndContributionMap":{"functional-code":{"insertions":4,"deletions":0}}},{"hash":"3da337e14a08c0246238e278f603fde795d1614a","messageTitle":"Add removeAppointment function","messageBody":"","fileTypesAndContributionMap":{"functional-code":{"insertions":9,"deletions":0}}},{"hash":"eb4e4cf482d3f8a0091198168a7d1cd1e36201ca","messageTitle":"Add public access modifier","messageBody":"","fileTypesAndContributionMap":{"functional-code":{"insertions":2,"deletions":3}}}]},{"date":"2022-10-13","commitResults":[{"hash":"168df8fbb71b66fe1a7b2b752c1a1254093bc34e","messageTitle":"Fix addAppintment parser","messageBody":"","fileTypesAndContributionMap":{"functional-code":{"insertions":11,"deletions":17}}}]},{"date":"2022-10-16","commitResults":[{"hash":"49d5142153307beb46f823345fa95d4143079bde","messageTitle":"Add service in Appointment class","messageBody":"","fileTypesAndContributionMap":{"functional-code":{"insertions":3,"deletions":10}}},{"hash":"c751d555a4cd18db23a15b89a2bcc6d01f5050d4","messageTitle":"Fix appointment command","messageBody":"","fileTypesAndContributionMap":{"functional-code":{"insertions":5,"deletions":7}}},{"hash":"1eed89289463fb6b09ca605b3b8411694fd1bec0","messageTitle":"Add setAppointmentStatus command","messageBody":"","fileTypesAndContributionMap":{"functional-code":{"insertions":67,"deletions":6}}}]},{"date":"2022-10-19","commitResults":[{"hash":"c6e84c1536a8ed550225685155ce3456eb9f40e1","messageTitle":"Add exception handling to parseAppointment","messageBody":"","fileTypesAndContributionMap":{"functional-code":{"insertions":28,"deletions":27}}},{"hash":"30de3b47324d53727c8769045f79cf3d890ea058","messageTitle":"Add exception handling to prepareRemoveAppointment","messageBody":"","fileTypesAndContributionMap":{"functional-code":{"insertions":7,"deletions":7}}},{"hash":"0575d991d9d3fe2edef82a56cb2e762921c560a1","messageTitle":"Add exception handling to prepareAddAppointment","messageBody":"","fileTypesAndContributionMap":{"functional-code":{"insertions":16,"deletions":13}}},{"hash":"021bfd4ab86154757b376f7d38a27288c17c19cb","messageTitle":"Add exception handling to prepareSetAppointmentStatus","messageBody":"","fileTypesAndContributionMap":{"functional-code":{"insertions":21,"deletions":20}}}]},{"date":"2022-10-20","commitResults":[{"hash":"73a8fd53070b8d75c2b7683b09ddd9f667f6a2a5","messageTitle":"Fix appointment parser","messageBody":"","fileTypesAndContributionMap":{"functional-code":{"insertions":1,"deletions":2}}}]},{"date":"2022-10-21","commitResults":[{"hash":"529cd4bda3901ff1200109637861b3e2a6d9521e","messageTitle":"Add addService uml diagram","messageBody":"","fileTypesAndContributionMap":{"docs":{"insertions":27,"deletions":0}}},{"hash":"eae78bc37a4455940e17a22fb4078e08b2ef92f4","messageTitle":"Modify cmd msg in Employee uml diagram","messageBody":"","fileTypesAndContributionMap":{"docs":{"insertions":3,"deletions":3}}},{"hash":"2a0369dc2a5af008eca7403fddff15d3103183e7","messageTitle":"Add service DG","messageBody":"","fileTypesAndContributionMap":{"docs":{"insertions":51,"deletions":0}}}]},{"date":"2022-10-22","commitResults":[{"hash":"1c8bf657844d4845ebe4b55c9ec43b62efd8314d","messageTitle":"Clean up url image in DG,add viewService image","messageBody":"","fileTypesAndContributionMap":{"docs":{"insertions":34,"deletions":11}}},{"hash":"1ee5b507a39046b71b6512e86c5a1d5a491208fa","messageTitle":"Add appointmentStatus test","messageBody":"","fileTypesAndContributionMap":{"test-code":{"insertions":14,"deletions":0}}},{"hash":"8384e4d83fff555d76a8baab3bf8c7d47cd01edb","messageTitle":"Add addAppointment ui msg","messageBody":"","fileTypesAndContributionMap":{"functional-code":{"insertions":7,"deletions":2}}},{"hash":"ab61bdb8d6d4286808088aa6a0a88ae03cb49d21","messageTitle":"Add removeApoointment ui msg","messageBody":"","fileTypesAndContributionMap":{"functional-code":{"insertions":12,"deletions":4}}},{"hash":"438fa210918f54e930b934d840c9519bbf9ce6ba","messageTitle":"Add setAppointmentStatus ui msg","messageBody":"","fileTypesAndContributionMap":{"functional-code":{"insertions":9,"deletions":0}}},{"hash":"cdeb0ff39f1ce699273f8e4906c5cb704426ebfe","messageTitle":"Modify appointment ui msg format","messageBody":"","fileTypesAndContributionMap":{"functional-code":{"insertions":3,"deletions":3}}}]}],"zheqis12138":[{"date":"2022-09-30","commitResults":[{"hash":"7593062651ed4be43d54e27c3d960ee139c05bba","messageTitle":"Update git portfolio","messageBody":"","fileTypesAndContributionMap":{"docs":{"insertions":1,"deletions":1}}}]},{"date":"2022-10-13","commitResults":[{"hash":"47546e63aa4ce887cac0e3a1cf277c53a485e062","messageTitle":"no message","messageBody":"","fileTypesAndContributionMap":{"functional-code":{"insertions":113,"deletions":0}}},{"hash":"a6f480d289b437579a251dccf2ca8a5fd577e818","messageTitle":"Restructure pet class","messageBody":"","fileTypesAndContributionMap":{"other":{"insertions":18,"deletions":6}}},{"hash":"67a84948d173a87b2e5e0d370d9f4bc2deb91cb1","messageTitle":"merge pet command into command","messageBody":"","fileTypesAndContributionMap":{"other":{"insertions":7,"deletions":5}}}]},{"date":"2022-10-16","commitResults":[{"hash":"9166206a7a9e244cc812ba8f9f682456dd462ea9","messageTitle":"petlist bug fix","messageBody":"","fileTypesAndContributionMap":{"functional-code":{"insertions":9,"deletions":6}}},{"hash":"3bcb0f9ba158bea6671f8b7f471f9a102c6eb62b","messageTitle":"pet add bug fix","messageBody":"","fileTypesAndContributionMap":{"functional-code":{"insertions":9,"deletions":8}}},{"hash":"162b3cebcc66781fd4bad6f29a486b50d100ffe9","messageTitle":"pet bug fix","messageBody":"","fileTypesAndContributionMap":{"functional-code":{"insertions":2,"deletions":2}}},{"hash":"b71a026a90191f9c4d7da74c0aba760a584c047c","messageTitle":"complete pet v.1","messageBody":"","fileTypesAndContributionMap":{"functional-code":{"insertions":11,"deletions":3}}}]},{"date":"2022-10-20","commitResults":[{"hash":"bab671e74e72b8e44f0775216e799605a1816b7d","messageTitle":"Pet exeptions","messageBody":"","fileTypesAndContributionMap":{"functional-code":{"insertions":65,"deletions":41}}}]},{"date":"2022-10-21","commitResults":[{"hash":"6059cd29839272ecbc9aa4378db65edfe748cec3","messageTitle":"pet development guide","messageBody":"","fileTypesAndContributionMap":{"docs":{"insertions":22,"deletions":0}}}]},{"date":"2022-10-24","commitResults":[{"hash":"89fcaa1f46f3ee9ad1a93ce016876213d6157151","messageTitle":"Randomly change pet status","messageBody":"","fileTypesAndContributionMap":{"functional-code":{"insertions":127,"deletions":31}}},{"hash":"a82c1e2d9eaba28f13eb85f04f1a8d40c94cae2a","messageTitle":"change pet isHealthy status","messageBody":"","fileTypesAndContributionMap":{"functional-code":{"insertions":24,"deletions":0}}}]},{"date":"2022-10-25","commitResults":[{"hash":"8fb872ba53f7e2d9e5cf4d95761e0123f9561b37","messageTitle":"try task parser","messageBody":"","fileTypesAndContributionMap":{"functional-code":{"insertions":21,"deletions":1},"test-code":{"insertions":15,"deletions":0}}},{"hash":"4672c0a942c04121ee692226e777f66b4649682d","messageTitle":"Task Parser","messageBody":"","fileTypesAndContributionMap":{"functional-code":{"insertions":98,"deletions":8}}},{"hash":"cf4e9c6c764525439d3701dd2c3dfd70d08358a4","messageTitle":"Pet Parser","messageBody":"","fileTypesAndContributionMap":{"functional-code":{"insertions":4,"deletions":0}}},{"hash":"6182548009b532d72e88f360f313de6c7bc04821","messageTitle":"bug fixed","messageBody":"","fileTypesAndContributionMap":{"functional-code":{"insertions":3,"deletions":3}}}]}],"sylviahe171":[{"date":"2022-09-30","commitResults":[{"hash":"7e6e7986a0de983461ccc41ad7dd5ed8f3dc031a","messageTitle":"about us changed","messageBody":"","fileTypesAndContributionMap":{"docs":{"insertions":7,"deletions":7}}}]},{"date":"2022-10-11","commitResults":[{"hash":"4ff2c0fe09836c7e4dae624645ff09c608de7e4e","messageTitle":"pets and appointments partially done","messageBody":"","fileTypesAndContributionMap":{"functional-code":{"insertions":200,"deletions":0}}},{"hash":"c6a0a95f714da211d1232a65d2cedf326959b87b","messageTitle":"pets: add, remove, and list completed appointments: add, remove, and list completed","messageBody":"","tags":["pets-add,remove,list","appointments-add,remove,list"],"fileTypesAndContributionMap":{"functional-code":{"insertions":7,"deletions":17}}}]},{"date":"2022-10-13","commitResults":[{"hash":"c23adf750c23c5ae4e2a3a7aa4153375011d4dab","messageTitle":"Add status,allocate","messageBody":"","fileTypesAndContributionMap":{"functional-code":{"insertions":94,"deletions":15}}},{"hash":"27713a32a7e0d5849c3e39b9549faf33272cd4a7","messageTitle":"service","messageBody":"","fileTypesAndContributionMap":{"functional-code":{"insertions":39,"deletions":4}}},{"hash":"d3bf6e41348d91c7f5287fb6f8b84dd50912ba93","messageTitle":"\"change delete to remove\"","messageBody":"","fileTypesAndContributionMap":{"functional-code":{"insertions":17,"deletions":17}}},{"hash":"6957710ba2a577db59db24db48423ab7435e46ea","messageTitle":"\"bug fixed 1.0\"","messageBody":"","fileTypesAndContributionMap":{"functional-code":{"insertions":52,"deletions":35}}},{"hash":"0f337087da1dabadc5eb85555832bf229b0a5c9c","messageTitle":"\"move Parser into parser package\"","messageBody":"","fileTypesAndContributionMap":{"functional-code":{"insertions":166,"deletions":363}}},{"hash":"9b67aafb327e46537fd866bd6ec9c5093cc9240a","messageTitle":"add view employee","messageBody":"","fileTypesAndContributionMap":{"functional-code":{"insertions":9,"deletions":10}}},{"hash":"6a7498564d1474261aba4056d884ff8a2e65f659","messageTitle":"added COMMAND_WORD","messageBody":"","fileTypesAndContributionMap":{"functional-code":{"insertions":8,"deletions":21}}},{"hash":"c4d2ad6351a24ccaf277d9a63cd22e0889e8b546","messageTitle":"more command word added","messageBody":"","fileTypesAndContributionMap":{"other":{"insertions":10,"deletions":9}}},{"hash":"8572d5f54ec56934cb04395b7c59111c0a4da47c","messageTitle":"no message","messageBody":"","fileTypesAndContributionMap":{"functional-code":{"insertions":1,"deletions":2}}}]},{"date":"2022-10-14","commitResults":[{"hash":"330898663d823cec1dedbdfdaab0549110cdd440","messageTitle":"no message","messageBody":"","fileTypesAndContributionMap":{"functional-code":{"insertions":1,"deletions":1}}},{"hash":"3893d210bfeae1d0fc32f0d6a0672118e234275d","messageTitle":"debug","messageBody":"","fileTypesAndContributionMap":{"functional-code":{"insertions":15,"deletions":15}}},{"hash":"c64ca14feb9a6be90930175f3dca1f2e3eeac6f8","messageTitle":"working parser","messageBody":"","fileTypesAndContributionMap":{"functional-code":{"insertions":40,"deletions":33},"other":{"insertions":1,"deletions":0}}},{"hash":"fa0ceabb836aa5699cc9b6764ede9823a18ac97f","messageTitle":"error message clarified","messageBody":"","fileTypesAndContributionMap":{"functional-code":{"insertions":21,"deletions":25}}}]},{"date":"2022-10-16","commitResults":[{"hash":"8bd829c90108ff022ffe862fb2c58e32b969c47b","messageTitle":"parser debug","messageBody":"","fileTypesAndContributionMap":{"functional-code":{"insertions":2,"deletions":2}}},{"hash":"e5bb3a9bfe34edff6c50c06cfd26efa6ab1a5157","messageTitle":"newest parser","messageBody":"","fileTypesAndContributionMap":{"functional-code":{"insertions":1,"deletions":1}}},{"hash":"e9f1b2172c424c6932c2d0d2dd04c404a0e31115","messageTitle":"Multiple parser prepared","messageBody":"","fileTypesAndContributionMap":{"functional-code":{"insertions":246,"deletions":4}}},{"hash":"8b3e8577f89e6d82198cfdc33f1c068efe5bf941","messageTitle":"parser seperated with grammar mistakes fixed","messageBody":"","fileTypesAndContributionMap":{"functional-code":{"insertions":38,"deletions":16}}},{"hash":"9fed49b0001a46a32dadbcd2cd385d014c296003","messageTitle":"Parser more OOP working version","messageBody":"","fileTypesAndContributionMap":{"functional-code":{"insertions":34,"deletions":236}}},{"hash":"64eb5fac7396638054dbdd93e6df29fafdf6d755","messageTitle":"OOP parser: remove one trim()","messageBody":"","fileTypesAndContributionMap":{"functional-code":{"insertions":10,"deletions":10}}},{"hash":"8f216d7131ab89f016ed94c45cf20817d6bb3e95","messageTitle":"added status check","messageBody":"","fileTypesAndContributionMap":{"functional-code":{"insertions":29,"deletions":6}}}]},{"date":"2022-10-18","commitResults":[{"hash":"c500718fb2a0e024829dcd9f0dc788a97dec279a","messageTitle":"add pet\u0027s health added","messageBody":"","fileTypesAndContributionMap":{"functional-code":{"insertions":20,"deletions":4}}},{"hash":"34ef3061a016d154fb28e5b2affbea0149a282e6","messageTitle":"command package refactored","messageBody":"","fileTypesAndContributionMap":{"functional-code":{"insertions":13,"deletions":1},"other":{"insertions":38,"deletions":25}}},{"hash":"0bffa698c40b8b368d2ba3f2a0d6340e2c4db2bf","messageTitle":"exception handling in parser partially done","messageBody":"","fileTypesAndContributionMap":{"functional-code":{"insertions":25,"deletions":11}}},{"hash":"d9adc3af4d1c4bb3ea5459f9fff46a17e1ac89f1","messageTitle":"no message","messageBody":"","fileTypesAndContributionMap":{"functional-code":{"insertions":7,"deletions":6}}},{"hash":"727ccd8c8ddfe2aa16ccfe8755514d2fb1e10f9d","messageTitle":"bug fixed","messageBody":"","fileTypesAndContributionMap":{"functional-code":{"insertions":10,"deletions":8}}},{"hash":"6a475297c83c5063697810e052d47caa6488f5c6","messageTitle":"bug in change appointment status fixed","messageBody":"","fileTypesAndContributionMap":{"functional-code":{"insertions":10,"deletions":11}}},{"hash":"b3b65300ca6d16bdc1e2058664677179c063373a","messageTitle":"Parser-all excepetions added","messageBody":"","fileTypesAndContributionMap":{"functional-code":{"insertions":35,"deletions":27}}}]},{"date":"2022-10-21","commitResults":[{"hash":"8eb3c11ba4f8caf25bf957e79656d923f4be9761","messageTitle":"Employee view uml added","messageBody":"","fileTypesAndContributionMap":{"docs":{"insertions":70,"deletions":0}}},{"hash":"5608d8e0733c93cba3c671d303758ee440a99447","messageTitle":"employee view added in userguide","messageBody":"","fileTypesAndContributionMap":{"docs":{"insertions":1,"deletions":0}}}]}]},"authorFileTypeContributionMap":{"nvknow":{"docs":178,"functional-code":266,"test-code":10,"other":1},"yongjicode":{"docs":1,"functional-code":545,"test-code":0},"ChengYoghurt":{"docs":117,"functional-code":173,"test-code":14},"zheqis12138":{"docs":22,"functional-code":403,"test-code":15},"sylviahe171":{"docs":29,"functional-code":346,"test-code":0,"other":1}},"authorContributionVariance":{"nvknow":3498.7097,"yongjicode":4202.0596,"ChengYoghurt":1246.3993,"zheqis12138":2048.39,"sylviahe171":29550.707},"authorDisplayNameMap":{"nvknow":"CS2113-F11-2 CAO ..IKAI","yongjicode":"CS2113-F11-2 NG Y.. JIE","ChengYoghurt":"CS2113-F11-2 CHEN..YUGE","zheqis12138":"CS2113-F11-2 SHEN..HEQI","sylviahe171":"CS2113-F11-2 HE J..NWEN"}}
