[{"path":"docs/AboutUs.md","fileType":"docs","lines":[{"lineNumber":1,"author":{"gitId":"-"},"content":"# About us","lastModifiedDate":"2020-05-24"},{"lineNumber":2,"author":{"gitId":"-"},"content":"","lastModifiedDate":"2020-05-24"},{"lineNumber":3,"author":{"gitId":"nshian"},"content":"","lastModifiedDate":"2022-09-28"},{"lineNumber":4,"author":{"gitId":"-"},"content":"Display |   Name   |        Github Profile         | Portfolio ","lastModifiedDate":"2020-05-24"},{"lineNumber":5,"author":{"gitId":"nshian"},"content":"--------|:--------:|:-----------------------------:|:---------:","lastModifiedDate":"2022-09-28"},{"lineNumber":6,"author":{"gitId":"ongzhihong"},"content":"![](https://media-exp1.licdn.com/dms/image/C4D03AQEgXrNsrc1T3Q/profile-displayphoto-shrink_800_800/0/1663228347339?e\u003d1669852800\u0026v\u003dbeta\u0026t\u003dV0fWQzHp9qeiD3inauUaj8j2CE8MFb_5w_aS7rKcDnM) | Ong Zhi Hong | [Github](https://github.com/helpdesk1234) | [Portfolio](linkedin.com/in/ongzhihong)","lastModifiedDate":"2022-09-28"},{"lineNumber":7,"author":{"gitId":"nshian"},"content":"![](https://media-exp1.licdn.com/dms/image/C4E03AQE7jtNsKd_Xfw/profile-displayphoto-shrink_400_400/0/1624762372701?e\u003d1669852800\u0026v\u003dbeta\u0026t\u003dhG6aMZLrJhR26UK6dG2t-ny3KwweUpADecBZ2PCmVaI) |  Ian Ng  |          [Github](https://github.com/nshian)           | [Portfolio](https://www.linkedin.com/in/nshian)","lastModifiedDate":"2022-09-28"},{"lineNumber":8,"author":{"gitId":"wangtingjia"},"content":"![](https://media-exp1.licdn.com/dms/image/C4D03AQGrNtCeeZuPFw/profile-displayphoto-shrink_400_400/0/1627723547221?e\u003d1669852800\u0026v\u003dbeta\u0026t\u003d7MpIteNzXKn5Cy-ULFFujM7s6dTh_WmZtDf_aRHdcmg) | Wang Tingjia | [Github](https://github.com/wangtingjia) | [Portfolio](https://www.linkedin.com/in/wangtingjia/)","lastModifiedDate":"2022-09-28"},{"lineNumber":9,"author":{"gitId":"alfred-leong"},"content":"![](https://media-exp1.licdn.com/dms/image/C4D03AQHBjtXDwKhQtA/profile-displayphoto-shrink_400_400/0/1644541255922?e\u003d1669852800\u0026v\u003dbeta\u0026t\u003dlBU1v97NFzzNXTHWtztnBqViqdcBnUz4CWmY19n9hhI) |  Alfred  |         [Github](https://github.com/alfred-leong)          | [Portfolio](https://www.linkedin.com/in/alfred-leong/)","lastModifiedDate":"2022-09-28"},{"lineNumber":10,"author":{"gitId":"joshuan98"},"content":"![](https://via.placeholder.com/100.png?text\u003dPhoto) | Joshua Nee | [Github](https://github.com/joshuan98) | [Portfolio](docs/team/johndoe.md)","lastModifiedDate":"2022-09-28"}],"authorContributionMap":{"wangtingjia":1,"alfred-leong":1,"ongzhihong":1,"nshian":3,"joshuan98":1,"-":3}},{"path":"src/main/java/seedu/duke/Duke.java","fileType":"functional-code","lines":[{"lineNumber":1,"author":{"gitId":"-"},"content":"package seedu.duke;","lastModifiedDate":"2020-05-24"},{"lineNumber":2,"author":{"gitId":"-"},"content":"","lastModifiedDate":"2020-05-24"},{"lineNumber":3,"author":{"gitId":"-"},"content":"import java.util.Scanner;","lastModifiedDate":"2022-10-04"},{"lineNumber":4,"author":{"gitId":"-"},"content":"","lastModifiedDate":"2022-10-04"},{"lineNumber":5,"author":{"gitId":"joshuan98"},"content":"import seedu.duke.command.Database;","lastModifiedDate":"2022-10-04"},{"lineNumber":6,"author":{"gitId":"joshuan98"},"content":"import seedu.duke.command.Parser;","lastModifiedDate":"2022-10-04"},{"lineNumber":7,"author":{"gitId":"joshuan98"},"content":"import seedu.duke.command.Storage;","lastModifiedDate":"2022-10-04"},{"lineNumber":8,"author":{"gitId":"joshuan98"},"content":"import seedu.duke.module.Module;","lastModifiedDate":"2022-10-04"},{"lineNumber":9,"author":{"gitId":"joshuan98"},"content":"import seedu.duke.university.University;","lastModifiedDate":"2022-10-04"},{"lineNumber":10,"author":{"gitId":"joshuan98"},"content":"","lastModifiedDate":"2022-10-04"},{"lineNumber":11,"author":{"gitId":"-"},"content":"public class Duke {","lastModifiedDate":"2019-07-29"},{"lineNumber":12,"author":{"gitId":"-"},"content":"    /**","lastModifiedDate":"2020-05-24"},{"lineNumber":13,"author":{"gitId":"-"},"content":"     * Main entry-point for the java.duke.Duke application.","lastModifiedDate":"2020-05-24"},{"lineNumber":14,"author":{"gitId":"-"},"content":"     */","lastModifiedDate":"2020-05-24"},{"lineNumber":15,"author":{"gitId":"-"},"content":"    public static void main(String[] args) {","lastModifiedDate":"2019-07-29"},{"lineNumber":16,"author":{"gitId":"joshuan98"},"content":"        String logo \u003d \" ____        _        \\n\" + \"|  _ \\\\ _   _| | _____ \\n\"","lastModifiedDate":"2022-10-04"},{"lineNumber":17,"author":{"gitId":"joshuan98"},"content":"                + \"| | | | | | | |/ / _ \\\\\\n\" + \"| |_| | |_| |   \u003c  __/\\n\"","lastModifiedDate":"2022-10-04"},{"lineNumber":18,"author":{"gitId":"-"},"content":"                + \"|____/ \\\\__,_|_|\\\\_\\\\___|\\n\";","lastModifiedDate":"2019-07-29"},{"lineNumber":19,"author":{"gitId":"-"},"content":"        System.out.println(\"Hello from\\n\" + logo);","lastModifiedDate":"2019-07-29"},{"lineNumber":20,"author":{"gitId":"-"},"content":"        System.out.println(\"What is your name?\");","lastModifiedDate":"2020-05-24"},{"lineNumber":21,"author":{"gitId":"-"},"content":"","lastModifiedDate":"2020-05-24"},{"lineNumber":22,"author":{"gitId":"joshuan98"},"content":"        // Storage.loadDatabase();","lastModifiedDate":"2022-10-04"},{"lineNumber":23,"author":{"gitId":"joshuan98"},"content":"        // System.out.println(Database.getUniversities());","lastModifiedDate":"2022-10-04"},{"lineNumber":24,"author":{"gitId":"joshuan98"},"content":"        // System.out.println(Database.getpartnerUniversityModules());","lastModifiedDate":"2022-10-04"},{"lineNumber":25,"author":{"gitId":"joshuan98"},"content":"        // System.out.println(Database.getnusModules());","lastModifiedDate":"2022-10-04"},{"lineNumber":26,"author":{"gitId":"joshuan98"},"content":"","lastModifiedDate":"2022-10-04"},{"lineNumber":27,"author":{"gitId":"-"},"content":"        Scanner in \u003d new Scanner(System.in);","lastModifiedDate":"2022-10-04"},{"lineNumber":28,"author":{"gitId":"-"},"content":"        System.out.println(\"Hello \" + in.nextLine());","lastModifiedDate":"2022-10-04"},{"lineNumber":29,"author":{"gitId":"-"},"content":"    }","lastModifiedDate":"2019-07-29"},{"lineNumber":30,"author":{"gitId":"-"},"content":"}","lastModifiedDate":"2019-07-29"}],"authorContributionMap":{"joshuan98":13,"-":17}},{"path":"src/main/java/seedu/duke/command/Database.java","fileType":"functional-code","lines":[{"lineNumber":1,"author":{"gitId":"joshuan98"},"content":"package seedu.duke.command;","lastModifiedDate":"2022-10-04"},{"lineNumber":2,"author":{"gitId":"joshuan98"},"content":"","lastModifiedDate":"2022-10-04"},{"lineNumber":3,"author":{"gitId":"joshuan98"},"content":"import java.util.ArrayList;","lastModifiedDate":"2022-10-04"},{"lineNumber":4,"author":{"gitId":"joshuan98"},"content":"import seedu.duke.module.Module;","lastModifiedDate":"2022-10-04"},{"lineNumber":5,"author":{"gitId":"joshuan98"},"content":"import seedu.duke.university.University;","lastModifiedDate":"2022-10-04"},{"lineNumber":6,"author":{"gitId":"joshuan98"},"content":"","lastModifiedDate":"2022-10-04"},{"lineNumber":7,"author":{"gitId":"joshuan98"},"content":"public class Database {","lastModifiedDate":"2022-10-04"},{"lineNumber":8,"author":{"gitId":"joshuan98"},"content":"    private static ArrayList\u003cUniversity\u003e universities \u003d new ArrayList\u003c\u003e();","lastModifiedDate":"2022-10-04"},{"lineNumber":9,"author":{"gitId":"joshuan98"},"content":"    private static ArrayList\u003cModule\u003e partnerUniversityModules \u003d new ArrayList\u003c\u003e();","lastModifiedDate":"2022-10-04"},{"lineNumber":10,"author":{"gitId":"joshuan98"},"content":"    private static ArrayList\u003cModule\u003e nusModules \u003d new ArrayList\u003c\u003e();","lastModifiedDate":"2022-10-04"},{"lineNumber":11,"author":{"gitId":"joshuan98"},"content":"","lastModifiedDate":"2022-10-04"},{"lineNumber":12,"author":{"gitId":"joshuan98"},"content":"    public static ArrayList\u003cUniversity\u003e getUniversities() {","lastModifiedDate":"2022-10-04"},{"lineNumber":13,"author":{"gitId":"joshuan98"},"content":"        return universities;","lastModifiedDate":"2022-10-04"},{"lineNumber":14,"author":{"gitId":"joshuan98"},"content":"    }","lastModifiedDate":"2022-10-04"},{"lineNumber":15,"author":{"gitId":"joshuan98"},"content":"","lastModifiedDate":"2022-10-04"},{"lineNumber":16,"author":{"gitId":"joshuan98"},"content":"    public static ArrayList\u003cModule\u003e getpartnerUniversityModules() {","lastModifiedDate":"2022-10-04"},{"lineNumber":17,"author":{"gitId":"joshuan98"},"content":"        return partnerUniversityModules;","lastModifiedDate":"2022-10-04"},{"lineNumber":18,"author":{"gitId":"joshuan98"},"content":"    }","lastModifiedDate":"2022-10-04"},{"lineNumber":19,"author":{"gitId":"joshuan98"},"content":"","lastModifiedDate":"2022-10-04"},{"lineNumber":20,"author":{"gitId":"joshuan98"},"content":"    public static ArrayList\u003cModule\u003e getnusModules() {","lastModifiedDate":"2022-10-04"},{"lineNumber":21,"author":{"gitId":"joshuan98"},"content":"        return nusModules;","lastModifiedDate":"2022-10-04"},{"lineNumber":22,"author":{"gitId":"joshuan98"},"content":"    }","lastModifiedDate":"2022-10-04"},{"lineNumber":23,"author":{"gitId":"joshuan98"},"content":"","lastModifiedDate":"2022-10-04"},{"lineNumber":24,"author":{"gitId":"joshuan98"},"content":"    public static void addUniversity(University newUniversity) {","lastModifiedDate":"2022-10-04"},{"lineNumber":25,"author":{"gitId":"joshuan98"},"content":"        if (isNewUniversity(newUniversity)) {","lastModifiedDate":"2022-10-04"},{"lineNumber":26,"author":{"gitId":"joshuan98"},"content":"            universities.add(newUniversity);","lastModifiedDate":"2022-10-04"},{"lineNumber":27,"author":{"gitId":"joshuan98"},"content":"        }","lastModifiedDate":"2022-10-04"},{"lineNumber":28,"author":{"gitId":"joshuan98"},"content":"    }","lastModifiedDate":"2022-10-04"},{"lineNumber":29,"author":{"gitId":"joshuan98"},"content":"","lastModifiedDate":"2022-10-04"},{"lineNumber":30,"author":{"gitId":"joshuan98"},"content":"    public static void addPartnerUniversityModule(Module newModule) {","lastModifiedDate":"2022-10-04"},{"lineNumber":31,"author":{"gitId":"joshuan98"},"content":"        partnerUniversityModules.add(newModule);","lastModifiedDate":"2022-10-04"},{"lineNumber":32,"author":{"gitId":"joshuan98"},"content":"    }","lastModifiedDate":"2022-10-04"},{"lineNumber":33,"author":{"gitId":"joshuan98"},"content":"","lastModifiedDate":"2022-10-04"},{"lineNumber":34,"author":{"gitId":"joshuan98"},"content":"    public static void addNusModules(Module newModule) {","lastModifiedDate":"2022-10-04"},{"lineNumber":35,"author":{"gitId":"joshuan98"},"content":"        nusModules.add(newModule);","lastModifiedDate":"2022-10-04"},{"lineNumber":36,"author":{"gitId":"joshuan98"},"content":"    }","lastModifiedDate":"2022-10-04"},{"lineNumber":37,"author":{"gitId":"joshuan98"},"content":"","lastModifiedDate":"2022-10-04"},{"lineNumber":38,"author":{"gitId":"joshuan98"},"content":"    private static boolean isNewUniversity(University newUniversity) {","lastModifiedDate":"2022-10-04"},{"lineNumber":39,"author":{"gitId":"joshuan98"},"content":"        for (University university : universities) {","lastModifiedDate":"2022-10-04"},{"lineNumber":40,"author":{"gitId":"joshuan98"},"content":"            if (university.getName().equals(newUniversity.getName())) {","lastModifiedDate":"2022-10-04"},{"lineNumber":41,"author":{"gitId":"joshuan98"},"content":"                return false;","lastModifiedDate":"2022-10-04"},{"lineNumber":42,"author":{"gitId":"joshuan98"},"content":"            }","lastModifiedDate":"2022-10-04"},{"lineNumber":43,"author":{"gitId":"joshuan98"},"content":"        }","lastModifiedDate":"2022-10-04"},{"lineNumber":44,"author":{"gitId":"joshuan98"},"content":"        return true;","lastModifiedDate":"2022-10-04"},{"lineNumber":45,"author":{"gitId":"joshuan98"},"content":"    }","lastModifiedDate":"2022-10-04"},{"lineNumber":46,"author":{"gitId":"joshuan98"},"content":"}","lastModifiedDate":"2022-10-04"}],"authorContributionMap":{"joshuan98":46}},{"path":"src/main/java/seedu/duke/command/Parser.java","fileType":"functional-code","lines":[{"lineNumber":1,"author":{"gitId":"joshuan98"},"content":"package seedu.duke.command;","lastModifiedDate":"2022-10-04"},{"lineNumber":2,"author":{"gitId":"joshuan98"},"content":"","lastModifiedDate":"2022-10-04"},{"lineNumber":3,"author":{"gitId":"joshuan98"},"content":"import seedu.duke.exceptions.InvalidDatabaseLineException;","lastModifiedDate":"2022-10-04"},{"lineNumber":4,"author":{"gitId":"joshuan98"},"content":"","lastModifiedDate":"2022-10-04"},{"lineNumber":5,"author":{"gitId":"joshuan98"},"content":"public class Parser {","lastModifiedDate":"2022-10-04"},{"lineNumber":6,"author":{"gitId":"joshuan98"},"content":"    public static String[] parseDatabaseLine(String line) throws InvalidDatabaseLineException {","lastModifiedDate":"2022-10-04"},{"lineNumber":7,"author":{"gitId":"joshuan98"},"content":"        String[] parts \u003d line.split(\",\");","lastModifiedDate":"2022-10-04"},{"lineNumber":8,"author":{"gitId":"joshuan98"},"content":"","lastModifiedDate":"2022-10-04"},{"lineNumber":9,"author":{"gitId":"joshuan98"},"content":"        if (parts.length !\u003d 15) {","lastModifiedDate":"2022-10-04"},{"lineNumber":10,"author":{"gitId":"joshuan98"},"content":"            throw new InvalidDatabaseLineException();","lastModifiedDate":"2022-10-04"},{"lineNumber":11,"author":{"gitId":"joshuan98"},"content":"        }","lastModifiedDate":"2022-10-04"},{"lineNumber":12,"author":{"gitId":"joshuan98"},"content":"","lastModifiedDate":"2022-10-04"},{"lineNumber":13,"author":{"gitId":"joshuan98"},"content":"        String partnerUniversity \u003d parts[1];","lastModifiedDate":"2022-10-04"},{"lineNumber":14,"author":{"gitId":"joshuan98"},"content":"        String parterUniversityModuleCode \u003d parts[2];","lastModifiedDate":"2022-10-04"},{"lineNumber":15,"author":{"gitId":"joshuan98"},"content":"        String partnerUnviersityModuleTitle \u003d parts[3];","lastModifiedDate":"2022-10-04"},{"lineNumber":16,"author":{"gitId":"joshuan98"},"content":"        String partnerUniversityModuleCredit \u003d parts[4];","lastModifiedDate":"2022-10-04"},{"lineNumber":17,"author":{"gitId":"joshuan98"},"content":"        String nusModuleCode \u003d parts[8];","lastModifiedDate":"2022-10-04"},{"lineNumber":18,"author":{"gitId":"joshuan98"},"content":"        String nusModuleTitle \u003d parts[9];","lastModifiedDate":"2022-10-04"},{"lineNumber":19,"author":{"gitId":"joshuan98"},"content":"        String nusModuleCredit \u003d parts[10];","lastModifiedDate":"2022-10-04"},{"lineNumber":20,"author":{"gitId":"joshuan98"},"content":"","lastModifiedDate":"2022-10-04"},{"lineNumber":21,"author":{"gitId":"joshuan98"},"content":"        String[] lineData \u003d { partnerUniversity, parterUniversityModuleCode, partnerUnviersityModuleTitle,","lastModifiedDate":"2022-10-04"},{"lineNumber":22,"author":{"gitId":"joshuan98"},"content":"            partnerUniversityModuleCredit, nusModuleCode,","lastModifiedDate":"2022-10-04"},{"lineNumber":23,"author":{"gitId":"joshuan98"},"content":"            nusModuleTitle, nusModuleCredit };","lastModifiedDate":"2022-10-04"},{"lineNumber":24,"author":{"gitId":"joshuan98"},"content":"","lastModifiedDate":"2022-10-04"},{"lineNumber":25,"author":{"gitId":"joshuan98"},"content":"        return lineData;","lastModifiedDate":"2022-10-04"},{"lineNumber":26,"author":{"gitId":"joshuan98"},"content":"    }","lastModifiedDate":"2022-10-04"},{"lineNumber":27,"author":{"gitId":"joshuan98"},"content":"}","lastModifiedDate":"2022-10-04"}],"authorContributionMap":{"joshuan98":27}},{"path":"src/main/java/seedu/duke/command/Storage.java","fileType":"functional-code","lines":[{"lineNumber":1,"author":{"gitId":"joshuan98"},"content":"package seedu.duke.command;","lastModifiedDate":"2022-10-04"},{"lineNumber":2,"author":{"gitId":"joshuan98"},"content":"","lastModifiedDate":"2022-10-04"},{"lineNumber":3,"author":{"gitId":"joshuan98"},"content":"import java.io.File;","lastModifiedDate":"2022-10-04"},{"lineNumber":4,"author":{"gitId":"joshuan98"},"content":"import java.io.FileNotFoundException;","lastModifiedDate":"2022-10-04"},{"lineNumber":5,"author":{"gitId":"joshuan98"},"content":"import java.util.Scanner;","lastModifiedDate":"2022-10-04"},{"lineNumber":6,"author":{"gitId":"joshuan98"},"content":"","lastModifiedDate":"2022-10-04"},{"lineNumber":7,"author":{"gitId":"joshuan98"},"content":"import seedu.duke.exceptions.InvalidDatabaseLineException;","lastModifiedDate":"2022-10-04"},{"lineNumber":8,"author":{"gitId":"joshuan98"},"content":"import seedu.duke.module.Module;","lastModifiedDate":"2022-10-04"},{"lineNumber":9,"author":{"gitId":"joshuan98"},"content":"import seedu.duke.university.University;","lastModifiedDate":"2022-10-04"},{"lineNumber":10,"author":{"gitId":"joshuan98"},"content":"import seedu.duke.command.Database;","lastModifiedDate":"2022-10-04"},{"lineNumber":11,"author":{"gitId":"joshuan98"},"content":"","lastModifiedDate":"2022-10-04"},{"lineNumber":12,"author":{"gitId":"joshuan98"},"content":"public class Storage {","lastModifiedDate":"2022-10-04"},{"lineNumber":13,"author":{"gitId":"joshuan98"},"content":"    private static final String DATABASE_FILE_PATH \u003d \"./data/data.csv\";","lastModifiedDate":"2022-10-04"},{"lineNumber":14,"author":{"gitId":"joshuan98"},"content":"","lastModifiedDate":"2022-10-04"},{"lineNumber":15,"author":{"gitId":"joshuan98"},"content":"    public static void loadDatabase() {","lastModifiedDate":"2022-10-04"},{"lineNumber":16,"author":{"gitId":"joshuan98"},"content":"        try {","lastModifiedDate":"2022-10-04"},{"lineNumber":17,"author":{"gitId":"joshuan98"},"content":"            readFile(DATABASE_FILE_PATH);","lastModifiedDate":"2022-10-04"},{"lineNumber":18,"author":{"gitId":"joshuan98"},"content":"        } catch (FileNotFoundException e) {","lastModifiedDate":"2022-10-04"},{"lineNumber":19,"author":{"gitId":"joshuan98"},"content":"            System.out.println(\"Database file not found\");","lastModifiedDate":"2022-10-04"},{"lineNumber":20,"author":{"gitId":"joshuan98"},"content":"        }","lastModifiedDate":"2022-10-04"},{"lineNumber":21,"author":{"gitId":"joshuan98"},"content":"    }","lastModifiedDate":"2022-10-04"},{"lineNumber":22,"author":{"gitId":"joshuan98"},"content":"","lastModifiedDate":"2022-10-04"},{"lineNumber":23,"author":{"gitId":"joshuan98"},"content":"    private static void readFile(String filePath) throws FileNotFoundException {","lastModifiedDate":"2022-10-04"},{"lineNumber":24,"author":{"gitId":"joshuan98"},"content":"        File file \u003d new File(filePath);","lastModifiedDate":"2022-10-04"},{"lineNumber":25,"author":{"gitId":"joshuan98"},"content":"","lastModifiedDate":"2022-10-04"},{"lineNumber":26,"author":{"gitId":"joshuan98"},"content":"        Scanner scanner \u003d new Scanner(file);","lastModifiedDate":"2022-10-04"},{"lineNumber":27,"author":{"gitId":"joshuan98"},"content":"","lastModifiedDate":"2022-10-04"},{"lineNumber":28,"author":{"gitId":"joshuan98"},"content":"        System.out.println(\"Reading file inputs...\");","lastModifiedDate":"2022-10-04"},{"lineNumber":29,"author":{"gitId":"joshuan98"},"content":"","lastModifiedDate":"2022-10-04"},{"lineNumber":30,"author":{"gitId":"joshuan98"},"content":"        // ignore the first line of csv","lastModifiedDate":"2022-10-04"},{"lineNumber":31,"author":{"gitId":"joshuan98"},"content":"        String line \u003d scanner.nextLine();","lastModifiedDate":"2022-10-04"},{"lineNumber":32,"author":{"gitId":"joshuan98"},"content":"","lastModifiedDate":"2022-10-04"},{"lineNumber":33,"author":{"gitId":"joshuan98"},"content":"        while (scanner.hasNext()) {","lastModifiedDate":"2022-10-04"},{"lineNumber":34,"author":{"gitId":"joshuan98"},"content":"            line \u003d scanner.nextLine();","lastModifiedDate":"2022-10-04"},{"lineNumber":35,"author":{"gitId":"joshuan98"},"content":"","lastModifiedDate":"2022-10-04"},{"lineNumber":36,"author":{"gitId":"joshuan98"},"content":"            // can reuse this to read in other files","lastModifiedDate":"2022-10-04"},{"lineNumber":37,"author":{"gitId":"joshuan98"},"content":"            switch (filePath) {","lastModifiedDate":"2022-10-04"},{"lineNumber":38,"author":{"gitId":"joshuan98"},"content":"            case DATABASE_FILE_PATH:","lastModifiedDate":"2022-10-04"},{"lineNumber":39,"author":{"gitId":"joshuan98"},"content":"                String[] lineData \u003d readDatabaseLine(line);","lastModifiedDate":"2022-10-04"},{"lineNumber":40,"author":{"gitId":"joshuan98"},"content":"                updateDatabase(lineData);","lastModifiedDate":"2022-10-04"},{"lineNumber":41,"author":{"gitId":"joshuan98"},"content":"","lastModifiedDate":"2022-10-04"},{"lineNumber":42,"author":{"gitId":"joshuan98"},"content":"                break;","lastModifiedDate":"2022-10-04"},{"lineNumber":43,"author":{"gitId":"joshuan98"},"content":"","lastModifiedDate":"2022-10-04"},{"lineNumber":44,"author":{"gitId":"joshuan98"},"content":"            default:","lastModifiedDate":"2022-10-04"},{"lineNumber":45,"author":{"gitId":"joshuan98"},"content":"                break;","lastModifiedDate":"2022-10-04"},{"lineNumber":46,"author":{"gitId":"joshuan98"},"content":"            }","lastModifiedDate":"2022-10-04"},{"lineNumber":47,"author":{"gitId":"joshuan98"},"content":"        }","lastModifiedDate":"2022-10-04"},{"lineNumber":48,"author":{"gitId":"joshuan98"},"content":"","lastModifiedDate":"2022-10-04"},{"lineNumber":49,"author":{"gitId":"joshuan98"},"content":"        System.out.println(\"Done reading file inputs!\");","lastModifiedDate":"2022-10-04"},{"lineNumber":50,"author":{"gitId":"joshuan98"},"content":"","lastModifiedDate":"2022-10-04"},{"lineNumber":51,"author":{"gitId":"joshuan98"},"content":"        scanner.close();","lastModifiedDate":"2022-10-04"},{"lineNumber":52,"author":{"gitId":"joshuan98"},"content":"    }","lastModifiedDate":"2022-10-04"},{"lineNumber":53,"author":{"gitId":"joshuan98"},"content":"","lastModifiedDate":"2022-10-04"},{"lineNumber":54,"author":{"gitId":"joshuan98"},"content":"    private static String[] readDatabaseLine(String line) {","lastModifiedDate":"2022-10-04"},{"lineNumber":55,"author":{"gitId":"joshuan98"},"content":"        String[] lineData \u003d new String[7];","lastModifiedDate":"2022-10-04"},{"lineNumber":56,"author":{"gitId":"joshuan98"},"content":"","lastModifiedDate":"2022-10-04"},{"lineNumber":57,"author":{"gitId":"joshuan98"},"content":"        try {","lastModifiedDate":"2022-10-04"},{"lineNumber":58,"author":{"gitId":"joshuan98"},"content":"            lineData \u003d Parser.parseDatabaseLine(line);","lastModifiedDate":"2022-10-04"},{"lineNumber":59,"author":{"gitId":"joshuan98"},"content":"        } catch (InvalidDatabaseLineException e) {","lastModifiedDate":"2022-10-04"},{"lineNumber":60,"author":{"gitId":"joshuan98"},"content":"            System.out.println(\"Invalid Database Line\");","lastModifiedDate":"2022-10-04"},{"lineNumber":61,"author":{"gitId":"joshuan98"},"content":"        }","lastModifiedDate":"2022-10-04"},{"lineNumber":62,"author":{"gitId":"joshuan98"},"content":"","lastModifiedDate":"2022-10-04"},{"lineNumber":63,"author":{"gitId":"joshuan98"},"content":"        return lineData;","lastModifiedDate":"2022-10-04"},{"lineNumber":64,"author":{"gitId":"joshuan98"},"content":"    }","lastModifiedDate":"2022-10-04"},{"lineNumber":65,"author":{"gitId":"joshuan98"},"content":"","lastModifiedDate":"2022-10-04"},{"lineNumber":66,"author":{"gitId":"joshuan98"},"content":"    private static void updateDatabase(String[] lineData) {","lastModifiedDate":"2022-10-04"},{"lineNumber":67,"author":{"gitId":"joshuan98"},"content":"        String partnerUniversity \u003d lineData[0];","lastModifiedDate":"2022-10-04"},{"lineNumber":68,"author":{"gitId":"joshuan98"},"content":"        String parterUniversityModuleCode \u003d lineData[1];","lastModifiedDate":"2022-10-04"},{"lineNumber":69,"author":{"gitId":"joshuan98"},"content":"        String partnerUnviersityModuleTitle \u003d lineData[2];","lastModifiedDate":"2022-10-04"},{"lineNumber":70,"author":{"gitId":"joshuan98"},"content":"        String partnerUniversityModuleCredit \u003d lineData[3];","lastModifiedDate":"2022-10-04"},{"lineNumber":71,"author":{"gitId":"joshuan98"},"content":"        String nusModuleCode \u003d lineData[4];","lastModifiedDate":"2022-10-04"},{"lineNumber":72,"author":{"gitId":"joshuan98"},"content":"        String nusModuleTitle \u003d lineData[5];","lastModifiedDate":"2022-10-04"},{"lineNumber":73,"author":{"gitId":"joshuan98"},"content":"        String nusModuleCredit \u003d lineData[6];","lastModifiedDate":"2022-10-04"},{"lineNumber":74,"author":{"gitId":"joshuan98"},"content":"","lastModifiedDate":"2022-10-04"},{"lineNumber":75,"author":{"gitId":"joshuan98"},"content":"        updateUniversityDatabase(partnerUniversity);","lastModifiedDate":"2022-10-04"},{"lineNumber":76,"author":{"gitId":"joshuan98"},"content":"        updateNusModuleDatabase(nusModuleCode, nusModuleTitle, nusModuleCredit);","lastModifiedDate":"2022-10-04"},{"lineNumber":77,"author":{"gitId":"joshuan98"},"content":"        updatePartnerUniversityDatabase(parterUniversityModuleCode, partnerUnviersityModuleTitle,","lastModifiedDate":"2022-10-04"},{"lineNumber":78,"author":{"gitId":"joshuan98"},"content":"                partnerUniversityModuleCredit);","lastModifiedDate":"2022-10-04"},{"lineNumber":79,"author":{"gitId":"joshuan98"},"content":"","lastModifiedDate":"2022-10-04"},{"lineNumber":80,"author":{"gitId":"joshuan98"},"content":"    }","lastModifiedDate":"2022-10-04"},{"lineNumber":81,"author":{"gitId":"joshuan98"},"content":"","lastModifiedDate":"2022-10-04"},{"lineNumber":82,"author":{"gitId":"joshuan98"},"content":"    private static void updateUniversityDatabase(String partnerUniversity) {","lastModifiedDate":"2022-10-04"},{"lineNumber":83,"author":{"gitId":"joshuan98"},"content":"        // TODO: v2.0 add country for partner university","lastModifiedDate":"2022-10-04"},{"lineNumber":84,"author":{"gitId":"joshuan98"},"content":"        University newUniversity \u003d new University(partnerUniversity, \"null\");","lastModifiedDate":"2022-10-04"},{"lineNumber":85,"author":{"gitId":"joshuan98"},"content":"        Database.addUniversity(newUniversity);","lastModifiedDate":"2022-10-04"},{"lineNumber":86,"author":{"gitId":"joshuan98"},"content":"    }","lastModifiedDate":"2022-10-04"},{"lineNumber":87,"author":{"gitId":"joshuan98"},"content":"","lastModifiedDate":"2022-10-04"},{"lineNumber":88,"author":{"gitId":"joshuan98"},"content":"    private static void updatePartnerUniversityDatabase(String parterUniversityModuleCode,","lastModifiedDate":"2022-10-04"},{"lineNumber":89,"author":{"gitId":"joshuan98"},"content":"            String partnerUnviersityModuleTitle, String partnerUniversityModuleCredit) {","lastModifiedDate":"2022-10-04"},{"lineNumber":90,"author":{"gitId":"joshuan98"},"content":"        Module newModule \u003d new Module(parterUniversityModuleCode, partnerUnviersityModuleTitle,","lastModifiedDate":"2022-10-04"},{"lineNumber":91,"author":{"gitId":"joshuan98"},"content":"                partnerUniversityModuleCredit);","lastModifiedDate":"2022-10-04"},{"lineNumber":92,"author":{"gitId":"joshuan98"},"content":"        Database.addPartnerUniversityModule(newModule);","lastModifiedDate":"2022-10-04"},{"lineNumber":93,"author":{"gitId":"joshuan98"},"content":"    }","lastModifiedDate":"2022-10-04"},{"lineNumber":94,"author":{"gitId":"joshuan98"},"content":"","lastModifiedDate":"2022-10-04"},{"lineNumber":95,"author":{"gitId":"joshuan98"},"content":"    private static void updateNusModuleDatabase(String nusModuleCode, String nusModuleTitle,","lastModifiedDate":"2022-10-04"},{"lineNumber":96,"author":{"gitId":"joshuan98"},"content":"            String nusModuleCredit) {","lastModifiedDate":"2022-10-04"},{"lineNumber":97,"author":{"gitId":"joshuan98"},"content":"        Module newModule \u003d new Module(nusModuleCode, nusModuleTitle, nusModuleCredit);","lastModifiedDate":"2022-10-04"},{"lineNumber":98,"author":{"gitId":"joshuan98"},"content":"        Database.addNusModules(newModule);","lastModifiedDate":"2022-10-04"},{"lineNumber":99,"author":{"gitId":"joshuan98"},"content":"    }","lastModifiedDate":"2022-10-04"},{"lineNumber":100,"author":{"gitId":"joshuan98"},"content":"}","lastModifiedDate":"2022-10-04"}],"authorContributionMap":{"joshuan98":100}},{"path":"src/main/java/seedu/duke/exceptions/InvalidDatabaseLineException.java","fileType":"functional-code","lines":[{"lineNumber":1,"author":{"gitId":"joshuan98"},"content":"package seedu.duke.exceptions;","lastModifiedDate":"2022-10-04"},{"lineNumber":2,"author":{"gitId":"joshuan98"},"content":"","lastModifiedDate":"2022-10-04"},{"lineNumber":3,"author":{"gitId":"joshuan98"},"content":"public class InvalidDatabaseLineException extends Exception {","lastModifiedDate":"2022-10-04"},{"lineNumber":4,"author":{"gitId":"joshuan98"},"content":"    ","lastModifiedDate":"2022-10-04"},{"lineNumber":5,"author":{"gitId":"joshuan98"},"content":"}","lastModifiedDate":"2022-10-04"}],"authorContributionMap":{"joshuan98":5}},{"path":"src/main/java/seedu/duke/module/Module.java","fileType":"functional-code","lines":[{"lineNumber":1,"author":{"gitId":"joshuan98"},"content":"package seedu.duke.module;","lastModifiedDate":"2022-10-04"},{"lineNumber":2,"author":{"gitId":"joshuan98"},"content":"","lastModifiedDate":"2022-10-04"},{"lineNumber":3,"author":{"gitId":"joshuan98"},"content":"public class Module {","lastModifiedDate":"2022-10-04"},{"lineNumber":4,"author":{"gitId":"joshuan98"},"content":"    private String code;","lastModifiedDate":"2022-10-04"},{"lineNumber":5,"author":{"gitId":"joshuan98"},"content":"    private String title;","lastModifiedDate":"2022-10-04"},{"lineNumber":6,"author":{"gitId":"joshuan98"},"content":"    private String credit;","lastModifiedDate":"2022-10-04"},{"lineNumber":7,"author":{"gitId":"joshuan98"},"content":"","lastModifiedDate":"2022-10-04"},{"lineNumber":8,"author":{"gitId":"joshuan98"},"content":"    public Module(String code, String title, String credit) {","lastModifiedDate":"2022-10-04"},{"lineNumber":9,"author":{"gitId":"joshuan98"},"content":"        setCode(code);","lastModifiedDate":"2022-10-04"},{"lineNumber":10,"author":{"gitId":"joshuan98"},"content":"        setTitle(title);","lastModifiedDate":"2022-10-04"},{"lineNumber":11,"author":{"gitId":"joshuan98"},"content":"        setCredit(credit);","lastModifiedDate":"2022-10-04"},{"lineNumber":12,"author":{"gitId":"joshuan98"},"content":"    }","lastModifiedDate":"2022-10-04"},{"lineNumber":13,"author":{"gitId":"joshuan98"},"content":"","lastModifiedDate":"2022-10-04"},{"lineNumber":14,"author":{"gitId":"joshuan98"},"content":"    @Override","lastModifiedDate":"2022-10-04"},{"lineNumber":15,"author":{"gitId":"joshuan98"},"content":"    public String toString() {","lastModifiedDate":"2022-10-04"},{"lineNumber":16,"author":{"gitId":"joshuan98"},"content":"        return getCode() + \" \" + getTitle() + \" \" + getCredit() + \"MCs\";","lastModifiedDate":"2022-10-04"},{"lineNumber":17,"author":{"gitId":"joshuan98"},"content":"    }","lastModifiedDate":"2022-10-04"},{"lineNumber":18,"author":{"gitId":"joshuan98"},"content":"","lastModifiedDate":"2022-10-04"},{"lineNumber":19,"author":{"gitId":"joshuan98"},"content":"    public String getCode() {","lastModifiedDate":"2022-10-04"},{"lineNumber":20,"author":{"gitId":"joshuan98"},"content":"        return code;","lastModifiedDate":"2022-10-04"},{"lineNumber":21,"author":{"gitId":"joshuan98"},"content":"    }","lastModifiedDate":"2022-10-04"},{"lineNumber":22,"author":{"gitId":"joshuan98"},"content":"","lastModifiedDate":"2022-10-04"},{"lineNumber":23,"author":{"gitId":"joshuan98"},"content":"    public void setCode(String code) {","lastModifiedDate":"2022-10-04"},{"lineNumber":24,"author":{"gitId":"joshuan98"},"content":"        this.code \u003d code;","lastModifiedDate":"2022-10-04"},{"lineNumber":25,"author":{"gitId":"joshuan98"},"content":"    }","lastModifiedDate":"2022-10-04"},{"lineNumber":26,"author":{"gitId":"joshuan98"},"content":"","lastModifiedDate":"2022-10-04"},{"lineNumber":27,"author":{"gitId":"joshuan98"},"content":"    public String getTitle() {","lastModifiedDate":"2022-10-04"},{"lineNumber":28,"author":{"gitId":"joshuan98"},"content":"        return title;","lastModifiedDate":"2022-10-04"},{"lineNumber":29,"author":{"gitId":"joshuan98"},"content":"    }","lastModifiedDate":"2022-10-04"},{"lineNumber":30,"author":{"gitId":"joshuan98"},"content":"","lastModifiedDate":"2022-10-04"},{"lineNumber":31,"author":{"gitId":"joshuan98"},"content":"    public void setTitle(String title) {","lastModifiedDate":"2022-10-04"},{"lineNumber":32,"author":{"gitId":"joshuan98"},"content":"        this.title \u003d title;","lastModifiedDate":"2022-10-04"},{"lineNumber":33,"author":{"gitId":"joshuan98"},"content":"    }","lastModifiedDate":"2022-10-04"},{"lineNumber":34,"author":{"gitId":"joshuan98"},"content":"","lastModifiedDate":"2022-10-04"},{"lineNumber":35,"author":{"gitId":"joshuan98"},"content":"    public String getCredit() {","lastModifiedDate":"2022-10-04"},{"lineNumber":36,"author":{"gitId":"joshuan98"},"content":"        return credit;","lastModifiedDate":"2022-10-04"},{"lineNumber":37,"author":{"gitId":"joshuan98"},"content":"    }","lastModifiedDate":"2022-10-04"},{"lineNumber":38,"author":{"gitId":"joshuan98"},"content":"","lastModifiedDate":"2022-10-04"},{"lineNumber":39,"author":{"gitId":"joshuan98"},"content":"    public void setCredit(String credit) {","lastModifiedDate":"2022-10-04"},{"lineNumber":40,"author":{"gitId":"joshuan98"},"content":"        this.credit \u003d credit;","lastModifiedDate":"2022-10-04"},{"lineNumber":41,"author":{"gitId":"joshuan98"},"content":"    }","lastModifiedDate":"2022-10-04"},{"lineNumber":42,"author":{"gitId":"joshuan98"},"content":"}","lastModifiedDate":"2022-10-04"}],"authorContributionMap":{"joshuan98":42}},{"path":"src/main/java/seedu/duke/university/University.java","fileType":"functional-code","lines":[{"lineNumber":1,"author":{"gitId":"joshuan98"},"content":"package seedu.duke.university;","lastModifiedDate":"2022-10-04"},{"lineNumber":2,"author":{"gitId":"joshuan98"},"content":"","lastModifiedDate":"2022-10-04"},{"lineNumber":3,"author":{"gitId":"joshuan98"},"content":"import java.util.ArrayList;","lastModifiedDate":"2022-10-04"},{"lineNumber":4,"author":{"gitId":"joshuan98"},"content":"","lastModifiedDate":"2022-10-04"},{"lineNumber":5,"author":{"gitId":"joshuan98"},"content":"import seedu.duke.module.Module;","lastModifiedDate":"2022-10-04"},{"lineNumber":6,"author":{"gitId":"joshuan98"},"content":"","lastModifiedDate":"2022-10-04"},{"lineNumber":7,"author":{"gitId":"joshuan98"},"content":"public class University {","lastModifiedDate":"2022-10-04"},{"lineNumber":8,"author":{"gitId":"joshuan98"},"content":"    private String name;","lastModifiedDate":"2022-10-04"},{"lineNumber":9,"author":{"gitId":"joshuan98"},"content":"    private String country;","lastModifiedDate":"2022-10-04"},{"lineNumber":10,"author":{"gitId":"joshuan98"},"content":"    private ArrayList\u003cModule\u003e modules;","lastModifiedDate":"2022-10-04"},{"lineNumber":11,"author":{"gitId":"joshuan98"},"content":"","lastModifiedDate":"2022-10-04"},{"lineNumber":12,"author":{"gitId":"joshuan98"},"content":"    public University(String name, String country) {","lastModifiedDate":"2022-10-04"},{"lineNumber":13,"author":{"gitId":"joshuan98"},"content":"        setName(name);","lastModifiedDate":"2022-10-04"},{"lineNumber":14,"author":{"gitId":"joshuan98"},"content":"        setCountry(country);","lastModifiedDate":"2022-10-04"},{"lineNumber":15,"author":{"gitId":"joshuan98"},"content":"        setModules(new ArrayList\u003c\u003e());","lastModifiedDate":"2022-10-04"},{"lineNumber":16,"author":{"gitId":"joshuan98"},"content":"    }","lastModifiedDate":"2022-10-04"},{"lineNumber":17,"author":{"gitId":"joshuan98"},"content":"","lastModifiedDate":"2022-10-04"},{"lineNumber":18,"author":{"gitId":"joshuan98"},"content":"    @Override","lastModifiedDate":"2022-10-04"},{"lineNumber":19,"author":{"gitId":"joshuan98"},"content":"    public String toString() {","lastModifiedDate":"2022-10-04"},{"lineNumber":20,"author":{"gitId":"joshuan98"},"content":"        return getName() + \" is in \" + getCountry();","lastModifiedDate":"2022-10-04"},{"lineNumber":21,"author":{"gitId":"joshuan98"},"content":"    }","lastModifiedDate":"2022-10-04"},{"lineNumber":22,"author":{"gitId":"joshuan98"},"content":"","lastModifiedDate":"2022-10-04"},{"lineNumber":23,"author":{"gitId":"joshuan98"},"content":"    public String getName() {","lastModifiedDate":"2022-10-04"},{"lineNumber":24,"author":{"gitId":"joshuan98"},"content":"        return name;","lastModifiedDate":"2022-10-04"},{"lineNumber":25,"author":{"gitId":"joshuan98"},"content":"    }","lastModifiedDate":"2022-10-04"},{"lineNumber":26,"author":{"gitId":"joshuan98"},"content":"","lastModifiedDate":"2022-10-04"},{"lineNumber":27,"author":{"gitId":"joshuan98"},"content":"    public void setName(String name) {","lastModifiedDate":"2022-10-04"},{"lineNumber":28,"author":{"gitId":"joshuan98"},"content":"        this.name \u003d name;","lastModifiedDate":"2022-10-04"},{"lineNumber":29,"author":{"gitId":"joshuan98"},"content":"    }","lastModifiedDate":"2022-10-04"},{"lineNumber":30,"author":{"gitId":"joshuan98"},"content":"","lastModifiedDate":"2022-10-04"},{"lineNumber":31,"author":{"gitId":"joshuan98"},"content":"    public String getCountry() {","lastModifiedDate":"2022-10-04"},{"lineNumber":32,"author":{"gitId":"joshuan98"},"content":"        return country;","lastModifiedDate":"2022-10-04"},{"lineNumber":33,"author":{"gitId":"joshuan98"},"content":"    }","lastModifiedDate":"2022-10-04"},{"lineNumber":34,"author":{"gitId":"joshuan98"},"content":"","lastModifiedDate":"2022-10-04"},{"lineNumber":35,"author":{"gitId":"joshuan98"},"content":"    public void setCountry(String country) {","lastModifiedDate":"2022-10-04"},{"lineNumber":36,"author":{"gitId":"joshuan98"},"content":"        this.country \u003d country;","lastModifiedDate":"2022-10-04"},{"lineNumber":37,"author":{"gitId":"joshuan98"},"content":"    }","lastModifiedDate":"2022-10-04"},{"lineNumber":38,"author":{"gitId":"joshuan98"},"content":"","lastModifiedDate":"2022-10-04"},{"lineNumber":39,"author":{"gitId":"joshuan98"},"content":"    public ArrayList\u003cModule\u003e getModules() {","lastModifiedDate":"2022-10-04"},{"lineNumber":40,"author":{"gitId":"joshuan98"},"content":"        return modules;","lastModifiedDate":"2022-10-04"},{"lineNumber":41,"author":{"gitId":"joshuan98"},"content":"    }","lastModifiedDate":"2022-10-04"},{"lineNumber":42,"author":{"gitId":"joshuan98"},"content":"","lastModifiedDate":"2022-10-04"},{"lineNumber":43,"author":{"gitId":"joshuan98"},"content":"    public void setModules(ArrayList\u003cModule\u003e modules) {","lastModifiedDate":"2022-10-04"},{"lineNumber":44,"author":{"gitId":"joshuan98"},"content":"        this.modules \u003d modules;","lastModifiedDate":"2022-10-04"},{"lineNumber":45,"author":{"gitId":"joshuan98"},"content":"    }","lastModifiedDate":"2022-10-04"},{"lineNumber":46,"author":{"gitId":"joshuan98"},"content":"}","lastModifiedDate":"2022-10-04"}],"authorContributionMap":{"joshuan98":46}}]
