[{"path":"docs/AboutUs.md","fileType":"docs","lines":[{"lineNumber":1,"author":{"gitId":"-"},"content":"# About us","lastModifiedDate":"2020-05-24"},{"lineNumber":2,"author":{"gitId":"-"},"content":"","lastModifiedDate":"2020-05-24"},{"lineNumber":3,"author":{"gitId":"nshian"},"content":"","lastModifiedDate":"2022-09-28"},{"lineNumber":4,"author":{"gitId":"-"},"content":"Display |   Name   |        Github Profile         | Portfolio ","lastModifiedDate":"2020-05-24"},{"lineNumber":5,"author":{"gitId":"nshian"},"content":"--------|:--------:|:-----------------------------:|:---------:","lastModifiedDate":"2022-09-28"},{"lineNumber":6,"author":{"gitId":"ongzhihong"},"content":"![](https://media-exp1.licdn.com/dms/image/C4D03AQEgXrNsrc1T3Q/profile-displayphoto-shrink_800_800/0/1663228347339?e\u003d1669852800\u0026v\u003dbeta\u0026t\u003dV0fWQzHp9qeiD3inauUaj8j2CE8MFb_5w_aS7rKcDnM) | Ong Zhi Hong | [Github](https://github.com/helpdesk1234) | [Portfolio](linkedin.com/in/ongzhihong)","lastModifiedDate":"2022-09-28"},{"lineNumber":7,"author":{"gitId":"nshian"},"content":"![](https://media-exp1.licdn.com/dms/image/C4E03AQE7jtNsKd_Xfw/profile-displayphoto-shrink_400_400/0/1624762372701?e\u003d1669852800\u0026v\u003dbeta\u0026t\u003dhG6aMZLrJhR26UK6dG2t-ny3KwweUpADecBZ2PCmVaI) |  Ian Ng  |          [Github](https://github.com/nshian)           | [Portfolio](https://www.linkedin.com/in/nshian)","lastModifiedDate":"2022-09-28"},{"lineNumber":8,"author":{"gitId":"wangtingjia"},"content":"![](https://media-exp1.licdn.com/dms/image/C4D03AQGrNtCeeZuPFw/profile-displayphoto-shrink_400_400/0/1627723547221?e\u003d1669852800\u0026v\u003dbeta\u0026t\u003d7MpIteNzXKn5Cy-ULFFujM7s6dTh_WmZtDf_aRHdcmg) | Wang Tingjia | [Github](https://github.com/wangtingjia) | [Portfolio](https://www.linkedin.com/in/wangtingjia/)","lastModifiedDate":"2022-09-28"},{"lineNumber":9,"author":{"gitId":"alfred-leong"},"content":"![](https://media-exp1.licdn.com/dms/image/C4D03AQHBjtXDwKhQtA/profile-displayphoto-shrink_400_400/0/1644541255922?e\u003d1669852800\u0026v\u003dbeta\u0026t\u003dlBU1v97NFzzNXTHWtztnBqViqdcBnUz4CWmY19n9hhI) |  Alfred  |         [Github](https://github.com/alfred-leong)          | [Portfolio](https://www.linkedin.com/in/alfred-leong/)","lastModifiedDate":"2022-09-28"},{"lineNumber":10,"author":{"gitId":"joshuan98"},"content":"![](https://via.placeholder.com/100.png?text\u003dPhoto) | Joshua Nee | [Github](https://github.com/joshuan98) | [Portfolio](docs/team/johndoe.md)","lastModifiedDate":"2022-09-28"}],"authorContributionMap":{"wangtingjia":1,"alfred-leong":1,"ongzhihong":1,"nshian":3,"joshuan98":1,"-":3}}]
