{"authorDailyContributionsMap":{"wangtingjia":[{"date":"2022-09-28","commitResults":[{"hash":"bd0b7b711074db51035739ad67afd10bbd236a39","messageTitle":"Update about us for wangtingjia","messageBody":"","fileTypesAndContributionMap":{"docs":{"insertions":7,"deletions":7}}}]},{"date":"2022-10-05","commitResults":[{"hash":"f33f662bd722fb64bb1533dc290cc294be8e8484","messageTitle":"Add UserModuleList class with add and delete functions","messageBody":"","fileTypesAndContributionMap":{"functional-code":{"insertions":2,"deletions":0}}},{"hash":"aa024c463bd81398729df7cbefa8616d426adb2e","messageTitle":"Add UserUniversityList with add and delete functions","messageBody":"","fileTypesAndContributionMap":{"functional-code":{"insertions":168,"deletions":1}}},{"hash":"08c3d1ca4ccba6318c83241235d031f99c258394","messageTitle":"Fix CI checkstyle issues","messageBody":"","fileTypesAndContributionMap":{"functional-code":{"insertions":9,"deletions":9}}},{"hash":"972b46b7b27eeb0f2ff390622cbd2ca4032a8d44","messageTitle":"Fix CI checkstyle issues","messageBody":"","fileTypesAndContributionMap":{"functional-code":{"insertions":1,"deletions":1}}}]},{"date":"2022-10-06","commitResults":[{"hash":"ca7bfc4a60226302ceddf63dd1ae2496d7f0a4ce","messageTitle":"create UserModule and edit UserModuleList class","messageBody":"","fileTypesAndContributionMap":{"functional-code":{"insertions":74,"deletions":11}}},{"hash":"cd9525be8a76566475c409abdbf44595fa3d7453","messageTitle":"Edit UserUniversityList to store interested modules for PU","messageBody":"","fileTypesAndContributionMap":{"functional-code":{"insertions":21,"deletions":54}}},{"hash":"55cf85a13740758b5f6fb4830a222a1afe17d0a8","messageTitle":"Create UserUniversityListManager class to track all PU by user","messageBody":"","fileTypesAndContributionMap":{"functional-code":{"insertions":52,"deletions":0}}},{"hash":"90aa18b7e528a658521ce14596192fc2b0a1ecc0","messageTitle":"Fix checkstyle issues","messageBody":"","fileTypesAndContributionMap":{"functional-code":{"insertions":4,"deletions":4}}}]},{"date":"2022-10-09","commitResults":[{"hash":"57b09cd38f78023eef051ff5c5e99324c219d57f","messageTitle":"Fix #37 add \u0026 deleted functions to match UI","messageBody":"","fileTypesAndContributionMap":{"functional-code":{"insertions":81,"deletions":7}}},{"hash":"6b9b784f1e1724b1ace1a9d639bf41f8595c8935","messageTitle":"Fix #26 Add edit function to modules saved","messageBody":"","fileTypesAndContributionMap":{"functional-code":{"insertions":33,"deletions":1}}},{"hash":"5c2d44710e9293c5eeba49521569757314d0bb72","messageTitle":"Add assertions","messageBody":"","fileTypesAndContributionMap":{"functional-code":{"insertions":16,"deletions":0}}},{"hash":"bce321b8086d908356a25d5dc71261637f47e2a7","messageTitle":"Add logging","messageBody":"","fileTypesAndContributionMap":{"functional-code":{"insertions":6,"deletions":0}}},{"hash":"3cc8cfe01039acc3567bd67ee79a9aaa907a16bd","messageTitle":"Add JUnit test and make University, Modules and Manager classes more defensive","messageBody":"","fileTypesAndContributionMap":{"functional-code":{"insertions":36,"deletions":15},"test-code":{"insertions":149,"deletions":0}}},{"hash":"4eacade20f08c5ed5ff7019df70cfff7d5a0ffdf","messageTitle":"Fix CI checkstyle","messageBody":"","fileTypesAndContributionMap":{"functional-code":{"insertions":11,"deletions":12}}},{"hash":"1ab2a2dced794196c0df1095fa97683b488cfb87","messageTitle":"Fix CI checkstyle","messageBody":"","fileTypesAndContributionMap":{"test-code":{"insertions":1,"deletions":1}}},{"hash":"5971da968409700f073df834dca93e36a6006584","messageTitle":"Fix CI checkstyle","messageBody":"","fileTypesAndContributionMap":{"test-code":{"insertions":1,"deletions":1}}},{"hash":"1443d72398badab0374fa6136b9abdab5a66d96a","messageTitle":"Fix CI Checkstyle","messageBody":"","fileTypesAndContributionMap":{"test-code":{"insertions":14,"deletions":12}}},{"hash":"deb1e0d0141d87584f69968d3d401d7558fd9d52","messageTitle":"Fix CI Checkstyle","messageBody":"","fileTypesAndContributionMap":{"test-code":{"insertions":9,"deletions":8}}}]},{"date":"2022-10-11","commitResults":[{"hash":"689c4c4bffa704dd7a888e5d3db830fefb251649","messageTitle":"Update UserModule class","messageBody":"","fileTypesAndContributionMap":{"functional-code":{"insertions":22,"deletions":22},"other":{"insertions":28,"deletions":21},"test-code":{"insertions":10,"deletions":10}}},{"hash":"7ceb6342d3812f329833582f2cdd0f7c5fd7a629","messageTitle":"Fix git conflicts","messageBody":"","fileTypesAndContributionMap":{"functional-code":{"insertions":1,"deletions":49}}},{"hash":"64aa70e11eff2adeb5050f679c27ee8c538d52a4","messageTitle":"Update Ui to match latest classes","messageBody":"","fileTypesAndContributionMap":{"functional-code":{"insertions":8,"deletions":8},"test-code":{"insertions":20,"deletions":14}}},{"hash":"00d13cd6d382bf052ada614d48373321469aef48","messageTitle":"Fix CI Checkstyle","messageBody":"","fileTypesAndContributionMap":{"functional-code":{"insertions":4,"deletions":4}}}]},{"date":"2022-10-17","commitResults":[{"hash":"7b946e91787362d87f4bdf44b52ab0a2eb711992","messageTitle":"Fix #68 Add favourite function. User able to favourite/unfavourite a list","messageBody":"","fileTypesAndContributionMap":{"functional-code":{"insertions":56,"deletions":3}}},{"hash":"d97eb5da5905dc1b31f326b67f69a3e82132331c","messageTitle":"Add test cases for favouriting","messageBody":"","fileTypesAndContributionMap":{"test-code":{"insertions":83,"deletions":3}}},{"hash":"3f34cbd0fd8fe5d730f0c3a7e60f1b181e995ce8","messageTitle":"Fix CI checkstyle","messageBody":"","fileTypesAndContributionMap":{"functional-code":{"insertions":1,"deletions":1}}},{"hash":"3fa040ae788422b4dc4feed1ea7509f1ca1a57d2","messageTitle":"Resolve merge conflict","messageBody":"","fileTypesAndContributionMap":{"functional-code":{"insertions":12,"deletions":0}}}]},{"date":"2022-10-19","commitResults":[{"hash":"afd09b79b3a579f149e0896b5150372beb5b70d5","messageTitle":"Add UML and diagrams","messageBody":"","fileTypesAndContributionMap":{"functional-code":{"insertions":1,"deletions":1},"docs":{"insertions":102,"deletions":0}}}]}],"alfred-leong":[{"date":"2022-09-28","commitResults":[{"hash":"b4a6326a0410c72e05ed7f970dbf2470141c56a2","messageTitle":"Update AboutUs","messageBody":"","fileTypesAndContributionMap":{"docs":{"insertions":7,"deletions":7}}}]},{"date":"2022-10-05","commitResults":[{"hash":"f2bc0e074b2349a512821b33a69e216f61157f86","messageTitle":"Create UserStorage class, to load and save text file","messageBody":"","fileTypesAndContributionMap":{"functional-code":{"insertions":49,"deletions":0}}}]},{"date":"2022-10-09","commitResults":[{"hash":"6bea1f7883e008dcbd94e4b43515338d1dc274e0","messageTitle":"Add 2 methods in UserStorage class to convert data from text file to UniversityListManager and vice versa","messageBody":"","fileTypesAndContributionMap":{"functional-code":{"insertions":66,"deletions":2}}},{"hash":"5a60341072f7ac6f646fc93c5c0fdd6bdf190b6f","messageTitle":"Change UserModule class constructor to have better logical order","messageBody":"","fileTypesAndContributionMap":{"functional-code":{"insertions":1,"deletions":1}}},{"hash":"85cc51bae056de9dc8fee2a0acb28fb61b3e90a5","messageTitle":"Add to UserModule class, printModule method to print NUS code, title and credits","messageBody":"","fileTypesAndContributionMap":{"functional-code":{"insertions":3,"deletions":2}}},{"hash":"d01442069b4db42ab52ccc21fad5e228c94fb04b","messageTitle":"Change return type of getModules method in UserModuleList class","messageBody":"","fileTypesAndContributionMap":{"functional-code":{"insertions":1,"deletions":1}}},{"hash":"44a191d506e0c34deef7006aa6d1c8c71fe7e791","messageTitle":"Create UserUniversityLlistManager class constructor using fileContent from saved text file","messageBody":"","fileTypesAndContributionMap":{"functional-code":{"insertions":6,"deletions":0}}},{"hash":"b9a0b81f3cd354f42e63d8dc72403a5d5077479d","messageTitle":"Fix checkstyle issues","messageBody":"","fileTypesAndContributionMap":{"functional-code":{"insertions":6,"deletions":9}}}]},{"date":"2022-10-11","commitResults":[{"hash":"0eb6dcf2a47fbfc3b1e023d6e5caca80e08ac6ab","messageTitle":"Create new UserStorageParser class to handle conversions","messageBody":"","fileTypesAndContributionMap":{"functional-code":{"insertions":98,"deletions":68}}},{"hash":"f352baa65d7eca4a518255218f53b28c4a1ae9cb","messageTitle":"Create InvalidUserStorageFileException class to handle UserStorage exceptions","messageBody":"","fileTypesAndContributionMap":{"functional-code":{"insertions":14,"deletions":0}}},{"hash":"e5c9b6b1ec8b4829952402b4c8f2af4664449685","messageTitle":"Create UserStorageTest to perform JUnit Testing on UserStorageParser","messageBody":"","fileTypesAndContributionMap":{"test-code":{"insertions":33,"deletions":0}}},{"hash":"0457c1f4536d04bf797aaf3266acb45f46823261","messageTitle":"Revert \"Add UserStorageParser class, Exception Handling and JUnit Testing\"","messageBody":"","fileTypesAndContributionMap":{"functional-code":{"insertions":68,"deletions":112},"test-code":{"insertions":0,"deletions":33}}},{"hash":"53231b460421b0f40372d49fd2592474120105b2","messageTitle":"Create new UserStorageParser class to handle conversions","messageBody":"","fileTypesAndContributionMap":{"functional-code":{"insertions":69,"deletions":0}}},{"hash":"f9348332d520f235c85c49ffabc6f4cf1974788a","messageTitle":"Create InvalidUserStorageFileException class to handle UserStorage exceptions","messageBody":"","fileTypesAndContributionMap":{"functional-code":{"insertions":26,"deletions":2}}},{"hash":"e2a371b9b58f5c878232723dcff4a9c42a62f36e","messageTitle":"Create UserStorageTest to perform JUnit Testing on UserStorageParser","messageBody":"","fileTypesAndContributionMap":{"test-code":{"insertions":33,"deletions":0}}},{"hash":"89bc22a9ce4b4e0fc3b42e679425c5dc81a4d023","messageTitle":"Fix checkstyle issues","messageBody":"","fileTypesAndContributionMap":{"functional-code":{"insertions":3,"deletions":1}}},{"hash":"3f4868c5d815a091a53cbfa0546bea1339c0806a","messageTitle":"Fix checkstyle issues","messageBody":"","fileTypesAndContributionMap":{"test-code":{"insertions":5,"deletions":3}}},{"hash":"ad96a8c791b40a3c94008dfa6d4b2df02ca0039d","messageTitle":"Fix empty text file bug","messageBody":"","fileTypesAndContributionMap":{"functional-code":{"insertions":3,"deletions":0}}},{"hash":"fad755c218b7827764ebbe0d76f124f264bd3da9","messageTitle":"Close stderr for v1.0 release","messageBody":"","fileTypesAndContributionMap":{"functional-code":{"insertions":1,"deletions":0}}}]},{"date":"2022-10-16","commitResults":[{"hash":"2d3bc28ce33fe9a14e2d8d3b0e7cd7fb8f93ae63","messageTitle":"Fix bug of deleting to become empty list","messageBody":"","fileTypesAndContributionMap":{"functional-code":{"insertions":3,"deletions":0}}},{"hash":"51120e2afdc47c236b44ce257260961c0118da85","messageTitle":"Add PuCredit to UserStorageParser","messageBody":"","fileTypesAndContributionMap":{"functional-code":{"insertions":5,"deletions":3}}},{"hash":"bc0c2accef180704ad2d74e5ee5def5ec5a5648d","messageTitle":"Add assertions","messageBody":"","fileTypesAndContributionMap":{"functional-code":{"insertions":4,"deletions":0}}},{"hash":"3b95d173b44803e75ec61b885b71498bb1e66f1b","messageTitle":"Fix checkstyle","messageBody":"","fileTypesAndContributionMap":{"functional-code":{"insertions":4,"deletions":4}}},{"hash":"4ad12b9b32631cc9c459ecfac888498c43cde002","messageTitle":"Fix checkstyle","messageBody":"","fileTypesAndContributionMap":{"functional-code":{"insertions":3,"deletions":1}}},{"hash":"2d4f31c5f00d3dd5c079dc64d3c932a0ce2152ba","messageTitle":"Fix checkstyle","messageBody":"","fileTypesAndContributionMap":{"functional-code":{"insertions":3,"deletions":1}}},{"hash":"0f0346707e3fd5acc5ccb63e0c7f0cf77072ee68","messageTitle":"Add JUnit tests","messageBody":"","fileTypesAndContributionMap":{"functional-code":{"insertions":3,"deletions":3},"test-code":{"insertions":136,"deletions":7}}},{"hash":"cb5b09046b181152e5192b80af28084bec4ca8cd","messageTitle":"Fix checkstyle","messageBody":"","fileTypesAndContributionMap":{"test-code":{"insertions":36,"deletions":31}}},{"hash":"a1bc6e639664e517c1fff9dd8a48bf4eaab47e1c","messageTitle":"Fix checkstyle","messageBody":"","fileTypesAndContributionMap":{"test-code":{"insertions":3,"deletions":3}}},{"hash":"c12b067a5eb1334e28f8994e7f886735dc3c8227","messageTitle":"Fix bug","messageBody":"","fileTypesAndContributionMap":{"functional-code":{"insertions":4,"deletions":4},"test-code":{"insertions":6,"deletions":6}}},{"hash":"ed22221f6a3b11c791f8f7ae1340ee72189d626d","messageTitle":"Implement Help Command","messageBody":"","fileTypesAndContributionMap":{"functional-code":{"insertions":16,"deletions":1}}},{"hash":"b4717e1082e019a4a345b3309d022b743ad11597","messageTitle":"Create UserDeletedModules class","messageBody":"","fileTypesAndContributionMap":{"functional-code":{"insertions":39,"deletions":0}}},{"hash":"70e25db5a8a6e5f1aadd0c738c57e77d50b097ec","messageTitle":"Add UserDeletedModules to UserUniversityListManager","messageBody":"","fileTypesAndContributionMap":{"functional-code":{"insertions":6,"deletions":0}}},{"hash":"12e2eedb63518b39db981a262a8a6c5518904961","messageTitle":"Add deleted module to deletedModules list","messageBody":"","fileTypesAndContributionMap":{"functional-code":{"insertions":2,"deletions":0}}},{"hash":"7e4afb2e1d9e7a6dc5e280d218ae447b31b8b835","messageTitle":"Create getModuleByPuCode function in UserModuleMappingList","messageBody":"","fileTypesAndContributionMap":{"functional-code":{"insertions":16,"deletions":0}}},{"hash":"8eee38f73889b9f5aaf1f17d0af4d574e2fe801e","messageTitle":"Revert \"Create getModuleByPuCode function in UserModuleMappingList\"","messageBody":"This reverts commit 7e4afb2e1d9e7a6dc5e280d218ae447b31b8b835.\n","fileTypesAndContributionMap":{"functional-code":{"insertions":0,"deletions":16}}},{"hash":"5c8e0271e5594ea67286cf38cdbe9c752861bb05","messageTitle":"Create getModuleByPuCode method in UserModuleMappingList class","messageBody":"","fileTypesAndContributionMap":{"functional-code":{"insertions":16,"deletions":0}}},{"hash":"526b2c91d51a3368b3e2d7ebf97d359575068445","messageTitle":"Create getPuName method in UserModuleMapping class","messageBody":"","fileTypesAndContributionMap":{"functional-code":{"insertions":4,"deletions":0}}},{"hash":"e690a3e2fa4f2190686c64536e991bc9444ee656","messageTitle":"Add \"/view DELETE HISTORY\" command in printCommands list","messageBody":"","fileTypesAndContributionMap":{"functional-code":{"insertions":8,"deletions":1}}},{"hash":"60186871fe9ab6e5d7e3d81d61bfb411116bdf5a","messageTitle":"Create printDeletedModule method in Ui class","messageBody":"","fileTypesAndContributionMap":{"functional-code":{"insertions":12,"deletions":0}}},{"hash":"d682d4bbfb2ff04a9ab4748598db5ecab6fb2076","messageTitle":"Create printDeletedModulesHistory method in Ui","messageBody":"","fileTypesAndContributionMap":{"functional-code":{"insertions":19,"deletions":0}}},{"hash":"9823c4c41168009b45a7dce40a6b3e78f16c1b19","messageTitle":"Fix checkstyle","messageBody":"","fileTypesAndContributionMap":{"functional-code":{"insertions":3,"deletions":3}}},{"hash":"95e099c9815a9bf220458cd04ef07a275925cd64","messageTitle":"Fix test bug","messageBody":"","fileTypesAndContributionMap":{"test-code":{"insertions":2,"deletions":0}}}]},{"date":"2022-10-20","commitResults":[{"hash":"84fbeb690dc5c3369269bc6b62bcdbb1cf8e0e03","messageTitle":"Add User Storage class diagrams","messageBody":"","fileTypesAndContributionMap":{"docs":{"insertions":28,"deletions":0}}},{"hash":"1a09f4d6cdaee9072ccbc0ab1e6706099517ceb5","messageTitle":"Add User Storage sequence diagrams","messageBody":"","fileTypesAndContributionMap":{"docs":{"insertions":38,"deletions":0}}},{"hash":"a4946d240e405114df63ec02bb34fe6492fba9a3","messageTitle":"Add description of User Storage in Developer Guide, including images","messageBody":"","fileTypesAndContributionMap":{"docs":{"insertions":24,"deletions":0}}},{"hash":"4e31a1ebd8ef5c4a9d2ab6b7e538fcf8e0386b9f","messageTitle":"Change user storage file name from Duke.txt to myinfo.txt","messageBody":"","fileTypesAndContributionMap":{"functional-code":{"insertions":2,"deletions":2}}},{"hash":"aa5b2f629f4b3879c8f3a47555f2418c04b0b4a2","messageTitle":"Change error message","messageBody":"","fileTypesAndContributionMap":{"functional-code":{"insertions":1,"deletions":1}}}]},{"date":"2022-10-22","commitResults":[{"hash":"574105bc2f0ae09ea5834ca69d7bc44eb44b9045","messageTitle":"Major refactor to UserStorageParser","messageBody":"","fileTypesAndContributionMap":{"functional-code":{"insertions":240,"deletions":104}}},{"hash":"aeccf08746ba04172533017f4d23119ca9e7bc77","messageTitle":"Move UserStorageParser to Parser package","messageBody":"","fileTypesAndContributionMap":{"functional-code":{"insertions":4,"deletions":3},"test-code":{"insertions":1,"deletions":0}}},{"hash":"4199c696f4485172ef784678a7ca2eb12beb7383","messageTitle":"Fix checkstyle","messageBody":"","fileTypesAndContributionMap":{"functional-code":{"insertions":9,"deletions":9}}},{"hash":"52d1418611cf7abd405f84e7feb4b3be962d4fed","messageTitle":"Add PU country to User Storage","messageBody":"","fileTypesAndContributionMap":{"functional-code":{"insertions":14,"deletions":7}}},{"hash":"3b2132dddd731b6d5afac9b92c3cc5e07cd08bcc","messageTitle":"Fix bug in Favourite feature","messageBody":"","fileTypesAndContributionMap":{"functional-code":{"insertions":7,"deletions":7}}},{"hash":"93c3d45253d62f90f388b3b58534c37f138ec478","messageTitle":"Refactor Favourites","messageBody":"","fileTypesAndContributionMap":{"functional-code":{"insertions":21,"deletions":28}}},{"hash":"dd52d3a4ee03333ce3d30b36623787bd333859f9","messageTitle":"Refactor Favourites","messageBody":"","fileTypesAndContributionMap":{"functional-code":{"insertions":5,"deletions":3}}},{"hash":"e6f30243606d9c9f15540c6d0e9598a015d32a4d","messageTitle":"Add Favourites to User Storage","messageBody":"","fileTypesAndContributionMap":{"functional-code":{"insertions":37,"deletions":4}}},{"hash":"31a4c3bd901622eefb5679934e64a38506bb4579","messageTitle":"Fix bugs to store text file when creating new uni list and adding to favourites","messageBody":"","fileTypesAndContributionMap":{"functional-code":{"insertions":3,"deletions":0}}},{"hash":"5018ba62aecfb3cd24fad7cdf9b459f5d9158389","messageTitle":"Fix checkstyle","messageBody":"","fileTypesAndContributionMap":{"functional-code":{"insertions":1,"deletions":0}}},{"hash":"ca9b3e2e46b6d50d5c1234fb0bc239e9dec44857","messageTitle":"Create getMyFavourites method in UserUniverstyListManager","messageBody":"","fileTypesAndContributionMap":{"functional-code":{"insertions":11,"deletions":3}}},{"hash":"2dbb105338e99c6c0d0eca1c718602ce78936f93","messageTitle":"Update tests","messageBody":"","fileTypesAndContributionMap":{"test-code":{"insertions":67,"deletions":30}}},{"hash":"4667eaa9062ce91faa0cb105753000fea16c29e6","messageTitle":"Fix checkstyle","messageBody":"","fileTypesAndContributionMap":{"test-code":{"insertions":9,"deletions":3}}}]}],"ongzhihong":[{"date":"2022-09-28","commitResults":[{"hash":"975aedbac8de86d4f5c6dcd7ce7dac1776ef09a7","messageTitle":"Add about us for Zhi Hong","messageBody":"","fileTypesAndContributionMap":{"docs":{"insertions":7,"deletions":7}}}]},{"date":"2022-10-11","commitResults":[{"hash":"c9ab1fb63b0886778e04f4afa0c49198999a951b","messageTitle":"Add Command class and CommandType enumerator","messageBody":"","fileTypesAndContributionMap":{"functional-code":{"insertions":32,"deletions":0}}},{"hash":"8f9353ff779e7c9f49b94432810fdaab73d15d16","messageTitle":"Add InvalidUserCommandException to handle errors in user input","messageBody":"","fileTypesAndContributionMap":{"functional-code":{"insertions":14,"deletions":0}}},{"hash":"933a6d0ced1490d2018aba68cdb7513fdcfaa3e2","messageTitle":"Add classes for different types of commands that inherits from parent Command class","messageBody":"","fileTypesAndContributionMap":{"functional-code":{"insertions":50,"deletions":0}}},{"hash":"212e066cd1a95659c212601d002573819ff6126a","messageTitle":"Fix checkstyle issues","messageBody":"","fileTypesAndContributionMap":{"functional-code":{"insertions":6,"deletions":6}}},{"hash":"78e03f873cd4d12988731a154813e290627a8967","messageTitle":"Fix checkstyle issues","messageBody":"","fileTypesAndContributionMap":{"functional-code":{"insertions":7,"deletions":5}}},{"hash":"5909168d465b877ae8b2adb5ea36e14456a0eeb9","messageTitle":"Add CommandParser class and refactor original Parser into DatabaseParser","messageBody":"","fileTypesAndContributionMap":{"functional-code":{"insertions":134,"deletions":0},"test-code":{"insertions":31,"deletions":0}}},{"hash":"4b7623e9a791f91b5f8235789cfdcbcb14990a0c","messageTitle":"Fix checkstyle issues","messageBody":"","fileTypesAndContributionMap":{"functional-code":{"insertions":33,"deletions":23}}},{"hash":"dedd8d4843454cade1da4e31b3a27f992048b87b","messageTitle":"Fix checkstyle issues","messageBody":"","fileTypesAndContributionMap":{"functional-code":{"insertions":13,"deletions":13}}},{"hash":"dc8959e4764fc01c37c723ce9a7d40c607f2ee3f","messageTitle":"Fix CommandParser handling of user input with spaces, add note in Ui to remind users","messageBody":"","fileTypesAndContributionMap":{"functional-code":{"insertions":19,"deletions":2}}},{"hash":"a88f0be11cef7bb50ba4aef70bad628d5fecedc1","messageTitle":"Fix checkstyle issues","messageBody":"","fileTypesAndContributionMap":{"functional-code":{"insertions":1,"deletions":3}}},{"hash":"70990ac5ae86ed8c6caf1fd0edb98f552709e464","messageTitle":"Fix checkstyle issues","messageBody":"","fileTypesAndContributionMap":{"functional-code":{"insertions":2,"deletions":0}}},{"hash":"a694e430f3968a2774caa0e75ce78148d922c2d1","messageTitle":"Add JUnit tests for CommandParser","messageBody":"","fileTypesAndContributionMap":{"test-code":{"insertions":89,"deletions":0}}},{"hash":"3b6d197a4ef0fede3cd113f9f6084b74c5d969e2","messageTitle":"Fix bugs in CommandParser","messageBody":"","fileTypesAndContributionMap":{"functional-code":{"insertions":12,"deletions":13}}},{"hash":"7ff014e5f55b84d38fa6cb90a0d66fa5f3a1bca0","messageTitle":"Fix checkstyle issues","messageBody":"","fileTypesAndContributionMap":{"test-code":{"insertions":2,"deletions":1}}},{"hash":"d8fb438dfe11bffc039d63a1140e83851872f006","messageTitle":"Add Exit CommandType and ExitCommand to handle exiting application","messageBody":"","fileTypesAndContributionMap":{"functional-code":{"insertions":16,"deletions":12}}},{"hash":"a649c736d25b8e4b904ac053e475ab25d8fbafd6","messageTitle":"Add Database method to find module mapping by module code","messageBody":"","fileTypesAndContributionMap":{"functional-code":{"insertions":11,"deletions":0}}},{"hash":"138bd2871669acce89aa9f13afff7664a07bb3d0","messageTitle":"Add UserStorageParser method to load save file","messageBody":"","fileTypesAndContributionMap":{"functional-code":{"insertions":31,"deletions":68}}},{"hash":"2c82707315e8255df693018468a253b38b78ae94","messageTitle":"Add ModuleNotFoundException to handle input module code not matching","messageBody":"","fileTypesAndContributionMap":{"functional-code":{"insertions":14,"deletions":0}}},{"hash":"2f51c69f87e68d6840913f7af02808afea73bbdb","messageTitle":"Refactor Ui method name","messageBody":"","fileTypesAndContributionMap":{"functional-code":{"insertions":3,"deletions":2},"test-code":{"insertions":1,"deletions":2}}},{"hash":"c6ed982389d0d289b5d4451e42ea4c85e36e4e52","messageTitle":"Add Ui methods to faciliate printing of data from database, update UiTest","messageBody":"","fileTypesAndContributionMap":{"functional-code":{"insertions":32,"deletions":6},"test-code":{"insertions":12,"deletions":6}}},{"hash":"056a49885a9b4718208076b5f9649441d7871709","messageTitle":"Update Ui method to display format for exit command","messageBody":"","fileTypesAndContributionMap":{"functional-code":{"insertions":1,"deletions":0},"test-code":{"insertions":1,"deletions":0}}},{"hash":"6913de6a5155e3d3a044a49ff591a83a0fc3f711","messageTitle":"Add overloading addModule in UserModuleMappingList","messageBody":"","fileTypesAndContributionMap":{"functional-code":{"insertions":5,"deletions":1}}},{"hash":"f7062df544919889faf36882fd0de05c30138e3e","messageTitle":"Fix semicolon typos","messageBody":"","fileTypesAndContributionMap":{"functional-code":{"insertions":1,"deletions":3}}},{"hash":"a4972d83e79ad5a6f3abccffe3de4a55a960db54","messageTitle":"Add feature to view modules by university","messageBody":"","fileTypesAndContributionMap":{"functional-code":{"insertions":8,"deletions":2}}},{"hash":"74afb5aeb395bfc851f63c2b036be727e974749e","messageTitle":"Add method in UserStorageParser to save user lists","messageBody":"","fileTypesAndContributionMap":{"functional-code":{"insertions":10,"deletions":45}}},{"hash":"133afe3a9a3cd80736e992bb3388240a845310d3","messageTitle":"Reformat toString methods to standardise with Ui output","messageBody":"","fileTypesAndContributionMap":{"functional-code":{"insertions":2,"deletions":2}}},{"hash":"da66c39be1ed9002c88cea6d561383f7046880c1","messageTitle":"Add Logic in Duke for program flow","messageBody":"","fileTypesAndContributionMap":{"functional-code":{"insertions":99,"deletions":18}}},{"hash":"943bc73ea5a9b88d8950b9bb4abbbd4ea451811b","messageTitle":"Add throwing and handling for InvalidUserCommandException","messageBody":"","fileTypesAndContributionMap":{"functional-code":{"insertions":22,"deletions":22}}},{"hash":"ae95d2f18ee0eab910cf2e78d1f915f14db19f5f","messageTitle":"Fix JUnit tests to expect InvalidUserCommandException","messageBody":"","fileTypesAndContributionMap":{"test-code":{"insertions":13,"deletions":10}}},{"hash":"aec41c78e7f47db011941ba407d6e284ed84f561","messageTitle":"Fix checkstyle issues","messageBody":"","fileTypesAndContributionMap":{"functional-code":{"insertions":18,"deletions":19}}},{"hash":"31d261974493cc6902492f258d1d37d2857a076e","messageTitle":"Format Ui printing, update text-ui-test","messageBody":"","fileTypesAndContributionMap":{"functional-code":{"insertions":4,"deletions":3},"test-code":{"insertions":4,"deletions":4}}}]},{"date":"2022-10-21","commitResults":[{"hash":"5fe7736a1d1a3499392c8d56c5d6f88d9f0400dc","messageTitle":"Add Developer Guide Early Draft for Commands","messageBody":"","fileTypesAndContributionMap":{"docs":{"insertions":6,"deletions":0}}},{"hash":"7f61145952adaac7e5cc5657d29b14a664dcd678","messageTitle":"Refactor CommandParser to be more readable","messageBody":"","fileTypesAndContributionMap":{"functional-code":{"insertions":78,"deletions":51}}},{"hash":"d4bb42fa7ef744119059922549bf3aa4359d74fa","messageTitle":"Update Ui and UiTest to fit changes to CommandParser","messageBody":"","fileTypesAndContributionMap":{"functional-code":{"insertions":1,"deletions":1},"test-code":{"insertions":1,"deletions":1}}},{"hash":"2f17af813ac0f6e4e341c826fcb1ec397cc6526a","messageTitle":"Fix checkstyle issues","messageBody":"","fileTypesAndContributionMap":{"functional-code":{"insertions":1,"deletions":0}}}]}],"nshian":[{"date":"2022-09-28","commitResults":[{"hash":"74f0fde70df2825f4271e652b0a426080de361d9","messageTitle":"Update AboutUs.md","messageBody":"","fileTypesAndContributionMap":{"docs":{"insertions":4,"deletions":4}}}]},{"date":"2022-10-05","commitResults":[{"hash":"b497c93f1ce8c5dafa547c023693e22cf100ef00","messageTitle":"Add Ui class","messageBody":"","fileTypesAndContributionMap":{"functional-code":{"insertions":60,"deletions":7}}},{"hash":"89ffec2d134cca30b82ec1e5a0420d6855e65dc7","messageTitle":"Fix checkstyle issues","messageBody":"","fileTypesAndContributionMap":{"functional-code":{"insertions":24,"deletions":18}}}]},{"date":"2022-10-06","commitResults":[{"hash":"d9efc7f38a72aebfe34c325314a0ef00ba0448be","messageTitle":"Fix IO redirection test issue","messageBody":"","fileTypesAndContributionMap":{"functional-code":{"insertions":11,"deletions":3}}}]},{"date":"2022-10-10","commitResults":[{"hash":"ad2667bffbd82be46b9ec1093d3bb53fa0aba8f7","messageTitle":"Edit user classes to call Ui functions and add UiTest","messageBody":"","fileTypesAndContributionMap":{"functional-code":{"insertions":113,"deletions":27},"test-code":{"insertions":35,"deletions":0}}}]},{"date":"2022-10-11","commitResults":[{"hash":"35685e455ede2ad10b06be4d26864733e7a9e5e6","messageTitle":"Add more Ui JUnit tests and edit user classes for correct user I/O","messageBody":"","fileTypesAndContributionMap":{"functional-code":{"insertions":80,"deletions":71},"test-code":{"insertions":124,"deletions":0}}}]},{"date":"2022-10-18","commitResults":[{"hash":"871e05a3e9844a471175026b7faa7d081a450b57","messageTitle":"Add Ui functionality for favouriting command","messageBody":"","fileTypesAndContributionMap":{"functional-code":{"insertions":54,"deletions":10}}},{"hash":"41cbe642cc4f4f9d8a306c6d8783cc009cbf59bc","messageTitle":"Edit Ui functions for better readability and user comprehension","messageBody":"","fileTypesAndContributionMap":{"functional-code":{"insertions":35,"deletions":35},"test-code":{"insertions":9,"deletions":4}}},{"hash":"0bfbbecba9625d8332dbf95b373c686fe8078cd7","messageTitle":"Add parsing for Favourite command and update Ui for better user help","messageBody":"","fileTypesAndContributionMap":{"functional-code":{"insertions":88,"deletions":25},"test-code":{"insertions":22,"deletions":19}}},{"hash":"945e46df1789a3939baba67fcc26795fc30f4413","messageTitle":"Fix IO redirection","messageBody":"","fileTypesAndContributionMap":{"functional-code":{"insertions":3,"deletions":3}}},{"hash":"600bb8a53dd3ef3601721ac559f41ee7c03ac467","messageTitle":"Fix checkstyle","messageBody":"","fileTypesAndContributionMap":{"test-code":{"insertions":3,"deletions":3}}},{"hash":"7465a5508644737a3d36840c354bade557fbdeeb","messageTitle":"Fix IO redirection","messageBody":"","fileTypesAndContributionMap":{"functional-code":{"insertions":2,"deletions":2},"test-code":{"insertions":2,"deletions":2}}}]},{"date":"2022-10-19","commitResults":[{"hash":"211cf5c2094895ed1f1329d0fb343ba9a82783c9","messageTitle":"Add assert for Ui and remove duplicate print module method","messageBody":"","fileTypesAndContributionMap":{"functional-code":{"insertions":24,"deletions":20}}}]},{"date":"2022-10-20","commitResults":[{"hash":"0b5eb674e43efe9509e14434e9e22a42fb59a8a5","messageTitle":"Add Timetable functionality","messageBody":"","fileTypesAndContributionMap":{"functional-code":{"insertions":319,"deletions":0}}},{"hash":"c578e7b9d84c0fcf255411b72e5ccd3c1cc46f31","messageTitle":"Shift code to new line","messageBody":"","fileTypesAndContributionMap":{"functional-code":{"insertions":13,"deletions":1}}},{"hash":"487c4dfc8690c4a26f55c3009c96393e47b8cda9","messageTitle":"Add documentation and more print functions for Timetable functionality","messageBody":"","fileTypesAndContributionMap":{"functional-code":{"insertions":99,"deletions":0}}},{"hash":"bace48a0db8d97d99af95a1a8f5e5536aba47390","messageTitle":"Refactor code for lesson time validity check","messageBody":"","fileTypesAndContributionMap":{"functional-code":{"insertions":53,"deletions":49}}},{"hash":"b4a18acefaa0642fd633b1d5c7c638f1ef7804ab","messageTitle":"Add checks for timetable clash and sorting for timetable","messageBody":"","fileTypesAndContributionMap":{"functional-code":{"insertions":54,"deletions":3}}},{"hash":"1707feeeb29a242a47a27ec9f120be2be1bcc93b","messageTitle":"Update developer guide and add diagram for Timetable","messageBody":"","fileTypesAndContributionMap":{"functional-code":{"insertions":10,"deletions":12},"docs":{"insertions":96,"deletions":0}}}]},{"date":"2022-10-23","commitResults":[{"hash":"79172e5ceb096e5c5064b77706d481df597869dd","messageTitle":"Add JUnit tests for Timetable functionality and make code more defensive","messageBody":"","fileTypesAndContributionMap":{"functional-code":{"insertions":79,"deletions":83},"other":{"insertions":2,"deletions":2},"docs":{"insertions":9,"deletions":8},"test-code":{"insertions":153,"deletions":0}}}]}],"joshuan98":[{"date":"2022-09-28","commitResults":[{"hash":"ba71d06bec15a5e9e62a7983d5d4aeb1dea70db4","messageTitle":"Update name in AboutUs","messageBody":"","fileTypesAndContributionMap":{"docs":{"insertions":1,"deletions":1}}}]},{"date":"2022-10-04","commitResults":[{"hash":"89e0919b1e75586ef258a3fbc5ad033ac6bf6788","messageTitle":"Create module class","messageBody":"","fileTypesAndContributionMap":{"functional-code":{"insertions":44,"deletions":0}}},{"hash":"774f05cab83972de324b95d63d1ebd601d7724cb","messageTitle":"Create university class","messageBody":"","fileTypesAndContributionMap":{"functional-code":{"insertions":47,"deletions":0}}},{"hash":"760d836c202e6caf716f841797ab8f21f4792dc9","messageTitle":"Add parser class to parse database lines","messageBody":"","fileTypesAndContributionMap":{"functional-code":{"insertions":36,"deletions":2}}},{"hash":"dea22df886e3ca194335b5507aabae012ca820e0","messageTitle":"Add database class to store all database lists","messageBody":"","fileTypesAndContributionMap":{"functional-code":{"insertions":38,"deletions":0}}},{"hash":"23f0497c4734f5cb396c624d5c92bb62c6c841a0","messageTitle":"Update Module to store credit as string","messageBody":"","fileTypesAndContributionMap":{"functional-code":{"insertions":4,"deletions":4}}},{"hash":"366fdc83817c660c306850d38c184b9437ba8632","messageTitle":"Add storage class to update database","messageBody":"Also add function under database class to check if newUniversity is not currently in database\n","fileTypesAndContributionMap":{"functional-code":{"insertions":122,"deletions":9}}},{"hash":"4c7f5834c39ecee3a0efd1f09d48795afa6b397d","messageTitle":"Fix checkstylemain issues","messageBody":"Update some line formatting\nReplace NUS with Nus\n","fileTypesAndContributionMap":{"functional-code":{"insertions":9,"deletions":12}}},{"hash":"b016912e8a42de8dffcec5b9195bf174a6eb407e","messageTitle":"Update database file path","messageBody":"","fileTypesAndContributionMap":{"functional-code":{"insertions":9,"deletions":7}}}]},{"date":"2022-10-09","commitResults":[{"hash":"825d03c89a5108fa678ac8af830df3a8c0ebf00f","messageTitle":"Add assert for module class","messageBody":"","fileTypesAndContributionMap":{"functional-code":{"insertions":4,"deletions":0}}},{"hash":"4461df8b98408adc327e61a680eb35fcdb23f2cd","messageTitle":"Add assert for university class","messageBody":"","fileTypesAndContributionMap":{"functional-code":{"insertions":3,"deletions":0}}},{"hash":"4c51468ee8bf576e741262d5507d2380d40cd75c","messageTitle":"Rename Storage to DatabaseStorage for clarity","messageBody":"","fileTypesAndContributionMap":{"other":{"insertions":2,"deletions":6}}},{"hash":"acba844f662ddad1c1878f2515122bb851ce6f3a","messageTitle":"Add assert and logging for database","messageBody":"","fileTypesAndContributionMap":{"functional-code":{"insertions":17,"deletions":0}}},{"hash":"c4a48a67080aa066cba12e6b7cc8b3a53ded55c2","messageTitle":"Add assert and logging for database storage","messageBody":"","fileTypesAndContributionMap":{"functional-code":{"insertions":67,"deletions":15}}},{"hash":"39cf7b57af420f95d7212ac6b50fb6bf5aff844a","messageTitle":"Add assert and logging for parser","messageBody":"","fileTypesAndContributionMap":{"functional-code":{"insertions":32,"deletions":8}}},{"hash":"ddbc7c801dceac1b310be9f615126f3fe7304c22","messageTitle":"Add junit test for parser","messageBody":"","fileTypesAndContributionMap":{"functional-code":{"insertions":11,"deletions":3},"test-code":{"insertions":30,"deletions":0}}},{"hash":"689e8eeb5f069c73b58e053223b75dade3dac8bd","messageTitle":"Fix checkstyle main issues","messageBody":"","fileTypesAndContributionMap":{"functional-code":{"insertions":3,"deletions":3}}},{"hash":"6e95a50e35294fdd044f48a2ed882ae71940c8d8","messageTitle":"Enable assertions in build.gradle","messageBody":"","fileTypesAndContributionMap":{"other":{"insertions":1,"deletions":0}}}]},{"date":"2022-10-11","commitResults":[{"hash":"7976f155af3ce2b3f636542e8a8bd9f19c09e2ae","messageTitle":"Add ModuleMapping class","messageBody":"","fileTypesAndContributionMap":{"functional-code":{"insertions":34,"deletions":0}}},{"hash":"fd2e06e00d90b16226c734af92c9471fd8778ab5","messageTitle":"Remove Parser and ParserTest","messageBody":"","fileTypesAndContributionMap":{"functional-code":{"insertions":0,"deletions":55},"test-code":{"insertions":0,"deletions":30}}},{"hash":"02a8842ba20e24bd3e326d541a3f70b3e01c3424","messageTitle":"Update database to use ModuleMapping","messageBody":"","fileTypesAndContributionMap":{"functional-code":{"insertions":18,"deletions":27},"test-code":{"insertions":0,"deletions":1}}},{"hash":"b6eb8a15d0b37e3a1333b04dcb29b3a25c5c8735","messageTitle":"Update databaseStorage to use ModuleMapping","messageBody":"","fileTypesAndContributionMap":{"functional-code":{"insertions":24,"deletions":37}}},{"hash":"044bd7edafc58a6b290fa48bad2c168b5f1c63d5","messageTitle":"Update Module class to reference University","messageBody":"","fileTypesAndContributionMap":{"functional-code":{"insertions":15,"deletions":1}}},{"hash":"248a41ec0678d8242bfd8531384af932a23dcd45","messageTitle":"Temporarily fix user module","messageBody":"","fileTypesAndContributionMap":{"functional-code":{"insertions":4,"deletions":1}}},{"hash":"6fe87631f73a280cbf2c99ff7de52387c67b036b","messageTitle":"Fix bug in database storage","messageBody":"Bug caused when adding university parameter into module\nFix how updates occur\n","fileTypesAndContributionMap":{"functional-code":{"insertions":17,"deletions":11}}},{"hash":"c090972ff540e270c1cdb65fa3d55a09246c1fba","messageTitle":"Update printing of module and university","messageBody":"","fileTypesAndContributionMap":{"functional-code":{"insertions":2,"deletions":2}}},{"hash":"f0fcc3e4addddc94f0d871705239c2138e1345a3","messageTitle":"Fix checkstyle issues","messageBody":"","fileTypesAndContributionMap":{"functional-code":{"insertions":3,"deletions":3}}}]},{"date":"2022-10-16","commitResults":[{"hash":"5bcecb31fc841968f3aca5a1139d890491753f82","messageTitle":"Create list command","messageBody":"","fileTypesAndContributionMap":{"functional-code":{"insertions":22,"deletions":1}}},{"hash":"176f8e99a681d432d7bfe70179052d226a8fbaf4","messageTitle":"Add list command to command parser","messageBody":"","fileTypesAndContributionMap":{"functional-code":{"insertions":19,"deletions":1}}},{"hash":"3503e54e3d0861eb8c1cba1e655ab61dc6819e0a","messageTitle":"Add function to print mappings","messageBody":"","fileTypesAndContributionMap":{"functional-code":{"insertions":36,"deletions":13}}},{"hash":"0d1d2f571a39d39105bcb582cfd867706d7b380f","messageTitle":"Add function to find module and university mapping","messageBody":"","fileTypesAndContributionMap":{"functional-code":{"insertions":48,"deletions":0}}},{"hash":"715fd72c39c41e1113f0054620c01abc88fdd814","messageTitle":"Add new list command to Duke.java","messageBody":"","fileTypesAndContributionMap":{"functional-code":{"insertions":20,"deletions":2}}},{"hash":"4632a21969ec5d1063588cc987385a9343ccba52","messageTitle":"Update UI to display new list command","messageBody":"","fileTypesAndContributionMap":{"functional-code":{"insertions":4,"deletions":14}}},{"hash":"1c913f438de8e6dc3d99388822444f7f5b3808a1","messageTitle":"Refactor UNIVERSITIES from view to list","messageBody":"","fileTypesAndContributionMap":{"functional-code":{"insertions":13,"deletions":12}}},{"hash":"5625d4486ba1e9852f5658a4e7b011a46d93b273","messageTitle":"Refactor MODULES from view to list","messageBody":"","fileTypesAndContributionMap":{"functional-code":{"insertions":17,"deletions":21}}},{"hash":"c28e884dadc6f144b0cf17727271d574b2a0a833","messageTitle":"Fix checkstyle","messageBody":"","fileTypesAndContributionMap":{"functional-code":{"insertions":1,"deletions":0}}},{"hash":"316b7fbe111063c76f1eb9f3e81b06b040feb43a","messageTitle":"Remove unused imports","messageBody":"","fileTypesAndContributionMap":{"functional-code":{"insertions":0,"deletions":13},"test-code":{"insertions":0,"deletions":6}}},{"hash":"19c6089e0f19cb483de305e7a4372377495a20cc","messageTitle":"Close scanner after use","messageBody":"","fileTypesAndContributionMap":{"functional-code":{"insertions":1,"deletions":0}}},{"hash":"ad04ea0286ffafc6380b3a7ae2eae27ba0ce140b","messageTitle":"Update testPrintCommands","messageBody":"","fileTypesAndContributionMap":{"functional-code":{"insertions":7,"deletions":2},"test-code":{"insertions":11,"deletions":9}}}]},{"date":"2022-10-17","commitResults":[{"hash":"6299d4844985973a53d2c4007c5329f80cbad16d","messageTitle":"Update apostrophe in Ui","messageBody":"","fileTypesAndContributionMap":{"functional-code":{"insertions":1,"deletions":1},"test-code":{"insertions":1,"deletions":1}}},{"hash":"0c8c4842d2a4ae0fbc0861ac4ada25de68bfff98","messageTitle":"Add UniversityTest","messageBody":"","fileTypesAndContributionMap":{"test-code":{"insertions":13,"deletions":0}}},{"hash":"ed65d09cfb2bc3c2bee41ddf15a99d056dbdd2e3","messageTitle":"Add ModuleTest","messageBody":"","fileTypesAndContributionMap":{"test-code":{"insertions":16,"deletions":0}}},{"hash":"7a93e31daff63d1fbb5cf26ace44e76997129484","messageTitle":"Add ModuleMappingTest","messageBody":"","fileTypesAndContributionMap":{"test-code":{"insertions":22,"deletions":0}}}]},{"date":"2022-10-19","commitResults":[{"hash":"4fd564c62c340ab0519f2722b45cf0e924cfdb56","messageTitle":"Add database junit tests","messageBody":"","fileTypesAndContributionMap":{"functional-code":{"insertions":2,"deletions":2},"test-code":{"insertions":134,"deletions":0}}},{"hash":"f74bbb0b8984f6440863898ada13addac2a7054c","messageTitle":"Fix checkstyle","messageBody":"","fileTypesAndContributionMap":{"test-code":{"insertions":56,"deletions":53}}},{"hash":"d84e57e16bdf450e3f8e0d3c8b9963845bc650b6","messageTitle":"Fix module mapping test","messageBody":"","fileTypesAndContributionMap":{"test-code":{"insertions":1,"deletions":1}}},{"hash":"cfbb93c81dfcd19dc400ac893ac44c96573e0a94","messageTitle":"Set partner university country to final","messageBody":"","fileTypesAndContributionMap":{"functional-code":{"insertions":3,"deletions":5}}},{"hash":"ac0736f35f58f90aeb429bd3331842c7d7fa3750","messageTitle":"Create function in Ui to print exception","messageBody":"","fileTypesAndContributionMap":{"functional-code":{"insertions":8,"deletions":2}}},{"hash":"228c1f299aa94b0e26c4e689cef42da41f7e90c5","messageTitle":"Update duke to use Ui function to print exception","messageBody":"","fileTypesAndContributionMap":{"functional-code":{"insertions":6,"deletions":6}}},{"hash":"c6257c4893938b2f5608a6b4ac67fe76b8c63d7f","messageTitle":"Add javadoc comments to database","messageBody":"","fileTypesAndContributionMap":{"functional-code":{"insertions":42,"deletions":0}}},{"hash":"10c78fd8c53071ac8c3035a5cbeba3282e4abdea","messageTitle":"Add invalid university exception","messageBody":"","fileTypesAndContributionMap":{"functional-code":{"insertions":24,"deletions":1}}},{"hash":"3a7b3e05b026f7ce2ce79dbdf32e84830e7c4a7e","messageTitle":"Add check for valid module and university","messageBody":"","fileTypesAndContributionMap":{"functional-code":{"insertions":49,"deletions":10}}},{"hash":"1719dfbe7ecdee3acc8bc1afd89435e0d0cb6386","messageTitle":"Add exception for invalid module","messageBody":"","fileTypesAndContributionMap":{"functional-code":{"insertions":14,"deletions":0}}},{"hash":"0afec36fd639d9a7e2639de8db419996a743cbfa","messageTitle":"Remove assertions and handle new exceptions","messageBody":"","fileTypesAndContributionMap":{"functional-code":{"insertions":40,"deletions":83},"test-code":{"insertions":13,"deletions":5}}},{"hash":"44d438844c72b7f4d89549a801e046f28eb3bedd","messageTitle":"Add invalid module mapping exception","messageBody":"","fileTypesAndContributionMap":{"functional-code":{"insertions":68,"deletions":2},"test-code":{"insertions":5,"deletions":2}}},{"hash":"59d41e2580b4d9532a8e34065c22282ae3f15284","messageTitle":"Add javadoc comments to database storage","messageBody":"","fileTypesAndContributionMap":{"functional-code":{"insertions":48,"deletions":7}}},{"hash":"68f6bfad25b1bf928ac2f0a58acd3b851a513eba","messageTitle":"Add javadoc comments for list and view commands","messageBody":"","fileTypesAndContributionMap":{"functional-code":{"insertions":12,"deletions":0}}},{"hash":"a3fe3e94f8a64b1acac2c5fdb5408cc679d6bc21","messageTitle":"Add javadoc comments","messageBody":"For module, university, and module mapping classes\n","fileTypesAndContributionMap":{"functional-code":{"insertions":50,"deletions":2}}},{"hash":"b9b7b84e22c22b56e24ea172e739ed9e7d83d84a","messageTitle":"Add javadoc comments and remove magic number","messageBody":"","fileTypesAndContributionMap":{"functional-code":{"insertions":11,"deletions":1}}},{"hash":"00b7fe9bf1a849694d53c21ce89b11ab6b1e8bd4","messageTitle":"Add ending period to first line of javadoc","messageBody":"","fileTypesAndContributionMap":{"functional-code":{"insertions":23,"deletions":23},"test-code":{"insertions":3,"deletions":2}}}]},{"date":"2022-10-20","commitResults":[{"hash":"88f3b0bc0af556f674cb49c7d88ca1b5e523240c","messageTitle":"Create database class and sequence diagram","messageBody":"","fileTypesAndContributionMap":{"docs":{"insertions":79,"deletions":0}}},{"hash":"7dbdb023c45df8fd6c9cabaf5cdaa8be0975e332","messageTitle":"Update developer guide","messageBody":"","fileTypesAndContributionMap":{"docs":{"insertions":14,"deletions":0}}}]},{"date":"2022-10-22","commitResults":[{"hash":"fde199ec356ce7e1e8d6a3bcab1473f3909cdadd","messageTitle":"Create list command class diagram","messageBody":"","fileTypesAndContributionMap":{"docs":{"insertions":83,"deletions":0}}},{"hash":"ea535ec5226c836790353be65014dd9cbb6e94d8","messageTitle":"Create list command sequence diagram","messageBody":"","fileTypesAndContributionMap":{"docs":{"insertions":88,"deletions":0}}},{"hash":"438909ea70004fe9a8ccc8557a3fbdacc3f88879","messageTitle":"Update DeveloperGuide.md","messageBody":"","fileTypesAndContributionMap":{"docs":{"insertions":26,"deletions":8}}},{"hash":"1c7052d09e1acbefb8587ecba38598f842a0a111","messageTitle":"Fix formatting bug in UI","messageBody":"","fileTypesAndContributionMap":{"functional-code":{"insertions":1,"deletions":1},"test-code":{"insertions":1,"deletions":1}}},{"hash":"33674eec4f624871419a4a0d361920aea31030c9","messageTitle":"Update UserGuide.md","messageBody":"","fileTypesAndContributionMap":{"docs":{"insertions":49,"deletions":6}}},{"hash":"5b35bc212d885ea66ffe4cfe69b261a388c61e6c","messageTitle":"Add tests for invalid modules","messageBody":"","fileTypesAndContributionMap":{"test-code":{"insertions":39,"deletions":0}}},{"hash":"7d458bd8a4f8edfba5e3ee1195c950f36562fc5a","messageTitle":"Add tests for invalid module mapping","messageBody":"","fileTypesAndContributionMap":{"test-code":{"insertions":72,"deletions":2}}},{"hash":"1c7a81b9c0a33dc10e6a2c128e765e50c69e7069","messageTitle":"Add tests for databaseParser","messageBody":"","fileTypesAndContributionMap":{"test-code":{"insertions":29,"deletions":0}}},{"hash":"4811de209f5e721ecfbf08b937966afd9dc1a80e","messageTitle":"Update formatting for Ui and UiTest","messageBody":"","fileTypesAndContributionMap":{"functional-code":{"insertions":46,"deletions":24},"test-code":{"insertions":6,"deletions":6}}},{"hash":"a7a94c5fb29b35924ee32923f5df69783177c369","messageTitle":"Add tests for invalid university","messageBody":"","fileTypesAndContributionMap":{"test-code":{"insertions":11,"deletions":0}}},{"hash":"adc7db908cf7021723f1133f55321638dabf04b6","messageTitle":"Fix checkstyle","messageBody":"","fileTypesAndContributionMap":{"test-code":{"insertions":10,"deletions":10}}},{"hash":"d9ba03efe2bbbab0239652c700eab6d3c3581596","messageTitle":"Update list command sequence diagram","messageBody":"","fileTypesAndContributionMap":{"docs":{"insertions":13,"deletions":1}}}]}]},"authorFileTypeContributionMap":{"wangtingjia":{"docs":103,"functional-code":394,"test-code":231},"alfred-leong":{"docs":92,"functional-code":497,"test-code":224},"ongzhihong":{"docs":7,"functional-code":442,"test-code":137},"nshian":{"docs":100,"functional-code":800,"test-code":299},"joshuan98":{"docs":342,"functional-code":769,"test-code":358,"other":1}},"authorContributionVariance":{"wangtingjia":7772.357,"alfred-leong":22154.467,"ongzhihong":28209.557,"nshian":19332.29,"joshuan98":29250.764},"authorDisplayNameMap":{"wangtingjia":"CS2113-W13-2 WANG..GJIA","alfred-leong":"CS2113-W13-2 LEON..FRED","ongzhihong":"CS2113-W13-2 ONG ..HONG","nshian":"CS2113-W13-2 NG S.. IAN","joshuan98":"CS2113-W13-2 JOSH..FENG"}}
