{"authorDailyContributionsMap":{"wangtingjia":[{"date":"2022-09-28","commitResults":[{"hash":"bd0b7b711074db51035739ad67afd10bbd236a39","messageTitle":"Update about us for wangtingjia","messageBody":"","fileTypesAndContributionMap":{"docs":{"insertions":7,"deletions":7}}}]},{"date":"2022-10-05","commitResults":[{"hash":"f33f662bd722fb64bb1533dc290cc294be8e8484","messageTitle":"Add UserModuleList class with add and delete functions","messageBody":"","fileTypesAndContributionMap":{"functional-code":{"insertions":2,"deletions":0}}},{"hash":"aa024c463bd81398729df7cbefa8616d426adb2e","messageTitle":"Add UserUniversityList with add and delete functions","messageBody":"","fileTypesAndContributionMap":{"functional-code":{"insertions":168,"deletions":1}}},{"hash":"08c3d1ca4ccba6318c83241235d031f99c258394","messageTitle":"Fix CI checkstyle issues","messageBody":"","fileTypesAndContributionMap":{"functional-code":{"insertions":9,"deletions":9}}},{"hash":"972b46b7b27eeb0f2ff390622cbd2ca4032a8d44","messageTitle":"Fix CI checkstyle issues","messageBody":"","fileTypesAndContributionMap":{"functional-code":{"insertions":1,"deletions":1}}}]}],"alfred-leong":[{"date":"2022-09-28","commitResults":[{"hash":"b4a6326a0410c72e05ed7f970dbf2470141c56a2","messageTitle":"Update AboutUs","messageBody":"","fileTypesAndContributionMap":{"docs":{"insertions":7,"deletions":7}}}]}],"ongzhihong":[{"date":"2022-09-28","commitResults":[{"hash":"975aedbac8de86d4f5c6dcd7ce7dac1776ef09a7","messageTitle":"Add about us for Zhi Hong","messageBody":"","fileTypesAndContributionMap":{"docs":{"insertions":7,"deletions":7}}}]}],"nshian":[{"date":"2022-09-28","commitResults":[{"hash":"74f0fde70df2825f4271e652b0a426080de361d9","messageTitle":"Update AboutUs.md","messageBody":"","fileTypesAndContributionMap":{"docs":{"insertions":4,"deletions":4}}}]},{"date":"2022-10-05","commitResults":[{"hash":"b497c93f1ce8c5dafa547c023693e22cf100ef00","messageTitle":"Add Ui class","messageBody":"","fileTypesAndContributionMap":{"functional-code":{"insertions":60,"deletions":7}}},{"hash":"89ffec2d134cca30b82ec1e5a0420d6855e65dc7","messageTitle":"Fix checkstyle issues","messageBody":"","fileTypesAndContributionMap":{"functional-code":{"insertions":24,"deletions":18}}}]}],"joshuan98":[{"date":"2022-09-28","commitResults":[{"hash":"ba71d06bec15a5e9e62a7983d5d4aeb1dea70db4","messageTitle":"Update name in AboutUs","messageBody":"","fileTypesAndContributionMap":{"docs":{"insertions":1,"deletions":1}}}]},{"date":"2022-10-04","commitResults":[{"hash":"89e0919b1e75586ef258a3fbc5ad033ac6bf6788","messageTitle":"Create module class","messageBody":"","fileTypesAndContributionMap":{"functional-code":{"insertions":44,"deletions":0}}},{"hash":"774f05cab83972de324b95d63d1ebd601d7724cb","messageTitle":"Create university class","messageBody":"","fileTypesAndContributionMap":{"functional-code":{"insertions":47,"deletions":0}}},{"hash":"760d836c202e6caf716f841797ab8f21f4792dc9","messageTitle":"Add parser class to parse database lines","messageBody":"","fileTypesAndContributionMap":{"functional-code":{"insertions":36,"deletions":2}}},{"hash":"dea22df886e3ca194335b5507aabae012ca820e0","messageTitle":"Add database class to store all database lists","messageBody":"","fileTypesAndContributionMap":{"functional-code":{"insertions":38,"deletions":0}}},{"hash":"23f0497c4734f5cb396c624d5c92bb62c6c841a0","messageTitle":"Update Module to store credit as string","messageBody":"","fileTypesAndContributionMap":{"functional-code":{"insertions":4,"deletions":4}}},{"hash":"366fdc83817c660c306850d38c184b9437ba8632","messageTitle":"Add storage class to update database","messageBody":"Also add function under database class to check if newUniversity is not currently in database\n","fileTypesAndContributionMap":{"functional-code":{"insertions":122,"deletions":9}}},{"hash":"4c7f5834c39ecee3a0efd1f09d48795afa6b397d","messageTitle":"Fix checkstylemain issues","messageBody":"Update some line formatting\nReplace NUS with Nus\n","fileTypesAndContributionMap":{"functional-code":{"insertions":9,"deletions":12}}},{"hash":"b016912e8a42de8dffcec5b9195bf174a6eb407e","messageTitle":"Update database file path","messageBody":"","fileTypesAndContributionMap":{"functional-code":{"insertions":9,"deletions":7}}}]}]},"authorFileTypeContributionMap":{"wangtingjia":{"docs":1,"functional-code":169,"test-code":0},"alfred-leong":{"docs":1,"functional-code":0,"test-code":0},"ongzhihong":{"docs":1,"functional-code":0,"test-code":0},"nshian":{"docs":3,"functional-code":65,"test-code":0},"joshuan98":{"docs":1,"functional-code":276,"test-code":0}},"authorContributionVariance":{"wangtingjia":1728.7875,"alfred-leong":9.310002,"ongzhihong":9.310002,"nshian":563.02747,"joshuan98":5585.0874},"authorDisplayNameMap":{"wangtingjia":"CS2113-W13-2 WANG..GJIA","alfred-leong":"CS2113-W13-2 LEON..FRED","ongzhihong":"CS2113-W13-2 ONG ..HONG","nshian":"CS2113-W13-2 NG S.. IAN","joshuan98":"CS2113-W13-2 JOSH..FENG"}}
