{"authorDailyContributionsMap":{"Than-Duc-Huy":[],"qianz-z":[{"date":"2022-09-29","commitResults":[{"hash":"2f19efdfb8261551c8e0f1dd5512df732f1af325","messageTitle":"Update README.md","messageBody":"","fileTypesAndContributionMap":{"docs":{"insertions":1,"deletions":1}}}]}],"snuckerzlol":[],"Brominne":[]},"authorFileTypeContributionMap":{"Than-Duc-Huy":{"docs":0,"functional-code":0,"test-code":0},"qianz-z":{"docs":1,"functional-code":0,"test-code":0},"snuckerzlol":{"docs":0,"functional-code":0,"test-code":0},"Brominne":{"docs":0,"functional-code":0,"test-code":0}},"authorContributionVariance":{"Than-Duc-Huy":0.0,"qianz-z":0.26530612,"snuckerzlol":0.0,"Brominne":0.0},"authorDisplayNameMap":{"Than-Duc-Huy":"CS2113-T18-2 THAN.. HUY","qianz-z":"CS2113-T18-2 SIM .. HUI","snuckerzlol":"CS2113-T18-2 WILL..YUDI","Brominne":"CS2113-T18-2 BIAN.. RUI"}}
