{"authorDailyContributionsMap":{"Than-Duc-Huy":[{"date":"2022-10-07","commitResults":[{"hash":"1e1d96b0035998905601b450f4646ad43dc5237a","messageTitle":"rename and add structure","messageBody":"","fileTypesAndContributionMap":{"functional-code":{"insertions":21,"deletions":4},"other":{"insertions":14,"deletions":15}}},{"hash":"31f3e6e64b3dce3a043ed4b586dcda516c16729c","messageTitle":"change structure","messageBody":"","fileTypesAndContributionMap":{"functional-code":{"insertions":9,"deletions":5},"other":{"insertions":14,"deletions":14},"test-code":{"insertions":13,"deletions":0}}}]},{"date":"2022-10-08","commitResults":[{"hash":"c5f232c03a4427da113a8f3965aef8ae35babf70","messageTitle":"fix the text-ui","messageBody":"","fileTypesAndContributionMap":{"other":{"insertions":2,"deletions":2}}},{"hash":"4639015b7b2a573db2d3f66611e9c2d745911db0","messageTitle":"add Add command","messageBody":"","fileTypesAndContributionMap":{"functional-code":{"insertions":110,"deletions":4}}},{"hash":"801f20d43070d75792b758548962566ee64e6c9d","messageTitle":"Add Command, Add Mode Checkstyle","messageBody":"","fileTypesAndContributionMap":{"functional-code":{"insertions":33,"deletions":33}}},{"hash":"3da9ab805f590a7407eae3cfd0d8d1098d1a8c87","messageTitle":"more changes","messageBody":"","fileTypesAndContributionMap":{"functional-code":{"insertions":1,"deletions":1}}},{"hash":"4fbd15fc51ff9361e22fe4e8dd8229fcb3afb690","messageTitle":"Connect all the current classes into a runable program. Echo the command","messageBody":"","fileTypesAndContributionMap":{"functional-code":{"insertions":227,"deletions":30},"test-code":{"insertions":13,"deletions":0}}},{"hash":"b5fb4f6676c118a5c69d0e9a943b7dbed5bb5794","messageTitle":"The flow of Add Command is done! But haven\u0027t actually add in the recipe","messageBody":"","fileTypesAndContributionMap":{"functional-code":{"insertions":75,"deletions":35}}},{"hash":"d575ee1d9c20c81bd6ab5401ccec481126cc76d5","messageTitle":"changes to pass chechstyle","messageBody":"","fileTypesAndContributionMap":{"functional-code":{"insertions":3,"deletions":3}}},{"hash":"d9508327b65ab5488b7fb5ea935a536162a4f1ed","messageTitle":"Done with AddMode workflow","messageBody":"","fileTypesAndContributionMap":{"functional-code":{"insertions":13,"deletions":10}}},{"hash":"a2b5f88d4b84c4efdea2eb0d163dfd64269e346c","messageTitle":"Create JUnit Files","messageBody":"","fileTypesAndContributionMap":{"functional-code":{"insertions":0,"deletions":3},"test-code":{"insertions":102,"deletions":0}}},{"hash":"2d8285a2f73d8d42508d3d8cde19f3f354c056dc","messageTitle":"add Test","messageBody":"","fileTypesAndContributionMap":{"functional-code":{"insertions":6,"deletions":3},"test-code":{"insertions":43,"deletions":14}}},{"hash":"e7c4e6f0d904cdd091b077cab1119b7e1a3afe96","messageTitle":"JUnit","messageBody":"","fileTypesAndContributionMap":{"functional-code":{"insertions":49,"deletions":24}}},{"hash":"507313c9a6ef0d88723c9706df82d7d5a367f591","messageTitle":"No Bye Command","messageBody":"","fileTypesAndContributionMap":{"functional-code":{"insertions":0,"deletions":11}}},{"hash":"ba3d5dffc08db840a2bc37e60d693fe90567bac6","messageTitle":"checkStyle","messageBody":"","fileTypesAndContributionMap":{"functional-code":{"insertions":3,"deletions":15}}}]},{"date":"2022-10-11","commitResults":[{"hash":"8650387802e1da290bde96b484c229f0854d0806","messageTitle":"minor change to ParserTest","messageBody":"","fileTypesAndContributionMap":{"test-code":{"insertions":0,"deletions":2}}}]},{"date":"2022-10-17","commitResults":[{"hash":"a96251df7cf9a831b74ecdc3432d20ffff04b9ea","messageTitle":"First commit in the branch","messageBody":"","fileTypesAndContributionMap":{"docs":{"insertions":4,"deletions":5}}},{"hash":"82b1994d3664ce5502b869b00cd337eca56cda46","messageTitle":"commit","messageBody":"","fileTypesAndContributionMap":{"functional-code":{"insertions":1,"deletions":7},"other":{"insertions":4,"deletions":0}}},{"hash":"16c8e3778fff59bad1700a1dc9cbd4ed1a134444","messageTitle":"Update About us","messageBody":"","fileTypesAndContributionMap":{"docs":{"insertions":1,"deletions":1}}},{"hash":"82aff0f4742f8ec9a7a27c8c53b07db729c40bdb","messageTitle":"add huy.md","messageBody":"","fileTypesAndContributionMap":{"docs":{"insertions":7,"deletions":0}}},{"hash":"3b6c747924087dab907d3ec1241e6aa02ef15edd","messageTitle":"Update AboutUs.md","messageBody":"","fileTypesAndContributionMap":{"docs":{"insertions":2,"deletions":1}}},{"hash":"b2024222d0cfaf437ee878f52a9dc2a85e53d799","messageTitle":"Update AboutUs.md","messageBody":"","fileTypesAndContributionMap":{"docs":{"insertions":2,"deletions":1}}}]},{"date":"2022-10-18","commitResults":[{"hash":"8939e6580aa2b8df2541b8006623a01e7f8f3d3a","messageTitle":"add uml diagrams","messageBody":"","fileTypesAndContributionMap":{"functional-code":{"insertions":5,"deletions":11},"other":{"insertions":0,"deletions":2},"docs":{"insertions":92,"deletions":1}}},{"hash":"0ecc44505722cacb4225ffcab883e665a5339b66","messageTitle":"add more developer guide","messageBody":"","fileTypesAndContributionMap":{"functional-code":{"insertions":1,"deletions":3},"docs":{"insertions":13,"deletions":2}}},{"hash":"44e575f7dba100bc47d27df4386b6548cdc3caa1","messageTitle":"new storage implementation","messageBody":"","fileTypesAndContributionMap":{"functional-code":{"insertions":2,"deletions":11}}},{"hash":"df696c145b2786511554a6f87879494475c1b467","messageTitle":"merge with master","messageBody":"","fileTypesAndContributionMap":{"functional-code":{"insertions":20,"deletions":5}}},{"hash":"8f22167c72341bf26146b85e060b0e40292629e9","messageTitle":"first commit using text editor","messageBody":"","fileTypesAndContributionMap":{"functional-code":{"insertions":27,"deletions":11}}},{"hash":"21dc97c959fe5c4e100fa3016db826ee0f5f11fe","messageTitle":"simple Ui to test","messageBody":"","fileTypesAndContributionMap":{"functional-code":{"insertions":138,"deletions":35},"other":{"insertions":1,"deletions":2}}}]},{"date":"2022-10-23","commitResults":[{"hash":"74ab916cd36e7673005a04293faba0193dc9080f","messageTitle":"pre pull","messageBody":"","fileTypesAndContributionMap":{"functional-code":{"insertions":427,"deletions":71},"docs":{"insertions":180,"deletions":7},"test-code":{"insertions":16,"deletions":16}}},{"hash":"f58864dab1b801c04f0539a3e4face439b10c7f9","messageTitle":"add template","messageBody":"","fileTypesAndContributionMap":{"functional-code":{"insertions":220,"deletions":175}}},{"hash":"4086c3224e2af6f20ec095d1ae864fa011577f9b","messageTitle":"Editor","messageBody":"","fileTypesAndContributionMap":{"functional-code":{"insertions":13,"deletions":22}}},{"hash":"881bf65201aac2cdfec029e906e2ca8a1e18b7cc","messageTitle":"Functional","messageBody":"","fileTypesAndContributionMap":{"functional-code":{"insertions":207,"deletions":29},"other":{"insertions":1,"deletions":0}}},{"hash":"b13ce75d3b5610f9c7fa4383ac66e381e1009bb1","messageTitle":"Add mode GUI functional","messageBody":"","fileTypesAndContributionMap":{"functional-code":{"insertions":84,"deletions":88}}},{"hash":"5bd7d19c648a14353190a7946b47e7123035c20a","messageTitle":"redirection text","messageBody":"","fileTypesAndContributionMap":{"functional-code":{"insertions":6,"deletions":9},"test-code":{"insertions":17,"deletions":1}}}]},{"date":"2022-10-27","commitResults":[{"hash":"b6c13d416ed94f4a83568bdb0c13f6e034cf4c83","messageTitle":"help command","messageBody":"","fileTypesAndContributionMap":{"functional-code":{"insertions":51,"deletions":2},"test-code":{"insertions":9,"deletions":29}}},{"hash":"7fd20cc332a12576490b6cccae5124773c894464","messageTitle":"change directory","messageBody":"","fileTypesAndContributionMap":{"docs":{"insertions":0,"deletions":0}}},{"hash":"f0db04cad0b9a44b2f64e715f4693069a699f488","messageTitle":"fix gradle","messageBody":"","fileTypesAndContributionMap":{"other":{"insertions":1,"deletions":3}}},{"hash":"15b1ca6716bac52b7308c476627c49ac916d6a11","messageTitle":"add to DG","messageBody":"","fileTypesAndContributionMap":{"functional-code":{"insertions":6,"deletions":4},"docs":{"insertions":4,"deletions":24}}}]}],"qianz-z":[{"date":"2022-09-29","commitResults":[{"hash":"2f19efdfb8261551c8e0f1dd5512df732f1af325","messageTitle":"Update README.md","messageBody":"","fileTypesAndContributionMap":{"docs":{"insertions":1,"deletions":1}}}]},{"date":"2022-10-05","commitResults":[{"hash":"8cbb400ae793252539e7ec4bb267896710940484","messageTitle":"Create Ui, Storage and Parser Classes","messageBody":"","fileTypesAndContributionMap":{"functional-code":{"insertions":96,"deletions":12}}}]},{"date":"2022-10-06","commitResults":[{"hash":"a1eca6a2cfd49ad7f8186fb079e9e1d1ae194fba","messageTitle":"Resolve checkstyle errors","messageBody":"","fileTypesAndContributionMap":{"functional-code":{"insertions":14,"deletions":15}}}]},{"date":"2022-10-07","commitResults":[{"hash":"6059d3f0de448e3660e23a12f4bbcafa3936ca16","messageTitle":"Addition of bye, add, delete and list commands in parser","messageBody":"","fileTypesAndContributionMap":{"functional-code":{"insertions":41,"deletions":22}}},{"hash":"fff9cdbd846b24bb3b3a934729e98baf72e1fef5","messageTitle":"Minor tweaks to checkstyle","messageBody":"","fileTypesAndContributionMap":{"functional-code":{"insertions":6,"deletions":4}}},{"hash":"ae4eff2b11ff3d29612f9860187bfe25b12ba4db","messageTitle":"Added add, delete and list commands into parser","messageBody":"","fileTypesAndContributionMap":{"functional-code":{"insertions":30,"deletions":20}}},{"hash":"f13b7df26ee021ca1aa03cac71023ff76a745298","messageTitle":"Addition of bye command","messageBody":"","fileTypesAndContributionMap":{"functional-code":{"insertions":22,"deletions":9}}}]},{"date":"2022-10-11","commitResults":[{"hash":"3588e02cfafc21b6014b5e016c7f44ea445a73cc","messageTitle":"Update add command","messageBody":"","fileTypesAndContributionMap":{"functional-code":{"insertions":25,"deletions":21}}},{"hash":"cab2290c2143781abbb86783f7d7916c7c6454b5","messageTitle":"Fix bugs in add and delete commands","messageBody":"","fileTypesAndContributionMap":{"functional-code":{"insertions":14,"deletions":9}}},{"hash":"6d29c6f52d5c60caa7c84a9ee0f29b40592c1b36","messageTitle":"Fix add commands for checkstyle","messageBody":"","fileTypesAndContributionMap":{"functional-code":{"insertions":3,"deletions":3},"test-code":{"insertions":14,"deletions":0}}},{"hash":"1680cd3ed1658893ecb1e601800e256c1775be1a","messageTitle":"Fix bugs in view commands","messageBody":"","fileTypesAndContributionMap":{"functional-code":{"insertions":24,"deletions":8}}},{"hash":"89f4b9fcd238e4b044b6d03da402d9c1bad0eccd","messageTitle":"Updated view command for checkstyle","messageBody":"","fileTypesAndContributionMap":{"functional-code":{"insertions":2,"deletions":1}}},{"hash":"5e49963b10c17673103a27f1b64e361da63278e9","messageTitle":"Updated view command for checkstyleTest","messageBody":"","fileTypesAndContributionMap":{"test-code":{"insertions":9,"deletions":2}}},{"hash":"09e736f3bfa3bfb575d32620a591354a00268715","messageTitle":"Small bug fix","messageBody":"","fileTypesAndContributionMap":{"other":{"insertions":0,"deletions":0}}},{"hash":"270c5ba459956498c6b9715739bbaad5c458c29b","messageTitle":"Small fix","messageBody":"","fileTypesAndContributionMap":{"test-code":{"insertions":2,"deletions":3}}},{"hash":"8c111c560179230b576e92074eeb41aea2355dce","messageTitle":"Loading recipes from and to data file","messageBody":"","fileTypesAndContributionMap":{"functional-code":{"insertions":113,"deletions":9}}},{"hash":"aae93d5abc63344b5bf9403b583af34c07a1c7eb","messageTitle":"Fix bugs in steps","messageBody":"","fileTypesAndContributionMap":{"functional-code":{"insertions":2,"deletions":3}}}]},{"date":"2022-10-12","commitResults":[{"hash":"bc30e176e3af540905568a265475aba29a470e9a","messageTitle":"Update ingredient format in storage","messageBody":"","fileTypesAndContributionMap":{"functional-code":{"insertions":19,"deletions":28}}},{"hash":"86940113fa4ab381efeed6bb0625f56e59053900","messageTitle":"Included steps function in loading and unloading from data","messageBody":"","fileTypesAndContributionMap":{"functional-code":{"insertions":26,"deletions":16}}},{"hash":"b9486a9be2805247db57456c512b40316f521fdf","messageTitle":"Update expected text file","messageBody":"","fileTypesAndContributionMap":{"functional-code":{"insertions":0,"deletions":3}}},{"hash":"55ce72e3d6b1b4a2254dbc3bf86ca9b061729082","messageTitle":"JUnit Test on ParserTest","messageBody":"","fileTypesAndContributionMap":{"test-code":{"insertions":4,"deletions":31}}},{"hash":"d58be01701b1e919961be8528ed8a721ec864a49","messageTitle":"Merge branch \u0027master\u0027 of https://github.com/AY2223S1-CS2113-T18-2/tp into Parser-Commands","messageBody":"# Conflicts:\n#\tsrc/main/java/recipeditor/command/DeleteCommand.java\n#\tsrc/main/java/recipeditor/command/InvalidCommand.java\n#\tsrc/main/java/recipeditor/command/ListCommand.java\n#\tsrc/main/java/recipeditor/command/ViewCommand.java\n#\tsrc/main/java/recipeditor/parser/Parser.java\n","fileTypesAndContributionMap":{"functional-code":{"insertions":5,"deletions":5},"test-code":{"insertions":53,"deletions":5}}},{"hash":"4988aba4e59bcff713c4b78e612caa58e595ee0e","messageTitle":"Fix bugs in ParserTest","messageBody":"","fileTypesAndContributionMap":{"functional-code":{"insertions":8,"deletions":1},"test-code":{"insertions":12,"deletions":4}}},{"hash":"337b8e2d457377f65c30fa58d59d2349fa13ecb2","messageTitle":"Update AboutUs.md","messageBody":"","fileTypesAndContributionMap":{"docs":{"insertions":4,"deletions":5}}}]},{"date":"2022-10-13","commitResults":[{"hash":"c5c954566a9d3304997e179e2e5056be62097b7c","messageTitle":"Update expected.txt","messageBody":"","fileTypesAndContributionMap":{"functional-code":{"insertions":13,"deletions":2}}},{"hash":"d07697689189391b4d111cb768f782a53e449816","messageTitle":"Update createDataFile function","messageBody":"","fileTypesAndContributionMap":{"functional-code":{"insertions":0,"deletions":3}}}]},{"date":"2022-10-18","commitResults":[{"hash":"72fc713a06f0e497e1ce217e61a25e6bb07a42e6","messageTitle":"Added description and content page","messageBody":"","fileTypesAndContributionMap":{"docs":{"insertions":24,"deletions":0}}},{"hash":"d4284bb273289a235da08a7690643dc917b6d2e3","messageTitle":"Added storage component description","messageBody":"","fileTypesAndContributionMap":{"docs":{"insertions":40,"deletions":4}}},{"hash":"ed996d1ff842967cf39d54e3f2d89eb348d98094","messageTitle":"Add Ui description","messageBody":"","fileTypesAndContributionMap":{"functional-code":{"insertions":1,"deletions":17},"docs":{"insertions":49,"deletions":1}}},{"hash":"b33e05aec9d2679eae9eeeffc19f4fd32cc9b264","messageTitle":"Update user story","messageBody":"","fileTypesAndContributionMap":{"docs":{"insertions":9,"deletions":4}}}]},{"date":"2022-10-19","commitResults":[{"hash":"fcce90461b130a3e9c98093d69a47bdcfebad45a","messageTitle":"Add logging to parser and storage","messageBody":"","fileTypesAndContributionMap":{"functional-code":{"insertions":23,"deletions":7}}},{"hash":"0d0b1f85014c1ad6e924b6f795627f982b1ff55b","messageTitle":"Adding assertions to commands","messageBody":"","fileTypesAndContributionMap":{"functional-code":{"insertions":3,"deletions":1}}},{"hash":"d6e6592bbeb7c9cf86e53e47124d0f1a7e112580","messageTitle":"Added find command by recipe title","messageBody":"","fileTypesAndContributionMap":{"functional-code":{"insertions":60,"deletions":24},"docs":{"insertions":4,"deletions":4}}},{"hash":"6c3ce2534ed0ef2ed3732756e769f8f229da702e","messageTitle":"Find command using ingredient name","messageBody":"","fileTypesAndContributionMap":{"functional-code":{"insertions":12,"deletions":5},"other":{"insertions":5,"deletions":5}}},{"hash":"09492f4b76a6680cf0d866c9ef905c64ea2578a6","messageTitle":"Fixed bug in add command that repeats recipe in data file","messageBody":"","fileTypesAndContributionMap":{"functional-code":{"insertions":13,"deletions":2}}},{"hash":"84ed8e0a6616fca77c229c832e94dd585c15eb94","messageTitle":"Added \u0027/\u0027 in front of all command types","messageBody":"","fileTypesAndContributionMap":{"functional-code":{"insertions":12,"deletions":13}}},{"hash":"6b57a5c9169d94bd119345648d306c16264567be","messageTitle":"Added flagType for find command","messageBody":"","fileTypesAndContributionMap":{"functional-code":{"insertions":35,"deletions":12}}},{"hash":"a5de01d3411ac435c0edc16eb24840715330018b","messageTitle":"Update to fix checkstyle error","messageBody":"","fileTypesAndContributionMap":{"functional-code":{"insertions":16,"deletions":10}}},{"hash":"5924248a4da87752a80325545ea87cddb44d88f8","messageTitle":"Updated assertions in test","messageBody":"","fileTypesAndContributionMap":{"test-code":{"insertions":4,"deletions":4}}}]},{"date":"2022-10-20","commitResults":[{"hash":"033cbe3b306ba8b917edeb7f54cbb4a6dd7ecb95","messageTitle":"Updated Storage functions to be more dynamic","messageBody":"","fileTypesAndContributionMap":{"functional-code":{"insertions":21,"deletions":18}}}]}],"snuckerzlol":[{"date":"2022-10-08","commitResults":[{"hash":"0f7a9c77569ccb442c8a5d1a29b17eb3efcdb488","messageTitle":"Recipes","messageBody":"","fileTypesAndContributionMap":{"functional-code":{"insertions":113,"deletions":9},"other":{"insertions":2,"deletions":2}}},{"hash":"f3a586a64044abc49650084b4a1a09389f9c2fef","messageTitle":"Recipes","messageBody":"","fileTypesAndContributionMap":{"functional-code":{"insertions":6,"deletions":10}}},{"hash":"ba440a00801de356194da1f2256fe9c2a1306fbd","messageTitle":"Recipes","messageBody":"","fileTypesAndContributionMap":{"other":{"insertions":2,"deletions":2}}}]},{"date":"2022-10-09","commitResults":[{"hash":"bbc1076453fd27745ae7ce637a68a405e434fbbb","messageTitle":"Recipes","messageBody":"","fileTypesAndContributionMap":{"functional-code":{"insertions":45,"deletions":5}}}]},{"date":"2022-10-11","commitResults":[{"hash":"e673cc9317f74c99171cbaa0c9136b25d7df003f","messageTitle":"Add steps","messageBody":"","fileTypesAndContributionMap":{"functional-code":{"insertions":56,"deletions":18}}},{"hash":"3fdf51d254d29ffdb34dedc201c118ecab7efc85","messageTitle":"Format","messageBody":"","fileTypesAndContributionMap":{"functional-code":{"insertions":8,"deletions":8}}},{"hash":"6995fb1836b865c456085ba02b9d1e44a2e4735a","messageTitle":"Format","messageBody":"","fileTypesAndContributionMap":{"functional-code":{"insertions":4,"deletions":5}}},{"hash":"5876624fe8c03a47b9d9bf8b28a595230e754d37","messageTitle":"Format","messageBody":"","fileTypesAndContributionMap":{"functional-code":{"insertions":1,"deletions":1}}}]},{"date":"2022-10-12","commitResults":[{"hash":"181b10726fbe8d11801ae85efa4dff4cb1da8bf1","messageTitle":"Updates","messageBody":"","fileTypesAndContributionMap":{"functional-code":{"insertions":12,"deletions":0}}},{"hash":"6881a330ae85fe79dd58da1ed4a2673305f04b36","messageTitle":"Updates","messageBody":"","fileTypesAndContributionMap":{"functional-code":{"insertions":2,"deletions":1}}},{"hash":"5708c98c3323ab7f0c917633c34d17724b07e909","messageTitle":"Updates","messageBody":"","fileTypesAndContributionMap":{"functional-code":{"insertions":7,"deletions":7}}}]},{"date":"2022-10-19","commitResults":[{"hash":"d7b34fc708bd5acf5e2a69a4760749a17882e842","messageTitle":"Updates","messageBody":"","fileTypesAndContributionMap":{"functional-code":{"insertions":86,"deletions":5},"docs":{"insertions":17,"deletions":2}}},{"hash":"9eeaa8603090b2ce63e0e3f92762cbac16304ca6","messageTitle":"Updates","messageBody":"","fileTypesAndContributionMap":{"test-code":{"insertions":12,"deletions":12}}},{"hash":"9055ca191b284d3b9b3b8a685c0a91c6173255bc","messageTitle":"Updates","messageBody":"","fileTypesAndContributionMap":{"test-code":{"insertions":12,"deletions":12}}}]},{"date":"2022-10-20","commitResults":[{"hash":"de1af5ea1645dbd1d1ba66fcbba013170df3c588","messageTitle":"Init edit mode","messageBody":"","fileTypesAndContributionMap":{"functional-code":{"insertions":83,"deletions":11}}},{"hash":"1bae9a75b70dfd1762a9b2e41185cc9178973a82","messageTitle":"Checkstyle","messageBody":"","fileTypesAndContributionMap":{"functional-code":{"insertions":12,"deletions":13}}},{"hash":"425f776159a6a9d7cc2a7efeaf5e719c23a4e696","messageTitle":"Added edit modes (delete and swap)","messageBody":"","fileTypesAndContributionMap":{"functional-code":{"insertions":163,"deletions":86}}}]},{"date":"2022-10-25","commitResults":[{"hash":"c98f71f8b5b8a831b40333c9e80ec4af241880c8","messageTitle":"Additional edit options (change and view)","messageBody":"","fileTypesAndContributionMap":{"functional-code":{"insertions":50,"deletions":12}}},{"hash":"793a300f1566dd5d29ac1d50ac81b39036739a98","messageTitle":"Additional edit options (change and view)","messageBody":"","fileTypesAndContributionMap":{"functional-code":{"insertions":30,"deletions":29}}}]},{"date":"2022-10-26","commitResults":[{"hash":"6678e8372a8bde5ebbe4deaebd3701aec72e04af","messageTitle":"User guide updates","messageBody":"","fileTypesAndContributionMap":{"docs":{"insertions":54,"deletions":21}}},{"hash":"8e7a4efd0ba0fdf56644573740867484e10bc27a","messageTitle":"User guide updates","messageBody":"","fileTypesAndContributionMap":{"docs":{"insertions":13,"deletions":1}}}]}],"Brominne":[{"date":"2022-10-06","commitResults":[{"hash":"8a07b15fc742a2d43532b9839ddd9b0005d4a5cd","messageTitle":"Add Command class, DeleteCommand and ListCommand class","messageBody":"","fileTypesAndContributionMap":{"functional-code":{"insertions":57,"deletions":0}}},{"hash":"ebc8b9da775c3967d60c794481d85af4d670f3e5","messageTitle":"Remove deprecated methods in DeleteCommand and ListCommand","messageBody":"","fileTypesAndContributionMap":{"functional-code":{"insertions":1,"deletions":23}}},{"hash":"d2f3f4f7f1226a9d6e37b486f756207e36c363cd","messageTitle":"Resolve checkstyle issue","messageBody":"","fileTypesAndContributionMap":{"functional-code":{"insertions":2,"deletions":2}}},{"hash":"c5f45d223e1ec26cd2b71e26413c38f8c6ecaaf6","messageTitle":"Fix run test","messageBody":"","fileTypesAndContributionMap":{"functional-code":{"insertions":13,"deletions":5}}}]},{"date":"2022-10-08","commitResults":[{"hash":"4b15d2b3af899f075791d7f77d4a12b466fa139e","messageTitle":"Update delete command","messageBody":"","fileTypesAndContributionMap":{"functional-code":{"insertions":6,"deletions":4}}},{"hash":"250677d21fa1a2bb65b4e42881b3ebcca531ceb6","messageTitle":"update List command","messageBody":"","fileTypesAndContributionMap":{"functional-code":{"insertions":14,"deletions":5}}},{"hash":"d6df2115982da08b944c66f68a1a3fa8b892e1eb","messageTitle":"Update comment error","messageBody":"","fileTypesAndContributionMap":{"functional-code":{"insertions":6,"deletions":5}}},{"hash":"e584249f05372d369ab5dd8a83a259e038ae415f","messageTitle":"Catch index out of bound error in delete","messageBody":"","fileTypesAndContributionMap":{"functional-code":{"insertions":16,"deletions":3}}}]},{"date":"2022-10-11","commitResults":[{"hash":"d722c77efabbaa7e7f1192cb5eaede4e43b6201c","messageTitle":"Standardize atrributes in Invalid Command","messageBody":"","fileTypesAndContributionMap":{"functional-code":{"insertions":2,"deletions":2}}},{"hash":"fce0116bb6c1256a5b212d019dd822d42983308b","messageTitle":"Update viewCommand with basic view function","messageBody":"","fileTypesAndContributionMap":{"functional-code":{"insertions":32,"deletions":4},"test-code":{"insertions":1,"deletions":1}}},{"hash":"ad302b93e1069b58a5bb2a5e5a947d1e30109e70","messageTitle":"update ListCommand to list name+description","messageBody":"","fileTypesAndContributionMap":{"functional-code":{"insertions":2,"deletions":1}}},{"hash":"32d5141ffec7202e65a96975b30cf3e98663310e","messageTitle":"fix error message","messageBody":"","fileTypesAndContributionMap":{"functional-code":{"insertions":1,"deletions":1}}},{"hash":"4a28a05640cdf77bea081461000055c65fa45861","messageTitle":"parse view and delete command","messageBody":"","fileTypesAndContributionMap":{"functional-code":{"insertions":39,"deletions":6}}},{"hash":"5619f84cd278b7be818d9e5242a8273f6e78fa8c","messageTitle":"add excess argument exception","messageBody":"","fileTypesAndContributionMap":{"functional-code":{"insertions":4,"deletions":0}}},{"hash":"e0541e03d280f81627353d96c901e521e1063633","messageTitle":"check style fix","messageBody":"","fileTypesAndContributionMap":{"functional-code":{"insertions":40,"deletions":2}}},{"hash":"2d43ffad10eb01c3693e64b304a45c609883edf3","messageTitle":"no message","messageBody":"","fileTypesAndContributionMap":{"test-code":{"insertions":1,"deletions":1}}}]},{"date":"2022-10-13","commitResults":[{"hash":"1e2477bf53793d2fbd3fe93d40e8fe815c360b0f","messageTitle":"storage can save when add/delete, refactor some code in parser","messageBody":"","fileTypesAndContributionMap":{"functional-code":{"insertions":53,"deletions":51}}},{"hash":"d7d082141d3ef1b41d037303d747f1204cac195a","messageTitle":"make parseListAlterCommand static method","messageBody":"","fileTypesAndContributionMap":{"functional-code":{"insertions":1,"deletions":2}}}]},{"date":"2022-10-20","commitResults":[{"hash":"98ef1e04beb23eacd59014c9f260e5da0f23d2c3","messageTitle":"update on Developer Guide","messageBody":"","fileTypesAndContributionMap":{"docs":{"insertions":171,"deletions":0}}},{"hash":"e44475e9db8bc8bc8ea1a1c702a0d25d82e8f2e0","messageTitle":"update DG on architecture and commands","messageBody":"","fileTypesAndContributionMap":{"docs":{"insertions":42,"deletions":55}}}]},{"date":"2022-10-26","commitResults":[{"hash":"1bbdb34aec204dc0ea752d73e3573e784a12fe1d","messageTitle":"Edit mode add and refactor","messageBody":"","fileTypesAndContributionMap":{"functional-code":{"insertions":386,"deletions":115}}},{"hash":"d7cdca4d9fe2c3903cf9eb31cc31a6e7e9c1c614","messageTitle":"fix checkstyle issues","messageBody":"","fileTypesAndContributionMap":{"functional-code":{"insertions":36,"deletions":43}}}]}]},"authorFileTypeContributionMap":{"Than-Duc-Huy":{"docs":104,"functional-code":792,"test-code":160,"other":7},"qianz-z":{"docs":118,"functional-code":283,"test-code":75},"snuckerzlol":{"docs":64,"functional-code":340,"test-code":12},"Brominne":{"docs":156,"functional-code":492,"test-code":1}},"authorContributionVariance":{"Than-Duc-Huy":76750.375,"qianz-z":5255.598,"snuckerzlol":4546.538,"Brominne":9898.637},"authorDisplayNameMap":{"Than-Duc-Huy":"CS2113-T18-2 THAN.. HUY","qianz-z":"CS2113-T18-2 SIM .. HUI","snuckerzlol":"CS2113-T18-2 WILL..YUDI","Brominne":"CS2113-T18-2 BIAN.. RUI"}}
