{"repoSenseVersion":"96d3d3f98b","reportGeneratedTime":"Mon Oct 24 11:06:54 2022 UTC+08:00","reportGenerationTime":" 12.11 second(s)","zoneId":"UTC+08:00","reportTitle":"CS2113 tP Code Dashboard","repos":[{"location":{"location":"https://github.com/AY2223S1-CS2113-F11-4/tp.git","repoName":"tp","organization":"AY2223S1-CS2113-F11-4","domainName":"github"},"branch":"master","displayName":"AY2223S1-CS2113-F11-4/tp[master]","outputFolderName":"AY2223S1-CS2113-F11-4_tp_master"},{"location":{"location":"https://github.com/AY2223S1-CS2113-T17-2/tp.git","repoName":"tp","organization":"AY2223S1-CS2113-T17-2","domainName":"github"},"branch":"master","displayName":"AY2223S1-CS2113-T17-2/tp[master]","outputFolderName":"AY2223S1-CS2113-T17-2_tp_master"},{"location":{"location":"https://github.com/AY2223S1-CS2113-W12-2/tp.git","repoName":"tp","organization":"AY2223S1-CS2113-W12-2","domainName":"github"},"branch":"master","displayName":"AY2223S1-CS2113-W12-2/tp[master]","outputFolderName":"AY2223S1-CS2113-W12-2_tp_master"},{"location":{"location":"https://github.com/AY2223S1-CS2113-T18-2/tp.git","repoName":"tp","organization":"AY2223S1-CS2113-T18-2","domainName":"github"},"branch":"master","displayName":"AY2223S1-CS2113-T18-2/tp[master]","outputFolderName":"AY2223S1-CS2113-T18-2_tp_master"},{"location":{"location":"https://github.com/AY2223S1-CS2113-W12-3/tp.git","repoName":"tp","organization":"AY2223S1-CS2113-W12-3","domainName":"github"},"branch":"master","displayName":"AY2223S1-CS2113-W12-3/tp[master]","outputFolderName":"AY2223S1-CS2113-W12-3_tp_master"},{"location":{"location":"https://github.com/AY2223S1-CS2113-T17-1/tp.git","repoName":"tp","organization":"AY2223S1-CS2113-T17-1","domainName":"github"},"branch":"master","displayName":"AY2223S1-CS2113-T17-1/tp[master]","outputFolderName":"AY2223S1-CS2113-T17-1_tp_master"},{"location":{"location":"https://github.com/AY2223S1-CS2113-T17-3/tp.git","repoName":"tp","organization":"AY2223S1-CS2113-T17-3","domainName":"github"},"branch":"master","displayName":"AY2223S1-CS2113-T17-3/tp[master]","outputFolderName":"AY2223S1-CS2113-T17-3_tp_master"},{"location":{"location":"https://github.com/AY2223S1-CS2113-W13-2/tp.git","repoName":"tp","organization":"AY2223S1-CS2113-W13-2","domainName":"github"},"branch":"master","displayName":"AY2223S1-CS2113-W13-2/tp[master]","outputFolderName":"AY2223S1-CS2113-W13-2_tp_master"},{"location":{"location":"https://github.com/AY2223S1-CS2113-T18-1b/tp.git","repoName":"tp","organization":"AY2223S1-CS2113-T18-1b","domainName":"github"},"branch":"master","displayName":"AY2223S1-CS2113-T18-1b/tp[master]","outputFolderName":"AY2223S1-CS2113-T18-1b_tp_master"},{"location":{"location":"https://github.com/AY2223S1-CS2113-W12-1/tp.git","repoName":"tp","organization":"AY2223S1-CS2113-W12-1","domainName":"github"},"branch":"master","displayName":"AY2223S1-CS2113-W12-1/tp[master]","outputFolderName":"AY2223S1-CS2113-W12-1_tp_master"},{"location":{"location":"https://github.com/AY2223S1-CS2113-T17-4/tp.git","repoName":"tp","organization":"AY2223S1-CS2113-T17-4","domainName":"github"},"branch":"master","displayName":"AY2223S1-CS2113-T17-4/tp[master]","outputFolderName":"AY2223S1-CS2113-T17-4_tp_master"},{"location":{"location":"https://github.com/AY2223S1-CS2113-F11-3/tp.git","repoName":"tp","organization":"AY2223S1-CS2113-F11-3","domainName":"github"},"branch":"master","displayName":"AY2223S1-CS2113-F11-3/tp[master]","outputFolderName":"AY2223S1-CS2113-F11-3_tp_master"},{"location":{"location":"https://github.com/AY2223S1-CS2113-F11-1/tp.git","repoName":"tp","organization":"AY2223S1-CS2113-F11-1","domainName":"github"},"branch":"master","displayName":"AY2223S1-CS2113-F11-1/tp[master]","outputFolderName":"AY2223S1-CS2113-F11-1_tp_master"},{"location":{"location":"https://github.com/AY2223S1-CS2113-F11-2/tp.git","repoName":"tp","organization":"AY2223S1-CS2113-F11-2","domainName":"github"},"branch":"master","displayName":"AY2223S1-CS2113-F11-2/tp[master]","outputFolderName":"AY2223S1-CS2113-F11-2_tp_master"},{"location":{"location":"https://github.com/AY2223S1-CS2113-W13-1/tp.git","repoName":"tp","organization":"AY2223S1-CS2113-W13-1","domainName":"github"},"branch":"master","displayName":"AY2223S1-CS2113-W13-1/tp[master]","outputFolderName":"AY2223S1-CS2113-W13-1_tp_master"},{"location":{"location":"https://github.com/AY2223S1-CS2113T-W11-1/tp.git","repoName":"tp","organization":"AY2223S1-CS2113T-W11-1","domainName":"github"},"branch":"master","displayName":"AY2223S1-CS2113T-W11-1/tp[master]","outputFolderName":"AY2223S1-CS2113T-W11-1_tp_master"},{"location":{"location":"https://github.com/AY2223S1-CS2113T-W11-2/tp.git","repoName":"tp","organization":"AY2223S1-CS2113T-W11-2","domainName":"github"},"branch":"master","displayName":"AY2223S1-CS2113T-W11-2/tp[master]","outputFolderName":"AY2223S1-CS2113T-W11-2_tp_master"}],"errorSet":[],"sinceDate":"2022-09-16","untilDate":"2022-10-24","isSinceDateProvided":true,"isUntilDateProvided":false,"supportedDomainUrlMap":{"NOT_RECOGNIZED":{"BRANCH":"","REPO_URL":"UNSUPPORTED","BASE_URL":"UNSUPPORTED","HISTORY_PATH":"","COMMIT_PATH":"","BLAME_PATH":""},"github":{"BRANCH":"tree/$BRANCH","REPO_URL":"https://github.com/$ORGANIZATION/$REPO_NAME/","BASE_URL":"https://github.com/","HISTORY_PATH":"commits/$BRANCH/$FILE_PATH","COMMIT_PATH":"commit/$COMMIT_HASH","BLAME_PATH":"blame/$BRANCH/$FILE_PATH"}}}
