[{"path":"docs/AboutUs.md","fileType":"docs","lines":[{"lineNumber":1,"author":{"gitId":"-"},"content":"# About us","lastModifiedDate":"2020-05-24"},{"lineNumber":2,"author":{"gitId":"-"},"content":"","lastModifiedDate":"2020-05-24"},{"lineNumber":3,"author":{"gitId":"abhityakrishnaraj"},"content":"","lastModifiedDate":"2022-09-28"},{"lineNumber":4,"author":{"gitId":"AmethystQ"},"content":"","lastModifiedDate":"2022-09-28"},{"lineNumber":5,"author":{"gitId":"-"},"content":"Display |        Name        |                 Github Profile                 | Portfolio ","lastModifiedDate":"2020-05-24"},{"lineNumber":6,"author":{"gitId":"abhityakrishnaraj"},"content":"--------|:------------------:|:----------------------------------------------:|:---------:","lastModifiedDate":"2022-09-28"},{"lineNumber":7,"author":{"gitId":"Markusteim"},"content":"![](https://via.placeholder.com/100.png?text\u003dPhoto) |      Markus Teimann      |         [Github](https://github.com/)          | [Portfolio](docs/team/johndoe.md)","lastModifiedDate":"2022-09-28"},{"lineNumber":8,"author":{"gitId":"abhityakrishnaraj"},"content":"![](https://via.placeholder.com/100.png?text\u003dPhoto) | Abhitya Krishnaraj | [Github](https://github.com/abhityakrishnaraj) | [Portfolio](docs/team/johndoe.md)","lastModifiedDate":"2022-09-28"},{"lineNumber":9,"author":{"gitId":"AmethystQ"},"content":"![](https://via.placeholder.com/100.png?text\u003dPhoto) |      Yifan Bao      |         [Github](https://github.com/)          | [Portfolio](docs/team/johndoe.md)","lastModifiedDate":"2022-09-28"},{"lineNumber":10,"author":{"gitId":"-"},"content":"![](https://via.placeholder.com/100.png?text\u003dPhoto) |      John Roe      |         [Github](https://github.com/)          | [Portfolio](docs/team/johndoe.md)","lastModifiedDate":"2020-05-24"},{"lineNumber":11,"author":{"gitId":"-"},"content":"![](https://via.placeholder.com/100.png?text\u003dPhoto) |      Don Roe       |         [Github](https://github.com/)          | [Portfolio](docs/team/johndoe.md)","lastModifiedDate":"2020-05-24"},{"lineNumber":12,"author":{"gitId":"abhityakrishnaraj"},"content":"","lastModifiedDate":"2022-09-28"}],"authorContributionMap":{"AmethystQ":2,"Markusteim":1,"-":5,"abhityakrishnaraj":4}},{"path":"src/main/java/seedu/duke/Commands.java","fileType":"functional-code","lines":[{"lineNumber":1,"author":{"gitId":"Markusteim"},"content":"package seedu.duke;","lastModifiedDate":"2022-10-08"},{"lineNumber":2,"author":{"gitId":"Markusteim"},"content":"","lastModifiedDate":"2022-10-08"},{"lineNumber":3,"author":{"gitId":"Markusteim"},"content":"enum Commands {","lastModifiedDate":"2022-10-08"},{"lineNumber":4,"author":{"gitId":"Markusteim"},"content":"    LOGIN,","lastModifiedDate":"2022-10-08"},{"lineNumber":5,"author":{"gitId":"Markusteim"},"content":"    REGISTER,","lastModifiedDate":"2022-10-08"},{"lineNumber":6,"author":{"gitId":"Markusteim"},"content":"    BYE","lastModifiedDate":"2022-10-08"},{"lineNumber":7,"author":{"gitId":"Markusteim"},"content":"}","lastModifiedDate":"2022-10-08"}],"authorContributionMap":{"Markusteim":7}},{"path":"src/main/java/seedu/duke/Duke.java","fileType":"functional-code","lines":[{"lineNumber":1,"author":{"gitId":"-"},"content":"package seedu.duke;","lastModifiedDate":"2020-05-24"},{"lineNumber":2,"author":{"gitId":"-"},"content":"","lastModifiedDate":"2020-05-24"},{"lineNumber":3,"author":{"gitId":"Markusteim"},"content":"import java.io.IOException;","lastModifiedDate":"2022-10-08"},{"lineNumber":4,"author":{"gitId":"Markusteim"},"content":"import java.util.ArrayList;","lastModifiedDate":"2022-10-08"},{"lineNumber":5,"author":{"gitId":"Markusteim"},"content":"import java.util.List;","lastModifiedDate":"2022-10-08"},{"lineNumber":6,"author":{"gitId":"-"},"content":"import java.util.Scanner;","lastModifiedDate":"2020-05-24"},{"lineNumber":7,"author":{"gitId":"-"},"content":"","lastModifiedDate":"2020-05-24"},{"lineNumber":8,"author":{"gitId":"AmethystQ"},"content":"import seedu.duke.FinanceException.exceptionCollection;","lastModifiedDate":"2022-10-09"},{"lineNumber":9,"author":{"gitId":"AmethystQ"},"content":"","lastModifiedDate":"2022-10-09"},{"lineNumber":10,"author":{"gitId":"-"},"content":"public class Duke {","lastModifiedDate":"2019-07-29"},{"lineNumber":11,"author":{"gitId":"-"},"content":"    /**","lastModifiedDate":"2020-05-24"},{"lineNumber":12,"author":{"gitId":"-"},"content":"     * Main entry-point for the java.duke.Duke application.","lastModifiedDate":"2020-05-24"},{"lineNumber":13,"author":{"gitId":"-"},"content":"     */","lastModifiedDate":"2020-05-24"},{"lineNumber":14,"author":{"gitId":"Markusteim"},"content":"    public static void main(String[] args) throws IOException {","lastModifiedDate":"2022-10-08"},{"lineNumber":15,"author":{"gitId":"-"},"content":"        Scanner in \u003d new Scanner(System.in);","lastModifiedDate":"2020-05-24"},{"lineNumber":16,"author":{"gitId":"AmethystQ"},"content":"        Ui.showWelcomeMessage();","lastModifiedDate":"2022-10-09"},{"lineNumber":17,"author":{"gitId":"Markusteim"},"content":"","lastModifiedDate":"2022-10-08"},{"lineNumber":18,"author":{"gitId":"Markusteim"},"content":"        List\u003cString\u003e existingUserNames;","lastModifiedDate":"2022-10-08"},{"lineNumber":19,"author":{"gitId":"Markusteim"},"content":"","lastModifiedDate":"2022-10-08"},{"lineNumber":20,"author":{"gitId":"Markusteim"},"content":"        existingUserNames \u003d UserNameFileWorkings.userNameFile();","lastModifiedDate":"2022-10-08"},{"lineNumber":21,"author":{"gitId":"Markusteim"},"content":"","lastModifiedDate":"2022-10-08"},{"lineNumber":22,"author":{"gitId":"AmethystQ"},"content":"        boolean isProgramEnd \u003d false;","lastModifiedDate":"2022-10-09"},{"lineNumber":23,"author":{"gitId":"Markusteim"},"content":"","lastModifiedDate":"2022-10-08"},{"lineNumber":24,"author":{"gitId":"AmethystQ"},"content":"        while (!isProgramEnd) {","lastModifiedDate":"2022-10-09"},{"lineNumber":25,"author":{"gitId":"AmethystQ"},"content":"            try {","lastModifiedDate":"2022-10-09"},{"lineNumber":26,"author":{"gitId":"AmethystQ"},"content":"                Ui.showPromptInfo();","lastModifiedDate":"2022-10-09"},{"lineNumber":27,"author":{"gitId":"AmethystQ"},"content":"                Commands commandType;","lastModifiedDate":"2022-10-09"},{"lineNumber":28,"author":{"gitId":"Markusteim"},"content":"                try {","lastModifiedDate":"2022-10-08"},{"lineNumber":29,"author":{"gitId":"AmethystQ"},"content":"                    commandType \u003d Commands.valueOf(in.nextLine().toUpperCase());","lastModifiedDate":"2022-10-09"},{"lineNumber":30,"author":{"gitId":"AmethystQ"},"content":"                } catch (IllegalArgumentException e) {","lastModifiedDate":"2022-10-09"},{"lineNumber":31,"author":{"gitId":"AmethystQ"},"content":"                    throw new FinanceException(exceptionCollection.COMMAND_TYPE_EXCEPTION);","lastModifiedDate":"2022-10-09"},{"lineNumber":32,"author":{"gitId":"AmethystQ"},"content":"                }","lastModifiedDate":"2022-10-09"},{"lineNumber":33,"author":{"gitId":"Markusteim"},"content":"                switch (commandType) {","lastModifiedDate":"2022-10-08"},{"lineNumber":34,"author":{"gitId":"Markusteim"},"content":"                case REGISTER:","lastModifiedDate":"2022-10-08"},{"lineNumber":35,"author":{"gitId":"AmethystQ"},"content":"                    Ui.showRegisterInfo();","lastModifiedDate":"2022-10-09"},{"lineNumber":36,"author":{"gitId":"Markusteim"},"content":"","lastModifiedDate":"2022-10-08"},{"lineNumber":37,"author":{"gitId":"Markusteim"},"content":"                    String userName \u003d \" \";","lastModifiedDate":"2022-10-08"},{"lineNumber":38,"author":{"gitId":"Markusteim"},"content":"","lastModifiedDate":"2022-10-08"},{"lineNumber":39,"author":{"gitId":"Markusteim"},"content":"                    //checks if the username already exists","lastModifiedDate":"2022-10-08"},{"lineNumber":40,"author":{"gitId":"Markusteim"},"content":"                    do {","lastModifiedDate":"2022-10-08"},{"lineNumber":41,"author":{"gitId":"Markusteim"},"content":"                        System.out.print(\"Username: \");","lastModifiedDate":"2022-10-08"},{"lineNumber":42,"author":{"gitId":"Markusteim"},"content":"                        userName \u003d in.nextLine();","lastModifiedDate":"2022-10-08"},{"lineNumber":43,"author":{"gitId":"Markusteim"},"content":"                        System.out.println(\" \");","lastModifiedDate":"2022-10-08"},{"lineNumber":44,"author":{"gitId":"Markusteim"},"content":"                    } while (existingUserNames.contains(userName));","lastModifiedDate":"2022-10-08"},{"lineNumber":45,"author":{"gitId":"Markusteim"},"content":"","lastModifiedDate":"2022-10-08"},{"lineNumber":46,"author":{"gitId":"Markusteim"},"content":"                    int passWordLength \u003d 0;","lastModifiedDate":"2022-10-08"},{"lineNumber":47,"author":{"gitId":"Markusteim"},"content":"                    String passWord \u003d \"\";","lastModifiedDate":"2022-10-08"},{"lineNumber":48,"author":{"gitId":"Markusteim"},"content":"                    do {","lastModifiedDate":"2022-10-08"},{"lineNumber":49,"author":{"gitId":"Markusteim"},"content":"                        System.out.print(\"Password: \");","lastModifiedDate":"2022-10-08"},{"lineNumber":50,"author":{"gitId":"Markusteim"},"content":"                        passWord \u003d in.nextLine();","lastModifiedDate":"2022-10-08"},{"lineNumber":51,"author":{"gitId":"Markusteim"},"content":"                        System.out.println(\" \");","lastModifiedDate":"2022-10-08"},{"lineNumber":52,"author":{"gitId":"Markusteim"},"content":"                        passWordLength \u003d passWord.length();","lastModifiedDate":"2022-10-08"},{"lineNumber":53,"author":{"gitId":"Markusteim"},"content":"                    } while (passWordLength \u003e 8);","lastModifiedDate":"2022-10-08"},{"lineNumber":54,"author":{"gitId":"Markusteim"},"content":"","lastModifiedDate":"2022-10-08"},{"lineNumber":55,"author":{"gitId":"Markusteim"},"content":"","lastModifiedDate":"2022-10-08"},{"lineNumber":56,"author":{"gitId":"Markusteim"},"content":"                    existingUserNames.add(userName);","lastModifiedDate":"2022-10-08"},{"lineNumber":57,"author":{"gitId":"Markusteim"},"content":"                    UserNameFileWorkings.writeToUserNames(userName);","lastModifiedDate":"2022-10-08"},{"lineNumber":58,"author":{"gitId":"Markusteim"},"content":"","lastModifiedDate":"2022-10-08"},{"lineNumber":59,"author":{"gitId":"Markusteim"},"content":"                    Wallet newWallet \u003d new Wallet(userName, passWord);","lastModifiedDate":"2022-10-08"},{"lineNumber":60,"author":{"gitId":"Markusteim"},"content":"                    WalletFile.createNewWallet(newWallet);","lastModifiedDate":"2022-10-08"},{"lineNumber":61,"author":{"gitId":"AmethystQ"},"content":"                    Ui.showRegisterSuccessInfo();","lastModifiedDate":"2022-10-09"},{"lineNumber":62,"author":{"gitId":"Markusteim"},"content":"                    break;","lastModifiedDate":"2022-10-08"},{"lineNumber":63,"author":{"gitId":"Markusteim"},"content":"                case BYE:","lastModifiedDate":"2022-10-08"},{"lineNumber":64,"author":{"gitId":"AmethystQ"},"content":"                    isProgramEnd \u003d true;","lastModifiedDate":"2022-10-09"},{"lineNumber":65,"author":{"gitId":"Markusteim"},"content":"                    break;","lastModifiedDate":"2022-10-08"},{"lineNumber":66,"author":{"gitId":"Markusteim"},"content":"                case LOGIN:","lastModifiedDate":"2022-10-08"},{"lineNumber":67,"author":{"gitId":"Markusteim"},"content":"                    System.out.println(\"login will be implemented soon\");","lastModifiedDate":"2022-10-08"},{"lineNumber":68,"author":{"gitId":"Markusteim"},"content":"                    break;","lastModifiedDate":"2022-10-08"},{"lineNumber":69,"author":{"gitId":"Markusteim"},"content":"                default:","lastModifiedDate":"2022-10-08"},{"lineNumber":70,"author":{"gitId":"AmethystQ"},"content":"                    throw new FinanceException(exceptionCollection.COMMAND_TYPE_EXCEPTION);","lastModifiedDate":"2022-10-09"},{"lineNumber":71,"author":{"gitId":"Markusteim"},"content":"                }","lastModifiedDate":"2022-10-08"},{"lineNumber":72,"author":{"gitId":"AmethystQ"},"content":"            } catch (FinanceException e) {","lastModifiedDate":"2022-10-09"},{"lineNumber":73,"author":{"gitId":"AmethystQ"},"content":"                e.handleException();","lastModifiedDate":"2022-10-09"},{"lineNumber":74,"author":{"gitId":"Markusteim"},"content":"            }","lastModifiedDate":"2022-10-08"},{"lineNumber":75,"author":{"gitId":"Markusteim"},"content":"        }","lastModifiedDate":"2022-10-08"},{"lineNumber":76,"author":{"gitId":"Markusteim"},"content":"","lastModifiedDate":"2022-10-08"},{"lineNumber":77,"author":{"gitId":"Markusteim"},"content":"","lastModifiedDate":"2022-10-08"},{"lineNumber":78,"author":{"gitId":"-"},"content":"    }","lastModifiedDate":"2019-07-29"},{"lineNumber":79,"author":{"gitId":"-"},"content":"}","lastModifiedDate":"2019-07-29"}],"authorContributionMap":{"AmethystQ":18,"Markusteim":50,"-":11}},{"path":"src/main/java/seedu/duke/FinanceException.java","fileType":"functional-code","lines":[{"lineNumber":1,"author":{"gitId":"AmethystQ"},"content":"package seedu.duke;","lastModifiedDate":"2022-10-09"},{"lineNumber":2,"author":{"gitId":"AmethystQ"},"content":"","lastModifiedDate":"2022-10-09"},{"lineNumber":3,"author":{"gitId":"AmethystQ"},"content":"public class FinanceException extends Throwable {","lastModifiedDate":"2022-10-09"},{"lineNumber":4,"author":{"gitId":"AmethystQ"},"content":"    public enum exceptionCollection {","lastModifiedDate":"2022-10-09"},{"lineNumber":5,"author":{"gitId":"AmethystQ"},"content":"        COMMAND_TYPE_EXCEPTION,","lastModifiedDate":"2022-10-09"},{"lineNumber":6,"author":{"gitId":"AmethystQ"},"content":"        UNKNOWN_EXCEPTION","lastModifiedDate":"2022-10-09"},{"lineNumber":7,"author":{"gitId":"AmethystQ"},"content":"    }","lastModifiedDate":"2022-10-09"},{"lineNumber":8,"author":{"gitId":"AmethystQ"},"content":"    private exceptionCollection exceptionType;","lastModifiedDate":"2022-10-09"},{"lineNumber":9,"author":{"gitId":"AmethystQ"},"content":"    public FinanceException(exceptionCollection exception) {","lastModifiedDate":"2022-10-09"},{"lineNumber":10,"author":{"gitId":"AmethystQ"},"content":"        super();","lastModifiedDate":"2022-10-09"},{"lineNumber":11,"author":{"gitId":"AmethystQ"},"content":"        this.exceptionType \u003d exception;","lastModifiedDate":"2022-10-09"},{"lineNumber":12,"author":{"gitId":"AmethystQ"},"content":"    }","lastModifiedDate":"2022-10-09"},{"lineNumber":13,"author":{"gitId":"AmethystQ"},"content":"","lastModifiedDate":"2022-10-09"},{"lineNumber":14,"author":{"gitId":"AmethystQ"},"content":"    public void handleException() {","lastModifiedDate":"2022-10-09"},{"lineNumber":15,"author":{"gitId":"AmethystQ"},"content":"        String errorMessage;","lastModifiedDate":"2022-10-09"},{"lineNumber":16,"author":{"gitId":"AmethystQ"},"content":"        switch (exceptionType) {","lastModifiedDate":"2022-10-09"},{"lineNumber":17,"author":{"gitId":"AmethystQ"},"content":"        case COMMAND_TYPE_EXCEPTION:","lastModifiedDate":"2022-10-09"},{"lineNumber":18,"author":{"gitId":"AmethystQ"},"content":"            errorMessage \u003d \"Command type not correct.\";","lastModifiedDate":"2022-10-09"},{"lineNumber":19,"author":{"gitId":"AmethystQ"},"content":"            break;","lastModifiedDate":"2022-10-09"},{"lineNumber":20,"author":{"gitId":"AmethystQ"},"content":"        default:","lastModifiedDate":"2022-10-09"},{"lineNumber":21,"author":{"gitId":"AmethystQ"},"content":"            errorMessage \u003d \"Unknown exception happens.\";","lastModifiedDate":"2022-10-09"},{"lineNumber":22,"author":{"gitId":"AmethystQ"},"content":"            break;","lastModifiedDate":"2022-10-09"},{"lineNumber":23,"author":{"gitId":"AmethystQ"},"content":"        }","lastModifiedDate":"2022-10-09"},{"lineNumber":24,"author":{"gitId":"AmethystQ"},"content":"        Ui.showExceptionMessage(errorMessage);","lastModifiedDate":"2022-10-09"},{"lineNumber":25,"author":{"gitId":"AmethystQ"},"content":"    }","lastModifiedDate":"2022-10-09"},{"lineNumber":26,"author":{"gitId":"AmethystQ"},"content":"}","lastModifiedDate":"2022-10-09"}],"authorContributionMap":{"AmethystQ":26}},{"path":"src/main/java/seedu/duke/Ui.java","fileType":"functional-code","lines":[{"lineNumber":1,"author":{"gitId":"AmethystQ"},"content":"package seedu.duke;","lastModifiedDate":"2022-10-09"},{"lineNumber":2,"author":{"gitId":"AmethystQ"},"content":"","lastModifiedDate":"2022-10-09"},{"lineNumber":3,"author":{"gitId":"AmethystQ"},"content":"public class Ui {","lastModifiedDate":"2022-10-09"},{"lineNumber":4,"author":{"gitId":"AmethystQ"},"content":"    final private static String indentation \u003d \"    \";","lastModifiedDate":"2022-10-09"},{"lineNumber":5,"author":{"gitId":"AmethystQ"},"content":"    public static void showWelcomeMessage() {","lastModifiedDate":"2022-10-09"},{"lineNumber":6,"author":{"gitId":"AmethystQ"},"content":"        String logo \u003d \"\\n\" +","lastModifiedDate":"2022-10-09"},{"lineNumber":7,"author":{"gitId":"AmethystQ"},"content":"                \"    _____                                              __  __                                         \\n\"","lastModifiedDate":"2022-10-09"},{"lineNumber":8,"author":{"gitId":"AmethystQ"},"content":"                +","lastModifiedDate":"2022-10-09"},{"lineNumber":9,"author":{"gitId":"AmethystQ"},"content":"                \"   / ____|                                            |  \\\\/  |                                        \\n\"","lastModifiedDate":"2022-10-09"},{"lineNumber":10,"author":{"gitId":"AmethystQ"},"content":"                +","lastModifiedDate":"2022-10-09"},{"lineNumber":11,"author":{"gitId":"AmethystQ"},"content":"                \"  | |     _   _  _ __  _ __  ___  _ __    ___  _   _  | \\\\  / |  __ _  _ __    __ _   __ _   ___  _ __ \\n\"","lastModifiedDate":"2022-10-09"},{"lineNumber":12,"author":{"gitId":"AmethystQ"},"content":"                +","lastModifiedDate":"2022-10-09"},{"lineNumber":13,"author":{"gitId":"AmethystQ"},"content":"                \"  | |    | | | || \u0027__|| \u0027__|/ _ \\\\| \u0027_ \\\\  / __|| | | | | |\\\\/| | / _` || \u0027_ \\\\  / _` | / _` | / _ \\\\| \u0027__|\\n\"","lastModifiedDate":"2022-10-09"},{"lineNumber":14,"author":{"gitId":"AmethystQ"},"content":"                +","lastModifiedDate":"2022-10-09"},{"lineNumber":15,"author":{"gitId":"AmethystQ"},"content":"                \"  | |____| |_| || |   | |  |  __/| | | || (__ | |_| | | |  | || (_| || | | || (_| || (_| ||  __/| |   \\n\"","lastModifiedDate":"2022-10-09"},{"lineNumber":16,"author":{"gitId":"AmethystQ"},"content":"                +","lastModifiedDate":"2022-10-09"},{"lineNumber":17,"author":{"gitId":"AmethystQ"},"content":"                \"   \\\\_____|\\\\__,_||_|   |_|   \\\\___||_| |_| \\\\___| \\\\__, | |_|  |_| \\\\__,_||_| |_| \\\\__,_| \\\\__, | \\\\___||_|   \\n\"","lastModifiedDate":"2022-10-09"},{"lineNumber":18,"author":{"gitId":"AmethystQ"},"content":"                +","lastModifiedDate":"2022-10-09"},{"lineNumber":19,"author":{"gitId":"AmethystQ"},"content":"                \"                                                __/ |                                __/ |            \\n\"","lastModifiedDate":"2022-10-09"},{"lineNumber":20,"author":{"gitId":"AmethystQ"},"content":"                +","lastModifiedDate":"2022-10-09"},{"lineNumber":21,"author":{"gitId":"AmethystQ"},"content":"                \"                                               |___/                                |___/             \\n\";","lastModifiedDate":"2022-10-09"},{"lineNumber":22,"author":{"gitId":"AmethystQ"},"content":"        showStandardOutput(indentation + \"Welcome to \" + logo);","lastModifiedDate":"2022-10-09"},{"lineNumber":23,"author":{"gitId":"AmethystQ"},"content":"    }","lastModifiedDate":"2022-10-09"},{"lineNumber":24,"author":{"gitId":"AmethystQ"},"content":"","lastModifiedDate":"2022-10-09"},{"lineNumber":25,"author":{"gitId":"AmethystQ"},"content":"    public static void showExceptionMessage(String exceptionMessage) {","lastModifiedDate":"2022-10-09"},{"lineNumber":26,"author":{"gitId":"AmethystQ"},"content":"        showStandardOutput(indentation + exceptionMessage);","lastModifiedDate":"2022-10-09"},{"lineNumber":27,"author":{"gitId":"AmethystQ"},"content":"    }","lastModifiedDate":"2022-10-09"},{"lineNumber":28,"author":{"gitId":"AmethystQ"},"content":"","lastModifiedDate":"2022-10-09"},{"lineNumber":29,"author":{"gitId":"AmethystQ"},"content":"    // Maybe be improved","lastModifiedDate":"2022-10-09"},{"lineNumber":30,"author":{"gitId":"AmethystQ"},"content":"    public static void showPromptInfo(){","lastModifiedDate":"2022-10-09"},{"lineNumber":31,"author":{"gitId":"AmethystQ"},"content":"        String promptInfo \u003d \"Would you like to register or login?\";","lastModifiedDate":"2022-10-09"},{"lineNumber":32,"author":{"gitId":"AmethystQ"},"content":"        System.out.println(indentation + promptInfo);","lastModifiedDate":"2022-10-09"},{"lineNumber":33,"author":{"gitId":"AmethystQ"},"content":"        System.out.println();","lastModifiedDate":"2022-10-09"},{"lineNumber":34,"author":{"gitId":"AmethystQ"},"content":"    }","lastModifiedDate":"2022-10-09"},{"lineNumber":35,"author":{"gitId":"AmethystQ"},"content":"","lastModifiedDate":"2022-10-09"},{"lineNumber":36,"author":{"gitId":"AmethystQ"},"content":"    public static void showRegisterInfo(){","lastModifiedDate":"2022-10-09"},{"lineNumber":37,"author":{"gitId":"AmethystQ"},"content":"        final String MESSAGE \u003d \"Nice, we will be creating you a new wallet right away, but first of all, \\n\"","lastModifiedDate":"2022-10-09"},{"lineNumber":38,"author":{"gitId":"AmethystQ"},"content":"        + indentation +","lastModifiedDate":"2022-10-09"},{"lineNumber":39,"author":{"gitId":"AmethystQ"},"content":"        \"please first add your username and then a password for your wallet.\";","lastModifiedDate":"2022-10-09"},{"lineNumber":40,"author":{"gitId":"AmethystQ"},"content":"        showStandardOutput(indentation + MESSAGE);","lastModifiedDate":"2022-10-09"},{"lineNumber":41,"author":{"gitId":"AmethystQ"},"content":"    }","lastModifiedDate":"2022-10-09"},{"lineNumber":42,"author":{"gitId":"AmethystQ"},"content":"","lastModifiedDate":"2022-10-09"},{"lineNumber":43,"author":{"gitId":"AmethystQ"},"content":"    public static void showRegisterSuccessInfo(){","lastModifiedDate":"2022-10-09"},{"lineNumber":44,"author":{"gitId":"AmethystQ"},"content":"        final String MESSAGE \u003d \"Nice, a new wallet has been created for you, \\n\"","lastModifiedDate":"2022-10-09"},{"lineNumber":45,"author":{"gitId":"AmethystQ"},"content":"        + indentation + \"You can now login to it\";","lastModifiedDate":"2022-10-09"},{"lineNumber":46,"author":{"gitId":"AmethystQ"},"content":"        showStandardOutput(indentation + MESSAGE);","lastModifiedDate":"2022-10-09"},{"lineNumber":47,"author":{"gitId":"AmethystQ"},"content":"    }","lastModifiedDate":"2022-10-09"},{"lineNumber":48,"author":{"gitId":"AmethystQ"},"content":"","lastModifiedDate":"2022-10-09"},{"lineNumber":49,"author":{"gitId":"AmethystQ"},"content":"    public static void showStandardOutput(String output) {","lastModifiedDate":"2022-10-09"},{"lineNumber":50,"author":{"gitId":"AmethystQ"},"content":"        printSplitLine();","lastModifiedDate":"2022-10-09"},{"lineNumber":51,"author":{"gitId":"AmethystQ"},"content":"        System.out.println();","lastModifiedDate":"2022-10-09"},{"lineNumber":52,"author":{"gitId":"AmethystQ"},"content":"        System.out.println(output);","lastModifiedDate":"2022-10-09"},{"lineNumber":53,"author":{"gitId":"AmethystQ"},"content":"        printSplitLine();","lastModifiedDate":"2022-10-09"},{"lineNumber":54,"author":{"gitId":"AmethystQ"},"content":"        System.out.println();","lastModifiedDate":"2022-10-09"},{"lineNumber":55,"author":{"gitId":"AmethystQ"},"content":"    }","lastModifiedDate":"2022-10-09"},{"lineNumber":56,"author":{"gitId":"AmethystQ"},"content":"    ","lastModifiedDate":"2022-10-09"},{"lineNumber":57,"author":{"gitId":"AmethystQ"},"content":"    private static void printSplitLine() {","lastModifiedDate":"2022-10-09"},{"lineNumber":58,"author":{"gitId":"AmethystQ"},"content":"        System.out.println(indentation + \"____________________________________________________________\");","lastModifiedDate":"2022-10-09"},{"lineNumber":59,"author":{"gitId":"AmethystQ"},"content":"    }","lastModifiedDate":"2022-10-09"},{"lineNumber":60,"author":{"gitId":"AmethystQ"},"content":"}","lastModifiedDate":"2022-10-09"}],"authorContributionMap":{"AmethystQ":60}},{"path":"src/main/java/seedu/duke/UserNameFileWorkings.java","fileType":"functional-code","lines":[{"lineNumber":1,"author":{"gitId":"Markusteim"},"content":"package seedu.duke;","lastModifiedDate":"2022-10-08"},{"lineNumber":2,"author":{"gitId":"Markusteim"},"content":"","lastModifiedDate":"2022-10-08"},{"lineNumber":3,"author":{"gitId":"Markusteim"},"content":"import java.io.File;","lastModifiedDate":"2022-10-08"},{"lineNumber":4,"author":{"gitId":"Markusteim"},"content":"import java.io.FileNotFoundException;","lastModifiedDate":"2022-10-08"},{"lineNumber":5,"author":{"gitId":"Markusteim"},"content":"import java.io.FileWriter;","lastModifiedDate":"2022-10-08"},{"lineNumber":6,"author":{"gitId":"Markusteim"},"content":"import java.io.IOException;","lastModifiedDate":"2022-10-08"},{"lineNumber":7,"author":{"gitId":"Markusteim"},"content":"import java.nio.file.Files;","lastModifiedDate":"2022-10-08"},{"lineNumber":8,"author":{"gitId":"Markusteim"},"content":"import java.nio.file.Path;","lastModifiedDate":"2022-10-08"},{"lineNumber":9,"author":{"gitId":"Markusteim"},"content":"import java.nio.file.Paths;","lastModifiedDate":"2022-10-08"},{"lineNumber":10,"author":{"gitId":"Markusteim"},"content":"import java.util.ArrayList;","lastModifiedDate":"2022-10-08"},{"lineNumber":11,"author":{"gitId":"Markusteim"},"content":"import java.util.List;","lastModifiedDate":"2022-10-08"},{"lineNumber":12,"author":{"gitId":"Markusteim"},"content":"import java.util.Scanner;","lastModifiedDate":"2022-10-08"},{"lineNumber":13,"author":{"gitId":"Markusteim"},"content":"","lastModifiedDate":"2022-10-08"},{"lineNumber":14,"author":{"gitId":"Markusteim"},"content":"/**","lastModifiedDate":"2022-10-08"},{"lineNumber":15,"author":{"gitId":"Markusteim"},"content":" * With this class, we can quickly get all the existing usernames","lastModifiedDate":"2022-10-08"},{"lineNumber":16,"author":{"gitId":"Markusteim"},"content":" * to check whether user can create a wallet with such a new username.","lastModifiedDate":"2022-10-08"},{"lineNumber":17,"author":{"gitId":"Markusteim"},"content":" */","lastModifiedDate":"2022-10-08"},{"lineNumber":18,"author":{"gitId":"Markusteim"},"content":"public class UserNameFileWorkings {","lastModifiedDate":"2022-10-08"},{"lineNumber":19,"author":{"gitId":"Markusteim"},"content":"","lastModifiedDate":"2022-10-08"},{"lineNumber":20,"author":{"gitId":"Markusteim"},"content":"    public static List\u003cString\u003e userNameFile() throws IOException {","lastModifiedDate":"2022-10-08"},{"lineNumber":21,"author":{"gitId":"Markusteim"},"content":"","lastModifiedDate":"2022-10-08"},{"lineNumber":22,"author":{"gitId":"Markusteim"},"content":"        List\u003cString\u003e existingUserNames \u003d new ArrayList\u003c\u003e();","lastModifiedDate":"2022-10-08"},{"lineNumber":23,"author":{"gitId":"Markusteim"},"content":"        Path path \u003d Paths.get(\"src\",\"main\",\"data\");","lastModifiedDate":"2022-10-08"},{"lineNumber":24,"author":{"gitId":"Markusteim"},"content":"","lastModifiedDate":"2022-10-08"},{"lineNumber":25,"author":{"gitId":"Markusteim"},"content":"","lastModifiedDate":"2022-10-08"},{"lineNumber":26,"author":{"gitId":"Markusteim"},"content":"        try {","lastModifiedDate":"2022-10-08"},{"lineNumber":27,"author":{"gitId":"Markusteim"},"content":"            Files.createDirectories(path);","lastModifiedDate":"2022-10-08"},{"lineNumber":28,"author":{"gitId":"Markusteim"},"content":"        } catch (Exception e) {","lastModifiedDate":"2022-10-08"},{"lineNumber":29,"author":{"gitId":"Markusteim"},"content":"            System.out.println(e);","lastModifiedDate":"2022-10-08"},{"lineNumber":30,"author":{"gitId":"Markusteim"},"content":"        }","lastModifiedDate":"2022-10-08"},{"lineNumber":31,"author":{"gitId":"Markusteim"},"content":"","lastModifiedDate":"2022-10-08"},{"lineNumber":32,"author":{"gitId":"Markusteim"},"content":"        try {","lastModifiedDate":"2022-10-08"},{"lineNumber":33,"author":{"gitId":"Markusteim"},"content":"            existingUserNames \u003d getUserNames(path);","lastModifiedDate":"2022-10-08"},{"lineNumber":34,"author":{"gitId":"Markusteim"},"content":"            System.out.println(\"I found some usernames saved\");","lastModifiedDate":"2022-10-08"},{"lineNumber":35,"author":{"gitId":"Markusteim"},"content":"","lastModifiedDate":"2022-10-08"},{"lineNumber":36,"author":{"gitId":"Markusteim"},"content":"        } catch (FileNotFoundException e) {","lastModifiedDate":"2022-10-08"},{"lineNumber":37,"author":{"gitId":"Markusteim"},"content":"            System.out.println(\"File not found, creating one\");","lastModifiedDate":"2022-10-08"},{"lineNumber":38,"author":{"gitId":"Markusteim"},"content":"            createUserNames(path);","lastModifiedDate":"2022-10-08"},{"lineNumber":39,"author":{"gitId":"Markusteim"},"content":"            existingUserNames \u003d new ArrayList\u003c\u003e();","lastModifiedDate":"2022-10-08"},{"lineNumber":40,"author":{"gitId":"Markusteim"},"content":"        }","lastModifiedDate":"2022-10-08"},{"lineNumber":41,"author":{"gitId":"Markusteim"},"content":"","lastModifiedDate":"2022-10-08"},{"lineNumber":42,"author":{"gitId":"Markusteim"},"content":"        return existingUserNames;","lastModifiedDate":"2022-10-08"},{"lineNumber":43,"author":{"gitId":"Markusteim"},"content":"    }","lastModifiedDate":"2022-10-08"},{"lineNumber":44,"author":{"gitId":"Markusteim"},"content":"","lastModifiedDate":"2022-10-08"},{"lineNumber":45,"author":{"gitId":"Markusteim"},"content":"    public static List\u003cString\u003e getUserNames(Path path) throws FileNotFoundException {","lastModifiedDate":"2022-10-08"},{"lineNumber":46,"author":{"gitId":"Markusteim"},"content":"        List\u003cString\u003e existingUserNames \u003d new ArrayList\u003c\u003e();","lastModifiedDate":"2022-10-08"},{"lineNumber":47,"author":{"gitId":"Markusteim"},"content":"        File f \u003d new File(path + \"/usernames.txt\"); // create a File for the given file path","lastModifiedDate":"2022-10-08"},{"lineNumber":48,"author":{"gitId":"Markusteim"},"content":"        Scanner s \u003d new Scanner(f); // create a Scanner using the File as the source","lastModifiedDate":"2022-10-08"},{"lineNumber":49,"author":{"gitId":"Markusteim"},"content":"","lastModifiedDate":"2022-10-08"},{"lineNumber":50,"author":{"gitId":"Markusteim"},"content":"        while (s.hasNext()) {","lastModifiedDate":"2022-10-08"},{"lineNumber":51,"author":{"gitId":"Markusteim"},"content":"            String line \u003d s.nextLine();","lastModifiedDate":"2022-10-08"},{"lineNumber":52,"author":{"gitId":"Markusteim"},"content":"            existingUserNames.add(line);","lastModifiedDate":"2022-10-08"},{"lineNumber":53,"author":{"gitId":"Markusteim"},"content":"        }","lastModifiedDate":"2022-10-08"},{"lineNumber":54,"author":{"gitId":"Markusteim"},"content":"","lastModifiedDate":"2022-10-08"},{"lineNumber":55,"author":{"gitId":"Markusteim"},"content":"        return existingUserNames;","lastModifiedDate":"2022-10-08"},{"lineNumber":56,"author":{"gitId":"Markusteim"},"content":"    }","lastModifiedDate":"2022-10-08"},{"lineNumber":57,"author":{"gitId":"Markusteim"},"content":"","lastModifiedDate":"2022-10-08"},{"lineNumber":58,"author":{"gitId":"Markusteim"},"content":"    protected static void createUserNames(Path filePath) throws IOException {","lastModifiedDate":"2022-10-08"},{"lineNumber":59,"author":{"gitId":"Markusteim"},"content":"        File f \u003d new File(filePath + \"/usernames.txt\");","lastModifiedDate":"2022-10-08"},{"lineNumber":60,"author":{"gitId":"Markusteim"},"content":"        FileWriter fw \u003d new FileWriter(f);","lastModifiedDate":"2022-10-08"},{"lineNumber":61,"author":{"gitId":"Markusteim"},"content":"        fw.close();","lastModifiedDate":"2022-10-08"},{"lineNumber":62,"author":{"gitId":"Markusteim"},"content":"    }","lastModifiedDate":"2022-10-08"},{"lineNumber":63,"author":{"gitId":"Markusteim"},"content":"","lastModifiedDate":"2022-10-08"},{"lineNumber":64,"author":{"gitId":"Markusteim"},"content":"    public static void writeToUserNames(String userName) throws IOException {","lastModifiedDate":"2022-10-08"},{"lineNumber":65,"author":{"gitId":"Markusteim"},"content":"        Path filePath \u003d Paths.get(\"src\",\"main\",\"data\");","lastModifiedDate":"2022-10-08"},{"lineNumber":66,"author":{"gitId":"Markusteim"},"content":"        File f \u003d new File(filePath + \"/usernames.txt\");","lastModifiedDate":"2022-10-08"},{"lineNumber":67,"author":{"gitId":"Markusteim"},"content":"        FileWriter fw \u003d new FileWriter(f, true); // create a FileWriter in append mode","lastModifiedDate":"2022-10-08"},{"lineNumber":68,"author":{"gitId":"Markusteim"},"content":"        fw.write(userName);","lastModifiedDate":"2022-10-08"},{"lineNumber":69,"author":{"gitId":"Markusteim"},"content":"        fw.write(System.lineSeparator());","lastModifiedDate":"2022-10-08"},{"lineNumber":70,"author":{"gitId":"Markusteim"},"content":"        fw.close();","lastModifiedDate":"2022-10-08"},{"lineNumber":71,"author":{"gitId":"Markusteim"},"content":"    }","lastModifiedDate":"2022-10-08"},{"lineNumber":72,"author":{"gitId":"Markusteim"},"content":"}","lastModifiedDate":"2022-10-08"}],"authorContributionMap":{"Markusteim":72}},{"path":"src/main/java/seedu/duke/Wallet.java","fileType":"functional-code","lines":[{"lineNumber":1,"author":{"gitId":"Markusteim"},"content":"package seedu.duke;","lastModifiedDate":"2022-10-08"},{"lineNumber":2,"author":{"gitId":"Markusteim"},"content":"","lastModifiedDate":"2022-10-08"},{"lineNumber":3,"author":{"gitId":"Markusteim"},"content":"public class Wallet {","lastModifiedDate":"2022-10-08"},{"lineNumber":4,"author":{"gitId":"Markusteim"},"content":"","lastModifiedDate":"2022-10-08"},{"lineNumber":5,"author":{"gitId":"Markusteim"},"content":"    protected String userName;","lastModifiedDate":"2022-10-08"},{"lineNumber":6,"author":{"gitId":"Markusteim"},"content":"    protected String passWord;","lastModifiedDate":"2022-10-08"},{"lineNumber":7,"author":{"gitId":"Markusteim"},"content":"    protected Integer balance; //Integer should be fine now of up to 2,147,483,647, long seems to much","lastModifiedDate":"2022-10-08"},{"lineNumber":8,"author":{"gitId":"Markusteim"},"content":"","lastModifiedDate":"2022-10-08"},{"lineNumber":9,"author":{"gitId":"Markusteim"},"content":"    public Wallet(String userName, String passWord) {","lastModifiedDate":"2022-10-08"},{"lineNumber":10,"author":{"gitId":"Markusteim"},"content":"        this.userName \u003d userName;","lastModifiedDate":"2022-10-08"},{"lineNumber":11,"author":{"gitId":"Markusteim"},"content":"        this.passWord \u003d passWord;","lastModifiedDate":"2022-10-08"},{"lineNumber":12,"author":{"gitId":"Markusteim"},"content":"        balance \u003d 0;","lastModifiedDate":"2022-10-08"},{"lineNumber":13,"author":{"gitId":"Markusteim"},"content":"    }","lastModifiedDate":"2022-10-08"},{"lineNumber":14,"author":{"gitId":"Markusteim"},"content":"}","lastModifiedDate":"2022-10-08"}],"authorContributionMap":{"Markusteim":14}},{"path":"src/main/java/seedu/duke/WalletFile.java","fileType":"functional-code","lines":[{"lineNumber":1,"author":{"gitId":"Markusteim"},"content":"package seedu.duke;","lastModifiedDate":"2022-10-08"},{"lineNumber":2,"author":{"gitId":"Markusteim"},"content":"","lastModifiedDate":"2022-10-08"},{"lineNumber":3,"author":{"gitId":"Markusteim"},"content":"import java.io.File;","lastModifiedDate":"2022-10-08"},{"lineNumber":4,"author":{"gitId":"Markusteim"},"content":"import java.io.FileWriter;","lastModifiedDate":"2022-10-08"},{"lineNumber":5,"author":{"gitId":"Markusteim"},"content":"import java.io.IOException;","lastModifiedDate":"2022-10-08"},{"lineNumber":6,"author":{"gitId":"Markusteim"},"content":"import java.nio.file.Path;","lastModifiedDate":"2022-10-08"},{"lineNumber":7,"author":{"gitId":"Markusteim"},"content":"import java.nio.file.Paths;","lastModifiedDate":"2022-10-08"},{"lineNumber":8,"author":{"gitId":"Markusteim"},"content":"","lastModifiedDate":"2022-10-08"},{"lineNumber":9,"author":{"gitId":"Markusteim"},"content":"public class WalletFile {","lastModifiedDate":"2022-10-08"},{"lineNumber":10,"author":{"gitId":"Markusteim"},"content":"","lastModifiedDate":"2022-10-08"},{"lineNumber":11,"author":{"gitId":"Markusteim"},"content":"    public static void createNewWallet(Wallet newWallet) throws IOException {","lastModifiedDate":"2022-10-08"},{"lineNumber":12,"author":{"gitId":"Markusteim"},"content":"        Path filePath \u003d Paths.get(\"src\",\"main\",\"data\");","lastModifiedDate":"2022-10-08"},{"lineNumber":13,"author":{"gitId":"Markusteim"},"content":"        File f \u003d new File(filePath + \"/\" + newWallet.userName + \".txt\");","lastModifiedDate":"2022-10-08"},{"lineNumber":14,"author":{"gitId":"Markusteim"},"content":"        FileWriter fw \u003d new FileWriter(f, true); // create a FileWriter in append mode","lastModifiedDate":"2022-10-08"},{"lineNumber":15,"author":{"gitId":"Markusteim"},"content":"        fw.write(\"password:\" + newWallet.passWord);","lastModifiedDate":"2022-10-08"},{"lineNumber":16,"author":{"gitId":"Markusteim"},"content":"        fw.write(System.lineSeparator());","lastModifiedDate":"2022-10-08"},{"lineNumber":17,"author":{"gitId":"Markusteim"},"content":"        fw.write(\"balance:\" + newWallet.balance);","lastModifiedDate":"2022-10-08"},{"lineNumber":18,"author":{"gitId":"Markusteim"},"content":"        fw.write(System.lineSeparator());","lastModifiedDate":"2022-10-08"},{"lineNumber":19,"author":{"gitId":"Markusteim"},"content":"        fw.close();","lastModifiedDate":"2022-10-08"},{"lineNumber":20,"author":{"gitId":"Markusteim"},"content":"    }","lastModifiedDate":"2022-10-08"},{"lineNumber":21,"author":{"gitId":"Markusteim"},"content":"}","lastModifiedDate":"2022-10-08"}],"authorContributionMap":{"Markusteim":21}}]
