{"authorDailyContributionsMap":{"AmethystQ":[{"date":"2022-09-28","commitResults":[{"hash":"d5591c2db5e71be626f7b58a2a56fa4f0ec1f324","messageTitle":"AboutUs.md changed","messageBody":"","fileTypesAndContributionMap":{"docs":{"insertions":1,"deletions":1}}}]},{"date":"2022-10-09","commitResults":[{"hash":"5990dda29d6ab9da88fa4567f4851474d2a207c2","messageTitle":"preliminary Ui class and Exception class","messageBody":"","fileTypesAndContributionMap":{"functional-code":{"insertions":104,"deletions":20}}}]},{"date":"2022-10-14","commitResults":[{"hash":"d370b3f7230a2f223c00014f12a5db72ba5ef821","messageTitle":"new Ui work, codes separated, some bugs fixed","messageBody":"","fileTypesAndContributionMap":{"functional-code":{"insertions":255,"deletions":131}}}]},{"date":"2022-10-20","commitResults":[{"hash":"ba60d67816d4be79b3d66238c2c23154890aea5d","messageTitle":"wallet deletion added","messageBody":"","fileTypesAndContributionMap":{"functional-code":{"insertions":160,"deletions":64},"test-code":{"insertions":2,"deletions":2}}}]}],"Markusteim":[{"date":"2022-09-28","commitResults":[{"hash":"f46198a534d1d3f5a1e888bb0d9af14be376e24e","messageTitle":"First push","messageBody":"","fileTypesAndContributionMap":{"docs":{"insertions":7,"deletions":7}}}]},{"date":"2022-10-08","commitResults":[{"hash":"6ae4daf282fa2c82f766734b9f9028a7233900e4","messageTitle":"We can create a new wallet, add its username and password and the directories are now setup","messageBody":"","fileTypesAndContributionMap":{"functional-code":{"insertions":182,"deletions":10}}},{"hash":"b67fe4ef1d0ddaa207107ff64fc513d1c80393ba","messageTitle":"Fixed gradle check tests","messageBody":"","fileTypesAndContributionMap":{"functional-code":{"insertions":44,"deletions":42}}}]},{"date":"2022-10-12","commitResults":[{"hash":"fe6f772fc6caeebddeafd714ed88972611f5070e","messageTitle":"Can now test our Wallet methods","messageBody":"","fileTypesAndContributionMap":{"test-code":{"insertions":51,"deletions":2}}},{"hash":"0690af36e39fa770c0368b7d7c941d4352ac7cf5","messageTitle":"Fixed main errors for checkStyleMain","messageBody":"","fileTypesAndContributionMap":{"functional-code":{"insertions":103,"deletions":95}}},{"hash":"ff9223706bc864c31d3750a97a08558c9a938305","messageTitle":"Added tests for JUnit","messageBody":"","fileTypesAndContributionMap":{"test-code":{"insertions":0,"deletions":8}}}]},{"date":"2022-10-18","commitResults":[{"hash":"0a478d073f20567fe3f256db87d6600f905cecb9","messageTitle":"can view all the possible currenies one can work with and can view all of the currencies","messageBody":"","fileTypesAndContributionMap":{"functional-code":{"insertions":61,"deletions":1}}}]},{"date":"2022-10-19","commitResults":[{"hash":"5cb22211103ac165d31ed900fe45707a1859a2f7","messageTitle":"Passwords that are written into the wallet file are now encoded","messageBody":"","fileTypesAndContributionMap":{"functional-code":{"insertions":7,"deletions":3}}},{"hash":"fc94083a78f31797bd4dcd00690015d27e45349d","messageTitle":"Added additional junit tests to cover more code","messageBody":"","fileTypesAndContributionMap":{"functional-code":{"insertions":2,"deletions":2},"test-code":{"insertions":80,"deletions":0}}}]}],"abhityakrishnaraj":[{"date":"2022-09-28","commitResults":[{"hash":"0303518e54ae7eb575a46756f80148ec153f73cc","messageTitle":"My changes","messageBody":"","fileTypesAndContributionMap":{"docs":{"insertions":7,"deletions":7}}}]},{"date":"2022-10-11","commitResults":[{"hash":"a277966876185dd858dbd78e8580f58da5eb056f","messageTitle":"Login Task","messageBody":"","fileTypesAndContributionMap":{"functional-code":{"insertions":137,"deletions":34}}},{"hash":"164d58ea6c451736513339197bb94a6979c9c9a2","messageTitle":"Fixing Login","messageBody":"","fileTypesAndContributionMap":{"functional-code":{"insertions":2,"deletions":2}}}]},{"date":"2022-10-19","commitResults":[{"hash":"3ddfa47ef651a11962b0f317023fea5a6403bbad","messageTitle":"Finished Currency Exchange","messageBody":"","fileTypesAndContributionMap":{"functional-code":{"insertions":133,"deletions":27}}}]}]},"authorFileTypeContributionMap":{"AmethystQ":{"docs":2,"functional-code":456,"test-code":2},"Markusteim":{"docs":1,"functional-code":221,"test-code":121},"abhityakrishnaraj":{"docs":4,"functional-code":175,"test-code":0}},"authorContributionVariance":{"AmethystQ":5734.6934,"Markusteim":4084.5608,"abhityakrishnaraj":1512.5991},"authorDisplayNameMap":{"AmethystQ":"CS2113-W13-1 BAO ..IFAN","Markusteim":"CS2113-W13-1 TEIM..RKUS","abhityakrishnaraj":"CS2113-W13-1 KRIS.. RAJ"}}
