[{"path":"build.gradle","fileType":"other","lines":[{"lineNumber":1,"author":{"gitId":"-"},"content":"plugins {","lastModifiedDate":"2020-05-25"},{"lineNumber":2,"author":{"gitId":"-"},"content":"    id \u0027java\u0027","lastModifiedDate":"2020-05-25"},{"lineNumber":3,"author":{"gitId":"-"},"content":"    id \u0027application\u0027","lastModifiedDate":"2020-05-25"},{"lineNumber":4,"author":{"gitId":"-"},"content":"    id \u0027checkstyle\u0027","lastModifiedDate":"2020-05-25"},{"lineNumber":5,"author":{"gitId":"-"},"content":"    id \u0027com.github.johnrengelman.shadow\u0027 version \u00275.1.0\u0027","lastModifiedDate":"2020-05-25"},{"lineNumber":6,"author":{"gitId":"-"},"content":"}","lastModifiedDate":"2020-05-25"},{"lineNumber":7,"author":{"gitId":"-"},"content":"","lastModifiedDate":"2020-05-25"},{"lineNumber":8,"author":{"gitId":"-"},"content":"repositories {","lastModifiedDate":"2020-05-25"},{"lineNumber":9,"author":{"gitId":"-"},"content":"    mavenCentral()","lastModifiedDate":"2020-05-25"},{"lineNumber":10,"author":{"gitId":"-"},"content":"}","lastModifiedDate":"2020-05-25"},{"lineNumber":11,"author":{"gitId":"-"},"content":"","lastModifiedDate":"2020-05-25"},{"lineNumber":12,"author":{"gitId":"-"},"content":"dependencies {","lastModifiedDate":"2020-05-25"},{"lineNumber":13,"author":{"gitId":"-"},"content":"    testImplementation group: \u0027org.junit.jupiter\u0027, name: \u0027junit-jupiter-api\u0027, version: \u00275.5.0\u0027","lastModifiedDate":"2020-05-25"},{"lineNumber":14,"author":{"gitId":"-"},"content":"    testRuntimeOnly group: \u0027org.junit.jupiter\u0027, name: \u0027junit-jupiter-engine\u0027, version: \u00275.5.0\u0027","lastModifiedDate":"2020-05-25"},{"lineNumber":15,"author":{"gitId":"jjtoh"},"content":"    implementation group: \u0027com.fasterxml.jackson.core\u0027, name: \u0027jackson-databind\u0027, version: \u00272.14.0-rc1\u0027","lastModifiedDate":"2022-10-09"},{"lineNumber":16,"author":{"gitId":"-"},"content":"}","lastModifiedDate":"2020-05-25"},{"lineNumber":17,"author":{"gitId":"-"},"content":"","lastModifiedDate":"2020-05-25"},{"lineNumber":18,"author":{"gitId":"-"},"content":"test {","lastModifiedDate":"2020-05-25"},{"lineNumber":19,"author":{"gitId":"-"},"content":"    useJUnitPlatform()","lastModifiedDate":"2020-05-25"},{"lineNumber":20,"author":{"gitId":"-"},"content":"","lastModifiedDate":"2020-05-25"},{"lineNumber":21,"author":{"gitId":"-"},"content":"    testLogging {","lastModifiedDate":"2020-05-25"},{"lineNumber":22,"author":{"gitId":"-"},"content":"        events \"passed\", \"skipped\", \"failed\"","lastModifiedDate":"2020-05-25"},{"lineNumber":23,"author":{"gitId":"-"},"content":"","lastModifiedDate":"2020-05-25"},{"lineNumber":24,"author":{"gitId":"-"},"content":"        showExceptions true","lastModifiedDate":"2020-05-25"},{"lineNumber":25,"author":{"gitId":"-"},"content":"        exceptionFormat \"full\"","lastModifiedDate":"2020-05-25"},{"lineNumber":26,"author":{"gitId":"-"},"content":"        showCauses true","lastModifiedDate":"2020-05-25"},{"lineNumber":27,"author":{"gitId":"-"},"content":"        showStackTraces true","lastModifiedDate":"2020-05-25"},{"lineNumber":28,"author":{"gitId":"-"},"content":"        showStandardStreams \u003d false","lastModifiedDate":"2020-05-25"},{"lineNumber":29,"author":{"gitId":"-"},"content":"    }","lastModifiedDate":"2020-05-25"},{"lineNumber":30,"author":{"gitId":"-"},"content":"}","lastModifiedDate":"2020-05-25"},{"lineNumber":31,"author":{"gitId":"-"},"content":"","lastModifiedDate":"2020-05-25"},{"lineNumber":32,"author":{"gitId":"-"},"content":"application {","lastModifiedDate":"2020-05-25"},{"lineNumber":33,"author":{"gitId":"-"},"content":"    mainClassName \u003d \"seedu.duke.Duke\"","lastModifiedDate":"2020-05-25"},{"lineNumber":34,"author":{"gitId":"-"},"content":"}","lastModifiedDate":"2020-05-25"},{"lineNumber":35,"author":{"gitId":"-"},"content":"","lastModifiedDate":"2020-05-25"},{"lineNumber":36,"author":{"gitId":"-"},"content":"shadowJar {","lastModifiedDate":"2020-05-25"},{"lineNumber":37,"author":{"gitId":"-"},"content":"    archiveBaseName \u003d \"duke\"","lastModifiedDate":"2020-05-25"},{"lineNumber":38,"author":{"gitId":"-"},"content":"    archiveClassifier \u003d null","lastModifiedDate":"2020-05-25"},{"lineNumber":39,"author":{"gitId":"-"},"content":"}","lastModifiedDate":"2020-05-25"},{"lineNumber":40,"author":{"gitId":"-"},"content":"","lastModifiedDate":"2020-05-25"},{"lineNumber":41,"author":{"gitId":"-"},"content":"checkstyle {","lastModifiedDate":"2020-05-25"},{"lineNumber":42,"author":{"gitId":"-"},"content":"    toolVersion \u003d \u00278.23\u0027","lastModifiedDate":"2020-05-25"},{"lineNumber":43,"author":{"gitId":"-"},"content":"}","lastModifiedDate":"2020-05-25"},{"lineNumber":44,"author":{"gitId":"-"},"content":"","lastModifiedDate":"2020-05-25"},{"lineNumber":45,"author":{"gitId":"-"},"content":"run{","lastModifiedDate":"2020-05-25"},{"lineNumber":46,"author":{"gitId":"-"},"content":"    standardInput \u003d System.in","lastModifiedDate":"2020-05-25"},{"lineNumber":47,"author":{"gitId":"-"},"content":"}","lastModifiedDate":"2020-05-25"}],"authorContributionMap":{"jjtoh":1,"-":46}},{"path":"docs/AboutUs.md","fileType":"docs","lines":[{"lineNumber":1,"author":{"gitId":"-"},"content":"# About us","lastModifiedDate":"2020-05-24"},{"lineNumber":2,"author":{"gitId":"-"},"content":"","lastModifiedDate":"2020-05-24"},{"lineNumber":3,"author":{"gitId":"-"},"content":"Display | Name | Github Profile | Portfolio ","lastModifiedDate":"2020-05-24"},{"lineNumber":4,"author":{"gitId":"-"},"content":"--------|:----:|:--------------:|:---------:","lastModifiedDate":"2022-09-29"},{"lineNumber":5,"author":{"gitId":"jjtoh"},"content":"![](https://via.placeholder.com/100.png?text\u003dPhoto) | John Toh Jia Jun | [Github](https://github.com/) | [Portfolio](docs/team/johndoe.md)","lastModifiedDate":"2022-09-29"},{"lineNumber":6,"author":{"gitId":"AaaaaronC"},"content":"![](https://via.placeholder.com/100.png?text\u003dPhoto) | Aaron Chan Zhi | [Github](https://github.com/) | [Portfolio](docs/team/johndoe.md)","lastModifiedDate":"2022-09-29"},{"lineNumber":7,"author":{"gitId":"cheehengk"},"content":"![](https://via.placeholder.com/100.png?text\u003dPhoto) | Koh Chee Heng | [Github](https://github.com/) | [Portfolio](docs/team/johndoe.md)","lastModifiedDate":"2022-09-29"},{"lineNumber":8,"author":{"gitId":"cheehengk"},"content":"![](https://via.placeholder.com/100.png?text\u003dPhoto) | Hang Tian | [Github](https://github.com/) | [Portfolio](docs/team/johndoe.md)","lastModifiedDate":"2022-09-29"}],"authorContributionMap":{"cheehengk":2,"jjtoh":1,"AaaaaronC":1,"-":4}},{"path":"docs/README.md","fileType":"docs","lines":[{"lineNumber":1,"author":{"gitId":"jjtoh"},"content":"# Timetabler","lastModifiedDate":"2022-09-29"},{"lineNumber":2,"author":{"gitId":"jjtoh"},"content":"This application helps you organise timetable","lastModifiedDate":"2022-09-29"},{"lineNumber":3,"author":{"gitId":"-"},"content":"","lastModifiedDate":"2019-07-29"},{"lineNumber":4,"author":{"gitId":"-"},"content":"Useful links:","lastModifiedDate":"2020-05-24"},{"lineNumber":5,"author":{"gitId":"-"},"content":"* [User Guide](UserGuide.md)","lastModifiedDate":"2020-05-24"},{"lineNumber":6,"author":{"gitId":"-"},"content":"* [Developer Guide](DeveloperGuide.md)","lastModifiedDate":"2020-05-24"},{"lineNumber":7,"author":{"gitId":"-"},"content":"* [About Us](AboutUs.md)","lastModifiedDate":"2020-05-24"}],"authorContributionMap":{"jjtoh":2,"-":5}},{"path":"src/main/java/seedu/duke/Duke.java","fileType":"functional-code","lines":[{"lineNumber":1,"author":{"gitId":"-"},"content":"package seedu.duke;","lastModifiedDate":"2020-05-24"},{"lineNumber":2,"author":{"gitId":"-"},"content":"","lastModifiedDate":"2020-05-24"},{"lineNumber":3,"author":{"gitId":"cheehengk"},"content":"import java.util.Objects;","lastModifiedDate":"2022-10-04"},{"lineNumber":4,"author":{"gitId":"-"},"content":"import java.util.Scanner;","lastModifiedDate":"2020-05-24"},{"lineNumber":5,"author":{"gitId":"-"},"content":"","lastModifiedDate":"2020-05-24"},{"lineNumber":6,"author":{"gitId":"-"},"content":"public class Duke {","lastModifiedDate":"2019-07-29"},{"lineNumber":7,"author":{"gitId":"cheehengk"},"content":"    private static final String EXIT_FLAG \u003d \"quit\";","lastModifiedDate":"2022-10-04"},{"lineNumber":8,"author":{"gitId":"jjtoh"},"content":"    public static final Scanner sc \u003d new Scanner(System.in);","lastModifiedDate":"2022-10-09"},{"lineNumber":9,"author":{"gitId":"cheehengk"},"content":"","lastModifiedDate":"2022-10-04"},{"lineNumber":10,"author":{"gitId":"-"},"content":"    public static void main(String[] args) {","lastModifiedDate":"2019-07-29"},{"lineNumber":11,"author":{"gitId":"-"},"content":"","lastModifiedDate":"2020-05-24"},{"lineNumber":12,"author":{"gitId":"cheehengk"},"content":"        System.out.println(\"Hello from Timetabler!\");","lastModifiedDate":"2022-10-04"},{"lineNumber":13,"author":{"gitId":"cheehengk"},"content":"","lastModifiedDate":"2022-10-04"},{"lineNumber":14,"author":{"gitId":"cheehengk"},"content":"        Timetable timetable \u003d new Timetable();","lastModifiedDate":"2022-10-04"},{"lineNumber":15,"author":{"gitId":"cheehengk"},"content":"        String response;","lastModifiedDate":"2022-10-04"},{"lineNumber":16,"author":{"gitId":"cheehengk"},"content":"        String input;","lastModifiedDate":"2022-10-04"},{"lineNumber":17,"author":{"gitId":"cheehengk"},"content":"","lastModifiedDate":"2022-10-04"},{"lineNumber":18,"author":{"gitId":"cheehengk"},"content":"        System.out.println(\"Here is a list of things I can do, enter the appropriate command to continue!\\n\"","lastModifiedDate":"2022-10-04"},{"lineNumber":19,"author":{"gitId":"jjtoh"},"content":"                + \"1. add\\n2. list\\n3. quit\\n4. info\\n\");","lastModifiedDate":"2022-10-09"},{"lineNumber":20,"author":{"gitId":"cheehengk"},"content":"","lastModifiedDate":"2022-10-04"},{"lineNumber":21,"author":{"gitId":"cheehengk"},"content":"        while (true) {","lastModifiedDate":"2022-10-04"},{"lineNumber":22,"author":{"gitId":"jjtoh"},"content":"            input \u003d sc.nextLine();","lastModifiedDate":"2022-10-09"},{"lineNumber":23,"author":{"gitId":"cheehengk"},"content":"            response \u003d Parser.parseCommand(timetable, input);","lastModifiedDate":"2022-10-04"},{"lineNumber":24,"author":{"gitId":"cheehengk"},"content":"            if (Objects.equals(response, EXIT_FLAG)) {","lastModifiedDate":"2022-10-04"},{"lineNumber":25,"author":{"gitId":"cheehengk"},"content":"                break;","lastModifiedDate":"2022-10-04"},{"lineNumber":26,"author":{"gitId":"cheehengk"},"content":"            }","lastModifiedDate":"2022-10-04"},{"lineNumber":27,"author":{"gitId":"cheehengk"},"content":"            System.out.println(response);","lastModifiedDate":"2022-10-04"},{"lineNumber":28,"author":{"gitId":"cheehengk"},"content":"        }","lastModifiedDate":"2022-10-04"},{"lineNumber":29,"author":{"gitId":"cheehengk"},"content":"","lastModifiedDate":"2022-10-04"},{"lineNumber":30,"author":{"gitId":"cheehengk"},"content":"        System.out.println(\"See you again!\");","lastModifiedDate":"2022-10-04"},{"lineNumber":31,"author":{"gitId":"-"},"content":"    }","lastModifiedDate":"2019-07-29"},{"lineNumber":32,"author":{"gitId":"-"},"content":"}","lastModifiedDate":"2019-07-29"}],"authorContributionMap":{"cheehengk":20,"jjtoh":3,"-":9}},{"path":"src/main/java/seedu/duke/Parser.java","fileType":"functional-code","lines":[{"lineNumber":1,"author":{"gitId":"cheehengk"},"content":"package seedu.duke;","lastModifiedDate":"2022-10-04"},{"lineNumber":2,"author":{"gitId":"cheehengk"},"content":"","lastModifiedDate":"2022-10-04"},{"lineNumber":3,"author":{"gitId":"cheehengk"},"content":"import seedu.duke.commands.CommandAddModule;","lastModifiedDate":"2022-10-04"},{"lineNumber":4,"author":{"gitId":"jjtoh"},"content":"import seedu.duke.commands.CommandInfoModule;","lastModifiedDate":"2022-10-09"},{"lineNumber":5,"author":{"gitId":"cheehengk"},"content":"","lastModifiedDate":"2022-10-04"},{"lineNumber":6,"author":{"gitId":"cheehengk"},"content":"public class Parser {","lastModifiedDate":"2022-10-04"},{"lineNumber":7,"author":{"gitId":"cheehengk"},"content":"    private static final String COMMAND_ADD \u003d \"add\";","lastModifiedDate":"2022-10-04"},{"lineNumber":8,"author":{"gitId":"cheehengk"},"content":"    private static final String COMMAND_LIST \u003d \"list\";","lastModifiedDate":"2022-10-04"},{"lineNumber":9,"author":{"gitId":"cheehengk"},"content":"    private static final String COMMAND_EXIT \u003d \"quit\";","lastModifiedDate":"2022-10-04"},{"lineNumber":10,"author":{"gitId":"jjtoh"},"content":"    private static final String COMMAND_INFO \u003d \"info\";","lastModifiedDate":"2022-10-09"},{"lineNumber":11,"author":{"gitId":"cheehengk"},"content":"","lastModifiedDate":"2022-10-04"},{"lineNumber":12,"author":{"gitId":"cheehengk"},"content":"","lastModifiedDate":"2022-10-04"},{"lineNumber":13,"author":{"gitId":"cheehengk"},"content":"    public static String parseCommand(Timetable timetable, String command) {","lastModifiedDate":"2022-10-04"},{"lineNumber":14,"author":{"gitId":"cheehengk"},"content":"        String response;","lastModifiedDate":"2022-10-04"},{"lineNumber":15,"author":{"gitId":"cheehengk"},"content":"","lastModifiedDate":"2022-10-04"},{"lineNumber":16,"author":{"gitId":"cheehengk"},"content":"        switch (command) {","lastModifiedDate":"2022-10-04"},{"lineNumber":17,"author":{"gitId":"cheehengk"},"content":"        case COMMAND_ADD:","lastModifiedDate":"2022-10-04"},{"lineNumber":18,"author":{"gitId":"cheehengk"},"content":"            response \u003d CommandAddModule.addModule(timetable);","lastModifiedDate":"2022-10-04"},{"lineNumber":19,"author":{"gitId":"cheehengk"},"content":"            break;","lastModifiedDate":"2022-10-04"},{"lineNumber":20,"author":{"gitId":"cheehengk"},"content":"        case COMMAND_LIST:","lastModifiedDate":"2022-10-04"},{"lineNumber":21,"author":{"gitId":"cheehengk"},"content":"            response \u003d timetable.listModules();","lastModifiedDate":"2022-10-04"},{"lineNumber":22,"author":{"gitId":"cheehengk"},"content":"            break;","lastModifiedDate":"2022-10-04"},{"lineNumber":23,"author":{"gitId":"cheehengk"},"content":"        case COMMAND_EXIT:","lastModifiedDate":"2022-10-04"},{"lineNumber":24,"author":{"gitId":"cheehengk"},"content":"            response \u003d \"quit\";","lastModifiedDate":"2022-10-04"},{"lineNumber":25,"author":{"gitId":"cheehengk"},"content":"            break;","lastModifiedDate":"2022-10-04"},{"lineNumber":26,"author":{"gitId":"jjtoh"},"content":"        case COMMAND_INFO:","lastModifiedDate":"2022-10-09"},{"lineNumber":27,"author":{"gitId":"jjtoh"},"content":"            response \u003d CommandInfoModule.findModule(timetable);","lastModifiedDate":"2022-10-09"},{"lineNumber":28,"author":{"gitId":"jjtoh"},"content":"            break;","lastModifiedDate":"2022-10-09"},{"lineNumber":29,"author":{"gitId":"cheehengk"},"content":"        default:","lastModifiedDate":"2022-10-04"},{"lineNumber":30,"author":{"gitId":"cheehengk"},"content":"            response \u003d \"Invalid Command!\";","lastModifiedDate":"2022-10-04"},{"lineNumber":31,"author":{"gitId":"cheehengk"},"content":"            break;","lastModifiedDate":"2022-10-04"},{"lineNumber":32,"author":{"gitId":"cheehengk"},"content":"        }","lastModifiedDate":"2022-10-04"},{"lineNumber":33,"author":{"gitId":"cheehengk"},"content":"        return response;","lastModifiedDate":"2022-10-04"},{"lineNumber":34,"author":{"gitId":"cheehengk"},"content":"    }","lastModifiedDate":"2022-10-04"},{"lineNumber":35,"author":{"gitId":"cheehengk"},"content":"}","lastModifiedDate":"2022-10-04"}],"authorContributionMap":{"cheehengk":30,"jjtoh":5}},{"path":"src/main/java/seedu/duke/Timetable.java","fileType":"functional-code","lines":[{"lineNumber":1,"author":{"gitId":"cheehengk"},"content":"package seedu.duke;","lastModifiedDate":"2022-10-04"},{"lineNumber":2,"author":{"gitId":"cheehengk"},"content":"","lastModifiedDate":"2022-10-04"},{"lineNumber":3,"author":{"gitId":"cheehengk"},"content":"import seedu.duke.module.Module;","lastModifiedDate":"2022-10-04"},{"lineNumber":4,"author":{"gitId":"cheehengk"},"content":"","lastModifiedDate":"2022-10-04"},{"lineNumber":5,"author":{"gitId":"cheehengk"},"content":"import java.util.ArrayList;","lastModifiedDate":"2022-10-04"},{"lineNumber":6,"author":{"gitId":"cheehengk"},"content":"import java.util.List;","lastModifiedDate":"2022-10-04"},{"lineNumber":7,"author":{"gitId":"cheehengk"},"content":"","lastModifiedDate":"2022-10-04"},{"lineNumber":8,"author":{"gitId":"cheehengk"},"content":"public class Timetable {","lastModifiedDate":"2022-10-04"},{"lineNumber":9,"author":{"gitId":"cheehengk"},"content":"    public static List\u003cModule\u003e listOfModules \u003d new ArrayList\u003c\u003e();","lastModifiedDate":"2022-10-04"},{"lineNumber":10,"author":{"gitId":"cheehengk"},"content":"","lastModifiedDate":"2022-10-04"},{"lineNumber":11,"author":{"gitId":"jjtoh"},"content":"    public void addNewModule(String code, String name, String description) {","lastModifiedDate":"2022-10-09"},{"lineNumber":12,"author":{"gitId":"jjtoh"},"content":"        listOfModules.add(new Module(code, name, description));","lastModifiedDate":"2022-10-09"},{"lineNumber":13,"author":{"gitId":"cheehengk"},"content":"    }","lastModifiedDate":"2022-10-04"},{"lineNumber":14,"author":{"gitId":"cheehengk"},"content":"","lastModifiedDate":"2022-10-04"},{"lineNumber":15,"author":{"gitId":"cheehengk"},"content":"    public String listModules() {","lastModifiedDate":"2022-10-04"},{"lineNumber":16,"author":{"gitId":"cheehengk"},"content":"        StringBuilder list;","lastModifiedDate":"2022-10-04"},{"lineNumber":17,"author":{"gitId":"cheehengk"},"content":"        int counter \u003d 1;","lastModifiedDate":"2022-10-04"},{"lineNumber":18,"author":{"gitId":"cheehengk"},"content":"","lastModifiedDate":"2022-10-04"},{"lineNumber":19,"author":{"gitId":"cheehengk"},"content":"        if (listOfModules.size() \u003d\u003d 0) {","lastModifiedDate":"2022-10-04"},{"lineNumber":20,"author":{"gitId":"cheehengk"},"content":"            return \"You have no modules at the moment!\";","lastModifiedDate":"2022-10-04"},{"lineNumber":21,"author":{"gitId":"cheehengk"},"content":"        } else {","lastModifiedDate":"2022-10-04"},{"lineNumber":22,"author":{"gitId":"cheehengk"},"content":"            list \u003d new StringBuilder(\"Here are your modules:\\n\");","lastModifiedDate":"2022-10-04"},{"lineNumber":23,"author":{"gitId":"cheehengk"},"content":"        }","lastModifiedDate":"2022-10-04"},{"lineNumber":24,"author":{"gitId":"cheehengk"},"content":"        for (Module modules : listOfModules) {","lastModifiedDate":"2022-10-04"},{"lineNumber":25,"author":{"gitId":"cheehengk"},"content":"            list.append(counter).append(\". \").append(modules.getModuleDetails()).append(\"\\n\");","lastModifiedDate":"2022-10-04"},{"lineNumber":26,"author":{"gitId":"cheehengk"},"content":"            counter +\u003d 1;","lastModifiedDate":"2022-10-04"},{"lineNumber":27,"author":{"gitId":"cheehengk"},"content":"        }","lastModifiedDate":"2022-10-04"},{"lineNumber":28,"author":{"gitId":"cheehengk"},"content":"        return list.toString();","lastModifiedDate":"2022-10-04"},{"lineNumber":29,"author":{"gitId":"cheehengk"},"content":"    }","lastModifiedDate":"2022-10-04"},{"lineNumber":30,"author":{"gitId":"jjtoh"},"content":"","lastModifiedDate":"2022-10-09"},{"lineNumber":31,"author":{"gitId":"cheehengk"},"content":"}","lastModifiedDate":"2022-10-04"}],"authorContributionMap":{"cheehengk":28,"jjtoh":3}},{"path":"src/main/java/seedu/duke/commands/CommandAddModule.java","fileType":"functional-code","lines":[{"lineNumber":1,"author":{"gitId":"cheehengk"},"content":"package seedu.duke.commands;","lastModifiedDate":"2022-10-04"},{"lineNumber":2,"author":{"gitId":"cheehengk"},"content":"","lastModifiedDate":"2022-10-04"},{"lineNumber":3,"author":{"gitId":"cheehengk"},"content":"import seedu.duke.Timetable;","lastModifiedDate":"2022-10-04"},{"lineNumber":4,"author":{"gitId":"jjtoh"},"content":"import seedu.duke.commands.nusmodsapi.Nusmods;","lastModifiedDate":"2022-10-09"},{"lineNumber":5,"author":{"gitId":"cheehengk"},"content":"","lastModifiedDate":"2022-10-04"},{"lineNumber":6,"author":{"gitId":"jjtoh"},"content":"import java.io.IOException;","lastModifiedDate":"2022-10-09"},{"lineNumber":7,"author":{"gitId":"cheehengk"},"content":"import java.util.Scanner;","lastModifiedDate":"2022-10-04"},{"lineNumber":8,"author":{"gitId":"cheehengk"},"content":"","lastModifiedDate":"2022-10-04"},{"lineNumber":9,"author":{"gitId":"cheehengk"},"content":"public class CommandAddModule {","lastModifiedDate":"2022-10-04"},{"lineNumber":10,"author":{"gitId":"cheehengk"},"content":"    public static String addModule(Timetable timetable) {","lastModifiedDate":"2022-10-04"},{"lineNumber":11,"author":{"gitId":"jjtoh"},"content":"        //Scanner in \u003d new Scanner(System.in);","lastModifiedDate":"2022-10-09"},{"lineNumber":12,"author":{"gitId":"jjtoh"},"content":"        Nusmods mod \u003d new Nusmods();","lastModifiedDate":"2022-10-09"},{"lineNumber":13,"author":{"gitId":"jjtoh"},"content":"        String[] info \u003d new String[3];","lastModifiedDate":"2022-10-09"},{"lineNumber":14,"author":{"gitId":"cheehengk"},"content":"","lastModifiedDate":"2022-10-04"},{"lineNumber":15,"author":{"gitId":"cheehengk"},"content":"        System.out.println(\"What is the module code?\");","lastModifiedDate":"2022-10-04"},{"lineNumber":16,"author":{"gitId":"jjtoh"},"content":"        try {","lastModifiedDate":"2022-10-09"},{"lineNumber":17,"author":{"gitId":"jjtoh"},"content":"            info \u003d mod.getModuleInfo();","lastModifiedDate":"2022-10-09"},{"lineNumber":18,"author":{"gitId":"jjtoh"},"content":"        } catch (IOException e) {","lastModifiedDate":"2022-10-09"},{"lineNumber":19,"author":{"gitId":"jjtoh"},"content":"            System.out.println(\"Some IO errors has occurred, please try again\");","lastModifiedDate":"2022-10-09"},{"lineNumber":20,"author":{"gitId":"jjtoh"},"content":"        } catch (InterruptedException e) {","lastModifiedDate":"2022-10-09"},{"lineNumber":21,"author":{"gitId":"jjtoh"},"content":"            System.out.println(\"The API request was interrupted, please try again.\");","lastModifiedDate":"2022-10-09"},{"lineNumber":22,"author":{"gitId":"jjtoh"},"content":"        }","lastModifiedDate":"2022-10-09"},{"lineNumber":23,"author":{"gitId":"jjtoh"},"content":"        String moduleCode \u003d info[0];","lastModifiedDate":"2022-10-09"},{"lineNumber":24,"author":{"gitId":"jjtoh"},"content":"        String moduleName \u003d info[1];","lastModifiedDate":"2022-10-09"},{"lineNumber":25,"author":{"gitId":"jjtoh"},"content":"        String moduleDescription \u003d info[2];","lastModifiedDate":"2022-10-09"},{"lineNumber":26,"author":{"gitId":"jjtoh"},"content":"        timetable.addNewModule(moduleCode, moduleName, moduleDescription);","lastModifiedDate":"2022-10-09"},{"lineNumber":27,"author":{"gitId":"cheehengk"},"content":"","lastModifiedDate":"2022-10-04"},{"lineNumber":28,"author":{"gitId":"jjtoh"},"content":"        return \"Successfully added new module: \" + moduleCode + \" : \" + moduleName;","lastModifiedDate":"2022-10-09"},{"lineNumber":29,"author":{"gitId":"cheehengk"},"content":"    }","lastModifiedDate":"2022-10-04"},{"lineNumber":30,"author":{"gitId":"cheehengk"},"content":"}","lastModifiedDate":"2022-10-04"}],"authorContributionMap":{"cheehengk":13,"jjtoh":17}},{"path":"src/main/java/seedu/duke/commands/CommandInfoModule.java","fileType":"functional-code","lines":[{"lineNumber":1,"author":{"gitId":"jjtoh"},"content":"package seedu.duke.commands;","lastModifiedDate":"2022-10-09"},{"lineNumber":2,"author":{"gitId":"jjtoh"},"content":"","lastModifiedDate":"2022-10-09"},{"lineNumber":3,"author":{"gitId":"jjtoh"},"content":"import seedu.duke.Timetable;","lastModifiedDate":"2022-10-09"},{"lineNumber":4,"author":{"gitId":"jjtoh"},"content":"import seedu.duke.commands.nusmodsapi.Nusmods;","lastModifiedDate":"2022-10-09"},{"lineNumber":5,"author":{"gitId":"jjtoh"},"content":"import seedu.duke.module.Module;","lastModifiedDate":"2022-10-09"},{"lineNumber":6,"author":{"gitId":"jjtoh"},"content":"","lastModifiedDate":"2022-10-09"},{"lineNumber":7,"author":{"gitId":"jjtoh"},"content":"import java.io.IOException;","lastModifiedDate":"2022-10-09"},{"lineNumber":8,"author":{"gitId":"jjtoh"},"content":"import java.util.ArrayList;","lastModifiedDate":"2022-10-09"},{"lineNumber":9,"author":{"gitId":"jjtoh"},"content":"import java.util.Scanner;","lastModifiedDate":"2022-10-09"},{"lineNumber":10,"author":{"gitId":"jjtoh"},"content":"","lastModifiedDate":"2022-10-09"},{"lineNumber":11,"author":{"gitId":"jjtoh"},"content":"public class CommandInfoModule {","lastModifiedDate":"2022-10-09"},{"lineNumber":12,"author":{"gitId":"jjtoh"},"content":"","lastModifiedDate":"2022-10-09"},{"lineNumber":13,"author":{"gitId":"jjtoh"},"content":"    public static String findModule(Timetable timetable) {","lastModifiedDate":"2022-10-09"},{"lineNumber":14,"author":{"gitId":"jjtoh"},"content":"        Nusmods mods \u003d new Nusmods();","lastModifiedDate":"2022-10-09"},{"lineNumber":15,"author":{"gitId":"jjtoh"},"content":"        String[] found \u003d new String[3];","lastModifiedDate":"2022-10-09"},{"lineNumber":16,"author":{"gitId":"jjtoh"},"content":"        System.out.println(\"Please the module code you wish to get information about\");","lastModifiedDate":"2022-10-09"},{"lineNumber":17,"author":{"gitId":"jjtoh"},"content":"        try {","lastModifiedDate":"2022-10-09"},{"lineNumber":18,"author":{"gitId":"jjtoh"},"content":"            found \u003d mods.getModuleInfo();","lastModifiedDate":"2022-10-09"},{"lineNumber":19,"author":{"gitId":"jjtoh"},"content":"        } catch (IOException e) {","lastModifiedDate":"2022-10-09"},{"lineNumber":20,"author":{"gitId":"jjtoh"},"content":"            System.out.println(\"Some IO errors has occurred, please try again\");","lastModifiedDate":"2022-10-09"},{"lineNumber":21,"author":{"gitId":"jjtoh"},"content":"        } catch (InterruptedException e) {","lastModifiedDate":"2022-10-09"},{"lineNumber":22,"author":{"gitId":"jjtoh"},"content":"            System.out.println(\"The API request was interrupted, please try again.\");","lastModifiedDate":"2022-10-09"},{"lineNumber":23,"author":{"gitId":"jjtoh"},"content":"        }","lastModifiedDate":"2022-10-09"},{"lineNumber":24,"author":{"gitId":"jjtoh"},"content":"        return formatFoundModules(found);","lastModifiedDate":"2022-10-09"},{"lineNumber":25,"author":{"gitId":"jjtoh"},"content":"    }","lastModifiedDate":"2022-10-09"},{"lineNumber":26,"author":{"gitId":"jjtoh"},"content":"","lastModifiedDate":"2022-10-09"},{"lineNumber":27,"author":{"gitId":"jjtoh"},"content":"    private static String formatFoundModules(String[] found) {","lastModifiedDate":"2022-10-09"},{"lineNumber":28,"author":{"gitId":"jjtoh"},"content":"        StringBuilder message \u003d new StringBuilder();","lastModifiedDate":"2022-10-09"},{"lineNumber":29,"author":{"gitId":"jjtoh"},"content":"        message.append(\"Here are some information about the module:\\n\");","lastModifiedDate":"2022-10-09"},{"lineNumber":30,"author":{"gitId":"jjtoh"},"content":"        message.append(\"Module Code: \" + found[0] + \"\\n\");","lastModifiedDate":"2022-10-09"},{"lineNumber":31,"author":{"gitId":"jjtoh"},"content":"        message.append(\"Module Name: \" + found[1] + \"\\n\");","lastModifiedDate":"2022-10-09"},{"lineNumber":32,"author":{"gitId":"jjtoh"},"content":"        message.append(\"Module Description: \" + found[2] + \"\\n\");","lastModifiedDate":"2022-10-09"},{"lineNumber":33,"author":{"gitId":"jjtoh"},"content":"        return message.toString();","lastModifiedDate":"2022-10-09"},{"lineNumber":34,"author":{"gitId":"jjtoh"},"content":"    }","lastModifiedDate":"2022-10-09"},{"lineNumber":35,"author":{"gitId":"jjtoh"},"content":"}","lastModifiedDate":"2022-10-09"}],"authorContributionMap":{"jjtoh":35}},{"path":"src/main/java/seedu/duke/commands/nusmodsapi/Nusmods.java","fileType":"functional-code","lines":[{"lineNumber":1,"author":{"gitId":"jjtoh"},"content":"package seedu.duke.commands.nusmodsapi;","lastModifiedDate":"2022-10-09"},{"lineNumber":2,"author":{"gitId":"jjtoh"},"content":"","lastModifiedDate":"2022-10-09"},{"lineNumber":3,"author":{"gitId":"jjtoh"},"content":"import com.fasterxml.jackson.core.JsonProcessingException;","lastModifiedDate":"2022-10-09"},{"lineNumber":4,"author":{"gitId":"jjtoh"},"content":"import com.fasterxml.jackson.databind.JsonNode;","lastModifiedDate":"2022-10-09"},{"lineNumber":5,"author":{"gitId":"jjtoh"},"content":"import com.fasterxml.jackson.databind.ObjectMapper;","lastModifiedDate":"2022-10-09"},{"lineNumber":6,"author":{"gitId":"jjtoh"},"content":"import seedu.duke.Duke;","lastModifiedDate":"2022-10-09"},{"lineNumber":7,"author":{"gitId":"jjtoh"},"content":"","lastModifiedDate":"2022-10-09"},{"lineNumber":8,"author":{"gitId":"jjtoh"},"content":"import java.io.IOException;","lastModifiedDate":"2022-10-09"},{"lineNumber":9,"author":{"gitId":"jjtoh"},"content":"import java.net.MalformedURLException;","lastModifiedDate":"2022-10-09"},{"lineNumber":10,"author":{"gitId":"jjtoh"},"content":"import java.net.URI;","lastModifiedDate":"2022-10-09"},{"lineNumber":11,"author":{"gitId":"jjtoh"},"content":"import java.net.URISyntaxException;","lastModifiedDate":"2022-10-09"},{"lineNumber":12,"author":{"gitId":"jjtoh"},"content":"import java.net.URL;","lastModifiedDate":"2022-10-09"},{"lineNumber":13,"author":{"gitId":"jjtoh"},"content":"import java.net.http.HttpClient;","lastModifiedDate":"2022-10-09"},{"lineNumber":14,"author":{"gitId":"jjtoh"},"content":"import java.net.http.HttpRequest;","lastModifiedDate":"2022-10-09"},{"lineNumber":15,"author":{"gitId":"jjtoh"},"content":"import java.net.http.HttpResponse;","lastModifiedDate":"2022-10-09"},{"lineNumber":16,"author":{"gitId":"jjtoh"},"content":"import java.util.Scanner;","lastModifiedDate":"2022-10-09"},{"lineNumber":17,"author":{"gitId":"jjtoh"},"content":"","lastModifiedDate":"2022-10-09"},{"lineNumber":18,"author":{"gitId":"jjtoh"},"content":"public class Nusmods {","lastModifiedDate":"2022-10-09"},{"lineNumber":19,"author":{"gitId":"jjtoh"},"content":"","lastModifiedDate":"2022-10-09"},{"lineNumber":20,"author":{"gitId":"jjtoh"},"content":"    private final String baseUri \u003d \"https://api.nusmods.com/v2/2021-2022/modules/\";","lastModifiedDate":"2022-10-09"},{"lineNumber":21,"author":{"gitId":"jjtoh"},"content":"    private final int moduleCode \u003d 0;","lastModifiedDate":"2022-10-09"},{"lineNumber":22,"author":{"gitId":"jjtoh"},"content":"    private final int moduleName \u003d 1;","lastModifiedDate":"2022-10-09"},{"lineNumber":23,"author":{"gitId":"jjtoh"},"content":"    private final int moduleDescription \u003d 2;","lastModifiedDate":"2022-10-09"},{"lineNumber":24,"author":{"gitId":"jjtoh"},"content":"","lastModifiedDate":"2022-10-09"},{"lineNumber":25,"author":{"gitId":"jjtoh"},"content":"    private String setUri() {","lastModifiedDate":"2022-10-09"},{"lineNumber":26,"author":{"gitId":"jjtoh"},"content":"        boolean validUri \u003d false;","lastModifiedDate":"2022-10-09"},{"lineNumber":27,"author":{"gitId":"jjtoh"},"content":"        String mod \u003d new String();","lastModifiedDate":"2022-10-09"},{"lineNumber":28,"author":{"gitId":"jjtoh"},"content":"        while (!validUri) {","lastModifiedDate":"2022-10-09"},{"lineNumber":29,"author":{"gitId":"jjtoh"},"content":"            try {","lastModifiedDate":"2022-10-09"},{"lineNumber":30,"author":{"gitId":"jjtoh"},"content":"                if (Duke.sc.hasNextLine()) {","lastModifiedDate":"2022-10-09"},{"lineNumber":31,"author":{"gitId":"jjtoh"},"content":"                    mod \u003d Duke.sc.nextLine().toUpperCase().trim();","lastModifiedDate":"2022-10-09"},{"lineNumber":32,"author":{"gitId":"jjtoh"},"content":"                }","lastModifiedDate":"2022-10-09"},{"lineNumber":33,"author":{"gitId":"jjtoh"},"content":"                new URL(baseUri + mod + \".json\").toURI();","lastModifiedDate":"2022-10-09"},{"lineNumber":34,"author":{"gitId":"jjtoh"},"content":"                validUri \u003d true;","lastModifiedDate":"2022-10-09"},{"lineNumber":35,"author":{"gitId":"jjtoh"},"content":"            } catch (MalformedURLException | URISyntaxException e) {","lastModifiedDate":"2022-10-09"},{"lineNumber":36,"author":{"gitId":"jjtoh"},"content":"                System.out.println(\"Module not found, please try again.\");;","lastModifiedDate":"2022-10-09"},{"lineNumber":37,"author":{"gitId":"jjtoh"},"content":"            }","lastModifiedDate":"2022-10-09"},{"lineNumber":38,"author":{"gitId":"jjtoh"},"content":"        }","lastModifiedDate":"2022-10-09"},{"lineNumber":39,"author":{"gitId":"jjtoh"},"content":"","lastModifiedDate":"2022-10-09"},{"lineNumber":40,"author":{"gitId":"jjtoh"},"content":"        return baseUri + mod + \".json\";","lastModifiedDate":"2022-10-09"},{"lineNumber":41,"author":{"gitId":"jjtoh"},"content":"    }","lastModifiedDate":"2022-10-09"},{"lineNumber":42,"author":{"gitId":"jjtoh"},"content":"","lastModifiedDate":"2022-10-09"},{"lineNumber":43,"author":{"gitId":"jjtoh"},"content":"    public String[] getModuleInfo() throws IOException, InterruptedException {","lastModifiedDate":"2022-10-09"},{"lineNumber":44,"author":{"gitId":"jjtoh"},"content":"        while (true) {","lastModifiedDate":"2022-10-09"},{"lineNumber":45,"author":{"gitId":"jjtoh"},"content":"            HttpClient client \u003d HttpClient.newHttpClient();","lastModifiedDate":"2022-10-09"},{"lineNumber":46,"author":{"gitId":"jjtoh"},"content":"            HttpRequest request \u003d HttpRequest.newBuilder()","lastModifiedDate":"2022-10-09"},{"lineNumber":47,"author":{"gitId":"jjtoh"},"content":"                    .GET()","lastModifiedDate":"2022-10-09"},{"lineNumber":48,"author":{"gitId":"jjtoh"},"content":"                    .header(\"accept\", \"application/json\")","lastModifiedDate":"2022-10-09"},{"lineNumber":49,"author":{"gitId":"jjtoh"},"content":"                    .uri(URI.create(setUri()))","lastModifiedDate":"2022-10-09"},{"lineNumber":50,"author":{"gitId":"jjtoh"},"content":"                    .build();","lastModifiedDate":"2022-10-09"},{"lineNumber":51,"author":{"gitId":"jjtoh"},"content":"            HttpResponse\u003cString\u003e response \u003d client.send(request, HttpResponse.BodyHandlers.ofString());","lastModifiedDate":"2022-10-09"},{"lineNumber":52,"author":{"gitId":"jjtoh"},"content":"            if (response.statusCode() !\u003d 200) {","lastModifiedDate":"2022-10-09"},{"lineNumber":53,"author":{"gitId":"jjtoh"},"content":"                System.out.println(\"Module not found, please try again.\");","lastModifiedDate":"2022-10-09"},{"lineNumber":54,"author":{"gitId":"jjtoh"},"content":"            } else {","lastModifiedDate":"2022-10-09"},{"lineNumber":55,"author":{"gitId":"jjtoh"},"content":"                return retrieveBasicInfo(response.body());","lastModifiedDate":"2022-10-09"},{"lineNumber":56,"author":{"gitId":"jjtoh"},"content":"            }","lastModifiedDate":"2022-10-09"},{"lineNumber":57,"author":{"gitId":"jjtoh"},"content":"        }","lastModifiedDate":"2022-10-09"},{"lineNumber":58,"author":{"gitId":"jjtoh"},"content":"","lastModifiedDate":"2022-10-09"},{"lineNumber":59,"author":{"gitId":"jjtoh"},"content":"    }","lastModifiedDate":"2022-10-09"},{"lineNumber":60,"author":{"gitId":"jjtoh"},"content":"","lastModifiedDate":"2022-10-09"},{"lineNumber":61,"author":{"gitId":"jjtoh"},"content":"    private String[] retrieveBasicInfo(String response) throws JsonProcessingException {","lastModifiedDate":"2022-10-09"},{"lineNumber":62,"author":{"gitId":"jjtoh"},"content":"        String[] info \u003d new String[3];","lastModifiedDate":"2022-10-09"},{"lineNumber":63,"author":{"gitId":"jjtoh"},"content":"        ObjectMapper mapper \u003d new ObjectMapper();","lastModifiedDate":"2022-10-09"},{"lineNumber":64,"author":{"gitId":"jjtoh"},"content":"        JsonNode node \u003d mapper.readTree(response);","lastModifiedDate":"2022-10-09"},{"lineNumber":65,"author":{"gitId":"jjtoh"},"content":"        info[moduleCode] \u003d node.get(\"moduleCode\").asText();","lastModifiedDate":"2022-10-09"},{"lineNumber":66,"author":{"gitId":"jjtoh"},"content":"        info[moduleName] \u003d node.get(\"title\").asText();","lastModifiedDate":"2022-10-09"},{"lineNumber":67,"author":{"gitId":"jjtoh"},"content":"        info[moduleDescription] \u003d node.get(\"description\").asText();","lastModifiedDate":"2022-10-09"},{"lineNumber":68,"author":{"gitId":"jjtoh"},"content":"        return info;","lastModifiedDate":"2022-10-09"},{"lineNumber":69,"author":{"gitId":"jjtoh"},"content":"    }","lastModifiedDate":"2022-10-09"},{"lineNumber":70,"author":{"gitId":"jjtoh"},"content":"}","lastModifiedDate":"2022-10-09"}],"authorContributionMap":{"jjtoh":70}},{"path":"src/main/java/seedu/duke/module/Module.java","fileType":"functional-code","lines":[{"lineNumber":1,"author":{"gitId":"cheehengk"},"content":"package seedu.duke.module;","lastModifiedDate":"2022-10-04"},{"lineNumber":2,"author":{"gitId":"cheehengk"},"content":"","lastModifiedDate":"2022-10-04"},{"lineNumber":3,"author":{"gitId":"cheehengk"},"content":"public class Module {","lastModifiedDate":"2022-10-04"},{"lineNumber":4,"author":{"gitId":"cheehengk"},"content":"    private String moduleName;","lastModifiedDate":"2022-10-04"},{"lineNumber":5,"author":{"gitId":"cheehengk"},"content":"    private String moduleCode;","lastModifiedDate":"2022-10-04"},{"lineNumber":6,"author":{"gitId":"jjtoh"},"content":"    private String moduleDescription;","lastModifiedDate":"2022-10-09"},{"lineNumber":7,"author":{"gitId":"cheehengk"},"content":"","lastModifiedDate":"2022-10-04"},{"lineNumber":8,"author":{"gitId":"cheehengk"},"content":"    public String getModuleName() {","lastModifiedDate":"2022-10-04"},{"lineNumber":9,"author":{"gitId":"cheehengk"},"content":"        return moduleName;","lastModifiedDate":"2022-10-04"},{"lineNumber":10,"author":{"gitId":"cheehengk"},"content":"    }","lastModifiedDate":"2022-10-04"},{"lineNumber":11,"author":{"gitId":"cheehengk"},"content":"","lastModifiedDate":"2022-10-04"},{"lineNumber":12,"author":{"gitId":"cheehengk"},"content":"    public String getModuleCode() {","lastModifiedDate":"2022-10-04"},{"lineNumber":13,"author":{"gitId":"cheehengk"},"content":"        return moduleCode;","lastModifiedDate":"2022-10-04"},{"lineNumber":14,"author":{"gitId":"cheehengk"},"content":"    }","lastModifiedDate":"2022-10-04"},{"lineNumber":15,"author":{"gitId":"cheehengk"},"content":"","lastModifiedDate":"2022-10-04"},{"lineNumber":16,"author":{"gitId":"jjtoh"},"content":"    public String getModuleDescription() {","lastModifiedDate":"2022-10-09"},{"lineNumber":17,"author":{"gitId":"jjtoh"},"content":"        return moduleDescription;","lastModifiedDate":"2022-10-09"},{"lineNumber":18,"author":{"gitId":"jjtoh"},"content":"    }","lastModifiedDate":"2022-10-09"},{"lineNumber":19,"author":{"gitId":"jjtoh"},"content":"","lastModifiedDate":"2022-10-09"},{"lineNumber":20,"author":{"gitId":"jjtoh"},"content":"    public Module(String moduleCode, String moduleName, String moduleDescription) {","lastModifiedDate":"2022-10-09"},{"lineNumber":21,"author":{"gitId":"cheehengk"},"content":"        this.moduleCode \u003d moduleCode;","lastModifiedDate":"2022-10-04"},{"lineNumber":22,"author":{"gitId":"jjtoh"},"content":"        this.moduleName \u003d moduleName;","lastModifiedDate":"2022-10-09"},{"lineNumber":23,"author":{"gitId":"jjtoh"},"content":"        this.moduleDescription \u003d moduleDescription;","lastModifiedDate":"2022-10-09"},{"lineNumber":24,"author":{"gitId":"cheehengk"},"content":"    }","lastModifiedDate":"2022-10-04"},{"lineNumber":25,"author":{"gitId":"cheehengk"},"content":"","lastModifiedDate":"2022-10-04"},{"lineNumber":26,"author":{"gitId":"cheehengk"},"content":"    public String getModuleDetails() {","lastModifiedDate":"2022-10-04"},{"lineNumber":27,"author":{"gitId":"cheehengk"},"content":"        return this.getModuleCode() + \": \" + this.getModuleName();","lastModifiedDate":"2022-10-04"},{"lineNumber":28,"author":{"gitId":"cheehengk"},"content":"    }","lastModifiedDate":"2022-10-04"},{"lineNumber":29,"author":{"gitId":"jjtoh"},"content":"","lastModifiedDate":"2022-10-09"},{"lineNumber":30,"author":{"gitId":"jjtoh"},"content":"    @Override","lastModifiedDate":"2022-10-09"},{"lineNumber":31,"author":{"gitId":"jjtoh"},"content":"    public String toString() {","lastModifiedDate":"2022-10-09"},{"lineNumber":32,"author":{"gitId":"jjtoh"},"content":"        return moduleCode + \" : \" + moduleName;","lastModifiedDate":"2022-10-09"},{"lineNumber":33,"author":{"gitId":"jjtoh"},"content":"    }","lastModifiedDate":"2022-10-09"},{"lineNumber":34,"author":{"gitId":"cheehengk"},"content":"}","lastModifiedDate":"2022-10-04"}],"authorContributionMap":{"cheehengk":21,"jjtoh":13}},{"path":"src/test/java/seedu/duke/ParserTest.java","fileType":"test-code","lines":[{"lineNumber":1,"author":{"gitId":"cheehengk"},"content":"package seedu.duke;","lastModifiedDate":"2022-10-04"},{"lineNumber":2,"author":{"gitId":"cheehengk"},"content":"","lastModifiedDate":"2022-10-04"},{"lineNumber":3,"author":{"gitId":"cheehengk"},"content":"import org.junit.jupiter.api.Test;","lastModifiedDate":"2022-10-04"},{"lineNumber":4,"author":{"gitId":"cheehengk"},"content":"","lastModifiedDate":"2022-10-04"},{"lineNumber":5,"author":{"gitId":"cheehengk"},"content":"import static org.junit.jupiter.api.Assertions.assertEquals;","lastModifiedDate":"2022-10-04"},{"lineNumber":6,"author":{"gitId":"cheehengk"},"content":"","lastModifiedDate":"2022-10-04"},{"lineNumber":7,"author":{"gitId":"cheehengk"},"content":"class ParserTest {","lastModifiedDate":"2022-10-04"},{"lineNumber":8,"author":{"gitId":"cheehengk"},"content":"    Timetable timetable \u003d new Timetable();","lastModifiedDate":"2022-10-04"},{"lineNumber":9,"author":{"gitId":"cheehengk"},"content":"    String invalidCommand \u003d \"abcdefg\";","lastModifiedDate":"2022-10-04"},{"lineNumber":10,"author":{"gitId":"cheehengk"},"content":"    String exitCommand \u003d \"quit\";","lastModifiedDate":"2022-10-04"},{"lineNumber":11,"author":{"gitId":"cheehengk"},"content":"","lastModifiedDate":"2022-10-04"},{"lineNumber":12,"author":{"gitId":"cheehengk"},"content":"    @Test","lastModifiedDate":"2022-10-04"},{"lineNumber":13,"author":{"gitId":"cheehengk"},"content":"    void parseCommand_randomInvalidString_parsedCorrectly() {","lastModifiedDate":"2022-10-04"},{"lineNumber":14,"author":{"gitId":"cheehengk"},"content":"        assertEquals(\"Invalid Command!\", Parser.parseCommand(timetable, invalidCommand));","lastModifiedDate":"2022-10-04"},{"lineNumber":15,"author":{"gitId":"cheehengk"},"content":"    }","lastModifiedDate":"2022-10-04"},{"lineNumber":16,"author":{"gitId":"cheehengk"},"content":"","lastModifiedDate":"2022-10-04"},{"lineNumber":17,"author":{"gitId":"cheehengk"},"content":"    @Test","lastModifiedDate":"2022-10-04"},{"lineNumber":18,"author":{"gitId":"cheehengk"},"content":"    void parseCommand_exitCommand_parsedCorrectly() {","lastModifiedDate":"2022-10-04"},{"lineNumber":19,"author":{"gitId":"cheehengk"},"content":"        assertEquals(\"quit\", Parser.parseCommand(timetable, exitCommand));","lastModifiedDate":"2022-10-04"},{"lineNumber":20,"author":{"gitId":"cheehengk"},"content":"    }","lastModifiedDate":"2022-10-04"},{"lineNumber":21,"author":{"gitId":"cheehengk"},"content":"}","lastModifiedDate":"2022-10-04"}],"authorContributionMap":{"cheehengk":21}},{"path":"src/test/java/seedu/duke/TimetableTest.java","fileType":"test-code","lines":[{"lineNumber":1,"author":{"gitId":"cheehengk"},"content":"package seedu.duke;","lastModifiedDate":"2022-10-04"},{"lineNumber":2,"author":{"gitId":"cheehengk"},"content":"","lastModifiedDate":"2022-10-04"},{"lineNumber":3,"author":{"gitId":"cheehengk"},"content":"import org.junit.jupiter.api.Test;","lastModifiedDate":"2022-10-04"},{"lineNumber":4,"author":{"gitId":"cheehengk"},"content":"","lastModifiedDate":"2022-10-04"},{"lineNumber":5,"author":{"gitId":"cheehengk"},"content":"import static org.junit.jupiter.api.Assertions.assertEquals;","lastModifiedDate":"2022-10-04"},{"lineNumber":6,"author":{"gitId":"cheehengk"},"content":"","lastModifiedDate":"2022-10-04"},{"lineNumber":7,"author":{"gitId":"cheehengk"},"content":"class TimetableTest {","lastModifiedDate":"2022-10-04"},{"lineNumber":8,"author":{"gitId":"cheehengk"},"content":"    Timetable timetable \u003d new Timetable();","lastModifiedDate":"2022-10-04"},{"lineNumber":9,"author":{"gitId":"cheehengk"},"content":"","lastModifiedDate":"2022-10-04"},{"lineNumber":10,"author":{"gitId":"cheehengk"},"content":"    @Test","lastModifiedDate":"2022-10-04"},{"lineNumber":11,"author":{"gitId":"cheehengk"},"content":"    void listModules() {","lastModifiedDate":"2022-10-04"},{"lineNumber":12,"author":{"gitId":"jjtoh"},"content":"        timetable.addNewModule(\"CS2113\", \"SE and OOP\", \"Sample Description\");","lastModifiedDate":"2022-10-09"},{"lineNumber":13,"author":{"gitId":"jjtoh"},"content":"        timetable.addNewModule(\"CS2040\", \"DSA\", \"Sample Description\");","lastModifiedDate":"2022-10-09"},{"lineNumber":14,"author":{"gitId":"cheehengk"},"content":"        assertEquals(\"Here are your modules:\\n\"","lastModifiedDate":"2022-10-04"},{"lineNumber":15,"author":{"gitId":"cheehengk"},"content":"                + \"1. CS2113: SE and OOP\\n2. CS2040: DSA\\n\", timetable.listModules());","lastModifiedDate":"2022-10-04"},{"lineNumber":16,"author":{"gitId":"cheehengk"},"content":"    }","lastModifiedDate":"2022-10-04"},{"lineNumber":17,"author":{"gitId":"cheehengk"},"content":"}","lastModifiedDate":"2022-10-04"}],"authorContributionMap":{"cheehengk":15,"jjtoh":2}},{"path":"src/test/java/seedu/duke/module/ModuleTest.java","fileType":"test-code","lines":[{"lineNumber":1,"author":{"gitId":"cheehengk"},"content":"package seedu.duke.module;","lastModifiedDate":"2022-10-04"},{"lineNumber":2,"author":{"gitId":"cheehengk"},"content":"","lastModifiedDate":"2022-10-04"},{"lineNumber":3,"author":{"gitId":"cheehengk"},"content":"import org.junit.jupiter.api.Test;","lastModifiedDate":"2022-10-04"},{"lineNumber":4,"author":{"gitId":"cheehengk"},"content":"","lastModifiedDate":"2022-10-04"},{"lineNumber":5,"author":{"gitId":"cheehengk"},"content":"import static org.junit.jupiter.api.Assertions.assertEquals;","lastModifiedDate":"2022-10-04"},{"lineNumber":6,"author":{"gitId":"cheehengk"},"content":"","lastModifiedDate":"2022-10-04"},{"lineNumber":7,"author":{"gitId":"cheehengk"},"content":"class ModuleTest {","lastModifiedDate":"2022-10-04"},{"lineNumber":8,"author":{"gitId":"jjtoh"},"content":"    Module module \u003d new Module(\"CS2113\", \"SE \u0026 OOP\", \"Sample Description\");","lastModifiedDate":"2022-10-09"},{"lineNumber":9,"author":{"gitId":"cheehengk"},"content":"","lastModifiedDate":"2022-10-04"},{"lineNumber":10,"author":{"gitId":"cheehengk"},"content":"    @Test","lastModifiedDate":"2022-10-04"},{"lineNumber":11,"author":{"gitId":"cheehengk"},"content":"    void getModuleName_noInputs_correctName() {","lastModifiedDate":"2022-10-04"},{"lineNumber":12,"author":{"gitId":"cheehengk"},"content":"        assertEquals(\"SE \u0026 OOP\", module.getModuleName());","lastModifiedDate":"2022-10-04"},{"lineNumber":13,"author":{"gitId":"cheehengk"},"content":"    }","lastModifiedDate":"2022-10-04"},{"lineNumber":14,"author":{"gitId":"cheehengk"},"content":"","lastModifiedDate":"2022-10-04"},{"lineNumber":15,"author":{"gitId":"cheehengk"},"content":"    @Test","lastModifiedDate":"2022-10-04"},{"lineNumber":16,"author":{"gitId":"cheehengk"},"content":"    void getModuleCode_noInputs_correctCode() {","lastModifiedDate":"2022-10-04"},{"lineNumber":17,"author":{"gitId":"cheehengk"},"content":"        assertEquals(\"CS2113\", module.getModuleCode());","lastModifiedDate":"2022-10-04"},{"lineNumber":18,"author":{"gitId":"cheehengk"},"content":"    }","lastModifiedDate":"2022-10-04"},{"lineNumber":19,"author":{"gitId":"cheehengk"},"content":"","lastModifiedDate":"2022-10-04"},{"lineNumber":20,"author":{"gitId":"cheehengk"},"content":"    @Test","lastModifiedDate":"2022-10-04"},{"lineNumber":21,"author":{"gitId":"cheehengk"},"content":"    void getModuleDetails_noInputs_correctDetails() {","lastModifiedDate":"2022-10-04"},{"lineNumber":22,"author":{"gitId":"cheehengk"},"content":"        assertEquals(\"CS2113: SE \u0026 OOP\", module.getModuleDetails());","lastModifiedDate":"2022-10-04"},{"lineNumber":23,"author":{"gitId":"cheehengk"},"content":"    }","lastModifiedDate":"2022-10-04"},{"lineNumber":24,"author":{"gitId":"cheehengk"},"content":"}","lastModifiedDate":"2022-10-04"}],"authorContributionMap":{"cheehengk":23,"jjtoh":1}}]
