{"authorDailyContributionsMap":{"HT-T":[{"date":"2022-10-12","commitResults":[{"hash":"8a9bab3f4052bc8f6ab34d11a66a3299c42b263c","messageTitle":"added delete module function","messageBody":"","fileTypesAndContributionMap":{"functional-code":{"insertions":34,"deletions":1}}},{"hash":"41edb016ef0ecbfe713592279b88cd0ba37f93fe","messageTitle":"-added exception handling; -added text ui test","messageBody":"","fileTypesAndContributionMap":{"functional-code":{"insertions":16,"deletions":8}}},{"hash":"aebd35b0a4f1817f1ad430f42110f5b200f476de","messageTitle":"Update CommandDeleteModule.java","messageBody":"","fileTypesAndContributionMap":{"functional-code":{"insertions":3,"deletions":3}}},{"hash":"f2fe3436e28d0241ebd7fdbae668ca4f1cd359bb","messageTitle":"Update Duke.java","messageBody":"","fileTypesAndContributionMap":{"functional-code":{"insertions":1,"deletions":1}}},{"hash":"be39d3496611d97b1e932321a0236b4f78a7d72c","messageTitle":"no message","messageBody":"","fileTypesAndContributionMap":{"functional-code":{"insertions":1,"deletions":2}}}]},{"date":"2022-10-20","commitResults":[{"hash":"2839a849b4058638f6b8aa2d8b15f685c505cd3e","messageTitle":"no message","messageBody":"","fileTypesAndContributionMap":{"functional-code":{"insertions":57,"deletions":11}}},{"hash":"49b8bb6bcaed38318a797a955d148e636fb03c58","messageTitle":"no message","messageBody":"","fileTypesAndContributionMap":{"functional-code":{"insertions":5,"deletions":8}}},{"hash":"88bafe8d0201c7cedc9ad04ff94cb407b3ee347a","messageTitle":"no message","messageBody":"","fileTypesAndContributionMap":{"functional-code":{"insertions":1,"deletions":4}}},{"hash":"a152c3beec9a095d4ca4cfe3d9e4395528ba7801","messageTitle":"fixed bugs","messageBody":"","fileTypesAndContributionMap":{"functional-code":{"insertions":6,"deletions":5}}},{"hash":"8f0a30c7e9f9e4e6270952e73bd7ea8379f20e1b","messageTitle":"Added DG","messageBody":"","fileTypesAndContributionMap":{"docs":{"insertions":15,"deletions":0}}}]}],"cheehengk":[{"date":"2022-09-29","commitResults":[{"hash":"f08dd8b84af710c02e6dc66025b5e906a1831266","messageTitle":"Add name to about us","messageBody":"","fileTypesAndContributionMap":{"docs":{"insertions":7,"deletions":7}}}]},{"date":"2022-10-04","commitResults":[{"hash":"80179802bc222d93349777450aff9811cb8ff0ce","messageTitle":"Add basic commands add list and quit","messageBody":"","fileTypesAndContributionMap":{"functional-code":{"insertions":126,"deletions":11}}},{"hash":"ff85a92f3615838f86353915f5114243ead739c6","messageTitle":"Fix package naming conventions and test files","messageBody":"","fileTypesAndContributionMap":{"functional-code":{"insertions":4,"deletions":4},"other":{"insertions":2,"deletions":2}}},{"hash":"cbad802f434dd4d496a2eabeec7ec6681c81e8b4","messageTitle":"Add junit tests","messageBody":"","fileTypesAndContributionMap":{"test-code":{"insertions":62,"deletions":0}}},{"hash":"05ef13a79a77624e82e57281df57b02b120c286b","messageTitle":"Fix junit test import convention","messageBody":"","fileTypesAndContributionMap":{"test-code":{"insertions":3,"deletions":3}}}]},{"date":"2022-10-10","commitResults":[{"hash":"d91132267c907500a9fcb6faa9214df2988bc6cd","messageTitle":"Update add function to include lectures and tutorials","messageBody":"","fileTypesAndContributionMap":{"functional-code":{"insertions":238,"deletions":25},"other":{"insertions":1,"deletions":0},"test-code":{"insertions":16,"deletions":5}}}]},{"date":"2022-10-11","commitResults":[{"hash":"86ff23037ba1105a55bccddbac9b53786a720ab5","messageTitle":"Add module setting feature","messageBody":"","fileTypesAndContributionMap":{"functional-code":{"insertions":416,"deletions":48},"test-code":{"insertions":25,"deletions":7}}}]},{"date":"2022-10-18","commitResults":[{"hash":"423f655cc580326262a9472199d6b848eec1f183","messageTitle":"Add print timetable feature and UI class","messageBody":"","fileTypesAndContributionMap":{"functional-code":{"insertions":324,"deletions":144}}},{"hash":"51ff2c634ebc76ee6603906e41b92366e78aa598","messageTitle":"Update developer guide","messageBody":"","fileTypesAndContributionMap":{"docs":{"insertions":179,"deletions":4}}},{"hash":"ee1f95317fd2d8251f323f083463e93ad2d31fff","messageTitle":"Update parser test","messageBody":"","fileTypesAndContributionMap":{"test-code":{"insertions":2,"deletions":2}}}]},{"date":"2022-10-23","commitResults":[{"hash":"5ba78329b071cbedf62b452c4a4fdd15deb12265","messageTitle":"Fix missing multiple lecture slots","messageBody":"","fileTypesAndContributionMap":{"functional-code":{"insertions":42,"deletions":9}}},{"hash":"177a5e22697c42e21ac3442c4385aa014b45a4b5","messageTitle":"Fix problem with displaying set lesson options","messageBody":"","fileTypesAndContributionMap":{"functional-code":{"insertions":13,"deletions":22}}}]},{"date":"2022-10-24","commitResults":[{"hash":"d82db7e9331015f5e9e23292e1f77d7cd87a023c","messageTitle":"Fix problem with displaying set lesson options","messageBody":"","fileTypesAndContributionMap":{"functional-code":{"insertions":10,"deletions":29}}},{"hash":"dff3808954811b28d07a8721c78c133bd2162dbb","messageTitle":"Update user guide","messageBody":"","fileTypesAndContributionMap":{"docs":{"insertions":126,"deletions":23}}},{"hash":"5ac9204e0751af7b39b28fe394521082ac677410","messageTitle":"Fix load up lesson error","messageBody":"","fileTypesAndContributionMap":{"functional-code":{"insertions":4,"deletions":2}}}]}],"jjtoh":[{"date":"2022-09-29","commitResults":[{"hash":"059fb654ed8f4724ee62c04d7339da9a032fb8f4","messageTitle":"Update README.md","messageBody":"","fileTypesAndContributionMap":{"docs":{"insertions":2,"deletions":3}}},{"hash":"bb1c4ea8d4bd7524d3ff87ec0257df4316ac34ee","messageTitle":"Add Name to About Us","messageBody":"","fileTypesAndContributionMap":{"docs":{"insertions":7,"deletions":7}}}]},{"date":"2022-10-09","commitResults":[{"hash":"fafcd49ae557dbaaf057bb5123d4e739fb515ec8","messageTitle":"Add info function","messageBody":"Now the program can only run with valid NUS modules\n","fileTypesAndContributionMap":{"functional-code":{"insertions":142,"deletions":13},"other":{"insertions":1,"deletions":0},"test-code":{"insertions":3,"deletions":3}}},{"hash":"c9f3a6e2f6f730d4a2efadef75e368c19db29478","messageTitle":"Fix CI issues","messageBody":"","fileTypesAndContributionMap":{"functional-code":{"insertions":20,"deletions":18}}},{"hash":"e6182f70b5f674accb851970b0356944b33d4cce","messageTitle":"Fix Ubuntu CI issues","messageBody":"","fileTypesAndContributionMap":{"test-code":{"insertions":2,"deletions":2}}}]},{"date":"2022-10-20","commitResults":[{"hash":"87ed514941a0246f56a1a27c66857ea515daf10c","messageTitle":"Fix reading issue","messageBody":"Fix bug where different modules are using the same lessons during\nset\n","fileTypesAndContributionMap":{"functional-code":{"insertions":18,"deletions":21}}}]},{"date":"2022-10-21","commitResults":[{"hash":"ba35dfa1a4e0733acb556ae8622df68dcb30c971","messageTitle":"Fix gradle style issue","messageBody":"","fileTypesAndContributionMap":{"functional-code":{"insertions":7,"deletions":6}}},{"hash":"e5932e7b33f4b998518360553a3131342152c16f","messageTitle":"Add information into the developer guide","messageBody":"","fileTypesAndContributionMap":{"docs":{"insertions":20,"deletions":6}}},{"hash":"b75f5421dee70c8bc474739f3b1b3bf5577b7e2f","messageTitle":"Remove need for different lesson classes","messageBody":"Program can now run without the use of those classes\n","fileTypesAndContributionMap":{"functional-code":{"insertions":51,"deletions":148}}},{"hash":"9343c3849314c94fd15c092e20a6646b830718e6","messageTitle":"Fix gradle issues","messageBody":"","fileTypesAndContributionMap":{"functional-code":{"insertions":1,"deletions":1}}}]},{"date":"2022-10-24","commitResults":[{"hash":"86228a7bdbc39e06ebdff4dc43e524077401aa4e","messageTitle":"Fix indexing error","messageBody":"","fileTypesAndContributionMap":{"functional-code":{"insertions":13,"deletions":18},"test-code":{"insertions":3,"deletions":3}}}]}],"AaaaaronC":[{"date":"2022-09-29","commitResults":[{"hash":"47d05d383017cb6892c0162587bd13b7ec2b8053","messageTitle":"Add: name to AboutUs","messageBody":"","fileTypesAndContributionMap":{"docs":{"insertions":4,"deletions":4}}}]},{"date":"2022-10-12","commitResults":[{"hash":"6d267c3edb27c0c3b2d618660bc19e86a0c0dbf9","messageTitle":"Add: data saving features (load,save,set - delete not included)","messageBody":"","fileTypesAndContributionMap":{"functional-code":{"insertions":349,"deletions":18}}},{"hash":"ae5a0cbcc206f9b445c45a0e824a47471ce4cd88","messageTitle":"Fix: some coding standard violations","messageBody":"","fileTypesAndContributionMap":{"functional-code":{"insertions":22,"deletions":23}}},{"hash":"0c1c3dd368f603b8ca285e661e9d9938cd8df50f","messageTitle":"Fix: coding standard violations","messageBody":"","fileTypesAndContributionMap":{"functional-code":{"insertions":61,"deletions":36}}},{"hash":"4a3c7b15c9bf21f582b56745f659f8dcb9aeb442","messageTitle":"Fix: coding violations","messageBody":"","fileTypesAndContributionMap":{"functional-code":{"insertions":18,"deletions":18}}},{"hash":"4cdf568da74148a04acc3ad8147839d07fc7d27f","messageTitle":"Fix: indentation","messageBody":"","fileTypesAndContributionMap":{"functional-code":{"insertions":12,"deletions":12}}}]},{"date":"2022-10-17","commitResults":[{"hash":"2cad2ad5537f648318f7af523100ba825aa50c20","messageTitle":"Fix: Data saving for delete command","messageBody":"","fileTypesAndContributionMap":{"functional-code":{"insertions":626,"deletions":296}}},{"hash":"6b1373eb6b78d4b73b2f855e99df3a70e1607424","messageTitle":"Fix: gradle errors (1)","messageBody":"","fileTypesAndContributionMap":{"functional-code":{"insertions":1,"deletions":1}}}]},{"date":"2022-10-21","commitResults":[{"hash":"00e383e3210052b5dc1b1ca0a6a8ba5a00deb216","messageTitle":"Add: Brief description of Data component to DG","messageBody":"","fileTypesAndContributionMap":{"docs":{"insertions":21,"deletions":11}}}]},{"date":"2022-10-23","commitResults":[{"hash":"3d095bb2d18d88c1d2bbc2c5b2f2494c326a8370","messageTitle":"Add: Timetable dictionary and rough allocation algo","messageBody":"","fileTypesAndContributionMap":{"functional-code":{"insertions":161,"deletions":0}}},{"hash":"eb38680daff9216da56a5357ec0ea794fedd5672","messageTitle":"Fix: more merge conflicts","messageBody":"","fileTypesAndContributionMap":{"functional-code":{"insertions":2,"deletions":2}}},{"hash":"8bc8cd1bc581455cea000f9fb88ec4430a8896c4","messageTitle":"Fix: gradle errors","messageBody":"","fileTypesAndContributionMap":{"functional-code":{"insertions":29,"deletions":24}}},{"hash":"8d40472e295728bebe625d8ff7d4acc8336e4ccc","messageTitle":"Fix: gradle errors","messageBody":"","fileTypesAndContributionMap":{"functional-code":{"insertions":4,"deletions":6}}},{"hash":"c40906ecfa53a1a8974c450ab5a77dddae6517a6","messageTitle":"Fix: gradle errors","messageBody":"","fileTypesAndContributionMap":{"functional-code":{"insertions":2,"deletions":1}}}]}]},"authorFileTypeContributionMap":{"HT-T":{"docs":15,"functional-code":75,"test-code":0},"cheehengk":{"docs":301,"functional-code":850,"test-code":88,"other":1},"jjtoh":{"docs":18,"functional-code":175,"test-code":3,"other":1},"AaaaaronC":{"docs":13,"functional-code":765,"test-code":0}},"authorContributionVariance":{"HT-T":425.50424,"cheehengk":19266.225,"jjtoh":2436.353,"AaaaaronC":29543.566},"authorDisplayNameMap":{"HT-T":"CS2113-T17-3 HANG..TIAN","cheehengk":"CS2113-T17-3 KOH ..HENG","jjtoh":"CS2113-T17-3 JOHN.. JUN","AaaaaronC":"CS2113-T17-3 AARO.. ZHI"}}
