{"authorDailyContributionsMap":{"HT-T":[{"date":"2022-10-12","commitResults":[{"hash":"8a9bab3f4052bc8f6ab34d11a66a3299c42b263c","messageTitle":"added delete module function","messageBody":"","fileTypesAndContributionMap":{"functional-code":{"insertions":34,"deletions":1}}},{"hash":"41edb016ef0ecbfe713592279b88cd0ba37f93fe","messageTitle":"-added exception handling; -added text ui test","messageBody":"","fileTypesAndContributionMap":{"functional-code":{"insertions":16,"deletions":8}}},{"hash":"aebd35b0a4f1817f1ad430f42110f5b200f476de","messageTitle":"Update CommandDeleteModule.java","messageBody":"","fileTypesAndContributionMap":{"functional-code":{"insertions":3,"deletions":3}}},{"hash":"f2fe3436e28d0241ebd7fdbae668ca4f1cd359bb","messageTitle":"Update Duke.java","messageBody":"","fileTypesAndContributionMap":{"functional-code":{"insertions":1,"deletions":1}}},{"hash":"be39d3496611d97b1e932321a0236b4f78a7d72c","messageTitle":"no message","messageBody":"","fileTypesAndContributionMap":{"functional-code":{"insertions":1,"deletions":2}}}]}],"cheehengk":[{"date":"2022-09-29","commitResults":[{"hash":"f08dd8b84af710c02e6dc66025b5e906a1831266","messageTitle":"Add name to about us","messageBody":"","fileTypesAndContributionMap":{"docs":{"insertions":7,"deletions":7}}}]},{"date":"2022-10-04","commitResults":[{"hash":"80179802bc222d93349777450aff9811cb8ff0ce","messageTitle":"Add basic commands add list and quit","messageBody":"","fileTypesAndContributionMap":{"functional-code":{"insertions":126,"deletions":11}}},{"hash":"ff85a92f3615838f86353915f5114243ead739c6","messageTitle":"Fix package naming conventions and test files","messageBody":"","fileTypesAndContributionMap":{"functional-code":{"insertions":4,"deletions":4},"other":{"insertions":2,"deletions":2}}},{"hash":"cbad802f434dd4d496a2eabeec7ec6681c81e8b4","messageTitle":"Add junit tests","messageBody":"","fileTypesAndContributionMap":{"test-code":{"insertions":62,"deletions":0}}},{"hash":"05ef13a79a77624e82e57281df57b02b120c286b","messageTitle":"Fix junit test import convention","messageBody":"","fileTypesAndContributionMap":{"test-code":{"insertions":3,"deletions":3}}}]},{"date":"2022-10-10","commitResults":[{"hash":"d91132267c907500a9fcb6faa9214df2988bc6cd","messageTitle":"Update add function to include lectures and tutorials","messageBody":"","fileTypesAndContributionMap":{"functional-code":{"insertions":238,"deletions":25},"other":{"insertions":1,"deletions":0},"test-code":{"insertions":16,"deletions":5}}}]},{"date":"2022-10-11","commitResults":[{"hash":"86ff23037ba1105a55bccddbac9b53786a720ab5","messageTitle":"Add module setting feature","messageBody":"","fileTypesAndContributionMap":{"functional-code":{"insertions":416,"deletions":48},"test-code":{"insertions":25,"deletions":7}}}]}],"jjtoh":[{"date":"2022-09-29","commitResults":[{"hash":"059fb654ed8f4724ee62c04d7339da9a032fb8f4","messageTitle":"Update README.md","messageBody":"","fileTypesAndContributionMap":{"docs":{"insertions":2,"deletions":3}}},{"hash":"bb1c4ea8d4bd7524d3ff87ec0257df4316ac34ee","messageTitle":"Add Name to About Us","messageBody":"","fileTypesAndContributionMap":{"docs":{"insertions":7,"deletions":7}}}]},{"date":"2022-10-09","commitResults":[{"hash":"fafcd49ae557dbaaf057bb5123d4e739fb515ec8","messageTitle":"Add info function","messageBody":"Now the program can only run with valid NUS modules\n","fileTypesAndContributionMap":{"functional-code":{"insertions":142,"deletions":13},"other":{"insertions":1,"deletions":0},"test-code":{"insertions":3,"deletions":3}}},{"hash":"c9f3a6e2f6f730d4a2efadef75e368c19db29478","messageTitle":"Fix CI issues","messageBody":"","fileTypesAndContributionMap":{"functional-code":{"insertions":20,"deletions":18}}},{"hash":"e6182f70b5f674accb851970b0356944b33d4cce","messageTitle":"Fix Ubuntu CI issues","messageBody":"","fileTypesAndContributionMap":{"test-code":{"insertions":2,"deletions":2}}}]}],"AaaaaronC":[{"date":"2022-09-29","commitResults":[{"hash":"47d05d383017cb6892c0162587bd13b7ec2b8053","messageTitle":"Add: name to AboutUs","messageBody":"","fileTypesAndContributionMap":{"docs":{"insertions":4,"deletions":4}}}]},{"date":"2022-10-12","commitResults":[{"hash":"6d267c3edb27c0c3b2d618660bc19e86a0c0dbf9","messageTitle":"Add: data saving features (load,save,set - delete not included)","messageBody":"","fileTypesAndContributionMap":{"functional-code":{"insertions":349,"deletions":18}}},{"hash":"ae5a0cbcc206f9b445c45a0e824a47471ce4cd88","messageTitle":"Fix: some coding standard violations","messageBody":"","fileTypesAndContributionMap":{"functional-code":{"insertions":22,"deletions":23}}},{"hash":"0c1c3dd368f603b8ca285e661e9d9938cd8df50f","messageTitle":"Fix: coding standard violations","messageBody":"","fileTypesAndContributionMap":{"functional-code":{"insertions":61,"deletions":36}}},{"hash":"4a3c7b15c9bf21f582b56745f659f8dcb9aeb442","messageTitle":"Fix: coding violations","messageBody":"","fileTypesAndContributionMap":{"functional-code":{"insertions":18,"deletions":18}}},{"hash":"4cdf568da74148a04acc3ad8147839d07fc7d27f","messageTitle":"Fix: indentation","messageBody":"","fileTypesAndContributionMap":{"functional-code":{"insertions":12,"deletions":12}}}]}]},"authorFileTypeContributionMap":{"HT-T":{"docs":0,"functional-code":41,"test-code":0},"cheehengk":{"docs":2,"functional-code":704,"test-code":91,"other":1},"jjtoh":{"docs":3,"functional-code":125,"test-code":0,"other":1},"AaaaaronC":{"docs":1,"functional-code":365,"test-code":0}},"authorContributionVariance":{"HT-T":174.75996,"cheehengk":12466.473,"jjtoh":1486.4883,"AaaaaronC":11536.826},"authorDisplayNameMap":{"HT-T":"CS2113-T17-3 HANG..TIAN","cheehengk":"CS2113-T17-3 KOH ..HENG","jjtoh":"CS2113-T17-3 JOHN.. JUN","AaaaaronC":"CS2113-T17-3 AARO.. ZHI"}}
