{"authorDailyContributionsMap":{"morbenami1":[{"date":"2022-09-30","commitResults":[{"hash":"42295ac22b1bcf34892d6eecddf6f6c0e3b57c65","messageTitle":"simple commit","messageBody":"","fileTypesAndContributionMap":{"docs":{"insertions":7,"deletions":7}}}]},{"date":"2022-10-04","commitResults":[{"hash":"58ec7a870c4d8e6a3f02df2493ec10d74c744f41","messageTitle":"skeleton, add patient and main menu","messageBody":"","fileTypesAndContributionMap":{"functional-code":{"insertions":189,"deletions":12}}},{"hash":"11519dc383ee02d7b9fae52735242f5b6038dcd6","messageTitle":"fixes errors","messageBody":"","fileTypesAndContributionMap":{"functional-code":{"insertions":10,"deletions":9}}},{"hash":"364cea6e52017473ad7c1fef7891340e02116294","messageTitle":"changes","messageBody":"","fileTypesAndContributionMap":{"functional-code":{"insertions":2,"deletions":9},"other":{"insertions":1,"deletions":1}}},{"hash":"4c783171f64e2a37d3ed33cab4893f57edd923e4","messageTitle":"syntax","messageBody":"","fileTypesAndContributionMap":{"functional-code":{"insertions":20,"deletions":11}}},{"hash":"8dc8f8351bbf13573cf517fbbbb9b7361746f546","messageTitle":"syntax","messageBody":"","fileTypesAndContributionMap":{"functional-code":{"insertions":24,"deletions":17}}},{"hash":"74bfb355fea50d26dd591f58836725cc25e8d912","messageTitle":"syntax","messageBody":"","fileTypesAndContributionMap":{"functional-code":{"insertions":36,"deletions":34}}},{"hash":"3b88a3b9a59aadf65b33a99d532cdd4440768ed5","messageTitle":"syntax","messageBody":"","fileTypesAndContributionMap":{"functional-code":{"insertions":9,"deletions":12}}},{"hash":"7cdbd535e0ac6199819a4bff34df0212a220debd","messageTitle":"syntax","messageBody":"","fileTypesAndContributionMap":{"functional-code":{"insertions":4,"deletions":9}}},{"hash":"365b5bcfcbc24a965b0043c3a38b67f472033cbe","messageTitle":"read duke","messageBody":"","fileTypesAndContributionMap":{"functional-code":{"insertions":21,"deletions":1}}}]},{"date":"2022-10-06","commitResults":[{"hash":"27ef5ef5c95dd39f82845744e6242c8882a69db9","messageTitle":"name changes","messageBody":"","fileTypesAndContributionMap":{"functional-code":{"insertions":11,"deletions":12}}}]},{"date":"2022-10-21","commitResults":[{"hash":"edde5bb2dfc9e7461a9f15144936e40a3791b532","messageTitle":"add Prescription DeveloperGuide","messageBody":"","fileTypesAndContributionMap":{"docs":{"insertions":14,"deletions":0}}}]}],"RiaVora":[{"date":"2022-10-10","commitResults":[{"hash":"76c4956733f2fb34b64cd9212a951528d0cca35e","messageTitle":"Updated Parser to include a patientparser for handling user input","messageBody":"","fileTypesAndContributionMap":{"functional-code":{"insertions":101,"deletions":3}}},{"hash":"2b8bf08f25f150dd687a27130fcca01126dc79a9","messageTitle":"Cleaned up checkstyle issues","messageBody":"","fileTypesAndContributionMap":{"functional-code":{"insertions":19,"deletions":16}}},{"hash":"6eac2974f2c3d2333386e21083b6ace71d52428f","messageTitle":"Fixed accidental + sign","messageBody":"","fileTypesAndContributionMap":{"functional-code":{"insertions":1,"deletions":1}}},{"hash":"2c92e7c78810e2a515cdfa3ba77610759577bba3","messageTitle":"Fixed an issue with using an incorrect comment","messageBody":"","fileTypesAndContributionMap":{"functional-code":{"insertions":1,"deletions":1}}},{"hash":"6f95a8a81f8c5bbea7eea51a5b620d85147a7ffb","messageTitle":"Created a visitParser","messageBody":"","fileTypesAndContributionMap":{"functional-code":{"insertions":45,"deletions":3}}},{"hash":"9784e7f7f337606ec242f644ac4b8fe3035aa62f","messageTitle":"fixed a line that was too long","messageBody":"","fileTypesAndContributionMap":{"functional-code":{"insertions":2,"deletions":1}}},{"hash":"6831362fbc963d5ca36c09ca09c0ee21207a2bcf","messageTitle":"Commiting with comments to pull changes","messageBody":"","fileTypesAndContributionMap":{"functional-code":{"insertions":84,"deletions":4}}},{"hash":"e997affbb98165f6154dbe97072db011b3da8b36","messageTitle":"Created a prescriptionParser","messageBody":"","fileTypesAndContributionMap":{"functional-code":{"insertions":84,"deletions":90}}},{"hash":"45d003b6b33a82d33f476c412437ada4eb14b781","messageTitle":"Updated prescription tests","messageBody":"","fileTypesAndContributionMap":{"test-code":{"insertions":11,"deletions":11}}},{"hash":"10ed36c5125c8c2968f7dfbc7b3b6883b4daca8a","messageTitle":"updated some testing for kasey to fix","messageBody":"","fileTypesAndContributionMap":{"test-code":{"insertions":33,"deletions":33}}},{"hash":"88a0c30c6d789957508229799f76fb1cd120a0de","messageTitle":"fixed an incorrect comment","messageBody":"","fileTypesAndContributionMap":{"functional-code":{"insertions":0,"deletions":1}}}]},{"date":"2022-10-12","commitResults":[{"hash":"5a5e7438ef8415927f43c13927597d8bada6fe43","messageTitle":"updated nulls to empty strings","messageBody":"","fileTypesAndContributionMap":{"functional-code":{"insertions":3,"deletions":3}}},{"hash":"63fe948b48d5d50f702ff09d5609dacb3be417dd","messageTitle":"changed retroactive Patient nulls to strings","messageBody":"","fileTypesAndContributionMap":{"functional-code":{"insertions":3,"deletions":3}}},{"hash":"6ca1fd10aa9141b5b03a4b07e24ca9209e990e8c","messageTitle":"updated each menu option to terminate with bye or exit","messageBody":"","fileTypesAndContributionMap":{"functional-code":{"insertions":20,"deletions":2}}},{"hash":"da16098ffcbe54407aec2cc32a60296493066833","messageTitle":"added a view option to each parser","messageBody":"","fileTypesAndContributionMap":{"functional-code":{"insertions":12,"deletions":3}}},{"hash":"391c16accf16eecce4b1db8cd7a96b383a320d7a","messageTitle":"fixed an issue with switch cases","messageBody":"","fileTypesAndContributionMap":{"functional-code":{"insertions":6,"deletions":6}}}]},{"date":"2022-10-19","commitResults":[{"hash":"087681cc2acc526d0ee7537e252fc4c0af85d5f2","messageTitle":"added formatting particulars for regex","messageBody":"","fileTypesAndContributionMap":{"functional-code":{"insertions":64,"deletions":28}}},{"hash":"fb13909e41a357a2db7b57099dfc1632e48d0b75","messageTitle":"shortened lines that were too long","messageBody":"","fileTypesAndContributionMap":{"functional-code":{"insertions":6,"deletions":3}}},{"hash":"a673a9a0315a8421462d48e6bf6434641b3dfbd9","messageTitle":"fixed formatting issue","messageBody":"","fileTypesAndContributionMap":{"functional-code":{"insertions":1,"deletions":1}}},{"hash":"f33a35ac8e6b228bdac5845e135c63fb51db72d6","messageTitle":"updated tests to match new formatting","messageBody":"","fileTypesAndContributionMap":{"functional-code":{"insertions":3,"deletions":2}}},{"hash":"ec2ca62f7758bd13184d5e9e76da59a05c28d7cc","messageTitle":"Updated parser with new view visit functions","messageBody":"","fileTypesAndContributionMap":{"functional-code":{"insertions":27,"deletions":1}}},{"hash":"658b75d055f1acda31dcccf75a84c94a18c1e924","messageTitle":"added a space for formatting","messageBody":"","fileTypesAndContributionMap":{"functional-code":{"insertions":1,"deletions":1}}},{"hash":"ab3a0fa08b7a4c5e77a90cddd87b12b1b65184eb","messageTitle":"added view methods to parser for prescriptions","messageBody":"","fileTypesAndContributionMap":{"functional-code":{"insertions":69,"deletions":3}}},{"hash":"62317e711c469f896963fe029c73d5302af5e6c1","messageTitle":"updated the Parser to accept prescription view methods and edited a few parsers","messageBody":"","fileTypesAndContributionMap":{"functional-code":{"insertions":45,"deletions":32}}},{"hash":"93ef594ae0f365acea2ecf096e7cc903d3e8b89a","messageTitle":"changed too long lines","messageBody":"","fileTypesAndContributionMap":{"functional-code":{"insertions":4,"deletions":2}}}]},{"date":"2022-10-21","commitResults":[{"hash":"cf5f2902fc54afd4fa607944a1267fc24d346e74","messageTitle":"updated DG to include parser-specific explanation","messageBody":"","fileTypesAndContributionMap":{"docs":{"insertions":11,"deletions":1}}},{"hash":"98cee2496cdbd6a0af38d5b42604987e4bd8ecb2","messageTitle":"updated Parser to contain asserts","messageBody":"","fileTypesAndContributionMap":{"functional-code":{"insertions":7,"deletions":0}}},{"hash":"26394ca9cbcc0cfc1672c71b4c91fdc6435a2a24","messageTitle":"changed variable names that were incorrect to fix bug","messageBody":"","fileTypesAndContributionMap":{"functional-code":{"insertions":3,"deletions":3}}},{"hash":"18b12dbccffbdaa698cd6757caa8eaacfa7645f4","messageTitle":"added parsing checks for main method and patient methods","messageBody":"","fileTypesAndContributionMap":{"test-code":{"insertions":79,"deletions":0}}},{"hash":"c31d1bd623479748c012d3478030eb783e18000e","messageTitle":"added more tests for patients, visits, and prescriptions","messageBody":"","fileTypesAndContributionMap":{"test-code":{"insertions":145,"deletions":16}}},{"hash":"c6d0cd4a6d66182b80419140d21fee0fc579168b","messageTitle":"updated parser test to remove bad comments","messageBody":"","fileTypesAndContributionMap":{"test-code":{"insertions":9,"deletions":5}}}]}],"kaseykwok":[{"date":"2022-09-30","commitResults":[{"hash":"ee87cb75f4e23a15750101094235eaf8a0c8d315","messageTitle":"Update README.md","messageBody":"","fileTypesAndContributionMap":{"docs":{"insertions":1,"deletions":1}}},{"hash":"c57c30d5b0c18b432bf307b987c4783b845928cf","messageTitle":"Add Kasey Kwok to AboutUs.md","messageBody":"","fileTypesAndContributionMap":{"docs":{"insertions":1,"deletions":0}}}]},{"date":"2022-10-06","commitResults":[{"hash":"e35caf4aaedb54ad6b4d93998887be9c38b3d4cb","messageTitle":"Add PrescriptionList class and constructors for Prescription","messageBody":"","fileTypesAndContributionMap":{"functional-code":{"insertions":38,"deletions":3}}},{"hash":"4f0da9cdeb6bca1ba933d139cebcce16769faf1d","messageTitle":"Change Prescription dosage to String, rename prescriptions in Patient","messageBody":"","fileTypesAndContributionMap":{"functional-code":{"insertions":14,"deletions":10},"other":{"insertions":0,"deletions":2}}},{"hash":"c114e3d5c339a6fca858f6e11cf9e02a067a922c","messageTitle":"Set isActive setter to public","messageBody":"","fileTypesAndContributionMap":{"functional-code":{"insertions":2,"deletions":2}}},{"hash":"08136fd58458415e75943db3288fdc888ab34366","messageTitle":"Changed patientId to String","messageBody":"","fileTypesAndContributionMap":{"functional-code":{"insertions":5,"deletions":5}}}]},{"date":"2022-10-09","commitResults":[{"hash":"e8c45134d0c4085c760f7829edd3a46aa867f6fd","messageTitle":"Add viewAll and related functions  for prescription list","messageBody":"","fileTypesAndContributionMap":{"functional-code":{"insertions":45,"deletions":3}}},{"hash":"ba6d352eb3ed0d8f70753eafb520db0999f4f7ec","messageTitle":"Add JUnit test for PrescriptionList","messageBody":"","fileTypesAndContributionMap":{"test-code":{"insertions":95,"deletions":0}}},{"hash":"d6b91c9687f5a60cd04430ad2e27dcaf416f9211","messageTitle":"Reset OutputStream after each JUnit test","messageBody":"","fileTypesAndContributionMap":{"test-code":{"insertions":1,"deletions":0}}},{"hash":"dde7ff90e0f2ed8207e53ddaa619c4371c3a9bb8","messageTitle":"Replace \\n with lineSeparator to fix platform dependent error","messageBody":"","fileTypesAndContributionMap":{"functional-code":{"insertions":5,"deletions":5},"test-code":{"insertions":20,"deletions":20}}}]},{"date":"2022-10-10","commitResults":[{"hash":"2b128303a029ff68c74ef7cede946c693014a030","messageTitle":"Switch the sequence of parameters as the command","messageBody":"","fileTypesAndContributionMap":{"functional-code":{"insertions":9,"deletions":9},"test-code":{"insertions":9,"deletions":9}}},{"hash":"6fd41b5e5fe17eb0145579c4b6687e20b433582c","messageTitle":"Support edit prescription, add index in view all prescriptions","messageBody":"* Support edit prescription\n* Show prescription number when view all\n* Add JUnit test for edit in PrescriptionList class\n* Rearraninging formal signature of Prescription class to match with user command\n","fileTypesAndContributionMap":{"functional-code":{"insertions":36,"deletions":4},"test-code":{"insertions":51,"deletions":2}}},{"hash":"49f2efa80f0a8688396dd5141b959707e2d22c35","messageTitle":"Changed timeInterval to String, changed viewing format","messageBody":"","fileTypesAndContributionMap":{"functional-code":{"insertions":10,"deletions":14},"test-code":{"insertions":18,"deletions":17}}}]},{"date":"2022-10-12","commitResults":[{"hash":"ade49b3d6518c2eeb0a6d6b2991d535d17036a15","messageTitle":"Print acknowledgement messages for prescription operation","messageBody":"","fileTypesAndContributionMap":{"functional-code":{"insertions":41,"deletions":11},"test-code":{"insertions":79,"deletions":12}}}]},{"date":"2022-10-13","commitResults":[{"hash":"0244a248d56053ad4ac93b28ab75f005dbbf927d","messageTitle":"Code style fix and refactoring UI class","messageBody":"","fileTypesAndContributionMap":{"functional-code":{"insertions":29,"deletions":7}}},{"hash":"f854000b0fcb214d7bf92fc4215d425d091a9e1f","messageTitle":"Restructure the parser functions to allow go back to main menu","messageBody":"","fileTypesAndContributionMap":{"functional-code":{"insertions":184,"deletions":129}}},{"hash":"06c79f25ed8de7e2bc443748cb5c5ea904a1ca0c","messageTitle":"Combined Messages and UI class to UI class and refactor some UI outputs","messageBody":"","fileTypesAndContributionMap":{"functional-code":{"insertions":222,"deletions":198},"test-code":{"insertions":15,"deletions":14}}},{"hash":"c92645fa01c4c3d297cc9376e3194a941477aae3","messageTitle":"Update JUnit test of PateintList","messageBody":"","fileTypesAndContributionMap":{"test-code":{"insertions":10,"deletions":9}}},{"hash":"d5d1d079eb18ba6e1105460c412e441c235eb33f","messageTitle":"Add assertions for Prescriptions List","messageBody":"","fileTypesAndContributionMap":{"functional-code":{"insertions":12,"deletions":0}}},{"hash":"6f2be2f85d0fcae372f3d1ef97c823a7a140f1c5","messageTitle":"Align formats for sub menus","messageBody":"","fileTypesAndContributionMap":{"functional-code":{"insertions":22,"deletions":12}}},{"hash":"0fb8f054fbefff9219c5d08a1715b38e3e3babac","messageTitle":"Align ToString and print list in Patient, Prescription and Visit class","messageBody":"","fileTypesAndContributionMap":{"functional-code":{"insertions":15,"deletions":18},"test-code":{"insertions":71,"deletions":71}}},{"hash":"ffce46ada36f8a4809052fdf16ad580740876ec2","messageTitle":"Check style fixes","messageBody":"","fileTypesAndContributionMap":{"functional-code":{"insertions":1,"deletions":1}}}]},{"date":"2022-10-18","commitResults":[{"hash":"a374d567eec82f0cd68ddecba2e16ef362304a02","messageTitle":"Enable assertion in gradle","messageBody":"","fileTypesAndContributionMap":{"other":{"insertions":1,"deletions":0}}}]},{"date":"2022-10-20","commitResults":[{"hash":"bb12c58b804648405bcd1254704df05ca43be0aa","messageTitle":"Add view specific patient and his/her active prescriptions","messageBody":"","fileTypesAndContributionMap":{"functional-code":{"insertions":44,"deletions":1},"test-code":{"insertions":4,"deletions":4}}},{"hash":"517f6c893b21dfdb081b3f46db1d59e10ea61a3c","messageTitle":"Fix Parser class for view 1 patient\u0027s prescriptions or active prescriptions","messageBody":"","fileTypesAndContributionMap":{"functional-code":{"insertions":3,"deletions":3}}},{"hash":"79b1ce2b121f9731b1ee1158306ba8e5f972b944","messageTitle":"Change edit prescription to set inactive and add new prescription","messageBody":"","fileTypesAndContributionMap":{"functional-code":{"insertions":8,"deletions":12}}},{"hash":"ad44dbc5a50847bcfa4645abe8a262d861629e17","messageTitle":"Add output message when no prescriptions exist for the specific patient","messageBody":"","fileTypesAndContributionMap":{"functional-code":{"insertions":26,"deletions":4}}},{"hash":"68ad82608b45b3f02a339c212c13a17a9b40a933","messageTitle":"Enable changing prescription status","messageBody":"","fileTypesAndContributionMap":{"functional-code":{"insertions":65,"deletions":7}}},{"hash":"75790200ddd4271d2397132bfa5b35de34b792ce","messageTitle":"Fix merge conflicts","messageBody":"","fileTypesAndContributionMap":{"functional-code":{"insertions":2,"deletions":0}}},{"hash":"99d68dae2db7936fe66f060c533c84a354cfd979","messageTitle":"Rename activate and deactivate function name","messageBody":"","fileTypesAndContributionMap":{"functional-code":{"insertions":15,"deletions":15}}}]},{"date":"2022-10-21","commitResults":[{"hash":"7d86f12c99a352a844da68f707b848c4488e5b9b","messageTitle":"Set up a diagrams directory","messageBody":"","fileTypesAndContributionMap":{"docs":{"insertions":7,"deletions":0}}},{"hash":"f519d5d0944a8360fd266717e22c09ab61f69236","messageTitle":"Draft the prescription list class diagram","messageBody":"","fileTypesAndContributionMap":{"docs":{"insertions":20,"deletions":0}}},{"hash":"26c3f8fb1a99e5ce014003a87b1b949c7a4a1095","messageTitle":"Write brief description of prescription list component","messageBody":"","fileTypesAndContributionMap":{"docs":{"insertions":28,"deletions":0}}}]}],"dhanish265":[{"date":"2022-09-30","commitResults":[{"hash":"2e6bc140c9787479fd2f4ee53dafe594c920e02b","messageTitle":"add test code","messageBody":"","fileTypesAndContributionMap":{"docs":{"insertions":7,"deletions":7}}}]},{"date":"2022-10-06","commitResults":[{"hash":"5717e5f689ee52826484fff43ae19d04b697125a","messageTitle":"fix bugs that prevent OneDoc from starting","messageBody":"","fileTypesAndContributionMap":{"functional-code":{"insertions":5,"deletions":1},"other":{"insertions":1,"deletions":1}}},{"hash":"650524f762c1fd796be09a5b700fe3408e06d935","messageTitle":"delete Duke and related packages from project","messageBody":"","fileTypesAndContributionMap":{"functional-code":{"insertions":0,"deletions":21}}},{"hash":"4c567198959181f4d7675ff4ae58abc3de183e2e","messageTitle":"restructure patientList class by making variables and methods non-static","messageBody":"","fileTypesAndContributionMap":{"functional-code":{"insertions":7,"deletions":3}}},{"hash":"7a9d06c9ea62ce33b163f7ad2bc488316bf4588d","messageTitle":"Add PrintLine feature","messageBody":"","fileTypesAndContributionMap":{"functional-code":{"insertions":8,"deletions":0}}},{"hash":"d6565c89ffa73ea36d4c7f56cdc9bf4fc93cae7a","messageTitle":"Replace unicode escape character with standard character","messageBody":"","fileTypesAndContributionMap":{"functional-code":{"insertions":1,"deletions":1}}},{"hash":"53ec6a97358a080cdccd360db8d74ca461f4a373","messageTitle":"Add the functionality of viewing all patients","messageBody":"","fileTypesAndContributionMap":{"functional-code":{"insertions":39,"deletions":1}}},{"hash":"0a7181d089f9a7731ac15a59f6ddbab0b190dd0c","messageTitle":"Changed ID from autogenerated to user-supplied","messageBody":"","fileTypesAndContributionMap":{"functional-code":{"insertions":6,"deletions":6}}},{"hash":"06a806a20766bb35e4dfa462a29e32dafd88df1c","messageTitle":"Add features to retrieve and print out the details of a patient given an ID","messageBody":"","fileTypesAndContributionMap":{"functional-code":{"insertions":27,"deletions":0}}},{"hash":"473cd093595444630c0aad6745c285429463578f","messageTitle":"Add functions to modify patient details given their ID and new details","messageBody":"","fileTypesAndContributionMap":{"functional-code":{"insertions":44,"deletions":0}}}]},{"date":"2022-10-07","commitResults":[{"hash":"958d8dd63ddc672e6b5f35e51d783755ddc8a909","messageTitle":"Add a skeletal UI class","messageBody":"","fileTypesAndContributionMap":{"functional-code":{"insertions":10,"deletions":0}}}]},{"date":"2022-10-12","commitResults":[{"hash":"47a7fa111574ce4ac29d8dfcdb3ab04427e8340e","messageTitle":"Add messages to be printed out when patient menu is selected, patient is added or edited.","messageBody":"","fileTypesAndContributionMap":{"functional-code":{"insertions":29,"deletions":5}}},{"hash":"b9484cf9a643e6d6579569583866d4fe09c9bb74","messageTitle":"Fix CheckStyle Bug","messageBody":"","fileTypesAndContributionMap":{"functional-code":{"insertions":2,"deletions":1}}},{"hash":"72dd3d372f122cd376819843b6363dc07bb27717","messageTitle":"Split print statement into 2 statements","messageBody":"","fileTypesAndContributionMap":{"functional-code":{"insertions":2,"deletions":2}}},{"hash":"89271e7c39ead68a8b9fe6a676f07ff54fdf81ae","messageTitle":"Fix a few output format errors and test files","messageBody":"","fileTypesAndContributionMap":{"functional-code":{"insertions":1,"deletions":3}}}]},{"date":"2022-10-13","commitResults":[{"hash":"12760d29b41e0eea106d5d5f00effd79d9198c8c","messageTitle":"Add some simple JUnit tests to test some functionality in PatientList class","messageBody":"","fileTypesAndContributionMap":{"test-code":{"insertions":74,"deletions":0}}},{"hash":"009aa05385c7192f8365f972987c5f12e7aaa955","messageTitle":"Seperate findPatient testing into 2 seperate methods.","messageBody":"","fileTypesAndContributionMap":{"test-code":{"insertions":6,"deletions":1}}},{"hash":"53ac476657428b5881c543209e99c7a76dde7131","messageTitle":"Break up assertion import statement into several statements","messageBody":"","fileTypesAndContributionMap":{"test-code":{"insertions":5,"deletions":1}}}]},{"date":"2022-10-21","commitResults":[{"hash":"12468481763b7d6c986a8e5c833a2f4f7fac984b","messageTitle":"Add description about Patient and PatientList classes in Developer Guide","messageBody":"","fileTypesAndContributionMap":{"docs":{"insertions":24,"deletions":1}}}]}],"karthikstar":[{"date":"2022-10-09","commitResults":[{"hash":"68fb270681b681a21eee28d3440a825c9bac7cfd","messageTitle":"Add functions to add patient visit","messageBody":"","fileTypesAndContributionMap":{"functional-code":{"insertions":47,"deletions":3}}},{"hash":"f0e958371e63dacbb7aa9f35627b5add155ce254","messageTitle":"Fix gradle issues","messageBody":"","fileTypesAndContributionMap":{"functional-code":{"insertions":6,"deletions":3}}},{"hash":"f7c92d3ed0292a081faa87a20355725a226d954c","messageTitle":"Add new class and functions to add/edit reason for visit","messageBody":"","fileTypesAndContributionMap":{"functional-code":{"insertions":27,"deletions":0}}},{"hash":"886b6c0404b8d932327a5ca1f7ee7afd09b4d3b8","messageTitle":"Update OneDoc.java and Patient.java, to integrate VisitList class","messageBody":"","fileTypesAndContributionMap":{"functional-code":{"insertions":6,"deletions":4}}},{"hash":"ae810f999b594eea0c94255ed88d2ea05e744adb","messageTitle":"Add viewAll method to view all patient visits","messageBody":"","fileTypesAndContributionMap":{"functional-code":{"insertions":33,"deletions":0}}},{"hash":"35f39ab0fa17cd4a7749a962513a574ef9bdd61d","messageTitle":"Fix gradle issues","messageBody":"","fileTypesAndContributionMap":{"functional-code":{"insertions":4,"deletions":2}}}]},{"date":"2022-10-13","commitResults":[{"hash":"f946fb0f914b47aae57e4e041421989ba7f95237","messageTitle":"Add messages to be printed when visit menu is selected, visit is added or visit reason is edited","messageBody":"","fileTypesAndContributionMap":{"functional-code":{"insertions":38,"deletions":6}}},{"hash":"574361fbab13841a3dd77ee4287ab2fa9f58872f","messageTitle":"Fix gradle issues","messageBody":"","fileTypesAndContributionMap":{"functional-code":{"insertions":2,"deletions":1}}},{"hash":"901d1f71ae85ca30fa7093c3c9fc07d36af878bb","messageTitle":"Add minor tweaks to clean up code and add todo for future version","messageBody":"","fileTypesAndContributionMap":{"functional-code":{"insertions":2,"deletions":1}}}]},{"date":"2022-10-18","commitResults":[{"hash":"782fe039659282c57f2b4d8e2409c8b8abb4c78c","messageTitle":"Add viewing all patient\u0027s visits functionality","messageBody":"","fileTypesAndContributionMap":{"functional-code":{"insertions":23,"deletions":0}}}]},{"date":"2022-10-21","commitResults":[{"hash":"0b4e0fb3fc8f64efbd0eb49ca1ece9a2e59163a2","messageTitle":"Edited Developer Guide for VisitList Component","messageBody":"","fileTypesAndContributionMap":{"docs":{"insertions":8,"deletions":0}}}]},{"date":"2022-10-22","commitResults":[{"hash":"14a3ee0b6b1e029454eca874e4600904cf6117b0","messageTitle":"Added viewVisit function, modified viewPatient function","messageBody":"","fileTypesAndContributionMap":{"functional-code":{"insertions":17,"deletions":3}}},{"hash":"aea222ff7534c47e7641cb330847d12393a8272a","messageTitle":"Fix gradle issues","messageBody":"","fileTypesAndContributionMap":{"functional-code":{"insertions":3,"deletions":3}}},{"hash":"5f2ca79756e5ef42c8b72746d47e9c66db63f05f","messageTitle":"Edit DG for VisitList","messageBody":"","fileTypesAndContributionMap":{"docs":{"insertions":11,"deletions":2}}}]}]},"authorFileTypeContributionMap":{"morbenami1":{"docs":14,"functional-code":110,"test-code":1},"RiaVora":{"docs":10,"functional-code":373,"test-code":212},"kaseykwok":{"docs":57,"functional-code":577,"test-code":224,"other":1},"dhanish265":{"docs":28,"functional-code":90,"test-code":74,"other":1},"karthikstar":{"docs":17,"functional-code":144,"test-code":0}},"authorContributionVariance":{"morbenami1":4875.7554,"RiaVora":11538.679,"kaseykwok":30555.916,"dhanish265":992.7351,"karthikstar":569.77203},"authorDisplayNameMap":{"morbenami1":"CS2113-F11-4 BEN .. MOR","RiaVora":"CS2113-F11-4 VORA..MISH","kaseykwok":"CS2113-F11-4 KWOK..ASEY","dhanish265":"CS2113-F11-4 DHAN..DALI","karthikstar":"CS2113-F11-4 ELAN..EYAN"}}
