{"authorDailyContributionsMap":{"morbenami1":[{"date":"2022-09-30","commitResults":[{"hash":"42295ac22b1bcf34892d6eecddf6f6c0e3b57c65","messageTitle":"simple commit","messageBody":"","fileTypesAndContributionMap":{"docs":{"insertions":7,"deletions":7}}}]},{"date":"2022-10-04","commitResults":[{"hash":"58ec7a870c4d8e6a3f02df2493ec10d74c744f41","messageTitle":"skeleton, add patient and main menu","messageBody":"","fileTypesAndContributionMap":{"functional-code":{"insertions":189,"deletions":12}}},{"hash":"11519dc383ee02d7b9fae52735242f5b6038dcd6","messageTitle":"fixes errors","messageBody":"","fileTypesAndContributionMap":{"functional-code":{"insertions":10,"deletions":9}}},{"hash":"364cea6e52017473ad7c1fef7891340e02116294","messageTitle":"changes","messageBody":"","fileTypesAndContributionMap":{"functional-code":{"insertions":2,"deletions":9},"other":{"insertions":1,"deletions":1}}},{"hash":"4c783171f64e2a37d3ed33cab4893f57edd923e4","messageTitle":"syntax","messageBody":"","fileTypesAndContributionMap":{"functional-code":{"insertions":20,"deletions":11}}},{"hash":"8dc8f8351bbf13573cf517fbbbb9b7361746f546","messageTitle":"syntax","messageBody":"","fileTypesAndContributionMap":{"functional-code":{"insertions":24,"deletions":17}}},{"hash":"74bfb355fea50d26dd591f58836725cc25e8d912","messageTitle":"syntax","messageBody":"","fileTypesAndContributionMap":{"functional-code":{"insertions":36,"deletions":34}}},{"hash":"3b88a3b9a59aadf65b33a99d532cdd4440768ed5","messageTitle":"syntax","messageBody":"","fileTypesAndContributionMap":{"functional-code":{"insertions":9,"deletions":12}}},{"hash":"7cdbd535e0ac6199819a4bff34df0212a220debd","messageTitle":"syntax","messageBody":"","fileTypesAndContributionMap":{"functional-code":{"insertions":4,"deletions":9}}},{"hash":"365b5bcfcbc24a965b0043c3a38b67f472033cbe","messageTitle":"read duke","messageBody":"","fileTypesAndContributionMap":{"functional-code":{"insertions":21,"deletions":1}}}]},{"date":"2022-10-06","commitResults":[{"hash":"27ef5ef5c95dd39f82845744e6242c8882a69db9","messageTitle":"name changes","messageBody":"","fileTypesAndContributionMap":{"functional-code":{"insertions":11,"deletions":12}}}]}],"RiaVora":[],"kaseykwok":[{"date":"2022-09-30","commitResults":[{"hash":"ee87cb75f4e23a15750101094235eaf8a0c8d315","messageTitle":"Update README.md","messageBody":"","fileTypesAndContributionMap":{"docs":{"insertions":1,"deletions":1}}},{"hash":"c57c30d5b0c18b432bf307b987c4783b845928cf","messageTitle":"Add Kasey Kwok to AboutUs.md","messageBody":"","fileTypesAndContributionMap":{"docs":{"insertions":1,"deletions":0}}}]}],"dhanish265":[{"date":"2022-09-30","commitResults":[{"hash":"2e6bc140c9787479fd2f4ee53dafe594c920e02b","messageTitle":"add test code","messageBody":"","fileTypesAndContributionMap":{"docs":{"insertions":7,"deletions":7}}}]},{"date":"2022-10-06","commitResults":[{"hash":"5717e5f689ee52826484fff43ae19d04b697125a","messageTitle":"fix bugs that prevent OneDoc from starting","messageBody":"","fileTypesAndContributionMap":{"functional-code":{"insertions":5,"deletions":1},"other":{"insertions":1,"deletions":1}}},{"hash":"650524f762c1fd796be09a5b700fe3408e06d935","messageTitle":"delete Duke and related packages from project","messageBody":"","fileTypesAndContributionMap":{"functional-code":{"insertions":0,"deletions":21}}},{"hash":"4c567198959181f4d7675ff4ae58abc3de183e2e","messageTitle":"restructure patientList class by making variables and methods non-static","messageBody":"","fileTypesAndContributionMap":{"functional-code":{"insertions":7,"deletions":3}}},{"hash":"7a9d06c9ea62ce33b163f7ad2bc488316bf4588d","messageTitle":"Add PrintLine feature","messageBody":"","fileTypesAndContributionMap":{"functional-code":{"insertions":8,"deletions":0}}},{"hash":"d6565c89ffa73ea36d4c7f56cdc9bf4fc93cae7a","messageTitle":"Replace unicode escape character with standard character","messageBody":"","fileTypesAndContributionMap":{"functional-code":{"insertions":1,"deletions":1}}},{"hash":"0a7181d089f9a7731ac15a59f6ddbab0b190dd0c","messageTitle":"Changed ID from autogenerated to user-supplied","messageBody":"","fileTypesAndContributionMap":{"functional-code":{"insertions":6,"deletions":6}}}]}],"karthikstar":[]},"authorFileTypeContributionMap":{"morbenami1":{"docs":0,"functional-code":193,"test-code":1},"RiaVora":{"docs":0,"functional-code":0,"test-code":0},"kaseykwok":{"docs":2,"functional-code":0,"test-code":0},"dhanish265":{"docs":4,"functional-code":23,"test-code":0,"other":1},"karthikstar":{"docs":0,"functional-code":0,"test-code":0}},"authorContributionVariance":{"morbenami1":8383.633,"RiaVora":0.0,"kaseykwok":0.40816343,"dhanish265":173.76869,"karthikstar":0.0},"authorDisplayNameMap":{"morbenami1":"CS2113-F11-4 BEN .. MOR","RiaVora":"CS2113-F11-4 VORA..MISH","kaseykwok":"CS2113-F11-4 KWOK..ASEY","dhanish265":"CS2113-F11-4 DHAN..DALI","karthikstar":"CS2113-F11-4 ELAN..EYAN"}}
