[{"path":"build.gradle","fileType":"other","lines":[{"lineNumber":1,"author":{"gitId":"-"},"content":"plugins {","lastModifiedDate":"2020-05-25"},{"lineNumber":2,"author":{"gitId":"-"},"content":"    id \u0027java\u0027","lastModifiedDate":"2020-05-25"},{"lineNumber":3,"author":{"gitId":"-"},"content":"    id \u0027application\u0027","lastModifiedDate":"2020-05-25"},{"lineNumber":4,"author":{"gitId":"-"},"content":"    id \u0027checkstyle\u0027","lastModifiedDate":"2020-05-25"},{"lineNumber":5,"author":{"gitId":"-"},"content":"    id \u0027com.github.johnrengelman.shadow\u0027 version \u00275.1.0\u0027","lastModifiedDate":"2020-05-25"},{"lineNumber":6,"author":{"gitId":"-"},"content":"}","lastModifiedDate":"2020-05-25"},{"lineNumber":7,"author":{"gitId":"-"},"content":"","lastModifiedDate":"2020-05-25"},{"lineNumber":8,"author":{"gitId":"-"},"content":"repositories {","lastModifiedDate":"2020-05-25"},{"lineNumber":9,"author":{"gitId":"-"},"content":"    mavenCentral()","lastModifiedDate":"2020-05-25"},{"lineNumber":10,"author":{"gitId":"-"},"content":"}","lastModifiedDate":"2020-05-25"},{"lineNumber":11,"author":{"gitId":"-"},"content":"","lastModifiedDate":"2020-05-25"},{"lineNumber":12,"author":{"gitId":"-"},"content":"dependencies {","lastModifiedDate":"2020-05-25"},{"lineNumber":13,"author":{"gitId":"-"},"content":"    testImplementation group: \u0027org.junit.jupiter\u0027, name: \u0027junit-jupiter-api\u0027, version: \u00275.5.0\u0027","lastModifiedDate":"2020-05-25"},{"lineNumber":14,"author":{"gitId":"-"},"content":"    testRuntimeOnly group: \u0027org.junit.jupiter\u0027, name: \u0027junit-jupiter-engine\u0027, version: \u00275.5.0\u0027","lastModifiedDate":"2020-05-25"},{"lineNumber":15,"author":{"gitId":"xzynos"},"content":"    implementation \u0027commons-cli:commons-cli:1.5.0\u0027","lastModifiedDate":"2022-09-29"},{"lineNumber":16,"author":{"gitId":"xzynos"},"content":"    implementation \u0027org.apache.commons:commons-text:1.9\u0027","lastModifiedDate":"2022-09-29"},{"lineNumber":17,"author":{"gitId":"-"},"content":"}","lastModifiedDate":"2020-05-25"},{"lineNumber":18,"author":{"gitId":"-"},"content":"","lastModifiedDate":"2020-05-25"},{"lineNumber":19,"author":{"gitId":"-"},"content":"test {","lastModifiedDate":"2020-05-25"},{"lineNumber":20,"author":{"gitId":"-"},"content":"    useJUnitPlatform()","lastModifiedDate":"2020-05-25"},{"lineNumber":21,"author":{"gitId":"-"},"content":"","lastModifiedDate":"2020-05-25"},{"lineNumber":22,"author":{"gitId":"-"},"content":"    testLogging {","lastModifiedDate":"2020-05-25"},{"lineNumber":23,"author":{"gitId":"-"},"content":"        events \"passed\", \"skipped\", \"failed\"","lastModifiedDate":"2020-05-25"},{"lineNumber":24,"author":{"gitId":"-"},"content":"","lastModifiedDate":"2020-05-25"},{"lineNumber":25,"author":{"gitId":"-"},"content":"        showExceptions true","lastModifiedDate":"2020-05-25"},{"lineNumber":26,"author":{"gitId":"-"},"content":"        exceptionFormat \"full\"","lastModifiedDate":"2020-05-25"},{"lineNumber":27,"author":{"gitId":"-"},"content":"        showCauses true","lastModifiedDate":"2020-05-25"},{"lineNumber":28,"author":{"gitId":"-"},"content":"        showStackTraces true","lastModifiedDate":"2020-05-25"},{"lineNumber":29,"author":{"gitId":"-"},"content":"        showStandardStreams \u003d false","lastModifiedDate":"2020-05-25"},{"lineNumber":30,"author":{"gitId":"-"},"content":"    }","lastModifiedDate":"2020-05-25"},{"lineNumber":31,"author":{"gitId":"-"},"content":"}","lastModifiedDate":"2020-05-25"},{"lineNumber":32,"author":{"gitId":"-"},"content":"","lastModifiedDate":"2020-05-25"},{"lineNumber":33,"author":{"gitId":"-"},"content":"application {","lastModifiedDate":"2020-05-25"},{"lineNumber":34,"author":{"gitId":"xzynos"},"content":"    mainClassName \u003d \"seedu.moneygowhere.MoneyGoWhere\"","lastModifiedDate":"2022-09-28"},{"lineNumber":35,"author":{"gitId":"-"},"content":"}","lastModifiedDate":"2020-05-25"},{"lineNumber":36,"author":{"gitId":"-"},"content":"","lastModifiedDate":"2020-05-25"},{"lineNumber":37,"author":{"gitId":"-"},"content":"shadowJar {","lastModifiedDate":"2020-05-25"},{"lineNumber":38,"author":{"gitId":"xzynos"},"content":"    archiveBaseName \u003d \"MoneyGoWhere\"","lastModifiedDate":"2022-09-30"},{"lineNumber":39,"author":{"gitId":"-"},"content":"    archiveClassifier \u003d null","lastModifiedDate":"2020-05-25"},{"lineNumber":40,"author":{"gitId":"-"},"content":"}","lastModifiedDate":"2020-05-25"},{"lineNumber":41,"author":{"gitId":"-"},"content":"","lastModifiedDate":"2020-05-25"},{"lineNumber":42,"author":{"gitId":"-"},"content":"checkstyle {","lastModifiedDate":"2020-05-25"},{"lineNumber":43,"author":{"gitId":"-"},"content":"    toolVersion \u003d \u00278.23\u0027","lastModifiedDate":"2020-05-25"},{"lineNumber":44,"author":{"gitId":"-"},"content":"}","lastModifiedDate":"2020-05-25"},{"lineNumber":45,"author":{"gitId":"-"},"content":"","lastModifiedDate":"2020-05-25"},{"lineNumber":46,"author":{"gitId":"-"},"content":"run{","lastModifiedDate":"2020-05-25"},{"lineNumber":47,"author":{"gitId":"-"},"content":"    standardInput \u003d System.in","lastModifiedDate":"2020-05-25"},{"lineNumber":48,"author":{"gitId":"-"},"content":"}","lastModifiedDate":"2020-05-25"}],"authorContributionMap":{"-":44,"xzynos":4}},{"path":"docs/AboutUs.md","fileType":"docs","lines":[{"lineNumber":1,"author":{"gitId":"-"},"content":"# About us","lastModifiedDate":"2020-05-24"},{"lineNumber":2,"author":{"gitId":"-"},"content":"","lastModifiedDate":"2020-05-24"},{"lineNumber":3,"author":{"gitId":"-"},"content":"Display |    Name    |            Github Profile             | Portfolio ","lastModifiedDate":"2020-05-24"},{"lineNumber":4,"author":{"gitId":"LokQiJun"},"content":"--------|:----------:|:-------------------------------------:|:---------:","lastModifiedDate":"2022-09-28"},{"lineNumber":5,"author":{"gitId":"LokQiJun"},"content":"![](https://via.placeholder.com/100.png?text\u003dPhoto) | Lok Qi Jun | [Github](https://github.com/LokQiJun) | [Portfolio](docs/team/lokqijun.md)","lastModifiedDate":"2022-09-28"},{"lineNumber":6,"author":{"gitId":"xzynos"},"content":"![](https://via.placeholder.com/100.png?text\u003dPhoto) | Lim Fang Jie | [Github](https://github.com/xzynos) | [Portfolio](docs/team/limfangjie.md)","lastModifiedDate":"2022-09-28"},{"lineNumber":7,"author":{"gitId":"jeyvia"},"content":"![](https://via.placeholder.com/100.png?text\u003dPhoto) | Javier Ong Ding Quan | [Github](https://github.com/jeyvia) | [Portfolio](docs/team/javierongdingquan.md)","lastModifiedDate":"2022-09-28"},{"lineNumber":8,"author":{"gitId":"penguin-s"},"content":"![](https://via.placeholder.com/100.png?text\u003dPhoto) | Nur Syadiyah Bte Lutfi | [Github](https://github.com/penguin-s) | [Portfolio](docs/team/nursyadiyahbtelutfi.md)","lastModifiedDate":"2022-09-30"}],"authorContributionMap":{"LokQiJun":2,"jeyvia":1,"penguin-s":1,"-":3,"xzynos":1}},{"path":"docs/README.md","fileType":"docs","lines":[{"lineNumber":1,"author":{"gitId":"xzynos"},"content":"# MoneyGoWhere","lastModifiedDate":"2022-09-28"},{"lineNumber":2,"author":{"gitId":"-"},"content":"","lastModifiedDate":"2019-07-29"},{"lineNumber":3,"author":{"gitId":"-"},"content":"{Give product intro here}","lastModifiedDate":"2020-05-24"},{"lineNumber":4,"author":{"gitId":"-"},"content":"","lastModifiedDate":"2019-07-29"},{"lineNumber":5,"author":{"gitId":"-"},"content":"Useful links:","lastModifiedDate":"2020-05-24"},{"lineNumber":6,"author":{"gitId":"-"},"content":"* [User Guide](UserGuide.md)","lastModifiedDate":"2020-05-24"},{"lineNumber":7,"author":{"gitId":"-"},"content":"* [Developer Guide](DeveloperGuide.md)","lastModifiedDate":"2020-05-24"},{"lineNumber":8,"author":{"gitId":"-"},"content":"* [About Us](AboutUs.md)","lastModifiedDate":"2020-05-24"}],"authorContributionMap":{"-":7,"xzynos":1}},{"path":"docs/team/javierongdingquan.md","fileType":"docs","lines":[{"lineNumber":1,"author":{"gitId":"jeyvia"},"content":"# Javier Ong Ding Quan - Project Portfolio Page","lastModifiedDate":"2022-09-28"},{"lineNumber":2,"author":{"gitId":"jeyvia"},"content":"","lastModifiedDate":"2022-09-28"},{"lineNumber":3,"author":{"gitId":"jeyvia"},"content":"## Overview","lastModifiedDate":"2022-09-28"},{"lineNumber":4,"author":{"gitId":"jeyvia"},"content":"Hi I am Javier Ong Ding Quan. ","lastModifiedDate":"2022-09-28"},{"lineNumber":5,"author":{"gitId":"jeyvia"},"content":"","lastModifiedDate":"2022-09-28"},{"lineNumber":6,"author":{"gitId":"jeyvia"},"content":"### Summary of Contributions","lastModifiedDate":"2022-09-28"},{"lineNumber":7,"author":{"gitId":"jeyvia"},"content":"I am a student in CS2113T, year 2 Information Security.","lastModifiedDate":"2022-09-28"}],"authorContributionMap":{"jeyvia":7}},{"path":"docs/team/limfangjie.md","fileType":"docs","lines":[{"lineNumber":1,"author":{"gitId":"xzynos"},"content":"# Lim Fang Jie - Project Portfolio Page","lastModifiedDate":"2022-09-28"},{"lineNumber":2,"author":{"gitId":"-"},"content":"","lastModifiedDate":"2020-05-24"},{"lineNumber":3,"author":{"gitId":"-"},"content":"## Overview","lastModifiedDate":"2020-05-24"},{"lineNumber":4,"author":{"gitId":"-"},"content":"","lastModifiedDate":"2020-05-24"},{"lineNumber":5,"author":{"gitId":"-"},"content":"","lastModifiedDate":"2020-05-24"},{"lineNumber":6,"author":{"gitId":"-"},"content":"### Summary of Contributions","lastModifiedDate":"2020-05-24"}],"authorContributionMap":{"-":5,"xzynos":1}},{"path":"docs/team/lokqijun.md","fileType":"docs","lines":[{"lineNumber":1,"author":{"gitId":"LokQiJun"},"content":"# Lok Qi Jun - Project Portfolio Page","lastModifiedDate":"2022-09-28"},{"lineNumber":2,"author":{"gitId":"-"},"content":"","lastModifiedDate":"2020-05-24"},{"lineNumber":3,"author":{"gitId":"-"},"content":"## Overview","lastModifiedDate":"2020-05-24"},{"lineNumber":4,"author":{"gitId":"-"},"content":"","lastModifiedDate":"2020-05-24"},{"lineNumber":5,"author":{"gitId":"-"},"content":"","lastModifiedDate":"2020-05-24"},{"lineNumber":6,"author":{"gitId":"-"},"content":"### Summary of Contributions","lastModifiedDate":"2020-05-24"}],"authorContributionMap":{"LokQiJun":1,"-":5}},{"path":"docs/team/nursyadiyahbtelutfi.md","fileType":"docs","lines":[{"lineNumber":1,"author":{"gitId":"penguin-s"},"content":"# Nur Syadiyah Bte Lutfi - Project Portfolio Page","lastModifiedDate":"2022-09-30"},{"lineNumber":2,"author":{"gitId":"penguin-s"},"content":"","lastModifiedDate":"2022-09-30"},{"lineNumber":3,"author":{"gitId":"penguin-s"},"content":"## Overview","lastModifiedDate":"2022-09-30"},{"lineNumber":4,"author":{"gitId":"penguin-s"},"content":"","lastModifiedDate":"2022-09-30"},{"lineNumber":5,"author":{"gitId":"penguin-s"},"content":"","lastModifiedDate":"2022-09-30"},{"lineNumber":6,"author":{"gitId":"penguin-s"},"content":"### Summary of Contributions","lastModifiedDate":"2022-09-30"}],"authorContributionMap":{"penguin-s":6}},{"path":"src/main/java/seedu/moneygowhere/MoneyGoWhere.java","fileType":"functional-code","lines":[{"lineNumber":1,"author":{"gitId":"xzynos"},"content":"package seedu.moneygowhere;","lastModifiedDate":"2022-09-28"},{"lineNumber":2,"author":{"gitId":"-"},"content":"","lastModifiedDate":"2020-05-24"},{"lineNumber":3,"author":{"gitId":"xzynos"},"content":"import seedu.moneygowhere.userinterface.ConsoleInterface;","lastModifiedDate":"2022-09-28"},{"lineNumber":4,"author":{"gitId":"-"},"content":"","lastModifiedDate":"2020-05-24"},{"lineNumber":5,"author":{"gitId":"xzynos"},"content":"/**","lastModifiedDate":"2022-09-28"},{"lineNumber":6,"author":{"gitId":"xzynos"},"content":" * Entrypoint of the MoneyGoWhere application.","lastModifiedDate":"2022-09-28"},{"lineNumber":7,"author":{"gitId":"xzynos"},"content":" */","lastModifiedDate":"2022-09-28"},{"lineNumber":8,"author":{"gitId":"xzynos"},"content":"public class MoneyGoWhere {","lastModifiedDate":"2022-09-28"},{"lineNumber":9,"author":{"gitId":"-"},"content":"    /**","lastModifiedDate":"2020-05-24"},{"lineNumber":10,"author":{"gitId":"xzynos"},"content":"     * Initializes application and starts interaction with user.","lastModifiedDate":"2022-09-28"},{"lineNumber":11,"author":{"gitId":"-"},"content":"     */","lastModifiedDate":"2020-05-24"},{"lineNumber":12,"author":{"gitId":"-"},"content":"    public static void main(String[] args) {","lastModifiedDate":"2019-07-29"},{"lineNumber":13,"author":{"gitId":"xzynos"},"content":"        ConsoleInterface consoleInterface \u003d new ConsoleInterface();","lastModifiedDate":"2022-09-28"},{"lineNumber":14,"author":{"gitId":"-"},"content":"","lastModifiedDate":"2020-05-24"},{"lineNumber":15,"author":{"gitId":"xzynos"},"content":"        ConsoleInterface.printLogo();","lastModifiedDate":"2022-09-28"},{"lineNumber":16,"author":{"gitId":"xzynos"},"content":"","lastModifiedDate":"2022-09-28"},{"lineNumber":17,"author":{"gitId":"xzynos"},"content":"        ConsoleInterface.printGreetingMessage();","lastModifiedDate":"2022-09-28"},{"lineNumber":18,"author":{"gitId":"xzynos"},"content":"","lastModifiedDate":"2022-09-28"},{"lineNumber":19,"author":{"gitId":"xzynos"},"content":"        consoleInterface.run();","lastModifiedDate":"2022-09-28"},{"lineNumber":20,"author":{"gitId":"xzynos"},"content":"","lastModifiedDate":"2022-09-28"},{"lineNumber":21,"author":{"gitId":"xzynos"},"content":"        ConsoleInterface.printGoodbyeMessage();","lastModifiedDate":"2022-09-28"},{"lineNumber":22,"author":{"gitId":"-"},"content":"    }","lastModifiedDate":"2019-07-29"},{"lineNumber":23,"author":{"gitId":"-"},"content":"}","lastModifiedDate":"2019-07-29"}],"authorContributionMap":{"-":8,"xzynos":15}},{"path":"src/main/java/seedu/moneygowhere/commands/ConsoleCommand.java","fileType":"functional-code","lines":[{"lineNumber":1,"author":{"gitId":"xzynos"},"content":"package seedu.moneygowhere.commands;","lastModifiedDate":"2022-09-28"},{"lineNumber":2,"author":{"gitId":"xzynos"},"content":"","lastModifiedDate":"2022-09-28"},{"lineNumber":3,"author":{"gitId":"xzynos"},"content":"/**","lastModifiedDate":"2022-09-28"},{"lineNumber":4,"author":{"gitId":"xzynos"},"content":" * Stores the command and its arguments.","lastModifiedDate":"2022-09-28"},{"lineNumber":5,"author":{"gitId":"xzynos"},"content":" */","lastModifiedDate":"2022-09-28"},{"lineNumber":6,"author":{"gitId":"xzynos"},"content":"public abstract class ConsoleCommand {","lastModifiedDate":"2022-09-28"},{"lineNumber":7,"author":{"gitId":"xzynos"},"content":"}","lastModifiedDate":"2022-09-28"}],"authorContributionMap":{"xzynos":7}},{"path":"src/main/java/seedu/moneygowhere/commands/ConsoleCommandBye.java","fileType":"functional-code","lines":[{"lineNumber":1,"author":{"gitId":"xzynos"},"content":"package seedu.moneygowhere.commands;","lastModifiedDate":"2022-09-28"},{"lineNumber":2,"author":{"gitId":"xzynos"},"content":"","lastModifiedDate":"2022-09-28"},{"lineNumber":3,"author":{"gitId":"xzynos"},"content":"/**","lastModifiedDate":"2022-09-28"},{"lineNumber":4,"author":{"gitId":"xzynos"},"content":" * Stores the bye command and its arguments.","lastModifiedDate":"2022-09-28"},{"lineNumber":5,"author":{"gitId":"xzynos"},"content":" */","lastModifiedDate":"2022-09-28"},{"lineNumber":6,"author":{"gitId":"xzynos"},"content":"public class ConsoleCommandBye extends ConsoleCommand {","lastModifiedDate":"2022-09-28"},{"lineNumber":7,"author":{"gitId":"xzynos"},"content":"}","lastModifiedDate":"2022-09-28"}],"authorContributionMap":{"xzynos":7}},{"path":"src/main/java/seedu/moneygowhere/common/Messages.java","fileType":"functional-code","lines":[{"lineNumber":1,"author":{"gitId":"xzynos"},"content":"package seedu.moneygowhere.common;","lastModifiedDate":"2022-09-28"},{"lineNumber":2,"author":{"gitId":"xzynos"},"content":"","lastModifiedDate":"2022-09-28"},{"lineNumber":3,"author":{"gitId":"xzynos"},"content":"/**","lastModifiedDate":"2022-09-28"},{"lineNumber":4,"author":{"gitId":"xzynos"},"content":" * Defines the messages used by program.","lastModifiedDate":"2022-09-28"},{"lineNumber":5,"author":{"gitId":"xzynos"},"content":" */","lastModifiedDate":"2022-09-28"},{"lineNumber":6,"author":{"gitId":"xzynos"},"content":"public class Messages {","lastModifiedDate":"2022-09-28"},{"lineNumber":7,"author":{"gitId":"xzynos"},"content":"    public static final String CONSOLE_MESSAGE_GREETING \u003d \"Your MoneyGoWhere? Let me help you find it.\";","lastModifiedDate":"2022-09-28"},{"lineNumber":8,"author":{"gitId":"xzynos"},"content":"    public static final String CONSOLE_MESSAGE_GOODBYE \u003d \"Bye. Hope to see you again soon!\";","lastModifiedDate":"2022-09-28"},{"lineNumber":9,"author":{"gitId":"xzynos"},"content":"    public static final String CONSOLE_ERROR_COMMAND_NOT_FOUND \u003d \"The command entered is invalid.\";","lastModifiedDate":"2022-09-28"},{"lineNumber":10,"author":{"gitId":"xzynos"},"content":"}","lastModifiedDate":"2022-09-28"}],"authorContributionMap":{"xzynos":10}},{"path":"src/main/java/seedu/moneygowhere/exceptions/ConsoleParserCommandNotFoundException.java","fileType":"functional-code","lines":[{"lineNumber":1,"author":{"gitId":"xzynos"},"content":"package seedu.moneygowhere.exceptions;","lastModifiedDate":"2022-09-28"},{"lineNumber":2,"author":{"gitId":"xzynos"},"content":"","lastModifiedDate":"2022-09-28"},{"lineNumber":3,"author":{"gitId":"xzynos"},"content":"/**","lastModifiedDate":"2022-09-28"},{"lineNumber":4,"author":{"gitId":"xzynos"},"content":" * Thrown when the command is not found.","lastModifiedDate":"2022-09-28"},{"lineNumber":5,"author":{"gitId":"xzynos"},"content":" */","lastModifiedDate":"2022-09-28"},{"lineNumber":6,"author":{"gitId":"xzynos"},"content":"@SuppressWarnings(\"unused\")","lastModifiedDate":"2022-09-28"},{"lineNumber":7,"author":{"gitId":"xzynos"},"content":"public class ConsoleParserCommandNotFoundException extends MoneyGoWhereException {","lastModifiedDate":"2022-09-28"},{"lineNumber":8,"author":{"gitId":"xzynos"},"content":"    public ConsoleParserCommandNotFoundException() {","lastModifiedDate":"2022-09-28"},{"lineNumber":9,"author":{"gitId":"xzynos"},"content":"    }","lastModifiedDate":"2022-09-28"},{"lineNumber":10,"author":{"gitId":"xzynos"},"content":"","lastModifiedDate":"2022-09-28"},{"lineNumber":11,"author":{"gitId":"xzynos"},"content":"    public ConsoleParserCommandNotFoundException(String message) {","lastModifiedDate":"2022-09-28"},{"lineNumber":12,"author":{"gitId":"xzynos"},"content":"        super(message);","lastModifiedDate":"2022-09-28"},{"lineNumber":13,"author":{"gitId":"xzynos"},"content":"    }","lastModifiedDate":"2022-09-28"},{"lineNumber":14,"author":{"gitId":"xzynos"},"content":"","lastModifiedDate":"2022-09-28"},{"lineNumber":15,"author":{"gitId":"xzynos"},"content":"    public ConsoleParserCommandNotFoundException(String message, Throwable cause) {","lastModifiedDate":"2022-09-28"},{"lineNumber":16,"author":{"gitId":"xzynos"},"content":"        super(message, cause);","lastModifiedDate":"2022-09-28"},{"lineNumber":17,"author":{"gitId":"xzynos"},"content":"    }","lastModifiedDate":"2022-09-28"},{"lineNumber":18,"author":{"gitId":"xzynos"},"content":"","lastModifiedDate":"2022-09-28"},{"lineNumber":19,"author":{"gitId":"xzynos"},"content":"    public ConsoleParserCommandNotFoundException(Throwable cause) {","lastModifiedDate":"2022-09-28"},{"lineNumber":20,"author":{"gitId":"xzynos"},"content":"        super(cause);","lastModifiedDate":"2022-09-28"},{"lineNumber":21,"author":{"gitId":"xzynos"},"content":"    }","lastModifiedDate":"2022-09-28"},{"lineNumber":22,"author":{"gitId":"xzynos"},"content":"","lastModifiedDate":"2022-09-28"},{"lineNumber":23,"author":{"gitId":"xzynos"},"content":"    public ConsoleParserCommandNotFoundException(","lastModifiedDate":"2022-09-28"},{"lineNumber":24,"author":{"gitId":"xzynos"},"content":"            String message,","lastModifiedDate":"2022-09-28"},{"lineNumber":25,"author":{"gitId":"xzynos"},"content":"            Throwable cause,","lastModifiedDate":"2022-09-28"},{"lineNumber":26,"author":{"gitId":"xzynos"},"content":"            boolean enableSuppression,","lastModifiedDate":"2022-09-28"},{"lineNumber":27,"author":{"gitId":"xzynos"},"content":"            boolean writableStackTrace","lastModifiedDate":"2022-09-28"},{"lineNumber":28,"author":{"gitId":"xzynos"},"content":"    ) {","lastModifiedDate":"2022-09-28"},{"lineNumber":29,"author":{"gitId":"xzynos"},"content":"        super(message, cause, enableSuppression, writableStackTrace);","lastModifiedDate":"2022-09-28"},{"lineNumber":30,"author":{"gitId":"xzynos"},"content":"    }","lastModifiedDate":"2022-09-28"},{"lineNumber":31,"author":{"gitId":"xzynos"},"content":"}","lastModifiedDate":"2022-09-28"}],"authorContributionMap":{"xzynos":31}},{"path":"src/main/java/seedu/moneygowhere/exceptions/MoneyGoWhereException.java","fileType":"functional-code","lines":[{"lineNumber":1,"author":{"gitId":"xzynos"},"content":"package seedu.moneygowhere.exceptions;","lastModifiedDate":"2022-09-28"},{"lineNumber":2,"author":{"gitId":"xzynos"},"content":"","lastModifiedDate":"2022-09-28"},{"lineNumber":3,"author":{"gitId":"xzynos"},"content":"/**","lastModifiedDate":"2022-09-28"},{"lineNumber":4,"author":{"gitId":"xzynos"},"content":" * Define exceptions thrown the program.","lastModifiedDate":"2022-09-28"},{"lineNumber":5,"author":{"gitId":"xzynos"},"content":" */","lastModifiedDate":"2022-09-28"},{"lineNumber":6,"author":{"gitId":"xzynos"},"content":"public class MoneyGoWhereException extends Exception {","lastModifiedDate":"2022-09-28"},{"lineNumber":7,"author":{"gitId":"xzynos"},"content":"    /**","lastModifiedDate":"2022-09-28"},{"lineNumber":8,"author":{"gitId":"xzynos"},"content":"     * Initializes a new exception.","lastModifiedDate":"2022-09-28"},{"lineNumber":9,"author":{"gitId":"xzynos"},"content":"     */","lastModifiedDate":"2022-09-28"},{"lineNumber":10,"author":{"gitId":"xzynos"},"content":"    public MoneyGoWhereException() {","lastModifiedDate":"2022-09-28"},{"lineNumber":11,"author":{"gitId":"xzynos"},"content":"    }","lastModifiedDate":"2022-09-28"},{"lineNumber":12,"author":{"gitId":"xzynos"},"content":"","lastModifiedDate":"2022-09-28"},{"lineNumber":13,"author":{"gitId":"xzynos"},"content":"    /**","lastModifiedDate":"2022-09-28"},{"lineNumber":14,"author":{"gitId":"xzynos"},"content":"     * Initializes a new exception with a detail message.","lastModifiedDate":"2022-09-28"},{"lineNumber":15,"author":{"gitId":"xzynos"},"content":"     *","lastModifiedDate":"2022-09-28"},{"lineNumber":16,"author":{"gitId":"xzynos"},"content":"     * @param message Detail message.","lastModifiedDate":"2022-09-28"},{"lineNumber":17,"author":{"gitId":"xzynos"},"content":"     */","lastModifiedDate":"2022-09-28"},{"lineNumber":18,"author":{"gitId":"xzynos"},"content":"    public MoneyGoWhereException(String message) {","lastModifiedDate":"2022-09-28"},{"lineNumber":19,"author":{"gitId":"xzynos"},"content":"        super(message);","lastModifiedDate":"2022-09-28"},{"lineNumber":20,"author":{"gitId":"xzynos"},"content":"    }","lastModifiedDate":"2022-09-28"},{"lineNumber":21,"author":{"gitId":"xzynos"},"content":"","lastModifiedDate":"2022-09-28"},{"lineNumber":22,"author":{"gitId":"xzynos"},"content":"    /**","lastModifiedDate":"2022-09-28"},{"lineNumber":23,"author":{"gitId":"xzynos"},"content":"     * Initializes a new exception with a detail message and cause.","lastModifiedDate":"2022-09-28"},{"lineNumber":24,"author":{"gitId":"xzynos"},"content":"     *","lastModifiedDate":"2022-09-28"},{"lineNumber":25,"author":{"gitId":"xzynos"},"content":"     * @param message Detail message.","lastModifiedDate":"2022-09-28"},{"lineNumber":26,"author":{"gitId":"xzynos"},"content":"     * @param cause Throwable cause.","lastModifiedDate":"2022-09-28"},{"lineNumber":27,"author":{"gitId":"xzynos"},"content":"     */","lastModifiedDate":"2022-09-28"},{"lineNumber":28,"author":{"gitId":"xzynos"},"content":"    public MoneyGoWhereException(String message, Throwable cause) {","lastModifiedDate":"2022-09-28"},{"lineNumber":29,"author":{"gitId":"xzynos"},"content":"        super(message, cause);","lastModifiedDate":"2022-09-28"},{"lineNumber":30,"author":{"gitId":"xzynos"},"content":"    }","lastModifiedDate":"2022-09-28"},{"lineNumber":31,"author":{"gitId":"xzynos"},"content":"","lastModifiedDate":"2022-09-28"},{"lineNumber":32,"author":{"gitId":"xzynos"},"content":"    /**","lastModifiedDate":"2022-09-28"},{"lineNumber":33,"author":{"gitId":"xzynos"},"content":"     * Initializes a new exception with a cause.","lastModifiedDate":"2022-09-28"},{"lineNumber":34,"author":{"gitId":"xzynos"},"content":"     *","lastModifiedDate":"2022-09-28"},{"lineNumber":35,"author":{"gitId":"xzynos"},"content":"     * @param cause Throwable cause.","lastModifiedDate":"2022-09-28"},{"lineNumber":36,"author":{"gitId":"xzynos"},"content":"     */","lastModifiedDate":"2022-09-28"},{"lineNumber":37,"author":{"gitId":"xzynos"},"content":"    public MoneyGoWhereException(Throwable cause) {","lastModifiedDate":"2022-09-28"},{"lineNumber":38,"author":{"gitId":"xzynos"},"content":"        super(cause);","lastModifiedDate":"2022-09-28"},{"lineNumber":39,"author":{"gitId":"xzynos"},"content":"    }","lastModifiedDate":"2022-09-28"},{"lineNumber":40,"author":{"gitId":"xzynos"},"content":"","lastModifiedDate":"2022-09-28"},{"lineNumber":41,"author":{"gitId":"xzynos"},"content":"    /**","lastModifiedDate":"2022-09-28"},{"lineNumber":42,"author":{"gitId":"xzynos"},"content":"     * Initializes a new exception with a detail message and cause.","lastModifiedDate":"2022-09-28"},{"lineNumber":43,"author":{"gitId":"xzynos"},"content":"     * Suppression and writable stack trace can be enabled or disabled.","lastModifiedDate":"2022-09-28"},{"lineNumber":44,"author":{"gitId":"xzynos"},"content":"     *","lastModifiedDate":"2022-09-28"},{"lineNumber":45,"author":{"gitId":"xzynos"},"content":"     * @param message Detail message.","lastModifiedDate":"2022-09-28"},{"lineNumber":46,"author":{"gitId":"xzynos"},"content":"     * @param cause Throwable cause.","lastModifiedDate":"2022-09-28"},{"lineNumber":47,"author":{"gitId":"xzynos"},"content":"     * @param enableSuppression Enables or disables suppression.","lastModifiedDate":"2022-09-28"},{"lineNumber":48,"author":{"gitId":"xzynos"},"content":"     * @param writableStackTrace Enables or disables writable stack trace.","lastModifiedDate":"2022-09-28"},{"lineNumber":49,"author":{"gitId":"xzynos"},"content":"     */","lastModifiedDate":"2022-09-28"},{"lineNumber":50,"author":{"gitId":"xzynos"},"content":"    public MoneyGoWhereException(","lastModifiedDate":"2022-09-28"},{"lineNumber":51,"author":{"gitId":"xzynos"},"content":"            String message,","lastModifiedDate":"2022-09-28"},{"lineNumber":52,"author":{"gitId":"xzynos"},"content":"            Throwable cause,","lastModifiedDate":"2022-09-28"},{"lineNumber":53,"author":{"gitId":"xzynos"},"content":"            boolean enableSuppression,","lastModifiedDate":"2022-09-28"},{"lineNumber":54,"author":{"gitId":"xzynos"},"content":"            boolean writableStackTrace","lastModifiedDate":"2022-09-28"},{"lineNumber":55,"author":{"gitId":"xzynos"},"content":"    ) {","lastModifiedDate":"2022-09-28"},{"lineNumber":56,"author":{"gitId":"xzynos"},"content":"        super(message, cause, enableSuppression, writableStackTrace);","lastModifiedDate":"2022-09-28"},{"lineNumber":57,"author":{"gitId":"xzynos"},"content":"    }","lastModifiedDate":"2022-09-28"},{"lineNumber":58,"author":{"gitId":"xzynos"},"content":"}","lastModifiedDate":"2022-09-28"}],"authorContributionMap":{"xzynos":58}},{"path":"src/main/java/seedu/moneygowhere/parser/ConsoleParser.java","fileType":"functional-code","lines":[{"lineNumber":1,"author":{"gitId":"xzynos"},"content":"package seedu.moneygowhere.parser;","lastModifiedDate":"2022-09-28"},{"lineNumber":2,"author":{"gitId":"xzynos"},"content":"","lastModifiedDate":"2022-09-28"},{"lineNumber":3,"author":{"gitId":"xzynos"},"content":"import org.apache.commons.text.StringTokenizer;","lastModifiedDate":"2022-09-29"},{"lineNumber":4,"author":{"gitId":"xzynos"},"content":"import org.apache.commons.text.matcher.StringMatcherFactory;","lastModifiedDate":"2022-09-29"},{"lineNumber":5,"author":{"gitId":"xzynos"},"content":"import seedu.moneygowhere.commands.ConsoleCommand;","lastModifiedDate":"2022-09-28"},{"lineNumber":6,"author":{"gitId":"xzynos"},"content":"import seedu.moneygowhere.commands.ConsoleCommandBye;","lastModifiedDate":"2022-09-28"},{"lineNumber":7,"author":{"gitId":"xzynos"},"content":"import seedu.moneygowhere.common.Messages;","lastModifiedDate":"2022-09-28"},{"lineNumber":8,"author":{"gitId":"xzynos"},"content":"import seedu.moneygowhere.exceptions.ConsoleParserCommandNotFoundException;","lastModifiedDate":"2022-09-28"},{"lineNumber":9,"author":{"gitId":"xzynos"},"content":"","lastModifiedDate":"2022-09-28"},{"lineNumber":10,"author":{"gitId":"xzynos"},"content":"import java.util.List;","lastModifiedDate":"2022-09-29"},{"lineNumber":11,"author":{"gitId":"xzynos"},"content":"","lastModifiedDate":"2022-09-29"},{"lineNumber":12,"author":{"gitId":"xzynos"},"content":"/**","lastModifiedDate":"2022-09-28"},{"lineNumber":13,"author":{"gitId":"xzynos"},"content":" * Provide functions to parse inputs read from standard input.","lastModifiedDate":"2022-09-28"},{"lineNumber":14,"author":{"gitId":"xzynos"},"content":" */","lastModifiedDate":"2022-09-28"},{"lineNumber":15,"author":{"gitId":"xzynos"},"content":"public class ConsoleParser {","lastModifiedDate":"2022-09-28"},{"lineNumber":16,"author":{"gitId":"xzynos"},"content":"    public static final String CONSOLE_COMMAND_BYE \u003d \"bye\";","lastModifiedDate":"2022-09-28"},{"lineNumber":17,"author":{"gitId":"xzynos"},"content":"","lastModifiedDate":"2022-09-28"},{"lineNumber":18,"author":{"gitId":"xzynos"},"content":"    private static String[] tokenizeCommandArguments(String arguments) {","lastModifiedDate":"2022-09-29"},{"lineNumber":19,"author":{"gitId":"xzynos"},"content":"        StringTokenizer stringTokenizer \u003d new StringTokenizer(arguments);","lastModifiedDate":"2022-09-29"},{"lineNumber":20,"author":{"gitId":"xzynos"},"content":"        stringTokenizer.setQuoteMatcher(StringMatcherFactory.INSTANCE.quoteMatcher());","lastModifiedDate":"2022-09-29"},{"lineNumber":21,"author":{"gitId":"xzynos"},"content":"","lastModifiedDate":"2022-09-29"},{"lineNumber":22,"author":{"gitId":"xzynos"},"content":"        List\u003cString\u003e tokenList \u003d stringTokenizer.getTokenList();","lastModifiedDate":"2022-09-29"},{"lineNumber":23,"author":{"gitId":"xzynos"},"content":"","lastModifiedDate":"2022-09-29"},{"lineNumber":24,"author":{"gitId":"xzynos"},"content":"        return tokenList.toArray(new String[0]);","lastModifiedDate":"2022-09-29"},{"lineNumber":25,"author":{"gitId":"xzynos"},"content":"    }","lastModifiedDate":"2022-09-29"},{"lineNumber":26,"author":{"gitId":"xzynos"},"content":"","lastModifiedDate":"2022-09-29"},{"lineNumber":27,"author":{"gitId":"xzynos"},"content":"    private static ConsoleCommandBye parseCommandBye() {","lastModifiedDate":"2022-09-28"},{"lineNumber":28,"author":{"gitId":"xzynos"},"content":"        return new ConsoleCommandBye();","lastModifiedDate":"2022-09-28"},{"lineNumber":29,"author":{"gitId":"xzynos"},"content":"    }","lastModifiedDate":"2022-09-28"},{"lineNumber":30,"author":{"gitId":"xzynos"},"content":"","lastModifiedDate":"2022-09-28"},{"lineNumber":31,"author":{"gitId":"xzynos"},"content":"    /**","lastModifiedDate":"2022-09-28"},{"lineNumber":32,"author":{"gitId":"xzynos"},"content":"     * Parses an input read from standard input.","lastModifiedDate":"2022-09-28"},{"lineNumber":33,"author":{"gitId":"xzynos"},"content":"     *","lastModifiedDate":"2022-09-28"},{"lineNumber":34,"author":{"gitId":"xzynos"},"content":"     * @param consoleInput String read from standard input.","lastModifiedDate":"2022-09-28"},{"lineNumber":35,"author":{"gitId":"xzynos"},"content":"     * @return Parsed command and arguments","lastModifiedDate":"2022-09-28"},{"lineNumber":36,"author":{"gitId":"xzynos"},"content":"     * @throws ConsoleParserCommandNotFoundException If the command is not found.","lastModifiedDate":"2022-09-28"},{"lineNumber":37,"author":{"gitId":"xzynos"},"content":"     */","lastModifiedDate":"2022-09-28"},{"lineNumber":38,"author":{"gitId":"xzynos"},"content":"    public static ConsoleCommand parse(String consoleInput) throws","lastModifiedDate":"2022-09-28"},{"lineNumber":39,"author":{"gitId":"xzynos"},"content":"            ConsoleParserCommandNotFoundException {","lastModifiedDate":"2022-09-28"},{"lineNumber":40,"author":{"gitId":"xzynos"},"content":"        String[] consoleInputArr \u003d consoleInput.split(\" \", 2);","lastModifiedDate":"2022-09-28"},{"lineNumber":41,"author":{"gitId":"xzynos"},"content":"","lastModifiedDate":"2022-09-28"},{"lineNumber":42,"author":{"gitId":"xzynos"},"content":"        String command \u003d consoleInputArr[0];","lastModifiedDate":"2022-09-28"},{"lineNumber":43,"author":{"gitId":"xzynos"},"content":"        String arguments \u003d \"\";","lastModifiedDate":"2022-09-28"},{"lineNumber":44,"author":{"gitId":"xzynos"},"content":"        int numOperands \u003d 2;","lastModifiedDate":"2022-09-28"},{"lineNumber":45,"author":{"gitId":"xzynos"},"content":"        if (consoleInputArr.length \u003d\u003d numOperands) {","lastModifiedDate":"2022-09-28"},{"lineNumber":46,"author":{"gitId":"xzynos"},"content":"            arguments \u003d consoleInputArr[1];","lastModifiedDate":"2022-09-28"},{"lineNumber":47,"author":{"gitId":"xzynos"},"content":"        }","lastModifiedDate":"2022-09-28"},{"lineNumber":48,"author":{"gitId":"xzynos"},"content":"","lastModifiedDate":"2022-09-28"},{"lineNumber":49,"author":{"gitId":"xzynos"},"content":"        if (command.equalsIgnoreCase(CONSOLE_COMMAND_BYE)) {","lastModifiedDate":"2022-09-28"},{"lineNumber":50,"author":{"gitId":"xzynos"},"content":"            return parseCommandBye();","lastModifiedDate":"2022-09-28"},{"lineNumber":51,"author":{"gitId":"xzynos"},"content":"        } else {","lastModifiedDate":"2022-09-28"},{"lineNumber":52,"author":{"gitId":"xzynos"},"content":"            throw new ConsoleParserCommandNotFoundException(Messages.CONSOLE_ERROR_COMMAND_NOT_FOUND);","lastModifiedDate":"2022-09-28"},{"lineNumber":53,"author":{"gitId":"xzynos"},"content":"        }","lastModifiedDate":"2022-09-28"},{"lineNumber":54,"author":{"gitId":"xzynos"},"content":"    }","lastModifiedDate":"2022-09-28"},{"lineNumber":55,"author":{"gitId":"xzynos"},"content":"}","lastModifiedDate":"2022-09-28"}],"authorContributionMap":{"xzynos":55}},{"path":"src/main/java/seedu/moneygowhere/userinterface/ConsoleInterface.java","fileType":"functional-code","lines":[{"lineNumber":1,"author":{"gitId":"xzynos"},"content":"package seedu.moneygowhere.userinterface;","lastModifiedDate":"2022-09-28"},{"lineNumber":2,"author":{"gitId":"xzynos"},"content":"","lastModifiedDate":"2022-09-28"},{"lineNumber":3,"author":{"gitId":"xzynos"},"content":"import seedu.moneygowhere.commands.ConsoleCommand;","lastModifiedDate":"2022-09-28"},{"lineNumber":4,"author":{"gitId":"xzynos"},"content":"import seedu.moneygowhere.commands.ConsoleCommandBye;","lastModifiedDate":"2022-09-28"},{"lineNumber":5,"author":{"gitId":"xzynos"},"content":"import seedu.moneygowhere.common.Messages;","lastModifiedDate":"2022-09-28"},{"lineNumber":6,"author":{"gitId":"xzynos"},"content":"import seedu.moneygowhere.exceptions.ConsoleParserCommandNotFoundException;","lastModifiedDate":"2022-09-28"},{"lineNumber":7,"author":{"gitId":"xzynos"},"content":"import seedu.moneygowhere.parser.ConsoleParser;","lastModifiedDate":"2022-09-28"},{"lineNumber":8,"author":{"gitId":"xzynos"},"content":"","lastModifiedDate":"2022-09-28"},{"lineNumber":9,"author":{"gitId":"xzynos"},"content":"import java.util.Scanner;","lastModifiedDate":"2022-09-28"},{"lineNumber":10,"author":{"gitId":"xzynos"},"content":"","lastModifiedDate":"2022-09-28"},{"lineNumber":11,"author":{"gitId":"xzynos"},"content":"/**","lastModifiedDate":"2022-09-28"},{"lineNumber":12,"author":{"gitId":"xzynos"},"content":" * Provide functions to interface with the user via standard input and standard output.","lastModifiedDate":"2022-09-28"},{"lineNumber":13,"author":{"gitId":"xzynos"},"content":" */","lastModifiedDate":"2022-09-28"},{"lineNumber":14,"author":{"gitId":"xzynos"},"content":"@SuppressWarnings({\"unused\", \"FieldMayBeFinal\"})","lastModifiedDate":"2022-09-28"},{"lineNumber":15,"author":{"gitId":"xzynos"},"content":"public class ConsoleInterface {","lastModifiedDate":"2022-09-28"},{"lineNumber":16,"author":{"gitId":"xzynos"},"content":"    private Scanner scanner;","lastModifiedDate":"2022-09-28"},{"lineNumber":17,"author":{"gitId":"xzynos"},"content":"","lastModifiedDate":"2022-09-28"},{"lineNumber":18,"author":{"gitId":"xzynos"},"content":"    /**","lastModifiedDate":"2022-09-28"},{"lineNumber":19,"author":{"gitId":"xzynos"},"content":"     * Initializes the console interface.","lastModifiedDate":"2022-09-28"},{"lineNumber":20,"author":{"gitId":"xzynos"},"content":"     */","lastModifiedDate":"2022-09-28"},{"lineNumber":21,"author":{"gitId":"xzynos"},"content":"    public ConsoleInterface() {","lastModifiedDate":"2022-09-28"},{"lineNumber":22,"author":{"gitId":"xzynos"},"content":"        scanner \u003d new Scanner(System.in);","lastModifiedDate":"2022-09-28"},{"lineNumber":23,"author":{"gitId":"xzynos"},"content":"    }","lastModifiedDate":"2022-09-28"},{"lineNumber":24,"author":{"gitId":"xzynos"},"content":"","lastModifiedDate":"2022-09-28"},{"lineNumber":25,"author":{"gitId":"xzynos"},"content":"    /**","lastModifiedDate":"2022-09-28"},{"lineNumber":26,"author":{"gitId":"xzynos"},"content":"     * Prints the logo to standard out.","lastModifiedDate":"2022-09-28"},{"lineNumber":27,"author":{"gitId":"xzynos"},"content":"     */","lastModifiedDate":"2022-09-28"},{"lineNumber":28,"author":{"gitId":"xzynos"},"content":"    public static void printLogo() {","lastModifiedDate":"2022-09-28"},{"lineNumber":29,"author":{"gitId":"xzynos"},"content":"        String logo \u003d \"\";","lastModifiedDate":"2022-09-28"},{"lineNumber":30,"author":{"gitId":"xzynos"},"content":"        logo +\u003d \"  __  __                         _____   __          ___                   \\n\";","lastModifiedDate":"2022-09-28"},{"lineNumber":31,"author":{"gitId":"xzynos"},"content":"        logo +\u003d \" |  \\\\/  |                       / ____|  \\\\ \\\\        / / |                  \\n\";","lastModifiedDate":"2022-09-28"},{"lineNumber":32,"author":{"gitId":"xzynos"},"content":"        logo +\u003d \" | \\\\  / | ___  _ __   ___ _   _| |  __  __\\\\ \\\\  /\\\\  / /| |__   ___ _ __ ___ \\n\";","lastModifiedDate":"2022-09-28"},{"lineNumber":33,"author":{"gitId":"xzynos"},"content":"        logo +\u003d \" | |\\\\/| |/ _ \\\\| \u0027_ \\\\ / _ \\\\ | | | | |_ |/ _ \\\\ \\\\/  \\\\/ / | \u0027_ \\\\ / _ \\\\ \u0027__/ _ \\\\\\n\";","lastModifiedDate":"2022-09-28"},{"lineNumber":34,"author":{"gitId":"xzynos"},"content":"        logo +\u003d \" | |  | | (_) | | | |  __/ |_| | |__| | (_) \\\\  /\\\\  /  | | | |  __/ | |  __/\\n\";","lastModifiedDate":"2022-09-28"},{"lineNumber":35,"author":{"gitId":"xzynos"},"content":"        logo +\u003d \" |_|  |_|\\\\___/|_| |_|\\\\___|\\\\__, |\\\\_____|\\\\___/ \\\\/  \\\\/   |_| |_|\\\\___|_|  \\\\___|\\n\";","lastModifiedDate":"2022-09-28"},{"lineNumber":36,"author":{"gitId":"xzynos"},"content":"        logo +\u003d \"                           __/ |                                           \\n\";","lastModifiedDate":"2022-09-28"},{"lineNumber":37,"author":{"gitId":"xzynos"},"content":"        logo +\u003d \"                          |___/                                            \\n\";","lastModifiedDate":"2022-09-28"},{"lineNumber":38,"author":{"gitId":"xzynos"},"content":"","lastModifiedDate":"2022-09-28"},{"lineNumber":39,"author":{"gitId":"xzynos"},"content":"        System.out.println(logo);","lastModifiedDate":"2022-09-28"},{"lineNumber":40,"author":{"gitId":"xzynos"},"content":"","lastModifiedDate":"2022-09-28"},{"lineNumber":41,"author":{"gitId":"xzynos"},"content":"    }","lastModifiedDate":"2022-09-28"},{"lineNumber":42,"author":{"gitId":"xzynos"},"content":"","lastModifiedDate":"2022-09-28"},{"lineNumber":43,"author":{"gitId":"xzynos"},"content":"    /**","lastModifiedDate":"2022-09-28"},{"lineNumber":44,"author":{"gitId":"xzynos"},"content":"     * Prints a blank like to standard out.","lastModifiedDate":"2022-09-28"},{"lineNumber":45,"author":{"gitId":"xzynos"},"content":"     */","lastModifiedDate":"2022-09-28"},{"lineNumber":46,"author":{"gitId":"xzynos"},"content":"    public static void printBlankLine() {","lastModifiedDate":"2022-09-28"},{"lineNumber":47,"author":{"gitId":"xzynos"},"content":"        System.out.println();","lastModifiedDate":"2022-09-28"},{"lineNumber":48,"author":{"gitId":"xzynos"},"content":"    }","lastModifiedDate":"2022-09-28"},{"lineNumber":49,"author":{"gitId":"xzynos"},"content":"","lastModifiedDate":"2022-09-28"},{"lineNumber":50,"author":{"gitId":"xzynos"},"content":"    /**","lastModifiedDate":"2022-09-28"},{"lineNumber":51,"author":{"gitId":"xzynos"},"content":"     * Prints the greeting message to standard out.","lastModifiedDate":"2022-09-28"},{"lineNumber":52,"author":{"gitId":"xzynos"},"content":"     */","lastModifiedDate":"2022-09-28"},{"lineNumber":53,"author":{"gitId":"xzynos"},"content":"    public static void printGreetingMessage() {","lastModifiedDate":"2022-09-28"},{"lineNumber":54,"author":{"gitId":"xzynos"},"content":"        System.out.println(Messages.CONSOLE_MESSAGE_GREETING);","lastModifiedDate":"2022-09-28"},{"lineNumber":55,"author":{"gitId":"xzynos"},"content":"    }","lastModifiedDate":"2022-09-28"},{"lineNumber":56,"author":{"gitId":"xzynos"},"content":"","lastModifiedDate":"2022-09-28"},{"lineNumber":57,"author":{"gitId":"xzynos"},"content":"    /**","lastModifiedDate":"2022-09-28"},{"lineNumber":58,"author":{"gitId":"xzynos"},"content":"     * Prints the goodbye message to standard out.","lastModifiedDate":"2022-09-28"},{"lineNumber":59,"author":{"gitId":"xzynos"},"content":"     */","lastModifiedDate":"2022-09-28"},{"lineNumber":60,"author":{"gitId":"xzynos"},"content":"    public static void printGoodbyeMessage() {","lastModifiedDate":"2022-09-28"},{"lineNumber":61,"author":{"gitId":"xzynos"},"content":"        System.out.println(Messages.CONSOLE_MESSAGE_GOODBYE);","lastModifiedDate":"2022-09-28"},{"lineNumber":62,"author":{"gitId":"xzynos"},"content":"    }","lastModifiedDate":"2022-09-28"},{"lineNumber":63,"author":{"gitId":"xzynos"},"content":"","lastModifiedDate":"2022-09-28"},{"lineNumber":64,"author":{"gitId":"xzynos"},"content":"    /**","lastModifiedDate":"2022-09-28"},{"lineNumber":65,"author":{"gitId":"xzynos"},"content":"     * Prints an informational message to standard out.","lastModifiedDate":"2022-09-28"},{"lineNumber":66,"author":{"gitId":"xzynos"},"content":"     *","lastModifiedDate":"2022-09-28"},{"lineNumber":67,"author":{"gitId":"xzynos"},"content":"     * @param message Message to print.","lastModifiedDate":"2022-09-28"},{"lineNumber":68,"author":{"gitId":"xzynos"},"content":"     */","lastModifiedDate":"2022-09-28"},{"lineNumber":69,"author":{"gitId":"xzynos"},"content":"    public static void printInformationalMessage(String message) {","lastModifiedDate":"2022-09-28"},{"lineNumber":70,"author":{"gitId":"xzynos"},"content":"        System.out.println(message);","lastModifiedDate":"2022-09-28"},{"lineNumber":71,"author":{"gitId":"xzynos"},"content":"    }","lastModifiedDate":"2022-09-28"},{"lineNumber":72,"author":{"gitId":"xzynos"},"content":"","lastModifiedDate":"2022-09-28"},{"lineNumber":73,"author":{"gitId":"xzynos"},"content":"    /**","lastModifiedDate":"2022-09-28"},{"lineNumber":74,"author":{"gitId":"xzynos"},"content":"     * Prints a warning message to standard out.","lastModifiedDate":"2022-09-28"},{"lineNumber":75,"author":{"gitId":"xzynos"},"content":"     *","lastModifiedDate":"2022-09-28"},{"lineNumber":76,"author":{"gitId":"xzynos"},"content":"     * @param message Message to print.","lastModifiedDate":"2022-09-28"},{"lineNumber":77,"author":{"gitId":"xzynos"},"content":"     */","lastModifiedDate":"2022-09-28"},{"lineNumber":78,"author":{"gitId":"xzynos"},"content":"    public static void printWarningMessage(String message) {","lastModifiedDate":"2022-09-28"},{"lineNumber":79,"author":{"gitId":"xzynos"},"content":"        System.out.println(\"WARN: \" + message);","lastModifiedDate":"2022-09-28"},{"lineNumber":80,"author":{"gitId":"xzynos"},"content":"    }","lastModifiedDate":"2022-09-28"},{"lineNumber":81,"author":{"gitId":"xzynos"},"content":"","lastModifiedDate":"2022-09-28"},{"lineNumber":82,"author":{"gitId":"xzynos"},"content":"    /**","lastModifiedDate":"2022-09-28"},{"lineNumber":83,"author":{"gitId":"xzynos"},"content":"     * Prints an error message to standard out.","lastModifiedDate":"2022-09-28"},{"lineNumber":84,"author":{"gitId":"xzynos"},"content":"     *","lastModifiedDate":"2022-09-28"},{"lineNumber":85,"author":{"gitId":"xzynos"},"content":"     * @param message Message to print.","lastModifiedDate":"2022-09-28"},{"lineNumber":86,"author":{"gitId":"xzynos"},"content":"     */","lastModifiedDate":"2022-09-28"},{"lineNumber":87,"author":{"gitId":"xzynos"},"content":"    public static void printErrorMessage(String message) {","lastModifiedDate":"2022-09-28"},{"lineNumber":88,"author":{"gitId":"xzynos"},"content":"        System.out.println(\"ERROR: \" + message);","lastModifiedDate":"2022-09-28"},{"lineNumber":89,"author":{"gitId":"xzynos"},"content":"    }","lastModifiedDate":"2022-09-28"},{"lineNumber":90,"author":{"gitId":"xzynos"},"content":"","lastModifiedDate":"2022-09-28"},{"lineNumber":91,"author":{"gitId":"xzynos"},"content":"    /**","lastModifiedDate":"2022-09-28"},{"lineNumber":92,"author":{"gitId":"xzynos"},"content":"     * Reads an input from standard input.","lastModifiedDate":"2022-09-28"},{"lineNumber":93,"author":{"gitId":"xzynos"},"content":"     *","lastModifiedDate":"2022-09-28"},{"lineNumber":94,"author":{"gitId":"xzynos"},"content":"     * @return Input read from standard input.","lastModifiedDate":"2022-09-28"},{"lineNumber":95,"author":{"gitId":"xzynos"},"content":"     */","lastModifiedDate":"2022-09-28"},{"lineNumber":96,"author":{"gitId":"xzynos"},"content":"    public String getConsoleInput() {","lastModifiedDate":"2022-09-28"},{"lineNumber":97,"author":{"gitId":"xzynos"},"content":"        return scanner.nextLine();","lastModifiedDate":"2022-09-28"},{"lineNumber":98,"author":{"gitId":"xzynos"},"content":"    }","lastModifiedDate":"2022-09-28"},{"lineNumber":99,"author":{"gitId":"xzynos"},"content":"","lastModifiedDate":"2022-09-28"},{"lineNumber":100,"author":{"gitId":"xzynos"},"content":"    /**","lastModifiedDate":"2022-09-28"},{"lineNumber":101,"author":{"gitId":"xzynos"},"content":"     * Runs the command line interface which the user interacts with.","lastModifiedDate":"2022-09-28"},{"lineNumber":102,"author":{"gitId":"xzynos"},"content":"     */","lastModifiedDate":"2022-09-28"},{"lineNumber":103,"author":{"gitId":"xzynos"},"content":"    @SuppressWarnings(\"StatementWithEmptyBody\")","lastModifiedDate":"2022-09-28"},{"lineNumber":104,"author":{"gitId":"xzynos"},"content":"    public void run() {","lastModifiedDate":"2022-09-28"},{"lineNumber":105,"author":{"gitId":"xzynos"},"content":"        printBlankLine();","lastModifiedDate":"2022-09-28"},{"lineNumber":106,"author":{"gitId":"xzynos"},"content":"","lastModifiedDate":"2022-09-28"},{"lineNumber":107,"author":{"gitId":"xzynos"},"content":"        while (true) {","lastModifiedDate":"2022-09-28"},{"lineNumber":108,"author":{"gitId":"xzynos"},"content":"            String consoleInput \u003d getConsoleInput();","lastModifiedDate":"2022-09-28"},{"lineNumber":109,"author":{"gitId":"xzynos"},"content":"","lastModifiedDate":"2022-09-28"},{"lineNumber":110,"author":{"gitId":"xzynos"},"content":"            printBlankLine();","lastModifiedDate":"2022-09-28"},{"lineNumber":111,"author":{"gitId":"xzynos"},"content":"","lastModifiedDate":"2022-09-28"},{"lineNumber":112,"author":{"gitId":"xzynos"},"content":"            ConsoleCommand consoleCommand \u003d null;","lastModifiedDate":"2022-09-28"},{"lineNumber":113,"author":{"gitId":"xzynos"},"content":"            boolean hasParseError \u003d true;","lastModifiedDate":"2022-09-28"},{"lineNumber":114,"author":{"gitId":"xzynos"},"content":"","lastModifiedDate":"2022-09-28"},{"lineNumber":115,"author":{"gitId":"xzynos"},"content":"            try {","lastModifiedDate":"2022-09-28"},{"lineNumber":116,"author":{"gitId":"xzynos"},"content":"                consoleCommand \u003d ConsoleParser.parse(consoleInput);","lastModifiedDate":"2022-09-28"},{"lineNumber":117,"author":{"gitId":"xzynos"},"content":"                hasParseError \u003d false;","lastModifiedDate":"2022-09-28"},{"lineNumber":118,"author":{"gitId":"xzynos"},"content":"            } catch (ConsoleParserCommandNotFoundException e) {","lastModifiedDate":"2022-09-28"},{"lineNumber":119,"author":{"gitId":"xzynos"},"content":"                printErrorMessage(e.getMessage());","lastModifiedDate":"2022-09-28"},{"lineNumber":120,"author":{"gitId":"xzynos"},"content":"            }","lastModifiedDate":"2022-09-28"},{"lineNumber":121,"author":{"gitId":"xzynos"},"content":"","lastModifiedDate":"2022-09-28"},{"lineNumber":122,"author":{"gitId":"xzynos"},"content":"            if (hasParseError) {","lastModifiedDate":"2022-09-28"},{"lineNumber":123,"author":{"gitId":"xzynos"},"content":"                // Do nothing if there is a parse error","lastModifiedDate":"2022-09-28"},{"lineNumber":124,"author":{"gitId":"xzynos"},"content":"            } else if (consoleCommand instanceof ConsoleCommandBye) {","lastModifiedDate":"2022-09-28"},{"lineNumber":125,"author":{"gitId":"xzynos"},"content":"                // Terminate the program","lastModifiedDate":"2022-09-28"},{"lineNumber":126,"author":{"gitId":"xzynos"},"content":"                return;","lastModifiedDate":"2022-09-28"},{"lineNumber":127,"author":{"gitId":"xzynos"},"content":"            } else {","lastModifiedDate":"2022-09-28"},{"lineNumber":128,"author":{"gitId":"xzynos"},"content":"                // Do nothing if the command is not found","lastModifiedDate":"2022-09-28"},{"lineNumber":129,"author":{"gitId":"xzynos"},"content":"            }","lastModifiedDate":"2022-09-28"},{"lineNumber":130,"author":{"gitId":"xzynos"},"content":"","lastModifiedDate":"2022-09-28"},{"lineNumber":131,"author":{"gitId":"xzynos"},"content":"            printBlankLine();","lastModifiedDate":"2022-09-28"},{"lineNumber":132,"author":{"gitId":"xzynos"},"content":"        }","lastModifiedDate":"2022-09-28"},{"lineNumber":133,"author":{"gitId":"xzynos"},"content":"    }","lastModifiedDate":"2022-09-28"},{"lineNumber":134,"author":{"gitId":"xzynos"},"content":"}","lastModifiedDate":"2022-09-28"}],"authorContributionMap":{"xzynos":134}},{"path":"src/test/java/seedu/moneygowhere/MoneyGoWhereTest.java","fileType":"test-code","lines":[{"lineNumber":1,"author":{"gitId":"xzynos"},"content":"package seedu.moneygowhere;","lastModifiedDate":"2022-09-28"},{"lineNumber":2,"author":{"gitId":"-"},"content":"","lastModifiedDate":"2020-05-24"},{"lineNumber":3,"author":{"gitId":"-"},"content":"import static org.junit.jupiter.api.Assertions.assertTrue;","lastModifiedDate":"2020-05-24"},{"lineNumber":4,"author":{"gitId":"-"},"content":"","lastModifiedDate":"2020-05-24"},{"lineNumber":5,"author":{"gitId":"-"},"content":"import org.junit.jupiter.api.Test;","lastModifiedDate":"2020-05-24"},{"lineNumber":6,"author":{"gitId":"-"},"content":"","lastModifiedDate":"2020-05-24"},{"lineNumber":7,"author":{"gitId":"xzynos"},"content":"class MoneyGoWhereTest {","lastModifiedDate":"2022-09-28"},{"lineNumber":8,"author":{"gitId":"-"},"content":"    @Test","lastModifiedDate":"2020-05-24"},{"lineNumber":9,"author":{"gitId":"-"},"content":"    public void sampleTest() {","lastModifiedDate":"2020-05-24"},{"lineNumber":10,"author":{"gitId":"-"},"content":"        assertTrue(true);","lastModifiedDate":"2020-05-24"},{"lineNumber":11,"author":{"gitId":"-"},"content":"    }","lastModifiedDate":"2020-05-24"},{"lineNumber":12,"author":{"gitId":"-"},"content":"}","lastModifiedDate":"2020-05-24"}],"authorContributionMap":{"-":10,"xzynos":2}}]
