{"authorDailyContributionsMap":{"LokQiJun":[{"date":"2022-09-28","commitResults":[{"hash":"97c5033b151d71bf68abf0d209d97baf21ea53dc","messageTitle":"edited about us","messageBody":"","fileTypesAndContributionMap":{"docs":{"insertions":4,"deletions":8}}}]},{"date":"2022-10-06","commitResults":[{"hash":"8d19e8708c64fa6a60b52a051d25678bbe273ea2","messageTitle":"Added error messages for saving and loading data","messageBody":"","fileTypesAndContributionMap":{"functional-code":{"insertions":6,"deletions":0}}},{"hash":"99b82d337ee8781cf22f99f4ef20770ef5e7065b","messageTitle":"Added file path for saving and loading of data","messageBody":"","fileTypesAndContributionMap":{"functional-code":{"insertions":1,"deletions":0}}},{"hash":"d7de679dbea3eb22fc3bcbf8aa4929289a8c3aa0","messageTitle":"Added method to save expenses into a .txt file","messageBody":"","fileTypesAndContributionMap":{"functional-code":{"insertions":76,"deletions":0}}},{"hash":"6d0406bdeaa669a6e504b134501a11e8f0cc5e01","messageTitle":"Added directory for storage file","messageBody":"","fileTypesAndContributionMap":{"functional-code":{"insertions":3,"deletions":1}}},{"hash":"8c7aa7fb6e0184361593f2fba72d2e295713e3c6","messageTitle":"Updated file path in function to save data","messageBody":"","fileTypesAndContributionMap":{"functional-code":{"insertions":24,"deletions":11}}},{"hash":"4c98f744c3f5c485a59c00b46a0cd3112305b51b","messageTitle":"Integrated function to save data into command actions","messageBody":"","fileTypesAndContributionMap":{"functional-code":{"insertions":9,"deletions":0}}},{"hash":"b87c5cf918019cea1cc56b1b7b6f972eb6ab46fd","messageTitle":"Fixed coding standard violations","messageBody":"","fileTypesAndContributionMap":{"functional-code":{"insertions":10,"deletions":9}}}]},{"date":"2022-10-07","commitResults":[{"hash":"ce93fde1d43550ee3717959e2ae110eec21734ae","messageTitle":"Added exception for when data in load file is corrupted","messageBody":"","fileTypesAndContributionMap":{"functional-code":{"insertions":31,"deletions":0}}},{"hash":"d0e10b94ae836bc7afa1d786a28a56ac99b26b09","messageTitle":"Added messages for loading","messageBody":"","fileTypesAndContributionMap":{"functional-code":{"insertions":7,"deletions":2}}},{"hash":"14057aeb62d6ded41c36790feda0adc79b55f01b","messageTitle":"Added function to load data from file","messageBody":"","fileTypesAndContributionMap":{"functional-code":{"insertions":35,"deletions":11}}},{"hash":"dd96b2cd42a78777e917c51e1682d5f53ad5c02a","messageTitle":"Fixed coding standard violations","messageBody":"","fileTypesAndContributionMap":{"functional-code":{"insertions":7,"deletions":7}}},{"hash":"99af2fc066e740b20cfa08aec1dea48d52c006dc","messageTitle":"Updated UG","messageBody":"","fileTypesAndContributionMap":{"docs":{"insertions":3,"deletions":1}}},{"hash":"7db4633e37f2f1699b41c46cedf618abe2cb4473","messageTitle":"Changed location of loadfile method call for better presentation","messageBody":"","fileTypesAndContributionMap":{"functional-code":{"insertions":1,"deletions":1}}}]},{"date":"2022-10-18","commitResults":[{"hash":"22e259c26642218d7398978d07ed2d97b83aba8c","messageTitle":"Added messages for exception handling","messageBody":"","fileTypesAndContributionMap":{"functional-code":{"insertions":14,"deletions":3}}},{"hash":"277ee2316e8ab5da2b9c190d5f691006b71f6c5f","messageTitle":"Renamed save/load file configurations","messageBody":"","fileTypesAndContributionMap":{"functional-code":{"insertions":5,"deletions":5}}},{"hash":"0312b9f7b07ce8c6f8385086e9c9e32165c49c1c","messageTitle":"Implemented writing and reading data from xml file","messageBody":"","fileTypesAndContributionMap":{"functional-code":{"insertions":148,"deletions":110}}},{"hash":"b4711cb2af5b90aa120e6aa6910a068c263f582f","messageTitle":"Added javadoc","messageBody":"","fileTypesAndContributionMap":{"functional-code":{"insertions":25,"deletions":2}}},{"hash":"70ec1245555c32958b65d56dadbf8a5e2c160e14","messageTitle":"Added fullstop to javadoc","messageBody":"","fileTypesAndContributionMap":{"functional-code":{"insertions":4,"deletions":4}}},{"hash":"3587dfe2e64bd307d8c7f7e995cabf5e7cd36811","messageTitle":"Renamed constant","messageBody":"","fileTypesAndContributionMap":{"functional-code":{"insertions":4,"deletions":4}}},{"hash":"246520d733187294095fe5786e51340d36d14c6f","messageTitle":"Refactored constants for xml file into a static class","messageBody":"","fileTypesAndContributionMap":{"functional-code":{"insertions":33,"deletions":16}}},{"hash":"3f64557cf2e3dbe11326636f4eee1777c57cc43b","messageTitle":"Added class to suppress default message from the error handler for the XML parser","messageBody":"","fileTypesAndContributionMap":{"functional-code":{"insertions":19,"deletions":0}}},{"hash":"4cfdb6d82245f3db869dcd87abd267857a31dfff","messageTitle":"Renamed file","messageBody":"","fileTypesAndContributionMap":{"functional-code":{"insertions":0,"deletions":18}}},{"hash":"29c9567731f397a20b04810abaedac415c0e7dc8","messageTitle":"Fixed typo","messageBody":"","fileTypesAndContributionMap":{"functional-code":{"insertions":18,"deletions":0}}}]},{"date":"2022-10-20","commitResults":[{"hash":"2dee8fb8a7c9214872fcbb03a3bb1c879080eb16","messageTitle":"Refactor parsing of expenses to xml format","messageBody":"","fileTypesAndContributionMap":{"functional-code":{"insertions":30,"deletions":26}}},{"hash":"9a564ee7cf6ee78844e1d3f0fadf027db082aa86","messageTitle":"Added constants for Income, Target and RecurringExpense objects","messageBody":"","fileTypesAndContributionMap":{"functional-code":{"insertions":22,"deletions":0}}},{"hash":"9e27fb0094d12c7daee22e1d1a074c212caa3640","messageTitle":"Added creating a Target object based on Target node from xml file","messageBody":"","fileTypesAndContributionMap":{"functional-code":{"insertions":57,"deletions":6}}},{"hash":"0188462d58deab3d388d906e8ab6102fc159e4f9","messageTitle":"Added creating a RecurringPayment object based on RecurringPayment node from xml file","messageBody":"","fileTypesAndContributionMap":{"functional-code":{"insertions":25,"deletions":0}}},{"hash":"a597dd21ed0cfa254201f34de08779316a53d0dc","messageTitle":"Added creating an Income object based on Income node from xml file","messageBody":"","fileTypesAndContributionMap":{"functional-code":{"insertions":25,"deletions":0}}},{"hash":"29894238a62963bd22852af1504e6573070ddee3","messageTitle":"Added parsing for target object to be stored in xml file","messageBody":"","fileTypesAndContributionMap":{"functional-code":{"insertions":82,"deletions":53}}},{"hash":"ee52b9d3e497c73cdad840f6854ceab48b13b054","messageTitle":"Added parsing for RecurringPayment object to be stored in xml file","messageBody":"","fileTypesAndContributionMap":{"functional-code":{"insertions":25,"deletions":0}}},{"hash":"bfe29c9b73113bd26a0d8c6443569af1014ac289","messageTitle":"Added parsing for Income object to be stored in xml file","messageBody":"","fileTypesAndContributionMap":{"functional-code":{"insertions":23,"deletions":0}}},{"hash":"b6f3ceb94658ec9e4858a638c561ad8bb90b8c4d","messageTitle":"Added method to load file from external file","messageBody":"","fileTypesAndContributionMap":{"functional-code":{"insertions":35,"deletions":2}}},{"hash":"ed03db1d5ce61b802228f8fc6d613299876c1700","messageTitle":"Added exception for merge external file command","messageBody":"","fileTypesAndContributionMap":{"functional-code":{"insertions":31,"deletions":0}}},{"hash":"cbe4839117366ada98c5c3ac60b0bf38e7cdebaf","messageTitle":"Added command to merge external file","messageBody":"","fileTypesAndContributionMap":{"functional-code":{"insertions":16,"deletions":0}}},{"hash":"9dbc8321d0d925bf351ffd41892b8ca51f6ba00e","messageTitle":"Integrated function to merge file into parser","messageBody":"","fileTypesAndContributionMap":{"functional-code":{"insertions":145,"deletions":3}}},{"hash":"3d232c137d23f82753c5d410d675716a90292468","messageTitle":"Added and modified some messages","messageBody":"","fileTypesAndContributionMap":{"functional-code":{"insertions":5,"deletions":3}}},{"hash":"5aa47c44498557afd77152038563188418c5c2a6","messageTitle":"Updated UG","messageBody":"","fileTypesAndContributionMap":{"docs":{"insertions":11,"deletions":0}}},{"hash":"25008bb7139e993f273b425b8ff5d9dfe9ccf426","messageTitle":"Fixed Coding Standard Violations","messageBody":"","fileTypesAndContributionMap":{"functional-code":{"insertions":11,"deletions":11}}},{"hash":"b17142ff4a089e97bbd7448960849437f90364ba","messageTitle":"Update local storage after merging","messageBody":"","fileTypesAndContributionMap":{"functional-code":{"insertions":1,"deletions":0}}}]},{"date":"2022-10-21","commitResults":[{"hash":"3b35564208994c4ba693d589c339eccaf244e818","messageTitle":"Edited Javadocs","messageBody":"","fileTypesAndContributionMap":{"functional-code":{"insertions":42,"deletions":26}}},{"hash":"9c96dca0480f50d8fbc6acf329cfda39c75c3e08","messageTitle":"Corrected UG","messageBody":"","fileTypesAndContributionMap":{"docs":{"insertions":2,"deletions":2}}},{"hash":"64b2198f9e399b4c8e5f020556059b709f1f5d3d","messageTitle":"Update LocalStorage.java","messageBody":"","fileTypesAndContributionMap":{"functional-code":{"insertions":5,"deletions":1}}},{"hash":"80f80a965d4405d0dfd782b8f153812c1612c0b2","messageTitle":"Added messages","messageBody":"","fileTypesAndContributionMap":{"functional-code":{"insertions":3,"deletions":0}}},{"hash":"35c124610515c5c430545b6d06958925d1f61934","messageTitle":"Manually converted empty string back to null and added assertions on compulsory values for Expense object.","messageBody":"","fileTypesAndContributionMap":{"functional-code":{"insertions":15,"deletions":0}}},{"hash":"2f5dbdffaf7c283375e074a1049c4fd381c325b4","messageTitle":"Manually converted empty string back to null and added assertions on compulsory values for loading Target object.","messageBody":"","fileTypesAndContributionMap":{"functional-code":{"insertions":11,"deletions":0}}},{"hash":"b066c36504e4fc2175a4f0b71ca2158512e317ad","messageTitle":"Manually converted empty string back to null and added assertions on compulsory values for loading RecurringPayment object.","messageBody":"","fileTypesAndContributionMap":{"functional-code":{"insertions":19,"deletions":3}}},{"hash":"898694cc20791863509af010c15702b34a1e3993","messageTitle":"Manually converted empty string back to null and added assertions on compulsory values for loading Income object.","messageBody":"","fileTypesAndContributionMap":{"functional-code":{"insertions":10,"deletions":1}}},{"hash":"409ececf520a7018cb2b91dfb61fe14a632aa112","messageTitle":"Fixed coding standard violations","messageBody":"","fileTypesAndContributionMap":{"functional-code":{"insertions":16,"deletions":14}}},{"hash":"8780bb11deaeee1686a1a598bb2c806e960f1c93","messageTitle":"Updated assertions","messageBody":"","fileTypesAndContributionMap":{"functional-code":{"insertions":9,"deletions":9}}},{"hash":"60f157613456a7b4ec02c552b32e4bbe8c0859e3","messageTitle":"Fixed coding standard violation","messageBody":"","fileTypesAndContributionMap":{"functional-code":{"insertions":2,"deletions":1}}},{"hash":"b6bfb3288c6135f5f1e9be59160a49815a7383bd","messageTitle":"Fixed typo","messageBody":"","fileTypesAndContributionMap":{"functional-code":{"insertions":1,"deletions":1}}}]},{"date":"2022-10-22","commitResults":[{"hash":"01c22a6f54f779796ba55242f8c94a77105cc016","messageTitle":"Used exceptions instead of assertions","messageBody":"","fileTypesAndContributionMap":{"functional-code":{"insertions":20,"deletions":10}}},{"hash":"edf010bf975830896b91aa972cfdfa8c10c134f1","messageTitle":"Fixed coding standards violation","messageBody":"","fileTypesAndContributionMap":{"functional-code":{"insertions":7,"deletions":6}}},{"hash":"75b9b0755c785114a18ae76b329aa30eb4d8e0b8","messageTitle":"Added assertions to constructor of Expense object","messageBody":"","fileTypesAndContributionMap":{"functional-code":{"insertions":6,"deletions":0}}},{"hash":"7d422bf05ec57426f9de37f216a74bfe7ec74202","messageTitle":"Added assertions to constructor of RecurringPayment object","messageBody":"","fileTypesAndContributionMap":{"functional-code":{"insertions":5,"deletions":0}}},{"hash":"b790e9fb28442962fe1a7c0554a4da4884e289e9","messageTitle":"Updated saving and loading to include Recurring Payments","messageBody":"","fileTypesAndContributionMap":{"functional-code":{"insertions":56,"deletions":14}}},{"hash":"2b57caff7c1b2074c9f97c80db7f8a86ddd0bf1b","messageTitle":"Fixed coding standard violations","messageBody":"","fileTypesAndContributionMap":{"functional-code":{"insertions":8,"deletions":4}}},{"hash":"85e3165a1c8ee81438a3bd5d692cfdeba423ebf3","messageTitle":"Replaced white space with _ for xml constants","messageBody":"","fileTypesAndContributionMap":{"functional-code":{"insertions":2,"deletions":2}}},{"hash":"2e0dfcc64bb26b0857e7378d3b3b8c02320597e0","messageTitle":"Changed save file name","messageBody":"","fileTypesAndContributionMap":{"functional-code":{"insertions":1,"deletions":1}}},{"hash":"0b76a7bbfd31a3f996d43d3ea0d2acf556dc25f1","messageTitle":"Added exception for when invalid character is inputted to xml parser","messageBody":"","fileTypesAndContributionMap":{"functional-code":{"insertions":21,"deletions":9}}},{"hash":"d1e67abc374125c0df9c7ab0b02c27981b9f5d7e","messageTitle":"Call save data method in adding/deleting Recurring Payment","messageBody":"","fileTypesAndContributionMap":{"functional-code":{"insertions":6,"deletions":0}}},{"hash":"d614939804dd32ecce80e819af226802024bb351","messageTitle":"Updated method for merging external file","messageBody":"","fileTypesAndContributionMap":{"functional-code":{"insertions":15,"deletions":10}}}]},{"date":"2022-10-24","commitResults":[{"hash":"87023753a7cf6e8ec7fa1b5d85ed30fdeeb1c6d6","messageTitle":"added save/load mode of payment for Recurring Payment object","messageBody":"","fileTypesAndContributionMap":{"functional-code":{"insertions":27,"deletions":18}}},{"hash":"6be2d6c78af9b15f970678b49d1a34e5969d9957","messageTitle":"Added save/load features for Target and Income object","messageBody":"","fileTypesAndContributionMap":{"functional-code":{"insertions":136,"deletions":28}}},{"hash":"14d5bd1c2c64de2c9c63c59145138f536361ba25","messageTitle":"Added assertions for constructors for Income and Target objects","messageBody":"","fileTypesAndContributionMap":{"functional-code":{"insertions":13,"deletions":1}}},{"hash":"13f8505c3431ac985c516402a9507076a83e2253","messageTitle":"Reordered code","messageBody":"","fileTypesAndContributionMap":{"functional-code":{"insertions":5,"deletions":5}}},{"hash":"9009449ad02a1594ebce79a073f9835b9d3682fd","messageTitle":"Saved category variable to xml file","messageBody":"","fileTypesAndContributionMap":{"functional-code":{"insertions":4,"deletions":1}}}]},{"date":"2022-10-27","commitResults":[{"hash":"d5111b59cde4e54d899567a430fe3fce8b14127a","messageTitle":"Refactored localStorage","messageBody":"","fileTypesAndContributionMap":{"functional-code":{"insertions":166,"deletions":137}}},{"hash":"f36c137a0b4e5f3ff742f4cf6e7682c551627cdd","messageTitle":"Fixed coding standard violation","messageBody":"","fileTypesAndContributionMap":{"functional-code":{"insertions":2,"deletions":5}}},{"hash":"51a657989753db4df7e46367f50444c76e822925","messageTitle":"Add addTarget command into parser","messageBody":"","fileTypesAndContributionMap":{"functional-code":{"insertions":2,"deletions":0}}}]},{"date":"2022-10-28","commitResults":[{"hash":"5970d260dae5aafd03a2b510cac2cec652a8088e","messageTitle":"Updated UG","messageBody":"","fileTypesAndContributionMap":{"docs":{"insertions":128,"deletions":3}}},{"hash":"35b220cebf7fb70e87bf1d286bdee55a109b3aa8","messageTitle":"Fixed typos","messageBody":"","fileTypesAndContributionMap":{"docs":{"insertions":3,"deletions":3}}},{"hash":"ada53858f29b04fafd75b09cec7c51b7c404a4b6","messageTitle":"Add commands to summary","messageBody":"","fileTypesAndContributionMap":{"docs":{"insertions":8,"deletions":0}}}]}],"jeyvia":[{"date":"2022-09-28","commitResults":[{"hash":"e91570f8f161d85cc25467214e0b99f26d8f7b3b","messageTitle":"Updated AboutUs.md and Portfolio","messageBody":"","fileTypesAndContributionMap":{"docs":{"insertions":10,"deletions":13}}}]},{"date":"2022-10-05","commitResults":[{"hash":"456e4cd22be3685bf2f71a4fa8c8dd92a496df4d","messageTitle":"Created sort-expenses","messageBody":"Added sorting by alphabetical order (from A-Z)\nAdded sorting by amount (in ascending order)\n","fileTypesAndContributionMap":{"functional-code":{"insertions":133,"deletions":10},"test-code":{"insertions":13,"deletions":6}}},{"hash":"4b6c5fb37dfc6facc0092588a7aa9fa7f47f7b4b","messageTitle":"Checkstyle changes","messageBody":"","fileTypesAndContributionMap":{"functional-code":{"insertions":27,"deletions":13}}},{"hash":"f6afb5a079e6d3aecad5c774d85ff151f46a3846","messageTitle":"Changed constant variable naming","messageBody":"","fileTypesAndContributionMap":{"functional-code":{"insertions":9,"deletions":12}}},{"hash":"3ca6339184deb7df5e1716020920f3a99a455bd1","messageTitle":"Updated sort-expenses","messageBody":"Added sorting by date\nAdded sorting by ascending/descending for all 3 types of sorting\n","fileTypesAndContributionMap":{"functional-code":{"insertions":37,"deletions":16}}}]},{"date":"2022-10-06","commitResults":[{"hash":"1c0376413e4c1ad895b75c2a7b96b461e37165c5","messageTitle":"Update ConsoleCommandSortExpense.java","messageBody":"","fileTypesAndContributionMap":{"functional-code":{"insertions":17,"deletions":7}}},{"hash":"54e893d719980cd3236694350156113dc870bd32","messageTitle":"sort-expense runtime exception fix","messageBody":"Fixed runtime exception for invalid sort-expense command syntax\n","fileTypesAndContributionMap":{"functional-code":{"insertions":57,"deletions":28},"docs":{"insertions":15,"deletions":0}}},{"hash":"583d53fc31d5960c1c01137fb6cee24282347f2a","messageTitle":"Checkstyle fixes","messageBody":"","fileTypesAndContributionMap":{"functional-code":{"insertions":5,"deletions":5}}},{"hash":"d23ad5e12ae95d1e08a543d0644c7a4d88223942","messageTitle":"Added period for checkstyle","messageBody":"","fileTypesAndContributionMap":{"functional-code":{"insertions":1,"deletions":1}}}]},{"date":"2022-10-14","commitResults":[{"hash":"039828271e64e0db6623f355b1b06ea00e2e4a07","messageTitle":"sort-expense command fixes","messageBody":"-fixed bug where exception is thrown for correct syntax\n","fileTypesAndContributionMap":{"functional-code":{"insertions":4,"deletions":4}}},{"hash":"de1797be0c7936ba94cde76cee11f871ec26cd51","messageTitle":"Update ConsoleParser.java","messageBody":"","fileTypesAndContributionMap":{"functional-code":{"insertions":6,"deletions":6}}},{"hash":"9a3ec4a9aec4e235b0e0821e4552b6489111fcef","messageTitle":"auto sort-expenses WIP","messageBody":"","fileTypesAndContributionMap":{"functional-code":{"insertions":35,"deletions":12}}},{"hash":"7849f1aad9d7bb5088aebbfb147c4c39112ee517","messageTitle":"Fixed sort-expense to automatically re-sort when changes are made","messageBody":"- expense list is automatically sorted\n- users\u0027 sortCommandSetting is stored in text file\n","fileTypesAndContributionMap":{"functional-code":{"insertions":72,"deletions":18}}},{"hash":"01d24070eb3c79e9378db274d48d7a2018228cce","messageTitle":"updated ArrayList.set to auto-sort","messageBody":"","fileTypesAndContributionMap":{"functional-code":{"insertions":10,"deletions":0}}},{"hash":"46b4149973eac4c31468bd27421ea477da044d9b","messageTitle":"Update ExpenseManager.java","messageBody":"","fileTypesAndContributionMap":{"functional-code":{"insertions":1,"deletions":1}}},{"hash":"a16795fa172bd8dbbdc3c03de3cb85e301ca7f03","messageTitle":"Removed set() override","messageBody":"","fileTypesAndContributionMap":{"functional-code":{"insertions":1,"deletions":8}}}]},{"date":"2022-10-15","commitResults":[{"hash":"7059c2c983481bfe96b81ca21dafc107b851ddbc","messageTitle":"Misc Changes","messageBody":"","fileTypesAndContributionMap":{"functional-code":{"insertions":1,"deletions":1}}},{"hash":"934735cbc195077832ffdc645e57f76819713f85","messageTitle":"Added remarks","messageBody":"","fileTypesAndContributionMap":{"functional-code":{"insertions":258,"deletions":20},"docs":{"insertions":19,"deletions":6}}},{"hash":"9a92d57b2a09b1d1ea48a4f1f149f81ee0d6b790","messageTitle":"Remove extra delete-remarks","messageBody":"","fileTypesAndContributionMap":{"functional-code":{"insertions":0,"deletions":145},"docs":{"insertions":0,"deletions":11}}}]},{"date":"2022-10-17","commitResults":[{"hash":"84487f32385ec14f30a17c1f0ad12de986201466","messageTitle":"Added currency part 1","messageBody":"- MoneyGoWhere pulls updated currency rates from API\n- Users can add expenses in different currencies\n- Users can edit expenses to change the currency of the expense (without changing its value)\n","fileTypesAndContributionMap":{"functional-code":{"insertions":409,"deletions":21},"docs":{"insertions":8,"deletions":4},"test-code":{"insertions":1,"deletions":0}}},{"hash":"a9cbd825be97fd66f3872480e5bc855b9850d89b","messageTitle":"Added function to convert currency of expenses","messageBody":"- Updated UG\n- Add command \"convert-currency\"\n- Added tiebreakers for sort-expenses\n","fileTypesAndContributionMap":{"functional-code":{"insertions":308,"deletions":42},"docs":{"insertions":18,"deletions":4}}},{"hash":"3ba1edca5d85e52319ba3d5717ccee5de99c18b0","messageTitle":"Update ConsoleParser.java","messageBody":"","fileTypesAndContributionMap":{"functional-code":{"insertions":1,"deletions":1}}},{"hash":"5fcc9655dd918f2434a1fc9f890d8b98587de17f","messageTitle":"Change Float to BigDecimal \u0026 Changed location of comparators for sort-expense","messageBody":"","fileTypesAndContributionMap":{"functional-code":{"insertions":123,"deletions":110}}}]},{"date":"2022-10-18","commitResults":[{"hash":"500b28a6972d97d7294d58be05ed8a9ab2e5d596","messageTitle":"refactored Convert-Currency \u0026 Sort-Expenses","messageBody":"- Refactor Convert-Currency \u0026 Sort-Expense to match new code style\n- Add empty message for view-expense when arraylist of expenses is empty\n","fileTypesAndContributionMap":{"functional-code":{"insertions":203,"deletions":122}}}]},{"date":"2022-10-21","commitResults":[{"hash":"147ea4e7e759fbd9fb39b7c03874101c46d9023f","messageTitle":"Added mode of payment to expenses","messageBody":"","fileTypesAndContributionMap":{"functional-code":{"insertions":204,"deletions":25},"test-code":{"insertions":5,"deletions":1}}},{"hash":"6ce4a9bb91b57995411a0e8b0f04c35ae491fbce","messageTitle":"Updated UG and test files","messageBody":"","fileTypesAndContributionMap":{"docs":{"insertions":6,"deletions":5}}},{"hash":"07b9b964164e92ca54691df919f613c6c1e5637e","messageTitle":"Fixed currencyAPI issues","messageBody":"","fileTypesAndContributionMap":{"functional-code":{"insertions":118,"deletions":20},"docs":{"insertions":7,"deletions":5}}},{"hash":"5ff822bfc808381e5f53d43d265acc9ffd7e8a7d","messageTitle":"renamed constants variables for modeOfPayment","messageBody":"","fileTypesAndContributionMap":{"functional-code":{"insertions":24,"deletions":20}}},{"hash":"98db093d94ef39f5f2db9696107f8370367037ab","messageTitle":"Update CurrencyManager.java","messageBody":"","fileTypesAndContributionMap":{"functional-code":{"insertions":0,"deletions":2}}}]},{"date":"2022-10-22","commitResults":[{"hash":"5f3326d989899b6962f51786b5f0fef5b66350f3","messageTitle":"view-expense no longer prints null when variables are null","messageBody":"","fileTypesAndContributionMap":{"functional-code":{"insertions":24,"deletions":8}}}]},{"date":"2022-10-28","commitResults":[{"hash":"bd00757140c18963554172b81f0a56a7b1639130","messageTitle":"Updated edit-expense for modeOfPayment","messageBody":"","fileTypesAndContributionMap":{"functional-code":{"insertions":3,"deletions":0}}},{"hash":"de37156af04d224c918b0a70fe52cb729bd1b0ba","messageTitle":"Updated edit-expense for currencies","messageBody":"","fileTypesAndContributionMap":{"functional-code":{"insertions":1,"deletions":1}}},{"hash":"588a40e74e7c5f5c800a6049a45c2d58762145df","messageTitle":"Update UserGuide.md","messageBody":"","fileTypesAndContributionMap":{"docs":{"insertions":20,"deletions":0}}}]},{"date":"2022-10-29","commitResults":[{"hash":"4aa78f8a8b3c60118dee2797e28301ee4df6c19e","messageTitle":"Update UserGuide.md","messageBody":"","fileTypesAndContributionMap":{"docs":{"insertions":3,"deletions":3}}},{"hash":"b67236093b2bb900022fb42ffadd24feb7aa98d6","messageTitle":"Added currencyApiManager","messageBody":"","fileTypesAndContributionMap":{"functional-code":{"insertions":15,"deletions":7}}},{"hash":"eb29535351957f1706a1b0383adc41cf7edac8d5","messageTitle":"Added normalisation for convert-currency","messageBody":"","fileTypesAndContributionMap":{"functional-code":{"insertions":25,"deletions":6}}},{"hash":"22716dc55d22ebbf33370b0b31cbef70db66b545","messageTitle":"resolved rounding error for convert-currency","messageBody":"","fileTypesAndContributionMap":{"functional-code":{"insertions":34,"deletions":7}}},{"hash":"9a2ae4ff8014370cf4b8b6e1d23586176ca2d64b","messageTitle":"updated UG and sort-expense","messageBody":"","fileTypesAndContributionMap":{"functional-code":{"insertions":7,"deletions":0},"docs":{"insertions":4,"deletions":0}}}]},{"date":"2022-10-30","commitResults":[{"hash":"b91177568b636508f9594368b54fb5d9305b15af","messageTitle":"added help command","messageBody":"","fileTypesAndContributionMap":{"functional-code":{"insertions":195,"deletions":38},"docs":{"insertions":42,"deletions":10}}}]},{"date":"2022-10-31","commitResults":[{"hash":"07b29f9856b782fe93e5cd2d26fd6f0a80fd723a","messageTitle":"Added cutting off trailing zeros and ensuring that value of amount/current amount is greater than 0","messageBody":"","fileTypesAndContributionMap":{"functional-code":{"insertions":403,"deletions":123},"docs":{"insertions":8,"deletions":9},"test-code":{"insertions":10,"deletions":10}}},{"hash":"0a3c43039db538af44384d295bc7193594e3e316","messageTitle":"Removed ConsoleParserInvalidAmountException","messageBody":"","fileTypesAndContributionMap":{"functional-code":{"insertions":160,"deletions":151}}},{"hash":"25dd433eff1d63a934c4ba9439045bf57057ae90","messageTitle":"updated exception messages","messageBody":"","fileTypesAndContributionMap":{"functional-code":{"insertions":39,"deletions":15}}}]}],"yuu-chennn":[{"date":"2022-10-08","commitResults":[{"hash":"863c8561fde46ad3fdcd4a1ba6859f706454a36f","messageTitle":"aboutus","messageBody":"","fileTypesAndContributionMap":{"docs":{"insertions":14,"deletions":6}}}]},{"date":"2022-10-11","commitResults":[{"hash":"98fc4d4c72e0003ebf3b7367ecaa48730373f457","messageTitle":"Add code to parse view-expense category option","messageBody":"","fileTypesAndContributionMap":{"functional-code":{"insertions":86,"deletions":3},"docs":{"insertions":2,"deletions":3}}}]},{"date":"2022-10-19","commitResults":[{"hash":"911c97676cf95f968850a37800a3c15a75d771df","messageTitle":"Fixed NullPointerException Bug","messageBody":"","fileTypesAndContributionMap":{"functional-code":{"insertions":14,"deletions":6}}}]},{"date":"2022-10-24","commitResults":[{"hash":"40c008437c1e7e2f53a0b478205bac2ba8fe5f83","messageTitle":"Add View Expense By Name","messageBody":"","fileTypesAndContributionMap":{"functional-code":{"insertions":66,"deletions":3}}}]}],"penguin-s":[{"date":"2022-09-30","commitResults":[{"hash":"dd068b4ac754d491a0ee6b14367e728e793274f2","messageTitle":"Update AboutUs.md","messageBody":"","fileTypesAndContributionMap":{"docs":{"insertions":1,"deletions":0}}},{"hash":"2b2efec635b44d95c6230dc65884e210647a387b","messageTitle":"Create nursyadiyahbtelutfi.md","messageBody":"","fileTypesAndContributionMap":{"docs":{"insertions":6,"deletions":0}}}]},{"date":"2022-10-09","commitResults":[{"hash":"73654507c6d3a673e5497398cc0326aa021f5210","messageTitle":"Add income","messageBody":"","fileTypesAndContributionMap":{"functional-code":{"insertions":160,"deletions":3}}},{"hash":"013a65f11fd5120a50e3515987f1ab5b84bac596","messageTitle":"Fix indentations","messageBody":"","fileTypesAndContributionMap":{"functional-code":{"insertions":17,"deletions":9}}},{"hash":"060c11a089c6292336528f411c6421766408769a","messageTitle":"Update indentation in ConsoleParser.java","messageBody":"","fileTypesAndContributionMap":{"functional-code":{"insertions":1,"deletions":0}}},{"hash":"7f27ce03e1aa37e622f466313985d7e23b3ab8a6","messageTitle":"Add Income and IncomeManager classes","messageBody":"","fileTypesAndContributionMap":{"functional-code":{"insertions":145,"deletions":5}}}]},{"date":"2022-10-10","commitResults":[{"hash":"f4886a4104eb9f8798fd2cf13b07836f31aa76ed","messageTitle":"Add Target and TargetManager","messageBody":"","fileTypesAndContributionMap":{"functional-code":{"insertions":362,"deletions":9}}},{"hash":"7190c9d1752008a7abbe1defe0c914db1e4afa1a","messageTitle":"Reformat code","messageBody":"","fileTypesAndContributionMap":{"functional-code":{"insertions":21,"deletions":13}}},{"hash":"7e5e409dd7b928f0e399dfb9234bb4f473cae875","messageTitle":"Fix coding standard violations","messageBody":"","fileTypesAndContributionMap":{"functional-code":{"insertions":8,"deletions":3}}},{"hash":"173972a1535b22db928631145aca4e99e3952e9b","messageTitle":"Add forgotten instances to ConsoleParser and ConsoleInterface","messageBody":"","fileTypesAndContributionMap":{"functional-code":{"insertions":33,"deletions":5}}},{"hash":"58e5febc986d21eb2485d17bb309f45f2ad19ea4","messageTitle":"Fix coding standard violations","messageBody":"","fileTypesAndContributionMap":{"functional-code":{"insertions":3,"deletions":1}}},{"hash":"4a437b30b2f400e83d60d69be34c65a94730556d","messageTitle":"Add TODO comment for saveToFile for Income","messageBody":"","fileTypesAndContributionMap":{"functional-code":{"insertions":4,"deletions":1}}},{"hash":"99ebf8cb151e9ff6ea0a7e9ee69ecc5c9876ace4","messageTitle":"Add TODO for saveToFile for Target","messageBody":"","fileTypesAndContributionMap":{"functional-code":{"insertions":4,"deletions":1}}},{"hash":"b573309412def725502eb7ccffdd20a5923aceb4","messageTitle":"Delete extra string in Messages.java","messageBody":"","fileTypesAndContributionMap":{"functional-code":{"insertions":1,"deletions":2}}},{"hash":"4563cc7cb04e60322934ad7d91be403a0e6bc3f0","messageTitle":"Delete extra line in ConsoleInterface.java","messageBody":"","fileTypesAndContributionMap":{"functional-code":{"insertions":3,"deletions":3}}}]},{"date":"2022-10-20","commitResults":[{"hash":"41fa9600041916acb4ebb289d3bb8aaac0f0480c","messageTitle":"Add edit, view and delete Target features","messageBody":"","fileTypesAndContributionMap":{"functional-code":{"insertions":902,"deletions":1}}},{"hash":"144596df8b2c0111c4a71465005b0c1b17eb0a77","messageTitle":"Fix coding standard violations","messageBody":"","fileTypesAndContributionMap":{"functional-code":{"insertions":99,"deletions":83}}},{"hash":"f3334af24c9e86790d12b02ac1e303676843903f","messageTitle":"Update ConsoleParser and ConsoleInterface","messageBody":"","fileTypesAndContributionMap":{"functional-code":{"insertions":19,"deletions":4}}},{"hash":"c32f4356dee4cd0912e1b5af4778fc0d53dcd313","messageTitle":"Fix indentations","messageBody":"","fileTypesAndContributionMap":{"functional-code":{"insertions":38,"deletions":7}}},{"hash":"5ef73956da44c41e734679f40d5eb54dc63c2353","messageTitle":"Fix indentation in ConsoleParserCommandDeleteTargetInvalidException","messageBody":"","fileTypesAndContributionMap":{"functional-code":{"insertions":6,"deletions":1}}}]},{"date":"2022-10-23","commitResults":[{"hash":"45adb495469e9fa7c198b220e9fadf62ebc4d4c6","messageTitle":"Add features to edit, view and delete incomes","messageBody":"","fileTypesAndContributionMap":{"functional-code":{"insertions":926,"deletions":64}}},{"hash":"85c84b1c626f0d5de16a3aa1272a2e035c4a9f70","messageTitle":"Fix class imports in ConsoleInterface","messageBody":"","fileTypesAndContributionMap":{"functional-code":{"insertions":47,"deletions":2}}}]},{"date":"2022-10-27","commitResults":[{"hash":"9e4a49b4b0508c8c69e2d241445c2b67ee561780","messageTitle":"Reformat UserGuide.md","messageBody":"","fileTypesAndContributionMap":{"docs":{"insertions":154,"deletions":12}}},{"hash":"0f65b923d93e426c8c4dfa44d0c77c2ed73935ac","messageTitle":"Add line breaks","messageBody":"","fileTypesAndContributionMap":{"docs":{"insertions":29,"deletions":32}}},{"hash":"ac58e449d5c8ea986a99c9a13adb6124f3d9122c","messageTitle":"Test nested list for dropdown","messageBody":"","fileTypesAndContributionMap":{"docs":{"insertions":6,"deletions":6}}},{"hash":"9aee591dfc7691f6eac93ea8f95e69fdca004c30","messageTitle":"Test nested list in dropdown again","messageBody":"","fileTypesAndContributionMap":{"docs":{"insertions":6,"deletions":5}}},{"hash":"69df45d6ea951e190e90ac0f08510a4535dfa9c5","messageTitle":"Add \"markdown \u003d 1\" to dropdown","messageBody":"","fileTypesAndContributionMap":{"docs":{"insertions":2,"deletions":2}}},{"hash":"b5e7d62f462d912ad346c52cc22b2b20baadfdb8","messageTitle":"Switch dropdowns to callouts","messageBody":"","fileTypesAndContributionMap":{"docs":{"insertions":42,"deletions":108}}},{"hash":"5628be7c7f8a0b35392d7791d901dd839e033304","messageTitle":"Fix icon","messageBody":"","fileTypesAndContributionMap":{"docs":{"insertions":1,"deletions":1}}},{"hash":"6e474afb87b4a60c299af0fc353620a839c57e8d","messageTitle":"Remove line","messageBody":"","fileTypesAndContributionMap":{"docs":{"insertions":0,"deletions":2}}},{"hash":"f6d3fbb40f33760fb2e9fc6bcd58290ff07edd0b","messageTitle":"Add sample outputs","messageBody":"","fileTypesAndContributionMap":{"docs":{"insertions":48,"deletions":0}}}]}],"xzynos":[{"date":"2022-09-28","commitResults":[{"hash":"f0572a2f42313d0abab2038cd554a100cd8dc0cd","messageTitle":"Add title to README.md","messageBody":"","fileTypesAndContributionMap":{"docs":{"insertions":1,"deletions":1}}},{"hash":"bd1efa2e772ca6cdb9d8a36c3cfe0578b83b0845","messageTitle":"Add information to about us","messageBody":"","fileTypesAndContributionMap":{"docs":{"insertions":4,"deletions":8}}},{"hash":"a8bfa6983cf2c7dd91a3ad18e8dea1ff818d0325","messageTitle":"Rename Duke to MoneyGoWhere","messageBody":"","fileTypesAndContributionMap":{"other":{"insertions":5,"deletions":5}}},{"hash":"f8a1db89748aafcdc6b3b2101a07f656ea2002b0","messageTitle":"Add Messages.java and ConsoleInterface.java","messageBody":"","fileTypesAndContributionMap":{"functional-code":{"insertions":55,"deletions":0}}},{"hash":"c27dc95adab29f1e9cb5e5f25828bb192925ce79","messageTitle":"Change console interface in MoneyGoWhere.java","messageBody":"","fileTypesAndContributionMap":{"functional-code":{"insertions":9,"deletions":10}}},{"hash":"bf36fa24dbf73681a245a371850f896059e01e86","messageTitle":"Add Javadoc comments","messageBody":"","fileTypesAndContributionMap":{"functional-code":{"insertions":40,"deletions":1}}},{"hash":"b1d53b582c5c4908749035e1656350a2dfc3603b","messageTitle":"Add ConsoleCommand.java and ConsoleCommandBye.java","messageBody":"","fileTypesAndContributionMap":{"functional-code":{"insertions":8,"deletions":0}}},{"hash":"a18b6543be3eec380289bbc1f82949ea48e60f71","messageTitle":"Add MoneyGoWhereException.java","messageBody":"","fileTypesAndContributionMap":{"functional-code":{"insertions":27,"deletions":0}}},{"hash":"8ae8d9b6fccf6f62377b4bde91c45ff96c02379a","messageTitle":"Add ConsoleParserCommandNotFoundException.java","messageBody":"","fileTypesAndContributionMap":{"functional-code":{"insertions":28,"deletions":0}}},{"hash":"223541d9cea6f423741f56fe8e0ac65d0d5d2465","messageTitle":"Add ConsoleParser.java","messageBody":"","fileTypesAndContributionMap":{"functional-code":{"insertions":31,"deletions":0}}},{"hash":"2182ef5d38683ff09f8cac972bf126cc999ce4c2","messageTitle":"Add Javadoc comments","messageBody":"","fileTypesAndContributionMap":{"functional-code":{"insertions":106,"deletions":4}}},{"hash":"dc767496ee9dd2ef294fb02e470662953d57e602","messageTitle":"Add command not found error message","messageBody":"","fileTypesAndContributionMap":{"functional-code":{"insertions":3,"deletions":1}}}]},{"date":"2022-09-29","commitResults":[{"hash":"4503f53a0ef1d2df899a8eba976ec315645394cf","messageTitle":"Add dependencies to build.gradle","messageBody":"","fileTypesAndContributionMap":{"other":{"insertions":2,"deletions":0}}},{"hash":"8d5992ab49b47946650e929d130775a473d3ef4f","messageTitle":"Add function to tokenize command","messageBody":"","fileTypesAndContributionMap":{"functional-code":{"insertions":13,"deletions":0}}}]},{"date":"2022-09-30","commitResults":[{"hash":"82589bf6b30f6a68273f9044bcfdd34a48d65ec5","messageTitle":"Change archiveBaseName in build.gradle","messageBody":"","fileTypesAndContributionMap":{"other":{"insertions":1,"deletions":1}}}]},{"date":"2022-10-04","commitResults":[{"hash":"2a9427a0d0de7a252f4f12f524bd87bd1b3b3c4f","messageTitle":"Add Expense.java and ExpenseManager.java","messageBody":"","fileTypesAndContributionMap":{"functional-code":{"insertions":91,"deletions":0}}},{"hash":"2e7831567614c305d58ec63af96c6f5b400a0bf8","messageTitle":"Add ConsoleParserCommandAddExpenseInvalidException.java","messageBody":"","fileTypesAndContributionMap":{"functional-code":{"insertions":31,"deletions":0}}},{"hash":"3871e6ced86a72cdc86acabc8cd08768ad21d176","messageTitle":"Add ConsoleCommandAddExpense.java","messageBody":"","fileTypesAndContributionMap":{"functional-code":{"insertions":50,"deletions":0}}},{"hash":"fcbe175ea668ec63bf391f3def0d7b71a7af7509","messageTitle":"Add Configurations.java","messageBody":"","fileTypesAndContributionMap":{"functional-code":{"insertions":10,"deletions":0}}},{"hash":"a988da427c9a0f5f4fc3243e1fe66028a559fa78","messageTitle":"Add console messages for command add-expense","messageBody":"","fileTypesAndContributionMap":{"functional-code":{"insertions":6,"deletions":0}}},{"hash":"b0f33a28b654c1bb04b88c3f420a889c2ec4ddef","messageTitle":"Add code to parse command add-expense","messageBody":"","fileTypesAndContributionMap":{"functional-code":{"insertions":106,"deletions":2}}},{"hash":"5c07bf8504a1a1ce42302e678a96311c7d366db6","messageTitle":"Add code to execute command add-expense","messageBody":"","fileTypesAndContributionMap":{"functional-code":{"insertions":35,"deletions":2}}},{"hash":"3b41aa08792fee36b45e7cd7ca1474e91f04b138","messageTitle":"Add ConsoleCommandViewExpense.java","messageBody":"","fileTypesAndContributionMap":{"functional-code":{"insertions":17,"deletions":0}}},{"hash":"655ba183c41671f581d7f9e79697496b6ad7950a","messageTitle":"Add ConsoleParserCommandViewExpenseInvalidException.java","messageBody":"","fileTypesAndContributionMap":{"functional-code":{"insertions":28,"deletions":0}}},{"hash":"4d27efee793adff3bbc5163d4bf409d238d99995","messageTitle":"Add console messages for command view-expense","messageBody":"","fileTypesAndContributionMap":{"functional-code":{"insertions":4,"deletions":0}}},{"hash":"91175977a05a94c4a275692df6f690c3dfa22ce2","messageTitle":"Add code to parse command view-expense","messageBody":"","fileTypesAndContributionMap":{"functional-code":{"insertions":42,"deletions":1}}},{"hash":"59bfec70f3219d6693ceb225b2383f8c5622c934","messageTitle":"Add code to execute command view-expense","messageBody":"","fileTypesAndContributionMap":{"functional-code":{"insertions":53,"deletions":1}}},{"hash":"48cc9fe064f7c0c9a53c4e419e2e8ec9d6974cbd","messageTitle":"Add JUnit tests for command add-expense","messageBody":"","fileTypesAndContributionMap":{"test-code":{"insertions":160,"deletions":0}}},{"hash":"b8789742637971cf9bf6426142aa301e8a2ea4c0","messageTitle":"Add LocalStorage.java","messageBody":"","fileTypesAndContributionMap":{"functional-code":{"insertions":4,"deletions":0}}},{"hash":"36bd4f7082d4cf2a975143282bb03ca42b089f7f","messageTitle":"Add Target.java and TargetManager.java","messageBody":"","fileTypesAndContributionMap":{"functional-code":{"insertions":8,"deletions":0}}},{"hash":"051b8008d981a85b683c8bb379cb4ce392b4a537","messageTitle":"Add Category.java and CategoryManager.java","messageBody":"","fileTypesAndContributionMap":{"functional-code":{"insertions":8,"deletions":0}}},{"hash":"1225d32f02596588451b4d53b081baad6e14f4bb","messageTitle":"Add JUnit tests for command view-expense","messageBody":"","fileTypesAndContributionMap":{"test-code":{"insertions":65,"deletions":20}}},{"hash":"13dc298660479e5aae93f846c8b937e88b36108c","messageTitle":"Add ConsoleCommandDeleteExpense.java","messageBody":"","fileTypesAndContributionMap":{"functional-code":{"insertions":17,"deletions":0}}},{"hash":"355e23af3cd6e20590832258f49ada3701593cf9","messageTitle":"Add ConsoleParserCommandDeleteExpenseInvalidException.java","messageBody":"","fileTypesAndContributionMap":{"functional-code":{"insertions":28,"deletions":0}}},{"hash":"f598c90b124c140259d933256203fa0a3ef41bce","messageTitle":"Add code to delete an expense from ExpenseManager","messageBody":"","fileTypesAndContributionMap":{"functional-code":{"insertions":4,"deletions":0}}},{"hash":"dc9fcc548b88332932bb44b92323aea6d6055884","messageTitle":"Add console messages for command delete-expense","messageBody":"","fileTypesAndContributionMap":{"functional-code":{"insertions":5,"deletions":1}}},{"hash":"e337af1dc8d7df3293d430b56fd74d6f68b5b235","messageTitle":"Add code to parse command delete-expense","messageBody":"","fileTypesAndContributionMap":{"functional-code":{"insertions":50,"deletions":11}}},{"hash":"9ecc4360f6678c6fc1881d7aba2a1ef208e422bd","messageTitle":"Add code to execute command delete-expense","messageBody":"","fileTypesAndContributionMap":{"functional-code":{"insertions":16,"deletions":2}}},{"hash":"9534fe24974a677275f296da0a1801ec5d16c253","messageTitle":"Change exceptions in JUnit tests to MoneyGoWhereException","messageBody":"","fileTypesAndContributionMap":{"test-code":{"insertions":7,"deletions":21}}}]},{"date":"2022-10-05","commitResults":[{"hash":"8c01058038c05ba0636b60db3fde161e7e067935","messageTitle":"Add ConsoleCommandEditExpense.java","messageBody":"","fileTypesAndContributionMap":{"functional-code":{"insertions":81,"deletions":0}}},{"hash":"bc82ce675a648e16e3ee280ad06474d0204939bb","messageTitle":"Add ConsoleParserCommandEditExpenseInvalidException.java","messageBody":"","fileTypesAndContributionMap":{"functional-code":{"insertions":28,"deletions":0}}},{"hash":"a1fbeb55d10312ce929861d5159a7d5208e10e70","messageTitle":"Add console messages for command edit-expense","messageBody":"","fileTypesAndContributionMap":{"functional-code":{"insertions":8,"deletions":2}}},{"hash":"d9a58552dceff943f93c649370ae63c16d5218b4","messageTitle":"Add code to edit existing expense in ExpenseManager","messageBody":"","fileTypesAndContributionMap":{"functional-code":{"insertions":5,"deletions":1}}},{"hash":"e63dc2d3fd804664776bdfb2f311f52edea96a80","messageTitle":"Add code to parse command edit-expense","messageBody":"","fileTypesAndContributionMap":{"functional-code":{"insertions":161,"deletions":31}}},{"hash":"7237bb0a53951fa83ccd22b778870485a5933317","messageTitle":"Add code to execute command edit-expense","messageBody":"","fileTypesAndContributionMap":{"functional-code":{"insertions":58,"deletions":8}}}]},{"date":"2022-10-06","commitResults":[{"hash":"97903082d9006d9f413b847b034f783ccd2d4ea6","messageTitle":"Add JUnit tests for command delete-expense","messageBody":"","fileTypesAndContributionMap":{"test-code":{"insertions":35,"deletions":4}}},{"hash":"ad0748533d305493f5dc48c13b1a42e7ca7391f6","messageTitle":"Add JUnit tests for command edit-expense","messageBody":"","fileTypesAndContributionMap":{"test-code":{"insertions":185,"deletions":0}}},{"hash":"138d2ab143b585245837fc64a0012fa1f2c5f721","messageTitle":"Add user guide for adding, viewing, deleting and editing expenses","messageBody":"","fileTypesAndContributionMap":{"docs":{"insertions":60,"deletions":17}}}]},{"date":"2022-10-07","commitResults":[{"hash":"a0b22846b2147b0090f92230a502d6ea560d9cdc","messageTitle":"Add JUnit tests for command add-expense","messageBody":"","fileTypesAndContributionMap":{"test-code":{"insertions":21,"deletions":5}}},{"hash":"023c481c07a6ab301d02af0622b45c0b932a5d32","messageTitle":"Add JUnit tests for command edit-expense","messageBody":"","fileTypesAndContributionMap":{"test-code":{"insertions":37,"deletions":3}}}]},{"date":"2022-10-08","commitResults":[{"hash":"f78291e12b7c13be9894c707ddbb5fe56071c49b","messageTitle":"Add ExpenseManagerExpenseNotFoundException.java","messageBody":"","fileTypesAndContributionMap":{"functional-code":{"insertions":31,"deletions":0}}},{"hash":"0fe5200ff4eb8d50f2c1f4bcafeb47418fbc42bd","messageTitle":"Add console messages when expense is not found","messageBody":"","fileTypesAndContributionMap":{"functional-code":{"insertions":18,"deletions":9}}},{"hash":"5d8300edd591a3281f2c266ef7903be52a97649f","messageTitle":"Modify functions to throw ExpenseManagerExpenseNotFoundException","messageBody":"","fileTypesAndContributionMap":{"functional-code":{"insertions":21,"deletions":6}}},{"hash":"8829ee394793622fe3dc804e05402a5420f42970","messageTitle":"Modify functions to handle ExpenseManagerExpenseNotFoundException","messageBody":"","fileTypesAndContributionMap":{"functional-code":{"insertions":29,"deletions":4}}}]},{"date":"2022-10-12","commitResults":[{"hash":"4887066f03b5b8ef122691f3ad85f79acb77f40c","messageTitle":"Enable assertions in build.gradle","messageBody":"","fileTypesAndContributionMap":{"other":{"insertions":1,"deletions":0}}}]},{"date":"2022-10-13","commitResults":[{"hash":"52120c777188d308f14dc455348e11cd1c605091","messageTitle":"Add ConsoleParserConfigurations.java","messageBody":"","fileTypesAndContributionMap":{"functional-code":{"insertions":420,"deletions":0}}},{"hash":"9347350cff376ca7e421beb0a8b9ee5d87a6e2fa","messageTitle":"Refactor ConsoleParser","messageBody":"","fileTypesAndContributionMap":{"functional-code":{"insertions":210,"deletions":339}}},{"hash":"98a5d85011210c31bd13f57a6f74ab6fbbb20d9a","messageTitle":"Refactor parseCommandSortExpense in ConsoleParser","messageBody":"","fileTypesAndContributionMap":{"functional-code":{"insertions":60,"deletions":26}}},{"hash":"45c04a00fc3fb1e344a6dc438a9308134338fd3e","messageTitle":"Change URLs of portfolios","messageBody":"","fileTypesAndContributionMap":{"docs":{"insertions":5,"deletions":5}}},{"hash":"f35c339b18f38483ca980cc67047d7957f9a7331","messageTitle":"Add configurations for LocalLogger","messageBody":"","fileTypesAndContributionMap":{"functional-code":{"insertions":8,"deletions":0}}},{"hash":"3e3f0bef216b3253e51f00e0ed7315340848614f","messageTitle":"Add LocalLoggerFormatter.java","messageBody":"","fileTypesAndContributionMap":{"functional-code":{"insertions":19,"deletions":0}}},{"hash":"ff25de67d6c82a387458806c5249935aaa4714ed","messageTitle":"Add LocalLogger.java","messageBody":"","fileTypesAndContributionMap":{"functional-code":{"insertions":42,"deletions":0}}},{"hash":"9c0433ed159411a88faa413189c826209009dd74","messageTitle":"Add code to log initializing and terminating of program","messageBody":"","fileTypesAndContributionMap":{"functional-code":{"insertions":20,"deletions":1}}},{"hash":"68b93b699ed26f9c0dd8265a912444d65879ebbd","messageTitle":"Add assertions to check if all command line options are added","messageBody":"","fileTypesAndContributionMap":{"functional-code":{"insertions":68,"deletions":11}}}]},{"date":"2022-10-14","commitResults":[{"hash":"e4915ae2b7d33b8f3862e6c526a8018c613c97ec","messageTitle":"Add RecurringPayment.java","messageBody":"","fileTypesAndContributionMap":{"functional-code":{"insertions":53,"deletions":0}}},{"hash":"3307768a91cd57380200b6902d863618c432e904","messageTitle":"Add RecurringPaymentManager.java","messageBody":"","fileTypesAndContributionMap":{"functional-code":{"insertions":15,"deletions":0}}},{"hash":"36ceda1907da149d6d8c82efd7b6180ab6308318","messageTitle":"Add ConsoleCommandAddRecurringPayment.java","messageBody":"","fileTypesAndContributionMap":{"functional-code":{"insertions":37,"deletions":0}}},{"hash":"72a6730e08ac0ebff7f58d8aa96957be8446e86f","messageTitle":"Add ConsoleParserCommandAddRecurringPaymentInvalidException.java","messageBody":"","fileTypesAndContributionMap":{"functional-code":{"insertions":31,"deletions":0}}},{"hash":"13adc878c7d5b930924d8b68df3a6bc769c95faf","messageTitle":"Add code to add recurring payments to manager","messageBody":"","fileTypesAndContributionMap":{"functional-code":{"insertions":4,"deletions":0}}},{"hash":"f577e5443736b0e323d20ceaba237cef4e5b2a27","messageTitle":"Add console messages for command add-recurringpayment","messageBody":"","fileTypesAndContributionMap":{"functional-code":{"insertions":20,"deletions":1}}},{"hash":"10518261b384a57d1975bfe173fada6be8dec6ce","messageTitle":"Add command line options for command add-recurringpayment","messageBody":"","fileTypesAndContributionMap":{"functional-code":{"insertions":61,"deletions":2}}},{"hash":"23146a0347dda2204deb4c9d3e1533b1763d26e3","messageTitle":"Add code to parse command add-recurringpayment","messageBody":"","fileTypesAndContributionMap":{"functional-code":{"insertions":68,"deletions":9}}},{"hash":"4fd91379d93f0f30c3d23aea7321015b9eae5b97","messageTitle":"Add code to execute command add-recurringpayment","messageBody":"","fileTypesAndContributionMap":{"functional-code":{"insertions":39,"deletions":2}}},{"hash":"9924cd89fe3f3b0c5f0e402efda8453d15a38986","messageTitle":"Remove printing of stack trace from console parser","messageBody":"","fileTypesAndContributionMap":{"functional-code":{"insertions":0,"deletions":1}}},{"hash":"1e755c5668963a7fc67ef5dfbb0463b4b7f9557c","messageTitle":"Fix standard coding convention violations","messageBody":"","fileTypesAndContributionMap":{"functional-code":{"insertions":1,"deletions":1}}},{"hash":"3e845b4be9a575a6fdc7ae8e522d8e5edce34100","messageTitle":"Add user guide for adding recurring payments","messageBody":"","fileTypesAndContributionMap":{"docs":{"insertions":13,"deletions":0}}},{"hash":"a6bc5e58ea1cb3e8ac521228c813e247accf154a","messageTitle":"Add ConsoleCommandViewRecurringPayment.java","messageBody":"","fileTypesAndContributionMap":{"functional-code":{"insertions":17,"deletions":0}}},{"hash":"57188f4710013a8e117e89f27a70e426ddc1d52d","messageTitle":"Add ConsoleParserCommandViewRecurringPaymentInvalidException.java","messageBody":"","fileTypesAndContributionMap":{"functional-code":{"insertions":31,"deletions":0}}},{"hash":"315a38ef1e2740e239e2d07ae9d77f1b5cc03a92","messageTitle":"Add code to get recurring payments from recurring payment manager","messageBody":"","fileTypesAndContributionMap":{"functional-code":{"insertions":8,"deletions":0}}},{"hash":"79260d000c4295eb4d8608286965e989d3acc207","messageTitle":"Add console messages for command view-recurringpayment","messageBody":"","fileTypesAndContributionMap":{"functional-code":{"insertions":14,"deletions":4}}},{"hash":"015709637d3d323141cdf4fe76fcd5f14b08477b","messageTitle":"Add command line options for command view-recurringpayment","messageBody":"","fileTypesAndContributionMap":{"functional-code":{"insertions":33,"deletions":0}}},{"hash":"2f0077c16708638333e0b8c6cac7719eef927d6a","messageTitle":"Add code to parse command view-recurringpayment","messageBody":"","fileTypesAndContributionMap":{"functional-code":{"insertions":39,"deletions":1}}},{"hash":"1f87d3babb7929fc489a25b687aaf890a54b6d05","messageTitle":"Add code to execute command view-recurringpayment","messageBody":"","fileTypesAndContributionMap":{"functional-code":{"insertions":36,"deletions":2}}},{"hash":"9c90538f65abfb87ad87885ec104d4157c1ddd7e","messageTitle":"Add user guide for viewing recurring payments","messageBody":"","fileTypesAndContributionMap":{"docs":{"insertions":13,"deletions":1}}},{"hash":"8a5179f0f8eb797fc31d61614ad2a2707c891356","messageTitle":"Modify code to return a reference to recurringPayments in recurring payment manager","messageBody":"","fileTypesAndContributionMap":{"functional-code":{"insertions":1,"deletions":1}}}]},{"date":"2022-10-15","commitResults":[{"hash":"5af9993b7117ded2a387954163b81bc6561dfd72","messageTitle":"Fix coding standard violation in build.gradle","messageBody":"","fileTypesAndContributionMap":{"other":{"insertions":1,"deletions":1}}},{"hash":"eb262f303bad4c69615be3e4ef9307e5e12998ff","messageTitle":"Add code to set command arguments as mandatory","messageBody":"","fileTypesAndContributionMap":{"functional-code":{"insertions":65,"deletions":0}}},{"hash":"a1002333edc3876c18680fafe59fd4e367ab8f9b","messageTitle":"Change capitalisation of commands","messageBody":"","fileTypesAndContributionMap":{"functional-code":{"insertions":10,"deletions":10}}},{"hash":"8ba294518968bedd230832456d05fc282a016d08","messageTitle":"Add comments to Configurations.java","messageBody":"","fileTypesAndContributionMap":{"functional-code":{"insertions":7,"deletions":0}}},{"hash":"19230772320ca5ff69e3aca7f05db076abbc8aec","messageTitle":"Refactor Messages.java","messageBody":"","fileTypesAndContributionMap":{"functional-code":{"insertions":243,"deletions":48}}}]},{"date":"2022-10-16","commitResults":[{"hash":"b3341eed23b62bd0a44d4f1961d96b288ce859aa","messageTitle":"Add JUnit tests for command Add-RecurringPayment","messageBody":"","fileTypesAndContributionMap":{"test-code":{"insertions":190,"deletions":1}}},{"hash":"0436c3d5c71f432c3d0dfc62b435b967e2b01aa6","messageTitle":"Add JUnit tests for command View-RecurringPayment","messageBody":"","fileTypesAndContributionMap":{"test-code":{"insertions":56,"deletions":0}}},{"hash":"13d8b5a54fbcb884fbee0f38fd0fb752d06898c1","messageTitle":"Refactor ConsoleInterface","messageBody":"","fileTypesAndContributionMap":{"functional-code":{"insertions":133,"deletions":128}}}]},{"date":"2022-10-17","commitResults":[{"hash":"118e65d14d912435f74da692ed54961cd986167a","messageTitle":"Refactor console commands Add-Expense, View-Expense, Delete-Expense and Edit-Expense","messageBody":"","fileTypesAndContributionMap":{"functional-code":{"insertions":321,"deletions":142}}},{"hash":"eaa7e865fe95c4bc5b56d9e6b735cccf597520f4","messageTitle":"Refactor console commands Add-RecurringPayment and View-RecurringPayment","messageBody":"","fileTypesAndContributionMap":{"functional-code":{"insertions":145,"deletions":34}}},{"hash":"99c58faa7263ab077444c40c8ccd2098bbbeb481","messageTitle":"Add missing comments for ConsoleParser.java","messageBody":"","fileTypesAndContributionMap":{"functional-code":{"insertions":24,"deletions":8}}}]},{"date":"2022-10-18","commitResults":[{"hash":"d9e37e0b2bc379b04573af6c29ebdb2156b49050","messageTitle":"Fix merge conflicts","messageBody":"","fileTypesAndContributionMap":{"functional-code":{"insertions":197,"deletions":32}}},{"hash":"b80be7f58a407a9c2ccd0091dce281d11f05e899","messageTitle":"Reformat code","messageBody":"","fileTypesAndContributionMap":{"functional-code":{"insertions":21,"deletions":22}}}]},{"date":"2022-10-19","commitResults":[{"hash":"f053d9749e26de7017147312b6cfc879a4b0efa6","messageTitle":"Refactor JUnit tests","messageBody":"","fileTypesAndContributionMap":{"test-code":{"insertions":374,"deletions":76}}},{"hash":"84ce4690da5b9bf4ca7e0c8f96f207c6ad5f7af3","messageTitle":"Reformat code","messageBody":"","fileTypesAndContributionMap":{"functional-code":{"insertions":29,"deletions":31}}}]},{"date":"2022-10-20","commitResults":[{"hash":"7605b64d274adceeeb9398bf8d3752638de2758a","messageTitle":"Add user stories for v1.0 and v2.0","messageBody":"","fileTypesAndContributionMap":{"docs":{"insertions":29,"deletions":4}}},{"hash":"24cffe394be015bb9755d31a7e1a2d158c828c29","messageTitle":"Add styles.puml","messageBody":"","fileTypesAndContributionMap":{"docs":{"insertions":62,"deletions":0}}},{"hash":"2c6bd7b1e7e4777b862ab0434c2e84e260556ae5","messageTitle":"Add SoftwareArchitecture.puml","messageBody":"","fileTypesAndContributionMap":{"docs":{"insertions":64,"deletions":0}}},{"hash":"f480ce64e27fa71e78cc02c9bd0e070f9ca98064","messageTitle":"Change styles.puml to hyperlink","messageBody":"","fileTypesAndContributionMap":{"docs":{"insertions":1,"deletions":1}}},{"hash":"268da66feb721e9d59979e6f774c0d2a4267e4e9","messageTitle":"Add software architecture diagram","messageBody":"","fileTypesAndContributionMap":{"docs":{"insertions":1,"deletions":0}}}]},{"date":"2022-10-21","commitResults":[{"hash":"724948f4124ec97e393c01d859273864cfcbf24a","messageTitle":"Add ConsoleCommandDeleteRecurringPayment.java","messageBody":"","fileTypesAndContributionMap":{"functional-code":{"insertions":17,"deletions":0}}},{"hash":"f2d3cf986b7cb6e3a802dddff62e0667da054f0f","messageTitle":"Add ConsoleParserCommandDeleteRecurringPaymentInvalidException.java","messageBody":"","fileTypesAndContributionMap":{"functional-code":{"insertions":31,"deletions":0}}},{"hash":"224738580cd22e88cc4b40bf4264f4f72c8bb00e","messageTitle":"Add RecurringPaymentManagerRecurringPaymentNotFoundException.java","messageBody":"","fileTypesAndContributionMap":{"functional-code":{"insertions":31,"deletions":0}}},{"hash":"0094d707b62c1f0a12f4901f61bbb8d77d0fc645","messageTitle":"Add code to delete recurring payments from manager","messageBody":"","fileTypesAndContributionMap":{"functional-code":{"insertions":23,"deletions":2}}},{"hash":"e04452da09dba56d90a03fd89fc9b546ad49e987","messageTitle":"Add console messages for command delete-recurringpayment","messageBody":"","fileTypesAndContributionMap":{"functional-code":{"insertions":22,"deletions":0}}},{"hash":"24849973b7e4f690f4d713c573f6cc52a580b282","messageTitle":"Add command line options for command delete-recurringpayment","messageBody":"","fileTypesAndContributionMap":{"functional-code":{"insertions":38,"deletions":0}}},{"hash":"d638503a3cae5c2b5025aaed04a31e510e453dd4","messageTitle":"Add code to parse command delete-recurringpayment","messageBody":"","fileTypesAndContributionMap":{"functional-code":{"insertions":122,"deletions":20}}},{"hash":"b753671ce19f4466e8cd312516b643f301d9d4f3","messageTitle":"Add code to execute command delete-recurringpayment","messageBody":"","fileTypesAndContributionMap":{"functional-code":{"insertions":35,"deletions":4}}},{"hash":"641199c0d2b2fa8494d49ad3d0750ec53d50b52a","messageTitle":"Reformat code and optimize imports","messageBody":"","fileTypesAndContributionMap":{"functional-code":{"insertions":39,"deletions":49},"test-code":{"insertions":2,"deletions":2}}},{"hash":"34dd09f40a2ef76884af8dc4805333873bd7da0b","messageTitle":"Add user guide for deleting recurring payments","messageBody":"","fileTypesAndContributionMap":{"docs":{"insertions":11,"deletions":0}}},{"hash":"36e36b02890c3ea26d8952bb83594ab26248de7d","messageTitle":"Add ConsoleCommandEditRecurringPayment.java","messageBody":"","fileTypesAndContributionMap":{"functional-code":{"insertions":90,"deletions":0}}},{"hash":"495697164b1d01a1d8c579c8fddd7f35f8294ce0","messageTitle":"Add ConsoleParserCommandEditRecurringPaymentInvalidException.java","messageBody":"","fileTypesAndContributionMap":{"functional-code":{"insertions":31,"deletions":0}}},{"hash":"14e7d9c3f1cff3f99fb247df268fd634798944d7","messageTitle":"Add code to edit recurring payments in manager","messageBody":"","fileTypesAndContributionMap":{"functional-code":{"insertions":11,"deletions":0}}},{"hash":"2a0078a6537ba185ed9858116982a9911c2bd4fe","messageTitle":"Add console messages for command edit-recurringpayment","messageBody":"","fileTypesAndContributionMap":{"functional-code":{"insertions":32,"deletions":0}}},{"hash":"83c3b7e90f8644d7c9f1b735d2b7284b80efb326","messageTitle":"Add command line options for command edit-recurringpayment","messageBody":"","fileTypesAndContributionMap":{"functional-code":{"insertions":110,"deletions":0}}},{"hash":"c8fbc09d9dc8099f63e8a7c751a3a09e269b4022","messageTitle":"Add code to parse command edit-recurringpayment","messageBody":"","fileTypesAndContributionMap":{"functional-code":{"insertions":140,"deletions":0}}},{"hash":"d9a4d9ff93f992e18ff0a4136c9b18bbd72cac5b","messageTitle":"Add code to execute command edit-recurringpayment","messageBody":"","fileTypesAndContributionMap":{"functional-code":{"insertions":43,"deletions":0}}},{"hash":"d16dd9bcd237c59f2d26c14f35df588311032309","messageTitle":"Add user guide for editing recurring payments","messageBody":"","fileTypesAndContributionMap":{"docs":{"insertions":15,"deletions":0}}},{"hash":"c0b21613fe2161508a18df3dbece49906f4b7440","messageTitle":"Add missing argument to user guide for editing recurring payments","messageBody":"","fileTypesAndContributionMap":{"docs":{"insertions":1,"deletions":0}}},{"hash":"4a0a512066522f48a8c844cb380e10a7d2ae31ae","messageTitle":"Add CurrencyApi class to diagram","messageBody":"","fileTypesAndContributionMap":{"docs":{"insertions":7,"deletions":4}}},{"hash":"48708c1cdea3878407b7bd0c942be70a08321802","messageTitle":"Add category and currency to RecurringPayment","messageBody":"","fileTypesAndContributionMap":{"functional-code":{"insertions":28,"deletions":1}}},{"hash":"4a7da6fc7536d2de04b008ed72df6242c57e7aa9","messageTitle":"Edit console messages for command add-recurringpayment","messageBody":"","fileTypesAndContributionMap":{"functional-code":{"insertions":8,"deletions":0}}},{"hash":"a7fc761ace60d8e43a32667f64181b23e90c04d3","messageTitle":"Add category and currency to ConsoleCommandAddRecurringPayment","messageBody":"","fileTypesAndContributionMap":{"functional-code":{"insertions":20,"deletions":1}}},{"hash":"93f6d1d4fbdf9842fc4556dc62f2e1103560f7db","messageTitle":"Edit command line options for command add-recurringpayment","messageBody":"","fileTypesAndContributionMap":{"functional-code":{"insertions":26,"deletions":0}}},{"hash":"7a11fa0fa1383d813e7a3c5021baf35954d1e2be","messageTitle":"Edit code to parse command add-recurringpayment arguments","messageBody":"","fileTypesAndContributionMap":{"functional-code":{"insertions":21,"deletions":5}}},{"hash":"dd4971b79a29b9f3097d0e1c812c44cd90954607","messageTitle":"Edit code to execute command add-recurringpayment arguments","messageBody":"","fileTypesAndContributionMap":{"functional-code":{"insertions":6,"deletions":2}}},{"hash":"4d09dc6de9c0cfc5f1fedb67e900897deec080de","messageTitle":"Add todo to save and load category and currency for recurring payment","messageBody":"","fileTypesAndContributionMap":{"functional-code":{"insertions":2,"deletions":1}}},{"hash":"1bba275630762eb9621b22501e617df1b1640ddd","messageTitle":"Edit console messages for command edit-recurringpayment","messageBody":"","fileTypesAndContributionMap":{"functional-code":{"insertions":8,"deletions":0}}},{"hash":"20ccc6e44a56ecef99ab625b221a6aa6c26ec4d3","messageTitle":"Add category and currency to ConsoleCommandEditRecurringPayment","messageBody":"","fileTypesAndContributionMap":{"functional-code":{"insertions":35,"deletions":0}}},{"hash":"7bb820367d58072baf2566b1388353717ad7ad6e","messageTitle":"Edit command line options for command edit-recurringpayment","messageBody":"","fileTypesAndContributionMap":{"functional-code":{"insertions":32,"deletions":6}}},{"hash":"c2b773fdca355cb1f739d80ce8717588b31153aa","messageTitle":"Edit code to parse command edit-recurringpayment arguments","messageBody":"","fileTypesAndContributionMap":{"functional-code":{"insertions":27,"deletions":5}}},{"hash":"402632a9d482a1332ee7f14e7952239a0bb14ecf","messageTitle":"Edit code to execute command edit-recurringpayment arguments","messageBody":"","fileTypesAndContributionMap":{"functional-code":{"insertions":6,"deletions":0}}}]},{"date":"2022-10-24","commitResults":[{"hash":"2653afd05b955ae132f2d73814459c70c00fd8f6","messageTitle":"Move console parser exceptions into parser package","messageBody":"","fileTypesAndContributionMap":{"functional-code":{"insertions":40,"deletions":40},"other":{"insertions":60,"deletions":20},"test-code":{"insertions":6,"deletions":6}}},{"hash":"5fa3c9742226cdca097661cadf5e7c49ceb1faad","messageTitle":"Move expense manager exceptions into expense package","messageBody":"","fileTypesAndContributionMap":{"functional-code":{"insertions":2,"deletions":2},"other":{"insertions":3,"deletions":1}}},{"hash":"c514138b867a23102fb44a0b62f20ff902c1e4d1","messageTitle":"Move income manager exceptions into income package","messageBody":"","fileTypesAndContributionMap":{"functional-code":{"insertions":2,"deletions":2},"other":{"insertions":3,"deletions":1}}},{"hash":"fb50d7086b2edbd77c3e4841d5e25a8f9a941144","messageTitle":"Move target manager exceptions into target package","messageBody":"","fileTypesAndContributionMap":{"functional-code":{"insertions":2,"deletions":2},"other":{"insertions":3,"deletions":1}}},{"hash":"12f864353de33c4608e4f82e1743e06b2aba5f29","messageTitle":"Move recurring payment manager exceptions into recurringpayment package","messageBody":"","fileTypesAndContributionMap":{"functional-code":{"insertions":2,"deletions":2},"other":{"insertions":3,"deletions":1}}},{"hash":"80319b69596b7593b94b83f4fd803d8a3d4339ab","messageTitle":"Move data exceptions into data package","messageBody":"","fileTypesAndContributionMap":{"functional-code":{"insertions":48,"deletions":48},"other":{"insertions":24,"deletions":24},"test-code":{"insertions":6,"deletions":6}}},{"hash":"82170110ded518769856725ad66eaa1defad119c","messageTitle":"Move parser exceptions into exceptions package","messageBody":"","fileTypesAndContributionMap":{"functional-code":{"insertions":45,"deletions":45},"other":{"insertions":29,"deletions":23},"test-code":{"insertions":6,"deletions":6}}},{"hash":"c48be2764c6a27396fcb08d8323cb6e9d5109212","messageTitle":"Move storage exceptions into storage package and rename LocalStorageLoadDataException","messageBody":"","fileTypesAndContributionMap":{"functional-code":{"insertions":52,"deletions":50}}},{"hash":"82f09ba74f11d0f9039a8fae6e2471a1a837ea57","messageTitle":"Rename LocalStorageNullErrorHandler","messageBody":"","fileTypesAndContributionMap":{"functional-code":{"insertions":2,"deletions":2},"other":{"insertions":1,"deletions":1}}},{"hash":"54903cca7c7f2def6019827bcdc88d640bbfb591","messageTitle":"Standardize Javadoc and comments","messageBody":"","fileTypesAndContributionMap":{"functional-code":{"insertions":124,"deletions":163}}},{"hash":"269f4fece825c04026d874eca5d2fd1d9e2e8809","messageTitle":"Change package name to apis","messageBody":"","fileTypesAndContributionMap":{"functional-code":{"insertions":1,"deletions":1},"other":{"insertions":1,"deletions":1}}},{"hash":"5d7c634542fda93693b042d5319f70d0f38f1207","messageTitle":"Standardize variable naming and add authorship tags","messageBody":"","fileTypesAndContributionMap":{"functional-code":{"insertions":437,"deletions":62},"test-code":{"insertions":33,"deletions":1}}},{"hash":"6b44447979adff3e51699d9c46fb269941d4d9b4","messageTitle":"Standardize comments and add authorship tags","messageBody":"","fileTypesAndContributionMap":{"functional-code":{"insertions":100,"deletions":60}}},{"hash":"1976f1a1b5d5df0ac2a7d0a2c950aab0f7f3db6a","messageTitle":"Add authorship tags","messageBody":"","fileTypesAndContributionMap":{"functional-code":{"insertions":3,"deletions":0}}},{"hash":"2141b7b43657739abb557fa7f1e21bbe6a959464","messageTitle":"Refactor code that parses and executes command edit-expense","messageBody":"","fileTypesAndContributionMap":{"functional-code":{"insertions":198,"deletions":125}}},{"hash":"5cef7a994a57cd719630fbf89eed7e6c914e4071","messageTitle":"Optimize imports","messageBody":"","fileTypesAndContributionMap":{"functional-code":{"insertions":1,"deletions":1}}},{"hash":"6d36a93ef752f0f40b08a64ec82a7a5e7c656847","messageTitle":"Add authorship tags","messageBody":"","fileTypesAndContributionMap":{"functional-code":{"insertions":20,"deletions":0}}},{"hash":"c5e5fdecf9768abb3dbf08c5cb0c5ff4b06564c6","messageTitle":"Add modeOfPayment to RecurringPayment","messageBody":"","fileTypesAndContributionMap":{"functional-code":{"insertions":12,"deletions":1}}},{"hash":"7c592e4c73cc43bd67ecf1ed36e3829db97a7cb2","messageTitle":"Edit code that parses and executes command add-recurringpayment","messageBody":"","fileTypesAndContributionMap":{"functional-code":{"insertions":38,"deletions":5}}},{"hash":"955327a414d6aea0645d8d296ac1216e6d97aee5","messageTitle":"Add todo to save and load modeOfPayment in RecurringPayment","messageBody":"","fileTypesAndContributionMap":{"functional-code":{"insertions":2,"deletions":1}}},{"hash":"2b4802381fdf3fdd4a2b93e6e890e5bb3653542c","messageTitle":"Update user guide for adding recurring payments","messageBody":"","fileTypesAndContributionMap":{"docs":{"insertions":3,"deletions":12}}},{"hash":"e7f93318df1dc9e93022c3d0550fc985d84ff9b2","messageTitle":"Modify code to print modeOfPayment if it is not null","messageBody":"","fileTypesAndContributionMap":{"functional-code":{"insertions":3,"deletions":1}}},{"hash":"8f430e3786553b1107dae43a35a4ea4212a6f3b3","messageTitle":"Edit code that parses and executes command edit-recurringpayment","messageBody":"","fileTypesAndContributionMap":{"functional-code":{"insertions":45,"deletions":1}}},{"hash":"0f7c6a189e2b8010d18388f2109adffb132682ab","messageTitle":"Update user guide for editing recurring payments","messageBody":"","fileTypesAndContributionMap":{"docs":{"insertions":3,"deletions":4}}},{"hash":"13c0d7d78b2a1be4d13959d169d95f18e0ca1865","messageTitle":"Add ConsoleCommandPayRecurringPayment.java","messageBody":"","fileTypesAndContributionMap":{"functional-code":{"insertions":30,"deletions":0}}},{"hash":"8d219b68f164e844035a1bc4bd6d7ea07ca8af6e","messageTitle":"Add ConsoleParserCommandPayRecurringPaymentInvalidException.java","messageBody":"","fileTypesAndContributionMap":{"functional-code":{"insertions":30,"deletions":0}}},{"hash":"55335de01ce664b97aa0162d5e9bf86c11d95304","messageTitle":"Add console messages for command pay-recurringpayment","messageBody":"","fileTypesAndContributionMap":{"functional-code":{"insertions":19,"deletions":0}}},{"hash":"bc34e6d4aae1c5d4bd29634b42905f374933e9ff","messageTitle":"Add command line options for command pay-recurringpayment","messageBody":"","fileTypesAndContributionMap":{"functional-code":{"insertions":53,"deletions":0}}},{"hash":"6273450b6a5e230735383c62b50eac8477182530","messageTitle":"Add code to parse command pay-recurringpayment","messageBody":"","fileTypesAndContributionMap":{"functional-code":{"insertions":127,"deletions":2}}},{"hash":"dda22919553ed6c3c0414407973e0375bd98d63d","messageTitle":"Add code to execute command pay-recurringpayment","messageBody":"","fileTypesAndContributionMap":{"functional-code":{"insertions":43,"deletions":0}}},{"hash":"84e95b2ef38f3e8de108bada8b62ffd3bb7af382","messageTitle":"Add user guide for adding an expense from an existing recurring payment","messageBody":"","fileTypesAndContributionMap":{"docs":{"insertions":15,"deletions":7}}}]},{"date":"2022-10-25","commitResults":[{"hash":"4002b45c0aac9633dee43be6f7a45c87db116eeb","messageTitle":"Add ComponentInteractionsOnCommandEntered.puml","messageBody":"","fileTypesAndContributionMap":{"docs":{"insertions":39,"deletions":0}}},{"hash":"5a8abd5b5cde9d9a95f87652fed9a0a0ee8ad611","messageTitle":"Modify diagram to show a higher level overview","messageBody":"","fileTypesAndContributionMap":{"docs":{"insertions":16,"deletions":40}}},{"hash":"70ac77a0fe32dbe94e6d14342d533fe89f7d0099","messageTitle":"Add software architecture, core components and component interactions section","messageBody":"","fileTypesAndContributionMap":{"docs":{"insertions":17,"deletions":2}}},{"hash":"f2473334435fd3f29a2484a57c382aa1918336bb","messageTitle":"Update diagram to include more details","messageBody":"","fileTypesAndContributionMap":{"docs":{"insertions":9,"deletions":5}}},{"hash":"459f902559cd50d07ee48f890087a95f8ac55a09","messageTitle":"Add content for component interactions section","messageBody":"","fileTypesAndContributionMap":{"docs":{"insertions":15,"deletions":2}}},{"hash":"8576058a7d9279fd7bbaa53c20b7fc6c8e64c598","messageTitle":"Add getting started section","messageBody":"","fileTypesAndContributionMap":{"docs":{"insertions":16,"deletions":6}}},{"hash":"76232e9bf5cd0a921b3423ee405fc1a2af2e785b","messageTitle":"Add missing command class to diagram and developer guide","messageBody":"","fileTypesAndContributionMap":{"docs":{"insertions":8,"deletions":4}}},{"hash":"2dc307d3a0d82552c42d0212868aaa86e114e820","messageTitle":"Add expected output to getting started section","messageBody":"","fileTypesAndContributionMap":{"docs":{"insertions":14,"deletions":1}}},{"hash":"2f25949ff88cd3da836d56218f0954345f118e07","messageTitle":"Add introduction section","messageBody":"","fileTypesAndContributionMap":{"docs":{"insertions":4,"deletions":0}}},{"hash":"fd7922031baee280a5b58013cd15ad005c3f096b","messageTitle":"Fix rendering of greeting message","messageBody":"","fileTypesAndContributionMap":{"docs":{"insertions":1,"deletions":0}}},{"hash":"8f57ce6c410349a5117653894240d1f103f7fa41","messageTitle":"Fix typo in component interactions section","messageBody":"","fileTypesAndContributionMap":{"docs":{"insertions":2,"deletions":2}}},{"hash":"01aa5cc628893081f2452d8173d7e88bb909f70d","messageTitle":"Add user story to user stories section","messageBody":"","fileTypesAndContributionMap":{"docs":{"insertions":30,"deletions":29}}},{"hash":"6d960103dd4624581d1784bfabe55b13fddddb8a","messageTitle":"Add non-functional requirements and glossary sections","messageBody":"","fileTypesAndContributionMap":{"docs":{"insertions":6,"deletions":4}}},{"hash":"a20e5a742846eb44243e2c7b60a2fcae5d70603d","messageTitle":"Add Colors.puml","messageBody":"","fileTypesAndContributionMap":{"docs":{"insertions":24,"deletions":0}}},{"hash":"8d5c7a6fbe9fb4130da5887f802b0f9d08560273","messageTitle":"Rename styles.puml to Styles.puml","messageBody":"","fileTypesAndContributionMap":{"docs":{"insertions":5,"deletions":28}}},{"hash":"e79238d0f7af51874521b3bb653a043f5f670e80","messageTitle":"Add ComponentCommon.puml","messageBody":"","fileTypesAndContributionMap":{"docs":{"insertions":8,"deletions":0}}},{"hash":"76163caa0f47647c7b256fb17b6c96ec79a0c5b9","messageTitle":"Add Common diagram","messageBody":"","fileTypesAndContributionMap":{"docs":{"insertions":4,"deletions":0}}},{"hash":"04957c8670ff39308ae001bc8f1e17d053dad1c7","messageTitle":"Add ComponentUserInterface.puml","messageBody":"","fileTypesAndContributionMap":{"docs":{"insertions":23,"deletions":0}}},{"hash":"8a4ac76dee621eb802ee7108dc2fc0f89dfc17ac","messageTitle":"Add UserInterface diagram","messageBody":"","fileTypesAndContributionMap":{"docs":{"insertions":4,"deletions":0}}},{"hash":"433eeb54e1d507c25fcb6654254462956b4c7349","messageTitle":"Add color for Exceptions","messageBody":"","fileTypesAndContributionMap":{"docs":{"insertions":2,"deletions":0}}},{"hash":"6ce97d11964ea123da7dc68012e63f0c066c6e6e","messageTitle":"Add Exceptions to diagram","messageBody":"","fileTypesAndContributionMap":{"docs":{"insertions":2,"deletions":0}}},{"hash":"d6f624861186d4a2151ec704805a6658e313e25a","messageTitle":"Add Exceptions to core components section","messageBody":"","fileTypesAndContributionMap":{"docs":{"insertions":1,"deletions":0}}},{"hash":"24d9d4242304abf812b970df604f8dd40ec41a01","messageTitle":"Add ComponentExceptions.puml","messageBody":"","fileTypesAndContributionMap":{"docs":{"insertions":23,"deletions":0}}},{"hash":"af3ca3d889a241f1a930ac7600b7f573653a4b73","messageTitle":"Add Exceptions diagram","messageBody":"","fileTypesAndContributionMap":{"docs":{"insertions":6,"deletions":2}}},{"hash":"a22ca5cd3f88af7077c1282d9652eb2a79335916","messageTitle":"Change linetype to ortho","messageBody":"","fileTypesAndContributionMap":{"docs":{"insertions":2,"deletions":2}}},{"hash":"42e9af8ed35c24aa4dea29d94a3f7b0b9053c289","messageTitle":"Add ComponentCommands.puml","messageBody":"","fileTypesAndContributionMap":{"docs":{"insertions":65,"deletions":0}}},{"hash":"a525d9d4abd1e46c48971e308f4cd7a79ca991f7","messageTitle":"Add Commands diagram","messageBody":"","fileTypesAndContributionMap":{"docs":{"insertions":4,"deletions":0}}},{"hash":"5fd5af80e607990521532dc176b2a3f0441e5aa9","messageTitle":"Update component interactions diagram","messageBody":"","fileTypesAndContributionMap":{"docs":{"insertions":8,"deletions":2}}},{"hash":"33d072a47a11885328b93e619cd66a1022377e2d","messageTitle":"Edit positioning of elements in Commands diagram","messageBody":"","fileTypesAndContributionMap":{"docs":{"insertions":23,"deletions":23}}},{"hash":"a7abe76145762ff8c466a3efd84587deb66768db","messageTitle":"Edit positioning of elements in Commands diagram","messageBody":"","fileTypesAndContributionMap":{"docs":{"insertions":41,"deletions":28}}},{"hash":"8d45d67a69066d168771d6c1a7031860ed703f17","messageTitle":"Add blank line to end of puml files","messageBody":"","fileTypesAndContributionMap":{"docs":{"insertions":3,"deletions":3}}},{"hash":"943d467bf0657a1be045309ce89935e34238470d","messageTitle":"Update component interactions diagram","messageBody":"","fileTypesAndContributionMap":{"docs":{"insertions":13,"deletions":6}}},{"hash":"8cf1e511babd1d927e9cf4f2a9d71b3643b4e3b2","messageTitle":"Update Exceptions diagram","messageBody":"","fileTypesAndContributionMap":{"docs":{"insertions":20,"deletions":12}}},{"hash":"87ba2dcdc4433e0edc05ccfdda581bcaa6674418","messageTitle":"Reorder user stories","messageBody":"","fileTypesAndContributionMap":{"docs":{"insertions":2,"deletions":2}}},{"hash":"507df4173ef061604ae9b43f5c9f4339e7e2465b","messageTitle":"Change core components section to a table","messageBody":"","fileTypesAndContributionMap":{"docs":{"insertions":11,"deletions":9}}},{"hash":"3e74892335145faea00870246fa7c6ef32a2425a","messageTitle":"Fix rendering of table in core components section","messageBody":"","fileTypesAndContributionMap":{"docs":{"insertions":1,"deletions":0}}}]},{"date":"2022-10-26","commitResults":[{"hash":"674e5016dba759ee699d560b01e460cbd2fd593c","messageTitle":"Add introduction and acknowledgements sections","messageBody":"","fileTypesAndContributionMap":{"docs":{"insertions":7,"deletions":2}}},{"hash":"72af6d918bee8f6125b70f99ff1e7fd6df4334a9","messageTitle":"Split design and implementation section into 2","messageBody":"","fileTypesAndContributionMap":{"docs":{"insertions":3,"deletions":1}}},{"hash":"1bd75f8f142f4f8ac4c30464d99c1ad3495ae097","messageTitle":"Add note for user command to component interactions diagram","messageBody":"","fileTypesAndContributionMap":{"docs":{"insertions":37,"deletions":9}}},{"hash":"920d865352284b8135b8995bbc33150ba6506651","messageTitle":"Add ImplementationAddExpense.puml","messageBody":"","fileTypesAndContributionMap":{"docs":{"insertions":70,"deletions":0}}},{"hash":"5fbcc95ef1afaf86628bbcd59d56502bc8556168","messageTitle":"Add adding an expense section","messageBody":"","fileTypesAndContributionMap":{"docs":{"insertions":3,"deletions":0}}},{"hash":"bc885dcb7a9421b18b3535b9c9367e5de0b8df18","messageTitle":"Add ImplementationViewExpense.puml","messageBody":"","fileTypesAndContributionMap":{"docs":{"insertions":86,"deletions":0}}},{"hash":"88053a8358663d347a19fbae476df09d5e94cb5d","messageTitle":"Add ImplementationDeleteExpense.puml","messageBody":"","fileTypesAndContributionMap":{"docs":{"insertions":43,"deletions":0}}},{"hash":"9b4516c82f9195f3da4f3f93d695519e5ca5423f","messageTitle":"Add ImplementationEditExpense.puml","messageBody":"","fileTypesAndContributionMap":{"docs":{"insertions":55,"deletions":0}}},{"hash":"9b034c078b10ea7f457e17f426439fddacb78a8c","messageTitle":"Reformat add expense diagram","messageBody":"","fileTypesAndContributionMap":{"docs":{"insertions":27,"deletions":39}}},{"hash":"7a60443e866e79de941ad0a85a216e5c8481e5e6","messageTitle":"Reformat view expense diagram","messageBody":"","fileTypesAndContributionMap":{"docs":{"insertions":51,"deletions":52}}},{"hash":"e434bd3fcd37d79ea168e2f2cb5d57e7a4c94e5e","messageTitle":"Reformat delete expense diagram","messageBody":"","fileTypesAndContributionMap":{"docs":{"insertions":18,"deletions":18}}},{"hash":"5f66c0c64785f263fac3bfc1d8a432cd5041725f","messageTitle":"Reformat edit expense diagram","messageBody":"","fileTypesAndContributionMap":{"docs":{"insertions":26,"deletions":26}}},{"hash":"7a70b379f0cc27c06005d7fcea59b0ac842adcd2","messageTitle":"Add view, delete and edit expense diagrams and instructions for manual testing","messageBody":"","fileTypesAndContributionMap":{"docs":{"insertions":19,"deletions":2}}},{"hash":"2ec7a09b2363431fb0e9f995eb88b616a1841561","messageTitle":"Add ImplementationRefGetConsoleCommand.puml","messageBody":"","fileTypesAndContributionMap":{"docs":{"insertions":40,"deletions":0}}},{"hash":"7b0bd150fe6c8f66cd6f88f58ce3ba4997bfe69a","messageTitle":"Update get console command sd","messageBody":"","fileTypesAndContributionMap":{"docs":{"insertions":7,"deletions":3}}},{"hash":"fe4e3c49ef6ef9c96b7c99a87e1c2a0958fffb01","messageTitle":"Add ImplementationRefPrintExpense.puml","messageBody":"","fileTypesAndContributionMap":{"docs":{"insertions":25,"deletions":0}}},{"hash":"5f6edfa189657af3f661acfa08c42e7269676291","messageTitle":"Add get console command sd and print expense sd diagrams","messageBody":"","fileTypesAndContributionMap":{"docs":{"insertions":8,"deletions":0}}},{"hash":"0655aec9805bc4911626035b70150a8aeceb46cd","messageTitle":"Update add expense diagram","messageBody":"","fileTypesAndContributionMap":{"docs":{"insertions":2,"deletions":8}}},{"hash":"58b51c4c6d0efb0805da1d051ebb78a5ca7c3f2b","messageTitle":"Update delete expense diagram","messageBody":"","fileTypesAndContributionMap":{"docs":{"insertions":2,"deletions":2}}},{"hash":"871e8a0173f27013b1af98158f6ca2e119819bb3","messageTitle":"Update edit expense diagram","messageBody":"","fileTypesAndContributionMap":{"docs":{"insertions":2,"deletions":8}}},{"hash":"e9931eb7cbe6b31b1caa9fe25c2ab0adf0347a46","messageTitle":"Add ImplementationAddRecurringPayment.puml","messageBody":"","fileTypesAndContributionMap":{"docs":{"insertions":52,"deletions":0}}},{"hash":"927ae4346be335c98cf2f1ee561737a7fbacbd71","messageTitle":"Fix typo","messageBody":"","fileTypesAndContributionMap":{"docs":{"insertions":3,"deletions":3}}},{"hash":"060dfd9828373c8f1b97961ae757799841bb7bbe","messageTitle":"Fix typo","messageBody":"","fileTypesAndContributionMap":{"docs":{"insertions":1,"deletions":1}}},{"hash":"df4138d625832aac604300aeeadece3beed7cebe","messageTitle":"Add ImplementationViewRecurringPayment.puml","messageBody":"","fileTypesAndContributionMap":{"docs":{"insertions":42,"deletions":0}}},{"hash":"de9c12cc9ef8a8d21182ec7acb586a817d85d246","messageTitle":"Add ImplementationDeleteRecurringPayment.puml","messageBody":"","fileTypesAndContributionMap":{"docs":{"insertions":43,"deletions":0}}},{"hash":"93c1eb337d5ec0df8e959aa45cb283f5c8896f72","messageTitle":"Add ImplementationEditRecurringPayment.puml","messageBody":"","fileTypesAndContributionMap":{"docs":{"insertions":49,"deletions":0}}},{"hash":"3c7fe8b0d72c31eb2b736481b602f6119d3f0a74","messageTitle":"Add add, view, delete and edit recurring payment diagrams","messageBody":"","fileTypesAndContributionMap":{"docs":{"insertions":16,"deletions":0}}},{"hash":"9d731e32696cbc1de77d1f405a1949eac4ecd905","messageTitle":"Update colors of delete and edit recurring payment diagram","messageBody":"","fileTypesAndContributionMap":{"docs":{"insertions":14,"deletions":14}}},{"hash":"126f23ba74b4f439cdafff85dd633aa95b0e12a8","messageTitle":"Add ImplementationPayRecurringPayment.puml","messageBody":"","fileTypesAndContributionMap":{"docs":{"insertions":58,"deletions":0}}},{"hash":"7ea34a3d35d3f6eeac1a6b8d48cfdbcc8a54b200","messageTitle":"Add pay recurring payment diagram","messageBody":"","fileTypesAndContributionMap":{"docs":{"insertions":4,"deletions":0}}},{"hash":"833001d7b012db8d4f6ee9035c094e6ff341e5ce","messageTitle":"Remove unnecessary whitespaces","messageBody":"","fileTypesAndContributionMap":{"docs":{"insertions":8,"deletions":8}}},{"hash":"126e6a1f8d6f5882675c35ed1c96e48deefabe90","messageTitle":"Add ImplementationRefPrintRecurringPayment.puml","messageBody":"","fileTypesAndContributionMap":{"docs":{"insertions":25,"deletions":0}}},{"hash":"43fe4bd15a062fea1e5f82bd95a6a4200d7aaac0","messageTitle":"Add print recurring payment sd diagram","messageBody":"","fileTypesAndContributionMap":{"docs":{"insertions":6,"deletions":2}}},{"hash":"959a71088cee64fdbcdcc84d3e66173bef822b5a","messageTitle":"Add note to component exceptions diagram","messageBody":"","fileTypesAndContributionMap":{"docs":{"insertions":19,"deletions":14}}},{"hash":"28e70a2c9b615efd343d2c5dbd3ce073806ed5df","messageTitle":"Delete elements and add note to component commands diagram","messageBody":"","fileTypesAndContributionMap":{"docs":{"insertions":17,"deletions":51}}},{"hash":"986dc72b2dd83cb7e00447fa75e916e703651ca1","messageTitle":"Change variable name","messageBody":"","fileTypesAndContributionMap":{"docs":{"insertions":1,"deletions":1}}},{"hash":"f36e442adc4f059f3cf98b1c789a9bd0b967a0db","messageTitle":"Add warning message for loading of diagrams","messageBody":"","fileTypesAndContributionMap":{"docs":{"insertions":3,"deletions":1}}},{"hash":"5dbaae8e93ba941bb43b72a547ce8f4773f3a805","messageTitle":"Add ComponentInteractionsRefGetUserCommand.puml","messageBody":"","fileTypesAndContributionMap":{"docs":{"insertions":44,"deletions":0}}},{"hash":"1311c11070190a0ecd996b03dbef6e7aafd096d3","messageTitle":"Add sd frame to component interactions ref get user command","messageBody":"","fileTypesAndContributionMap":{"docs":{"insertions":1,"deletions":0}}},{"hash":"eb1882243ea9a82a3045488fcd1f26976ef64e1e","messageTitle":"Add ComponentInteractionsRefSaveExpensesToFile.puml","messageBody":"","fileTypesAndContributionMap":{"docs":{"insertions":22,"deletions":0}}},{"hash":"e1c0c1f65ecc4396b54f04bd0cdd6938a511c5d1","messageTitle":"Add ComponentInteractionsRefPrintExpense.puml","messageBody":"","fileTypesAndContributionMap":{"docs":{"insertions":22,"deletions":0}}},{"hash":"e1647bfc4a937217e574a2cd18eeca6df88a9b85","messageTitle":"Update warning message","messageBody":"","fileTypesAndContributionMap":{"docs":{"insertions":1,"deletions":1}}},{"hash":"5aaa93de38bbf1c6ccba43c77c9c96c5f6a09f31","messageTitle":"Update component interactions diagram","messageBody":"","fileTypesAndContributionMap":{"docs":{"insertions":54,"deletions":50}}},{"hash":"ddee866051c37707bc48f78fe30c4c9354fcf409","messageTitle":"Add User to ref","messageBody":"","fileTypesAndContributionMap":{"docs":{"insertions":1,"deletions":1}}},{"hash":"afb51086dd2c3d2716e521eda7fcda9f33e6ce5c","messageTitle":"Change group to mainframe","messageBody":"","fileTypesAndContributionMap":{"docs":{"insertions":3,"deletions":9}}},{"hash":"300525b87f65af6350e74366233d31fd814f7498","messageTitle":"Update note for getConsoleInput()","messageBody":"","fileTypesAndContributionMap":{"docs":{"insertions":3,"deletions":2}}},{"hash":"8bfc4dc4de9113ef1e994df0172ac3956cbc66cb","messageTitle":"Add sd for component interactions diagram","messageBody":"","fileTypesAndContributionMap":{"docs":{"insertions":8,"deletions":2}}},{"hash":"9467a6956c97209457cd27fa8bf534e8ecd58e9d","messageTitle":"Change ordering of sections","messageBody":"","fileTypesAndContributionMap":{"docs":{"insertions":15,"deletions":12}}}]},{"date":"2022-10-27","commitResults":[{"hash":"9767ca3bb9bb789443bd697213fe828318ffe2c9","messageTitle":"Update description for component interactions section","messageBody":"","fileTypesAndContributionMap":{"docs":{"insertions":19,"deletions":17}}},{"hash":"e155377b98e44a6ea0848880ccf3c23d27b42cec","messageTitle":"Update description for component interactions sequence diagrams section","messageBody":"","fileTypesAndContributionMap":{"docs":{"insertions":11,"deletions":1}}},{"hash":"be8ab62ea8fdd814ba340b307f0af374c50d179f","messageTitle":"Update subheadings in implementation section","messageBody":"","fileTypesAndContributionMap":{"docs":{"insertions":9,"deletions":9}}},{"hash":"16e8856d6911e47ad7ce8c8df8c2cf5be68dd7db","messageTitle":"Add description for common component section","messageBody":"","fileTypesAndContributionMap":{"docs":{"insertions":5,"deletions":0}}},{"hash":"c6a33225751864727faa15030c811a19b1b733ee","messageTitle":"Add description for exceptions component section","messageBody":"","fileTypesAndContributionMap":{"docs":{"insertions":7,"deletions":1}}},{"hash":"d15ba68bd8bf5cc83348a58efb2799ea0e58bcfd","messageTitle":"Add description for commands component section","messageBody":"","fileTypesAndContributionMap":{"docs":{"insertions":5,"deletions":0}}},{"hash":"77c88f3419f9e759bf9141fc115444372fdbffe0","messageTitle":"Add ComponentInteractionsRefLoadExpensesFromFile.puml","messageBody":"","fileTypesAndContributionMap":{"docs":{"insertions":22,"deletions":0}}},{"hash":"6c42567ce7909f859d33e181b0bc39c8f1ce1abe","messageTitle":"Add component interactions load expenses from file sd","messageBody":"","fileTypesAndContributionMap":{"docs":{"insertions":8,"deletions":3}}},{"hash":"754c09ff8183d54598af073e957faebcfcb78f3f","messageTitle":"Add ref to component interactions diagram","messageBody":"","fileTypesAndContributionMap":{"docs":{"insertions":4,"deletions":0}}},{"hash":"a87a17be5d7e21e318930f4499afe1b2b7130e7f","messageTitle":"Fix typo in diagram URL","messageBody":"","fileTypesAndContributionMap":{"docs":{"insertions":1,"deletions":1}}},{"hash":"c2e22747f42b7e5436387c672a494b1bf616e236","messageTitle":"Rename component interactions printing an expense sd diagram","messageBody":"","fileTypesAndContributionMap":{"docs":{"insertions":3,"deletions":3}}},{"hash":"d0852b91cc2b2c089466c92506b392d54bc3fd0d","messageTitle":"Remove get console command ref from diagrams","messageBody":"","fileTypesAndContributionMap":{"docs":{"insertions":0,"deletions":8}}},{"hash":"4f6e98c52759f7a819e14cab82b8379d112d702e","messageTitle":"Remove get console command ref from diagrams","messageBody":"","fileTypesAndContributionMap":{"docs":{"insertions":0,"deletions":10}}},{"hash":"a8b2de7f23bd49ba117cdd6a18428ab3dc6fc818","messageTitle":"Update description of exceptions and commands component","messageBody":"","fileTypesAndContributionMap":{"docs":{"insertions":2,"deletions":1}}},{"hash":"14360015fe0cf8e391e9b2d5175607585cd5d22c","messageTitle":"Remove get console input sd diagram","messageBody":"","fileTypesAndContributionMap":{"docs":{"insertions":6,"deletions":10}}},{"hash":"84c65a61d93a008d6ed0039515f7a8a730868192","messageTitle":"Rename reference diagrams","messageBody":"","fileTypesAndContributionMap":{"docs":{"insertions":6,"deletions":6}}},{"hash":"cc3605fa3a2f4e24dd72134e459fadcebe869b09","messageTitle":"Add description for userinterface component section and fix typos","messageBody":"","fileTypesAndContributionMap":{"docs":{"insertions":7,"deletions":3}}},{"hash":"865ed73300e28122983a2b66755696baaac199e1","messageTitle":"Add description for userinterface component section","messageBody":"","fileTypesAndContributionMap":{"docs":{"insertions":4,"deletions":2}}},{"hash":"fc0874b6d328b8405f0664910c07886aebfe32b6","messageTitle":"Change hyperlink for exceptions component section","messageBody":"","fileTypesAndContributionMap":{"docs":{"insertions":1,"deletions":1}}},{"hash":"84e6be894c8b43c0d0a0295ad24eaf73d27ed304","messageTitle":"Update URLs","messageBody":"","fileTypesAndContributionMap":{"docs":{"insertions":21,"deletions":21}}},{"hash":"884edcd24ca54009d5dbfa03b9820ca2786f5869","messageTitle":"Update diagram URLs","messageBody":"","fileTypesAndContributionMap":{"docs":{"insertions":23,"deletions":23}}},{"hash":"211d5d10994fc0a5e02804c1b24716b2a35413e2","messageTitle":"Update description for commands component section","messageBody":"","fileTypesAndContributionMap":{"docs":{"insertions":1,"deletions":1}}},{"hash":"57c6670bbd3d7b7f00dad22f9d66454d1deb5626","messageTitle":"Add contents section","messageBody":"","fileTypesAndContributionMap":{"docs":{"insertions":39,"deletions":8}}},{"hash":"1a9cf3fea559d7209ebd0cfe2a6571ccaf80532d","messageTitle":"Add logo","messageBody":"","fileTypesAndContributionMap":{"docs":{"insertions":2,"deletions":0}}},{"hash":"ca701946b93effe7a7ba64ab9d6d1a5fd7739e10","messageTitle":"Change title","messageBody":"","fileTypesAndContributionMap":{"docs":{"insertions":1,"deletions":1}}},{"hash":"cc2d05f79fb79dcc549219506c8408baf96213dd","messageTitle":"Add target user profile section","messageBody":"","fileTypesAndContributionMap":{"docs":{"insertions":3,"deletions":1}}},{"hash":"7b78ed8b9968b112d61855b649bae778a03660e6","messageTitle":"Add value proposition section","messageBody":"","fileTypesAndContributionMap":{"docs":{"insertions":7,"deletions":4}}},{"hash":"ae0ae22144045d5c06f0fed479c54fb38bcf7d13","messageTitle":"Edit description for manual testing section","messageBody":"","fileTypesAndContributionMap":{"docs":{"insertions":4,"deletions":0}}},{"hash":"149793cb72bc29fbb26f0ee24ee50c26d8da64f8","messageTitle":"Edit description for glossary section","messageBody":"","fileTypesAndContributionMap":{"docs":{"insertions":6,"deletions":3}}},{"hash":"a655f36a99fa666428b7fea9b9ce65d1fb7fb78f","messageTitle":"Edit description for manual testing section","messageBody":"","fileTypesAndContributionMap":{"docs":{"insertions":5,"deletions":4}}},{"hash":"5f39e8d2c7e9ccc8aa0704bb8a8bbd12cf210815","messageTitle":"Edit description for non-functional requirements section","messageBody":"","fileTypesAndContributionMap":{"docs":{"insertions":3,"deletions":1}}},{"hash":"1e598ddf2e2e6ef91b214eb3d5d4ef36ae9f631c","messageTitle":"Add description for implementation section","messageBody":"","fileTypesAndContributionMap":{"docs":{"insertions":19,"deletions":0}}},{"hash":"6866e0104d3d98b650f286ad5166fbb0def512a4","messageTitle":"Change location of warning message","messageBody":"","fileTypesAndContributionMap":{"docs":{"insertions":4,"deletions":4}}},{"hash":"a5e72d3ebc6084be3431b80d93b9393561325827","messageTitle":"Update warning message","messageBody":"","fileTypesAndContributionMap":{"docs":{"insertions":1,"deletions":1}}},{"hash":"bdd55c4c76c499cb3bf9ac0a1d957a05f2d87a2b","messageTitle":"Update warning message","messageBody":"","fileTypesAndContributionMap":{"docs":{"insertions":1,"deletions":1}}},{"hash":"8fbcb8c1f692147de874aea1701aba4d99b9b710","messageTitle":"Fix typo","messageBody":"","fileTypesAndContributionMap":{"docs":{"insertions":1,"deletions":1}}}]},{"date":"2022-10-31","commitResults":[{"hash":"e2ab0f238a227328ba439d9700a52c8ab4edf7d2","messageTitle":"Modify description of command syntax section","messageBody":"","fileTypesAndContributionMap":{"docs":{"insertions":12,"deletions":12}}},{"hash":"6808662e20155c5ecbf41844345b99444ab29e78","messageTitle":"Modify description of command syntax section","messageBody":"","fileTypesAndContributionMap":{"docs":{"insertions":1,"deletions":0}}},{"hash":"cba31c4f7a59abd1f72e39667a3527ff64f09e3c","messageTitle":"Update command line syntax for merge-file","messageBody":"","fileTypesAndContributionMap":{"docs":{"insertions":1,"deletions":1}}},{"hash":"fadd025dabab1f59d1386dcd820343e5a3091db8","messageTitle":"Change section title in contents section","messageBody":"","fileTypesAndContributionMap":{"docs":{"insertions":1,"deletions":1}}}]}]},"authorFileTypeContributionMap":{"LokQiJun":{"docs":138,"functional-code":1028,"test-code":0},"jeyvia":{"docs":106,"functional-code":1262,"test-code":0},"yuu-chennn":{"docs":7,"functional-code":116,"test-code":0},"penguin-s":{"docs":153,"functional-code":2817,"test-code":0},"xzynos":{"docs":1345,"functional-code":5191,"test-code":1045,"other":5}},"authorContributionVariance":{"LokQiJun":16620.85,"jeyvia":50055.11,"yuu-chennn":293.5032,"penguin-s":58980.81,"xzynos":231118.0},"authorDisplayNameMap":{"LokQiJun":"CS2113T-W11-1 LOK .. JUN","jeyvia":"CS2113T-W11-1 JAVI..QUAN","yuu-chennn":"CS2113T-W11-1 SHEN..CHEN","penguin-s":"CS2113T-W11-1 NUR ..UTFI","xzynos":"CS2113T-W11-1 LIM .. JIE"}}
