{"authorDailyContributionsMap":{"LokQiJun":[{"date":"2022-09-28","commitResults":[{"hash":"97c5033b151d71bf68abf0d209d97baf21ea53dc","messageTitle":"edited about us","messageBody":"","fileTypesAndContributionMap":{"docs":{"insertions":4,"deletions":8}}}]},{"date":"2022-10-06","commitResults":[{"hash":"8d19e8708c64fa6a60b52a051d25678bbe273ea2","messageTitle":"Added error messages for saving and loading data","messageBody":"","fileTypesAndContributionMap":{"functional-code":{"insertions":6,"deletions":0}}},{"hash":"99b82d337ee8781cf22f99f4ef20770ef5e7065b","messageTitle":"Added file path for saving and loading of data","messageBody":"","fileTypesAndContributionMap":{"functional-code":{"insertions":1,"deletions":0}}},{"hash":"d7de679dbea3eb22fc3bcbf8aa4929289a8c3aa0","messageTitle":"Added method to save expenses into a .txt file","messageBody":"","fileTypesAndContributionMap":{"functional-code":{"insertions":76,"deletions":0}}},{"hash":"6d0406bdeaa669a6e504b134501a11e8f0cc5e01","messageTitle":"Added directory for storage file","messageBody":"","fileTypesAndContributionMap":{"functional-code":{"insertions":3,"deletions":1}}},{"hash":"8c7aa7fb6e0184361593f2fba72d2e295713e3c6","messageTitle":"Updated file path in function to save data","messageBody":"","fileTypesAndContributionMap":{"functional-code":{"insertions":24,"deletions":11}}},{"hash":"4c98f744c3f5c485a59c00b46a0cd3112305b51b","messageTitle":"Integrated function to save data into command actions","messageBody":"","fileTypesAndContributionMap":{"functional-code":{"insertions":9,"deletions":0}}},{"hash":"b87c5cf918019cea1cc56b1b7b6f972eb6ab46fd","messageTitle":"Fixed coding standard violations","messageBody":"","fileTypesAndContributionMap":{"functional-code":{"insertions":10,"deletions":9}}}]},{"date":"2022-10-07","commitResults":[{"hash":"ce93fde1d43550ee3717959e2ae110eec21734ae","messageTitle":"Added exception for when data in load file is corrupted","messageBody":"","fileTypesAndContributionMap":{"functional-code":{"insertions":31,"deletions":0}}},{"hash":"d0e10b94ae836bc7afa1d786a28a56ac99b26b09","messageTitle":"Added messages for loading","messageBody":"","fileTypesAndContributionMap":{"functional-code":{"insertions":7,"deletions":2}}},{"hash":"14057aeb62d6ded41c36790feda0adc79b55f01b","messageTitle":"Added function to load data from file","messageBody":"","fileTypesAndContributionMap":{"functional-code":{"insertions":35,"deletions":11}}},{"hash":"dd96b2cd42a78777e917c51e1682d5f53ad5c02a","messageTitle":"Fixed coding standard violations","messageBody":"","fileTypesAndContributionMap":{"functional-code":{"insertions":7,"deletions":7}}},{"hash":"99af2fc066e740b20cfa08aec1dea48d52c006dc","messageTitle":"Updated UG","messageBody":"","fileTypesAndContributionMap":{"docs":{"insertions":3,"deletions":1}}},{"hash":"7db4633e37f2f1699b41c46cedf618abe2cb4473","messageTitle":"Changed location of loadfile method call for better presentation","messageBody":"","fileTypesAndContributionMap":{"functional-code":{"insertions":1,"deletions":1}}}]}],"jeyvia":[{"date":"2022-09-28","commitResults":[{"hash":"e91570f8f161d85cc25467214e0b99f26d8f7b3b","messageTitle":"Updated AboutUs.md and Portfolio","messageBody":"","fileTypesAndContributionMap":{"docs":{"insertions":10,"deletions":13}}}]},{"date":"2022-10-05","commitResults":[{"hash":"456e4cd22be3685bf2f71a4fa8c8dd92a496df4d","messageTitle":"Created sort-expenses","messageBody":"Added sorting by alphabetical order (from A-Z)\nAdded sorting by amount (in ascending order)\n","fileTypesAndContributionMap":{"functional-code":{"insertions":133,"deletions":10},"test-code":{"insertions":13,"deletions":6}}},{"hash":"4b6c5fb37dfc6facc0092588a7aa9fa7f47f7b4b","messageTitle":"Checkstyle changes","messageBody":"","fileTypesAndContributionMap":{"functional-code":{"insertions":27,"deletions":13}}},{"hash":"f6afb5a079e6d3aecad5c774d85ff151f46a3846","messageTitle":"Changed constant variable naming","messageBody":"","fileTypesAndContributionMap":{"functional-code":{"insertions":9,"deletions":12}}},{"hash":"3ca6339184deb7df5e1716020920f3a99a455bd1","messageTitle":"Updated sort-expenses","messageBody":"Added sorting by date\nAdded sorting by ascending/descending for all 3 types of sorting\n","fileTypesAndContributionMap":{"functional-code":{"insertions":37,"deletions":16}}}]},{"date":"2022-10-06","commitResults":[{"hash":"1c0376413e4c1ad895b75c2a7b96b461e37165c5","messageTitle":"Update ConsoleCommandSortExpense.java","messageBody":"","fileTypesAndContributionMap":{"functional-code":{"insertions":17,"deletions":7}}},{"hash":"54e893d719980cd3236694350156113dc870bd32","messageTitle":"sort-expense runtime exception fix","messageBody":"Fixed runtime exception for invalid sort-expense command syntax\n","fileTypesAndContributionMap":{"functional-code":{"insertions":57,"deletions":28},"docs":{"insertions":15,"deletions":0}}},{"hash":"583d53fc31d5960c1c01137fb6cee24282347f2a","messageTitle":"Checkstyle fixes","messageBody":"","fileTypesAndContributionMap":{"functional-code":{"insertions":5,"deletions":5}}},{"hash":"d23ad5e12ae95d1e08a543d0644c7a4d88223942","messageTitle":"Added period for checkstyle","messageBody":"","fileTypesAndContributionMap":{"functional-code":{"insertions":1,"deletions":1}}}]},{"date":"2022-10-14","commitResults":[{"hash":"039828271e64e0db6623f355b1b06ea00e2e4a07","messageTitle":"sort-expense command fixes","messageBody":"-fixed bug where exception is thrown for correct syntax\n","fileTypesAndContributionMap":{"functional-code":{"insertions":4,"deletions":4}}},{"hash":"de1797be0c7936ba94cde76cee11f871ec26cd51","messageTitle":"Update ConsoleParser.java","messageBody":"","fileTypesAndContributionMap":{"functional-code":{"insertions":6,"deletions":6}}},{"hash":"9a3ec4a9aec4e235b0e0821e4552b6489111fcef","messageTitle":"auto sort-expenses WIP","messageBody":"","fileTypesAndContributionMap":{"functional-code":{"insertions":35,"deletions":12}}},{"hash":"7849f1aad9d7bb5088aebbfb147c4c39112ee517","messageTitle":"Fixed sort-expense to automatically re-sort when changes are made","messageBody":"- expense list is automatically sorted\n- users\u0027 sortCommandSetting is stored in text file\n","fileTypesAndContributionMap":{"functional-code":{"insertions":72,"deletions":18}}},{"hash":"01d24070eb3c79e9378db274d48d7a2018228cce","messageTitle":"updated ArrayList.set to auto-sort","messageBody":"","fileTypesAndContributionMap":{"functional-code":{"insertions":10,"deletions":0}}},{"hash":"46b4149973eac4c31468bd27421ea477da044d9b","messageTitle":"Update ExpenseManager.java","messageBody":"","fileTypesAndContributionMap":{"functional-code":{"insertions":1,"deletions":1}}},{"hash":"a16795fa172bd8dbbdc3c03de3cb85e301ca7f03","messageTitle":"Removed set() override","messageBody":"","fileTypesAndContributionMap":{"functional-code":{"insertions":1,"deletions":8}}}]},{"date":"2022-10-15","commitResults":[{"hash":"7059c2c983481bfe96b81ca21dafc107b851ddbc","messageTitle":"Misc Changes","messageBody":"","fileTypesAndContributionMap":{"functional-code":{"insertions":1,"deletions":1}}},{"hash":"934735cbc195077832ffdc645e57f76819713f85","messageTitle":"Added remarks","messageBody":"","fileTypesAndContributionMap":{"functional-code":{"insertions":258,"deletions":20},"docs":{"insertions":19,"deletions":6}}},{"hash":"9a92d57b2a09b1d1ea48a4f1f149f81ee0d6b790","messageTitle":"Remove extra delete-remarks","messageBody":"","fileTypesAndContributionMap":{"functional-code":{"insertions":0,"deletions":145},"docs":{"insertions":0,"deletions":11}}}]}],"yuu-chennn":[{"date":"2022-10-08","commitResults":[{"hash":"863c8561fde46ad3fdcd4a1ba6859f706454a36f","messageTitle":"aboutus","messageBody":"","fileTypesAndContributionMap":{"docs":{"insertions":14,"deletions":6}}}]},{"date":"2022-10-11","commitResults":[{"hash":"98fc4d4c72e0003ebf3b7367ecaa48730373f457","messageTitle":"Add code to parse view-expense category option","messageBody":"","fileTypesAndContributionMap":{"functional-code":{"insertions":86,"deletions":3},"docs":{"insertions":2,"deletions":3}}}]}],"penguin-s":[{"date":"2022-09-30","commitResults":[{"hash":"dd068b4ac754d491a0ee6b14367e728e793274f2","messageTitle":"Update AboutUs.md","messageBody":"","fileTypesAndContributionMap":{"docs":{"insertions":1,"deletions":0}}},{"hash":"2b2efec635b44d95c6230dc65884e210647a387b","messageTitle":"Create nursyadiyahbtelutfi.md","messageBody":"","fileTypesAndContributionMap":{"docs":{"insertions":6,"deletions":0}}}]},{"date":"2022-10-09","commitResults":[{"hash":"73654507c6d3a673e5497398cc0326aa021f5210","messageTitle":"Add income","messageBody":"","fileTypesAndContributionMap":{"functional-code":{"insertions":160,"deletions":3}}},{"hash":"013a65f11fd5120a50e3515987f1ab5b84bac596","messageTitle":"Fix indentations","messageBody":"","fileTypesAndContributionMap":{"functional-code":{"insertions":17,"deletions":9}}},{"hash":"060c11a089c6292336528f411c6421766408769a","messageTitle":"Update indentation in ConsoleParser.java","messageBody":"","fileTypesAndContributionMap":{"functional-code":{"insertions":1,"deletions":0}}},{"hash":"7f27ce03e1aa37e622f466313985d7e23b3ab8a6","messageTitle":"Add Income and IncomeManager classes","messageBody":"","fileTypesAndContributionMap":{"functional-code":{"insertions":145,"deletions":5}}}]},{"date":"2022-10-10","commitResults":[{"hash":"f4886a4104eb9f8798fd2cf13b07836f31aa76ed","messageTitle":"Add Target and TargetManager","messageBody":"","fileTypesAndContributionMap":{"functional-code":{"insertions":362,"deletions":9}}},{"hash":"7190c9d1752008a7abbe1defe0c914db1e4afa1a","messageTitle":"Reformat code","messageBody":"","fileTypesAndContributionMap":{"functional-code":{"insertions":21,"deletions":13}}},{"hash":"7e5e409dd7b928f0e399dfb9234bb4f473cae875","messageTitle":"Fix coding standard violations","messageBody":"","fileTypesAndContributionMap":{"functional-code":{"insertions":8,"deletions":3}}},{"hash":"173972a1535b22db928631145aca4e99e3952e9b","messageTitle":"Add forgotten instances to ConsoleParser and ConsoleInterface","messageBody":"","fileTypesAndContributionMap":{"functional-code":{"insertions":33,"deletions":5}}},{"hash":"58e5febc986d21eb2485d17bb309f45f2ad19ea4","messageTitle":"Fix coding standard violations","messageBody":"","fileTypesAndContributionMap":{"functional-code":{"insertions":3,"deletions":1}}},{"hash":"4a437b30b2f400e83d60d69be34c65a94730556d","messageTitle":"Add TODO comment for saveToFile for Income","messageBody":"","fileTypesAndContributionMap":{"functional-code":{"insertions":4,"deletions":1}}},{"hash":"99ebf8cb151e9ff6ea0a7e9ee69ecc5c9876ace4","messageTitle":"Add TODO for saveToFile for Target","messageBody":"","fileTypesAndContributionMap":{"functional-code":{"insertions":4,"deletions":1}}},{"hash":"b573309412def725502eb7ccffdd20a5923aceb4","messageTitle":"Delete extra string in Messages.java","messageBody":"","fileTypesAndContributionMap":{"functional-code":{"insertions":1,"deletions":2}}},{"hash":"4563cc7cb04e60322934ad7d91be403a0e6bc3f0","messageTitle":"Delete extra line in ConsoleInterface.java","messageBody":"","fileTypesAndContributionMap":{"functional-code":{"insertions":3,"deletions":3}}}]}],"xzynos":[{"date":"2022-09-28","commitResults":[{"hash":"f0572a2f42313d0abab2038cd554a100cd8dc0cd","messageTitle":"Add title to README.md","messageBody":"","fileTypesAndContributionMap":{"docs":{"insertions":1,"deletions":1}}},{"hash":"bd1efa2e772ca6cdb9d8a36c3cfe0578b83b0845","messageTitle":"Add information to about us","messageBody":"","fileTypesAndContributionMap":{"docs":{"insertions":4,"deletions":8}}},{"hash":"a8bfa6983cf2c7dd91a3ad18e8dea1ff818d0325","messageTitle":"Rename Duke to MoneyGoWhere","messageBody":"","fileTypesAndContributionMap":{"other":{"insertions":5,"deletions":5}}},{"hash":"f8a1db89748aafcdc6b3b2101a07f656ea2002b0","messageTitle":"Add Messages.java and ConsoleInterface.java","messageBody":"","fileTypesAndContributionMap":{"functional-code":{"insertions":55,"deletions":0}}},{"hash":"c27dc95adab29f1e9cb5e5f25828bb192925ce79","messageTitle":"Change console interface in MoneyGoWhere.java","messageBody":"","fileTypesAndContributionMap":{"functional-code":{"insertions":9,"deletions":10}}},{"hash":"bf36fa24dbf73681a245a371850f896059e01e86","messageTitle":"Add Javadoc comments","messageBody":"","fileTypesAndContributionMap":{"functional-code":{"insertions":40,"deletions":1}}},{"hash":"b1d53b582c5c4908749035e1656350a2dfc3603b","messageTitle":"Add ConsoleCommand.java and ConsoleCommandBye.java","messageBody":"","fileTypesAndContributionMap":{"functional-code":{"insertions":8,"deletions":0}}},{"hash":"a18b6543be3eec380289bbc1f82949ea48e60f71","messageTitle":"Add MoneyGoWhereException.java","messageBody":"","fileTypesAndContributionMap":{"functional-code":{"insertions":27,"deletions":0}}},{"hash":"8ae8d9b6fccf6f62377b4bde91c45ff96c02379a","messageTitle":"Add ConsoleParserCommandNotFoundException.java","messageBody":"","fileTypesAndContributionMap":{"functional-code":{"insertions":28,"deletions":0}}},{"hash":"223541d9cea6f423741f56fe8e0ac65d0d5d2465","messageTitle":"Add ConsoleParser.java","messageBody":"","fileTypesAndContributionMap":{"functional-code":{"insertions":31,"deletions":0}}},{"hash":"2182ef5d38683ff09f8cac972bf126cc999ce4c2","messageTitle":"Add Javadoc comments","messageBody":"","fileTypesAndContributionMap":{"functional-code":{"insertions":106,"deletions":4}}},{"hash":"dc767496ee9dd2ef294fb02e470662953d57e602","messageTitle":"Add command not found error message","messageBody":"","fileTypesAndContributionMap":{"functional-code":{"insertions":3,"deletions":1}}}]},{"date":"2022-09-29","commitResults":[{"hash":"4503f53a0ef1d2df899a8eba976ec315645394cf","messageTitle":"Add dependencies to build.gradle","messageBody":"","fileTypesAndContributionMap":{"other":{"insertions":2,"deletions":0}}},{"hash":"8d5992ab49b47946650e929d130775a473d3ef4f","messageTitle":"Add function to tokenize command","messageBody":"","fileTypesAndContributionMap":{"functional-code":{"insertions":13,"deletions":0}}}]},{"date":"2022-09-30","commitResults":[{"hash":"82589bf6b30f6a68273f9044bcfdd34a48d65ec5","messageTitle":"Change archiveBaseName in build.gradle","messageBody":"","fileTypesAndContributionMap":{"other":{"insertions":1,"deletions":1}}}]},{"date":"2022-10-04","commitResults":[{"hash":"2a9427a0d0de7a252f4f12f524bd87bd1b3b3c4f","messageTitle":"Add Expense.java and ExpenseManager.java","messageBody":"","fileTypesAndContributionMap":{"functional-code":{"insertions":91,"deletions":0}}},{"hash":"2e7831567614c305d58ec63af96c6f5b400a0bf8","messageTitle":"Add ConsoleParserCommandAddExpenseInvalidException.java","messageBody":"","fileTypesAndContributionMap":{"functional-code":{"insertions":31,"deletions":0}}},{"hash":"3871e6ced86a72cdc86acabc8cd08768ad21d176","messageTitle":"Add ConsoleCommandAddExpense.java","messageBody":"","fileTypesAndContributionMap":{"functional-code":{"insertions":50,"deletions":0}}},{"hash":"fcbe175ea668ec63bf391f3def0d7b71a7af7509","messageTitle":"Add Configurations.java","messageBody":"","fileTypesAndContributionMap":{"functional-code":{"insertions":10,"deletions":0}}},{"hash":"a988da427c9a0f5f4fc3243e1fe66028a559fa78","messageTitle":"Add console messages for command add-expense","messageBody":"","fileTypesAndContributionMap":{"functional-code":{"insertions":6,"deletions":0}}},{"hash":"b0f33a28b654c1bb04b88c3f420a889c2ec4ddef","messageTitle":"Add code to parse command add-expense","messageBody":"","fileTypesAndContributionMap":{"functional-code":{"insertions":106,"deletions":2}}},{"hash":"5c07bf8504a1a1ce42302e678a96311c7d366db6","messageTitle":"Add code to execute command add-expense","messageBody":"","fileTypesAndContributionMap":{"functional-code":{"insertions":35,"deletions":2}}},{"hash":"3b41aa08792fee36b45e7cd7ca1474e91f04b138","messageTitle":"Add ConsoleCommandViewExpense.java","messageBody":"","fileTypesAndContributionMap":{"functional-code":{"insertions":17,"deletions":0}}},{"hash":"655ba183c41671f581d7f9e79697496b6ad7950a","messageTitle":"Add ConsoleParserCommandViewExpenseInvalidException.java","messageBody":"","fileTypesAndContributionMap":{"functional-code":{"insertions":28,"deletions":0}}},{"hash":"4d27efee793adff3bbc5163d4bf409d238d99995","messageTitle":"Add console messages for command view-expense","messageBody":"","fileTypesAndContributionMap":{"functional-code":{"insertions":4,"deletions":0}}},{"hash":"91175977a05a94c4a275692df6f690c3dfa22ce2","messageTitle":"Add code to parse command view-expense","messageBody":"","fileTypesAndContributionMap":{"functional-code":{"insertions":42,"deletions":1}}},{"hash":"59bfec70f3219d6693ceb225b2383f8c5622c934","messageTitle":"Add code to execute command view-expense","messageBody":"","fileTypesAndContributionMap":{"functional-code":{"insertions":53,"deletions":1}}},{"hash":"48cc9fe064f7c0c9a53c4e419e2e8ec9d6974cbd","messageTitle":"Add JUnit tests for command add-expense","messageBody":"","fileTypesAndContributionMap":{"test-code":{"insertions":160,"deletions":0}}},{"hash":"b8789742637971cf9bf6426142aa301e8a2ea4c0","messageTitle":"Add LocalStorage.java","messageBody":"","fileTypesAndContributionMap":{"functional-code":{"insertions":4,"deletions":0}}},{"hash":"36bd4f7082d4cf2a975143282bb03ca42b089f7f","messageTitle":"Add Target.java and TargetManager.java","messageBody":"","fileTypesAndContributionMap":{"functional-code":{"insertions":8,"deletions":0}}},{"hash":"051b8008d981a85b683c8bb379cb4ce392b4a537","messageTitle":"Add Category.java and CategoryManager.java","messageBody":"","fileTypesAndContributionMap":{"functional-code":{"insertions":8,"deletions":0}}},{"hash":"1225d32f02596588451b4d53b081baad6e14f4bb","messageTitle":"Add JUnit tests for command view-expense","messageBody":"","fileTypesAndContributionMap":{"test-code":{"insertions":65,"deletions":20}}},{"hash":"13dc298660479e5aae93f846c8b937e88b36108c","messageTitle":"Add ConsoleCommandDeleteExpense.java","messageBody":"","fileTypesAndContributionMap":{"functional-code":{"insertions":17,"deletions":0}}},{"hash":"355e23af3cd6e20590832258f49ada3701593cf9","messageTitle":"Add ConsoleParserCommandDeleteExpenseInvalidException.java","messageBody":"","fileTypesAndContributionMap":{"functional-code":{"insertions":28,"deletions":0}}},{"hash":"f598c90b124c140259d933256203fa0a3ef41bce","messageTitle":"Add code to delete an expense from ExpenseManager","messageBody":"","fileTypesAndContributionMap":{"functional-code":{"insertions":4,"deletions":0}}},{"hash":"dc9fcc548b88332932bb44b92323aea6d6055884","messageTitle":"Add console messages for command delete-expense","messageBody":"","fileTypesAndContributionMap":{"functional-code":{"insertions":5,"deletions":1}}},{"hash":"e337af1dc8d7df3293d430b56fd74d6f68b5b235","messageTitle":"Add code to parse command delete-expense","messageBody":"","fileTypesAndContributionMap":{"functional-code":{"insertions":50,"deletions":11}}},{"hash":"9ecc4360f6678c6fc1881d7aba2a1ef208e422bd","messageTitle":"Add code to execute command delete-expense","messageBody":"","fileTypesAndContributionMap":{"functional-code":{"insertions":16,"deletions":2}}},{"hash":"9534fe24974a677275f296da0a1801ec5d16c253","messageTitle":"Change exceptions in JUnit tests to MoneyGoWhereException","messageBody":"","fileTypesAndContributionMap":{"test-code":{"insertions":7,"deletions":21}}}]},{"date":"2022-10-05","commitResults":[{"hash":"8c01058038c05ba0636b60db3fde161e7e067935","messageTitle":"Add ConsoleCommandEditExpense.java","messageBody":"","fileTypesAndContributionMap":{"functional-code":{"insertions":81,"deletions":0}}},{"hash":"bc82ce675a648e16e3ee280ad06474d0204939bb","messageTitle":"Add ConsoleParserCommandEditExpenseInvalidException.java","messageBody":"","fileTypesAndContributionMap":{"functional-code":{"insertions":28,"deletions":0}}},{"hash":"a1fbeb55d10312ce929861d5159a7d5208e10e70","messageTitle":"Add console messages for command edit-expense","messageBody":"","fileTypesAndContributionMap":{"functional-code":{"insertions":8,"deletions":2}}},{"hash":"d9a58552dceff943f93c649370ae63c16d5218b4","messageTitle":"Add code to edit existing expense in ExpenseManager","messageBody":"","fileTypesAndContributionMap":{"functional-code":{"insertions":5,"deletions":1}}},{"hash":"e63dc2d3fd804664776bdfb2f311f52edea96a80","messageTitle":"Add code to parse command edit-expense","messageBody":"","fileTypesAndContributionMap":{"functional-code":{"insertions":161,"deletions":31}}},{"hash":"7237bb0a53951fa83ccd22b778870485a5933317","messageTitle":"Add code to execute command edit-expense","messageBody":"","fileTypesAndContributionMap":{"functional-code":{"insertions":58,"deletions":8}}}]},{"date":"2022-10-06","commitResults":[{"hash":"97903082d9006d9f413b847b034f783ccd2d4ea6","messageTitle":"Add JUnit tests for command delete-expense","messageBody":"","fileTypesAndContributionMap":{"test-code":{"insertions":35,"deletions":4}}},{"hash":"ad0748533d305493f5dc48c13b1a42e7ca7391f6","messageTitle":"Add JUnit tests for command edit-expense","messageBody":"","fileTypesAndContributionMap":{"test-code":{"insertions":185,"deletions":0}}},{"hash":"138d2ab143b585245837fc64a0012fa1f2c5f721","messageTitle":"Add user guide for adding, viewing, deleting and editing expenses","messageBody":"","fileTypesAndContributionMap":{"docs":{"insertions":60,"deletions":17}}}]},{"date":"2022-10-07","commitResults":[{"hash":"a0b22846b2147b0090f92230a502d6ea560d9cdc","messageTitle":"Add JUnit tests for command add-expense","messageBody":"","fileTypesAndContributionMap":{"test-code":{"insertions":21,"deletions":5}}},{"hash":"023c481c07a6ab301d02af0622b45c0b932a5d32","messageTitle":"Add JUnit tests for command edit-expense","messageBody":"","fileTypesAndContributionMap":{"test-code":{"insertions":37,"deletions":3}}}]},{"date":"2022-10-08","commitResults":[{"hash":"f78291e12b7c13be9894c707ddbb5fe56071c49b","messageTitle":"Add ExpenseManagerExpenseNotFoundException.java","messageBody":"","fileTypesAndContributionMap":{"functional-code":{"insertions":31,"deletions":0}}},{"hash":"0fe5200ff4eb8d50f2c1f4bcafeb47418fbc42bd","messageTitle":"Add console messages when expense is not found","messageBody":"","fileTypesAndContributionMap":{"functional-code":{"insertions":18,"deletions":9}}},{"hash":"5d8300edd591a3281f2c266ef7903be52a97649f","messageTitle":"Modify functions to throw ExpenseManagerExpenseNotFoundException","messageBody":"","fileTypesAndContributionMap":{"functional-code":{"insertions":21,"deletions":6}}},{"hash":"8829ee394793622fe3dc804e05402a5420f42970","messageTitle":"Modify functions to handle ExpenseManagerExpenseNotFoundException","messageBody":"","fileTypesAndContributionMap":{"functional-code":{"insertions":29,"deletions":4}}}]},{"date":"2022-10-12","commitResults":[{"hash":"4887066f03b5b8ef122691f3ad85f79acb77f40c","messageTitle":"Enable assertions in build.gradle","messageBody":"","fileTypesAndContributionMap":{"other":{"insertions":1,"deletions":0}}}]},{"date":"2022-10-13","commitResults":[{"hash":"52120c777188d308f14dc455348e11cd1c605091","messageTitle":"Add ConsoleParserConfigurations.java","messageBody":"","fileTypesAndContributionMap":{"functional-code":{"insertions":420,"deletions":0}}},{"hash":"9347350cff376ca7e421beb0a8b9ee5d87a6e2fa","messageTitle":"Refactor ConsoleParser","messageBody":"","fileTypesAndContributionMap":{"functional-code":{"insertions":210,"deletions":339}}},{"hash":"98a5d85011210c31bd13f57a6f74ab6fbbb20d9a","messageTitle":"Refactor parseCommandSortExpense in ConsoleParser","messageBody":"","fileTypesAndContributionMap":{"functional-code":{"insertions":60,"deletions":26}}},{"hash":"45c04a00fc3fb1e344a6dc438a9308134338fd3e","messageTitle":"Change URLs of portfolios","messageBody":"","fileTypesAndContributionMap":{"docs":{"insertions":5,"deletions":5}}},{"hash":"f35c339b18f38483ca980cc67047d7957f9a7331","messageTitle":"Add configurations for LocalLogger","messageBody":"","fileTypesAndContributionMap":{"functional-code":{"insertions":8,"deletions":0}}},{"hash":"3e3f0bef216b3253e51f00e0ed7315340848614f","messageTitle":"Add LocalLoggerFormatter.java","messageBody":"","fileTypesAndContributionMap":{"functional-code":{"insertions":19,"deletions":0}}},{"hash":"ff25de67d6c82a387458806c5249935aaa4714ed","messageTitle":"Add LocalLogger.java","messageBody":"","fileTypesAndContributionMap":{"functional-code":{"insertions":42,"deletions":0}}},{"hash":"9c0433ed159411a88faa413189c826209009dd74","messageTitle":"Add code to log initializing and terminating of program","messageBody":"","fileTypesAndContributionMap":{"functional-code":{"insertions":20,"deletions":1}}},{"hash":"68b93b699ed26f9c0dd8265a912444d65879ebbd","messageTitle":"Add assertions to check if all command line options are added","messageBody":"","fileTypesAndContributionMap":{"functional-code":{"insertions":68,"deletions":11}}}]},{"date":"2022-10-14","commitResults":[{"hash":"e4915ae2b7d33b8f3862e6c526a8018c613c97ec","messageTitle":"Add RecurringPayment.java","messageBody":"","fileTypesAndContributionMap":{"functional-code":{"insertions":53,"deletions":0}}},{"hash":"3307768a91cd57380200b6902d863618c432e904","messageTitle":"Add RecurringPaymentManager.java","messageBody":"","fileTypesAndContributionMap":{"functional-code":{"insertions":15,"deletions":0}}},{"hash":"36ceda1907da149d6d8c82efd7b6180ab6308318","messageTitle":"Add ConsoleCommandAddRecurringPayment.java","messageBody":"","fileTypesAndContributionMap":{"functional-code":{"insertions":37,"deletions":0}}},{"hash":"72a6730e08ac0ebff7f58d8aa96957be8446e86f","messageTitle":"Add ConsoleParserCommandAddRecurringPaymentInvalidException.java","messageBody":"","fileTypesAndContributionMap":{"functional-code":{"insertions":31,"deletions":0}}},{"hash":"13adc878c7d5b930924d8b68df3a6bc769c95faf","messageTitle":"Add code to add recurring payments to manager","messageBody":"","fileTypesAndContributionMap":{"functional-code":{"insertions":4,"deletions":0}}},{"hash":"f577e5443736b0e323d20ceaba237cef4e5b2a27","messageTitle":"Add console messages for command add-recurringpayment","messageBody":"","fileTypesAndContributionMap":{"functional-code":{"insertions":20,"deletions":1}}},{"hash":"10518261b384a57d1975bfe173fada6be8dec6ce","messageTitle":"Add command line options for command add-recurringpayment","messageBody":"","fileTypesAndContributionMap":{"functional-code":{"insertions":61,"deletions":2}}},{"hash":"23146a0347dda2204deb4c9d3e1533b1763d26e3","messageTitle":"Add code to parse command add-recurringpayment","messageBody":"","fileTypesAndContributionMap":{"functional-code":{"insertions":68,"deletions":9}}},{"hash":"4fd91379d93f0f30c3d23aea7321015b9eae5b97","messageTitle":"Add code to execute command add-recurringpayment","messageBody":"","fileTypesAndContributionMap":{"functional-code":{"insertions":39,"deletions":2}}},{"hash":"9924cd89fe3f3b0c5f0e402efda8453d15a38986","messageTitle":"Remove printing of stack trace from console parser","messageBody":"","fileTypesAndContributionMap":{"functional-code":{"insertions":0,"deletions":1}}},{"hash":"1e755c5668963a7fc67ef5dfbb0463b4b7f9557c","messageTitle":"Fix standard coding convention violations","messageBody":"","fileTypesAndContributionMap":{"functional-code":{"insertions":1,"deletions":1}}},{"hash":"3e845b4be9a575a6fdc7ae8e522d8e5edce34100","messageTitle":"Add user guide for adding recurring payments","messageBody":"","fileTypesAndContributionMap":{"docs":{"insertions":13,"deletions":0}}},{"hash":"a6bc5e58ea1cb3e8ac521228c813e247accf154a","messageTitle":"Add ConsoleCommandViewRecurringPayment.java","messageBody":"","fileTypesAndContributionMap":{"functional-code":{"insertions":17,"deletions":0}}},{"hash":"57188f4710013a8e117e89f27a70e426ddc1d52d","messageTitle":"Add ConsoleParserCommandViewRecurringPaymentInvalidException.java","messageBody":"","fileTypesAndContributionMap":{"functional-code":{"insertions":31,"deletions":0}}},{"hash":"315a38ef1e2740e239e2d07ae9d77f1b5cc03a92","messageTitle":"Add code to get recurring payments from recurring payment manager","messageBody":"","fileTypesAndContributionMap":{"functional-code":{"insertions":8,"deletions":0}}},{"hash":"79260d000c4295eb4d8608286965e989d3acc207","messageTitle":"Add console messages for command view-recurringpayment","messageBody":"","fileTypesAndContributionMap":{"functional-code":{"insertions":14,"deletions":4}}},{"hash":"015709637d3d323141cdf4fe76fcd5f14b08477b","messageTitle":"Add command line options for command view-recurringpayment","messageBody":"","fileTypesAndContributionMap":{"functional-code":{"insertions":33,"deletions":0}}},{"hash":"2f0077c16708638333e0b8c6cac7719eef927d6a","messageTitle":"Add code to parse command view-recurringpayment","messageBody":"","fileTypesAndContributionMap":{"functional-code":{"insertions":39,"deletions":1}}},{"hash":"1f87d3babb7929fc489a25b687aaf890a54b6d05","messageTitle":"Add code to execute command view-recurringpayment","messageBody":"","fileTypesAndContributionMap":{"functional-code":{"insertions":36,"deletions":2}}},{"hash":"9c90538f65abfb87ad87885ec104d4157c1ddd7e","messageTitle":"Add user guide for viewing recurring payments","messageBody":"","fileTypesAndContributionMap":{"docs":{"insertions":13,"deletions":1}}},{"hash":"8a5179f0f8eb797fc31d61614ad2a2707c891356","messageTitle":"Modify code to return a reference to recurringPayments in recurring payment manager","messageBody":"","fileTypesAndContributionMap":{"functional-code":{"insertions":1,"deletions":1}}}]},{"date":"2022-10-15","commitResults":[{"hash":"5af9993b7117ded2a387954163b81bc6561dfd72","messageTitle":"Fix coding standard violation in build.gradle","messageBody":"","fileTypesAndContributionMap":{"other":{"insertions":1,"deletions":1}}},{"hash":"eb262f303bad4c69615be3e4ef9307e5e12998ff","messageTitle":"Add code to set command arguments as mandatory","messageBody":"","fileTypesAndContributionMap":{"functional-code":{"insertions":65,"deletions":0}}},{"hash":"a1002333edc3876c18680fafe59fd4e367ab8f9b","messageTitle":"Change capitalisation of commands","messageBody":"","fileTypesAndContributionMap":{"functional-code":{"insertions":10,"deletions":10}}},{"hash":"8ba294518968bedd230832456d05fc282a016d08","messageTitle":"Add comments to Configurations.java","messageBody":"","fileTypesAndContributionMap":{"functional-code":{"insertions":7,"deletions":0}}},{"hash":"19230772320ca5ff69e3aca7f05db076abbc8aec","messageTitle":"Refactor Messages.java","messageBody":"","fileTypesAndContributionMap":{"functional-code":{"insertions":243,"deletions":48}}}]},{"date":"2022-10-16","commitResults":[{"hash":"b3341eed23b62bd0a44d4f1961d96b288ce859aa","messageTitle":"Add JUnit tests for command Add-RecurringPayment","messageBody":"","fileTypesAndContributionMap":{"test-code":{"insertions":190,"deletions":1}}},{"hash":"0436c3d5c71f432c3d0dfc62b435b967e2b01aa6","messageTitle":"Add JUnit tests for command View-RecurringPayment","messageBody":"","fileTypesAndContributionMap":{"test-code":{"insertions":56,"deletions":0}}}]}]},"authorFileTypeContributionMap":{"LokQiJun":{"docs":4,"functional-code":140,"test-code":0},"jeyvia":{"docs":31,"functional-code":358,"test-code":0},"yuu-chennn":{"docs":7,"functional-code":78,"test-code":0},"penguin-s":{"docs":6,"functional-code":600,"test-code":0},"xzynos":{"docs":78,"functional-code":2663,"test-code":708,"other":5}},"authorContributionVariance":{"LokQiJun":1018.1643,"jeyvia":9748.293,"yuu-chennn":284.41205,"penguin-s":10363.727,"xzynos":82889.586},"authorDisplayNameMap":{"LokQiJun":"CS2113T-W11-1 LOK .. JUN","jeyvia":"CS2113T-W11-1 JAVI..QUAN","yuu-chennn":"CS2113T-W11-1 SHEN..CHEN","penguin-s":"CS2113T-W11-1 NUR ..UTFI","xzynos":"CS2113T-W11-1 LIM .. JIE"}}
