[{"path":"build.gradle","fileType":"other","lines":[{"lineNumber":1,"author":{"gitId":"-"},"content":"plugins {","lastModifiedDate":"2020-05-25"},{"lineNumber":2,"author":{"gitId":"-"},"content":"    id \u0027java\u0027","lastModifiedDate":"2020-05-25"},{"lineNumber":3,"author":{"gitId":"-"},"content":"    id \u0027application\u0027","lastModifiedDate":"2020-05-25"},{"lineNumber":4,"author":{"gitId":"-"},"content":"    id \u0027checkstyle\u0027","lastModifiedDate":"2020-05-25"},{"lineNumber":5,"author":{"gitId":"-"},"content":"    id \u0027com.github.johnrengelman.shadow\u0027 version \u00275.1.0\u0027","lastModifiedDate":"2020-05-25"},{"lineNumber":6,"author":{"gitId":"-"},"content":"}","lastModifiedDate":"2020-05-25"},{"lineNumber":7,"author":{"gitId":"-"},"content":"","lastModifiedDate":"2020-05-25"},{"lineNumber":8,"author":{"gitId":"-"},"content":"repositories {","lastModifiedDate":"2020-05-25"},{"lineNumber":9,"author":{"gitId":"-"},"content":"    mavenCentral()","lastModifiedDate":"2020-05-25"},{"lineNumber":10,"author":{"gitId":"-"},"content":"}","lastModifiedDate":"2020-05-25"},{"lineNumber":11,"author":{"gitId":"-"},"content":"","lastModifiedDate":"2020-05-25"},{"lineNumber":12,"author":{"gitId":"-"},"content":"dependencies {","lastModifiedDate":"2020-05-25"},{"lineNumber":13,"author":{"gitId":"-"},"content":"    testImplementation group: \u0027org.junit.jupiter\u0027, name: \u0027junit-jupiter-api\u0027, version: \u00275.5.0\u0027","lastModifiedDate":"2020-05-25"},{"lineNumber":14,"author":{"gitId":"-"},"content":"    testRuntimeOnly group: \u0027org.junit.jupiter\u0027, name: \u0027junit-jupiter-engine\u0027, version: \u00275.5.0\u0027","lastModifiedDate":"2020-05-25"},{"lineNumber":15,"author":{"gitId":"owenl131"},"content":"    // https://mvnrepository.com/artifact/com.fasterxml.jackson.core/jackson-databind","lastModifiedDate":"2022-10-06"},{"lineNumber":16,"author":{"gitId":"owenl131"},"content":"    implementation group: \u0027com.fasterxml.jackson.core\u0027, name: \u0027jackson-databind\u0027, version: \u00272.14.0-rc1\u0027","lastModifiedDate":"2022-10-06"},{"lineNumber":17,"author":{"gitId":"-"},"content":"}","lastModifiedDate":"2020-05-25"},{"lineNumber":18,"author":{"gitId":"-"},"content":"","lastModifiedDate":"2020-05-25"},{"lineNumber":19,"author":{"gitId":"-"},"content":"test {","lastModifiedDate":"2020-05-25"},{"lineNumber":20,"author":{"gitId":"-"},"content":"    useJUnitPlatform()","lastModifiedDate":"2020-05-25"},{"lineNumber":21,"author":{"gitId":"-"},"content":"","lastModifiedDate":"2020-05-25"},{"lineNumber":22,"author":{"gitId":"-"},"content":"    testLogging {","lastModifiedDate":"2020-05-25"},{"lineNumber":23,"author":{"gitId":"-"},"content":"        events \"passed\", \"skipped\", \"failed\"","lastModifiedDate":"2020-05-25"},{"lineNumber":24,"author":{"gitId":"-"},"content":"","lastModifiedDate":"2020-05-25"},{"lineNumber":25,"author":{"gitId":"-"},"content":"        showExceptions true","lastModifiedDate":"2020-05-25"},{"lineNumber":26,"author":{"gitId":"-"},"content":"        exceptionFormat \"full\"","lastModifiedDate":"2020-05-25"},{"lineNumber":27,"author":{"gitId":"-"},"content":"        showCauses true","lastModifiedDate":"2020-05-25"},{"lineNumber":28,"author":{"gitId":"-"},"content":"        showStackTraces true","lastModifiedDate":"2020-05-25"},{"lineNumber":29,"author":{"gitId":"-"},"content":"        showStandardStreams \u003d false","lastModifiedDate":"2020-05-25"},{"lineNumber":30,"author":{"gitId":"-"},"content":"    }","lastModifiedDate":"2020-05-25"},{"lineNumber":31,"author":{"gitId":"-"},"content":"}","lastModifiedDate":"2020-05-25"},{"lineNumber":32,"author":{"gitId":"-"},"content":"","lastModifiedDate":"2020-05-25"},{"lineNumber":33,"author":{"gitId":"-"},"content":"application {","lastModifiedDate":"2020-05-25"},{"lineNumber":34,"author":{"gitId":"-"},"content":"    mainClassName \u003d \"seedu.duke.Duke\"","lastModifiedDate":"2020-05-25"},{"lineNumber":35,"author":{"gitId":"-"},"content":"}","lastModifiedDate":"2020-05-25"},{"lineNumber":36,"author":{"gitId":"-"},"content":"","lastModifiedDate":"2020-05-25"},{"lineNumber":37,"author":{"gitId":"-"},"content":"shadowJar {","lastModifiedDate":"2020-05-25"},{"lineNumber":38,"author":{"gitId":"-"},"content":"    archiveBaseName \u003d \"duke\"","lastModifiedDate":"2020-05-25"},{"lineNumber":39,"author":{"gitId":"-"},"content":"    archiveClassifier \u003d null","lastModifiedDate":"2020-05-25"},{"lineNumber":40,"author":{"gitId":"-"},"content":"}","lastModifiedDate":"2020-05-25"},{"lineNumber":41,"author":{"gitId":"-"},"content":"","lastModifiedDate":"2020-05-25"},{"lineNumber":42,"author":{"gitId":"-"},"content":"checkstyle {","lastModifiedDate":"2020-05-25"},{"lineNumber":43,"author":{"gitId":"-"},"content":"    toolVersion \u003d \u00278.23\u0027","lastModifiedDate":"2020-05-25"},{"lineNumber":44,"author":{"gitId":"-"},"content":"}","lastModifiedDate":"2020-05-25"},{"lineNumber":45,"author":{"gitId":"-"},"content":"","lastModifiedDate":"2020-05-25"},{"lineNumber":46,"author":{"gitId":"-"},"content":"run{","lastModifiedDate":"2020-05-25"},{"lineNumber":47,"author":{"gitId":"-"},"content":"    standardInput \u003d System.in","lastModifiedDate":"2020-05-25"},{"lineNumber":48,"author":{"gitId":"-"},"content":"}","lastModifiedDate":"2020-05-25"}],"authorContributionMap":{"owenl131":2,"-":46}},{"path":"docs/AboutUs.md","fileType":"docs","lines":[{"lineNumber":1,"author":{"gitId":"-"},"content":"# About us","lastModifiedDate":"2020-05-24"},{"lineNumber":2,"author":{"gitId":"-"},"content":"","lastModifiedDate":"2020-05-24"},{"lineNumber":3,"author":{"gitId":"-"},"content":"Display |     Name     |             Github Profile              | Portfolio ","lastModifiedDate":"2020-05-24"},{"lineNumber":4,"author":{"gitId":"CheahHaoYi"},"content":"--------|:------------:|:---------------------------------------:|:---------:","lastModifiedDate":"2022-09-30"},{"lineNumber":5,"author":{"gitId":"kohnh"},"content":"![](https://via.placeholder.com/100.png?text\u003dPhoto) |   Koh Ngiap Hin   |      [Github](https://github.com/)      | [Portfolio](docs/team/johndoe.md)","lastModifiedDate":"2022-09-30"},{"lineNumber":6,"author":{"gitId":"deenliong"},"content":"![](https://via.placeholder.com/100.png?text\u003dPhoto) |  Deen Liong       |      [Github](https://github.com/)      | [Portfolio](docs/team/johndoe.md)","lastModifiedDate":"2022-09-30"},{"lineNumber":7,"author":{"gitId":"-"},"content":"![](https://via.placeholder.com/100.png?text\u003dPhoto) |   Ron John        |      [Github](https://github.com/)      | [Portfolio](docs/team/johndoe.md)","lastModifiedDate":"2020-05-24"},{"lineNumber":8,"author":{"gitId":"CheahHaoYi"},"content":"![](https://via.placeholder.com/100.png?text\u003dPhoto) | Cheah Hao Yi      | [Github](https://github.com/CheahHaoYi) | [Portfolio](docs/team/johndoe.md)","lastModifiedDate":"2022-09-30"},{"lineNumber":9,"author":{"gitId":"owenl131"},"content":"![](https://via.placeholder.com/100.png?text\u003dPhoto) |  Owen Leong       |      [Github](https://github.com/)      | [Portfolio](docs/team/johndoe.md)","lastModifiedDate":"2022-09-30"},{"lineNumber":10,"author":{"gitId":"kohnh"},"content":"","lastModifiedDate":"2022-09-30"}],"authorContributionMap":{"owenl131":1,"CheahHaoYi":2,"kohnh":2,"-":4,"deenliong":1}},{"path":"src/main/java/seedu/duke/command/AddModuleCommand.java","fileType":"functional-code","lines":[{"lineNumber":1,"author":{"gitId":"kohnh"},"content":"package seedu.duke.command;","lastModifiedDate":"2022-10-07"},{"lineNumber":2,"author":{"gitId":"kohnh"},"content":"","lastModifiedDate":"2022-10-07"},{"lineNumber":3,"author":{"gitId":"kohnh"},"content":"import seedu.duke.utils.State;","lastModifiedDate":"2022-10-07"},{"lineNumber":4,"author":{"gitId":"kohnh"},"content":"import seedu.duke.utils.Storage;","lastModifiedDate":"2022-10-07"},{"lineNumber":5,"author":{"gitId":"kohnh"},"content":"import seedu.duke.utils.Ui;","lastModifiedDate":"2022-10-07"},{"lineNumber":6,"author":{"gitId":"kohnh"},"content":"","lastModifiedDate":"2022-10-07"},{"lineNumber":7,"author":{"gitId":"kohnh"},"content":"public class AddModuleCommand extends Command {","lastModifiedDate":"2022-10-07"},{"lineNumber":8,"author":{"gitId":"kohnh"},"content":"    @Override","lastModifiedDate":"2022-10-07"},{"lineNumber":9,"author":{"gitId":"kohnh"},"content":"    public void execute(State state, Ui ui, Storage storage) {","lastModifiedDate":"2022-10-07"},{"lineNumber":10,"author":{"gitId":"kohnh"},"content":"","lastModifiedDate":"2022-10-07"},{"lineNumber":11,"author":{"gitId":"kohnh"},"content":"    }","lastModifiedDate":"2022-10-07"},{"lineNumber":12,"author":{"gitId":"kohnh"},"content":"}","lastModifiedDate":"2022-10-07"}],"authorContributionMap":{"kohnh":12}},{"path":"src/main/java/seedu/duke/command/Command.java","fileType":"functional-code","lines":[{"lineNumber":1,"author":{"gitId":"owenl131"},"content":"package seedu.duke.command;","lastModifiedDate":"2022-10-05"},{"lineNumber":2,"author":{"gitId":"owenl131"},"content":"","lastModifiedDate":"2022-10-05"},{"lineNumber":3,"author":{"gitId":"owenl131"},"content":"import seedu.duke.utils.State;","lastModifiedDate":"2022-10-05"},{"lineNumber":4,"author":{"gitId":"owenl131"},"content":"import seedu.duke.utils.Storage;","lastModifiedDate":"2022-10-05"},{"lineNumber":5,"author":{"gitId":"owenl131"},"content":"import seedu.duke.utils.Ui;","lastModifiedDate":"2022-10-05"},{"lineNumber":6,"author":{"gitId":"owenl131"},"content":"","lastModifiedDate":"2022-10-05"},{"lineNumber":7,"author":{"gitId":"owenl131"},"content":"public abstract class Command {","lastModifiedDate":"2022-10-05"},{"lineNumber":8,"author":{"gitId":"owenl131"},"content":"","lastModifiedDate":"2022-10-05"},{"lineNumber":9,"author":{"gitId":"owenl131"},"content":"    public abstract void execute(State state, Ui ui, Storage storage);","lastModifiedDate":"2022-10-05"},{"lineNumber":10,"author":{"gitId":"owenl131"},"content":"}","lastModifiedDate":"2022-10-05"}],"authorContributionMap":{"owenl131":10}},{"path":"src/main/java/seedu/duke/command/DeleteModuleCommand.java","fileType":"functional-code","lines":[{"lineNumber":1,"author":{"gitId":"kohnh"},"content":"package seedu.duke.command;","lastModifiedDate":"2022-10-07"},{"lineNumber":2,"author":{"gitId":"kohnh"},"content":"","lastModifiedDate":"2022-10-07"},{"lineNumber":3,"author":{"gitId":"kohnh"},"content":"import seedu.duke.utils.State;","lastModifiedDate":"2022-10-07"},{"lineNumber":4,"author":{"gitId":"kohnh"},"content":"import seedu.duke.utils.Storage;","lastModifiedDate":"2022-10-07"},{"lineNumber":5,"author":{"gitId":"kohnh"},"content":"import seedu.duke.utils.Ui;","lastModifiedDate":"2022-10-07"},{"lineNumber":6,"author":{"gitId":"kohnh"},"content":"","lastModifiedDate":"2022-10-07"},{"lineNumber":7,"author":{"gitId":"kohnh"},"content":"public class DeleteModuleCommand extends Command {","lastModifiedDate":"2022-10-07"},{"lineNumber":8,"author":{"gitId":"kohnh"},"content":"    @Override","lastModifiedDate":"2022-10-07"},{"lineNumber":9,"author":{"gitId":"kohnh"},"content":"    public void execute(State state, Ui ui, Storage storage) {","lastModifiedDate":"2022-10-07"},{"lineNumber":10,"author":{"gitId":"kohnh"},"content":"","lastModifiedDate":"2022-10-07"},{"lineNumber":11,"author":{"gitId":"kohnh"},"content":"    }","lastModifiedDate":"2022-10-07"},{"lineNumber":12,"author":{"gitId":"kohnh"},"content":"}","lastModifiedDate":"2022-10-07"}],"authorContributionMap":{"kohnh":12}},{"path":"src/main/java/seedu/duke/command/HelpCommand.java","fileType":"functional-code","lines":[{"lineNumber":1,"author":{"gitId":"kohnh"},"content":"package seedu.duke.command;","lastModifiedDate":"2022-10-07"},{"lineNumber":2,"author":{"gitId":"kohnh"},"content":"","lastModifiedDate":"2022-10-07"},{"lineNumber":3,"author":{"gitId":"kohnh"},"content":"import seedu.duke.utils.State;","lastModifiedDate":"2022-10-07"},{"lineNumber":4,"author":{"gitId":"kohnh"},"content":"import seedu.duke.utils.Storage;","lastModifiedDate":"2022-10-07"},{"lineNumber":5,"author":{"gitId":"kohnh"},"content":"import seedu.duke.utils.Ui;","lastModifiedDate":"2022-10-07"},{"lineNumber":6,"author":{"gitId":"kohnh"},"content":"","lastModifiedDate":"2022-10-07"},{"lineNumber":7,"author":{"gitId":"kohnh"},"content":"public class HelpCommand extends Command {","lastModifiedDate":"2022-10-07"},{"lineNumber":8,"author":{"gitId":"kohnh"},"content":"    @Override","lastModifiedDate":"2022-10-07"},{"lineNumber":9,"author":{"gitId":"kohnh"},"content":"    public void execute(State state, Ui ui, Storage storage) {","lastModifiedDate":"2022-10-07"},{"lineNumber":10,"author":{"gitId":"kohnh"},"content":"","lastModifiedDate":"2022-10-07"},{"lineNumber":11,"author":{"gitId":"kohnh"},"content":"    }","lastModifiedDate":"2022-10-07"},{"lineNumber":12,"author":{"gitId":"kohnh"},"content":"}","lastModifiedDate":"2022-10-07"}],"authorContributionMap":{"kohnh":12}},{"path":"src/main/java/seedu/duke/command/SearchModulesCommand.java","fileType":"functional-code","lines":[{"lineNumber":1,"author":{"gitId":"kohnh"},"content":"package seedu.duke.command;","lastModifiedDate":"2022-10-07"},{"lineNumber":2,"author":{"gitId":"kohnh"},"content":"","lastModifiedDate":"2022-10-07"},{"lineNumber":3,"author":{"gitId":"kohnh"},"content":"import seedu.duke.utils.State;","lastModifiedDate":"2022-10-07"},{"lineNumber":4,"author":{"gitId":"kohnh"},"content":"import seedu.duke.utils.Storage;","lastModifiedDate":"2022-10-07"},{"lineNumber":5,"author":{"gitId":"kohnh"},"content":"import seedu.duke.utils.Ui;","lastModifiedDate":"2022-10-07"},{"lineNumber":6,"author":{"gitId":"kohnh"},"content":"","lastModifiedDate":"2022-10-07"},{"lineNumber":7,"author":{"gitId":"kohnh"},"content":"public class SearchModulesCommand extends Command {","lastModifiedDate":"2022-10-07"},{"lineNumber":8,"author":{"gitId":"kohnh"},"content":"    @Override","lastModifiedDate":"2022-10-07"},{"lineNumber":9,"author":{"gitId":"kohnh"},"content":"    public void execute(State state, Ui ui, Storage storage) {","lastModifiedDate":"2022-10-07"},{"lineNumber":10,"author":{"gitId":"kohnh"},"content":"","lastModifiedDate":"2022-10-07"},{"lineNumber":11,"author":{"gitId":"kohnh"},"content":"    }","lastModifiedDate":"2022-10-07"},{"lineNumber":12,"author":{"gitId":"kohnh"},"content":"}","lastModifiedDate":"2022-10-07"}],"authorContributionMap":{"kohnh":12}},{"path":"src/main/java/seedu/duke/command/UnknownCommand.java","fileType":"functional-code","lines":[{"lineNumber":1,"author":{"gitId":"kohnh"},"content":"package seedu.duke.command;","lastModifiedDate":"2022-10-07"},{"lineNumber":2,"author":{"gitId":"kohnh"},"content":"","lastModifiedDate":"2022-10-07"},{"lineNumber":3,"author":{"gitId":"kohnh"},"content":"import seedu.duke.utils.State;","lastModifiedDate":"2022-10-07"},{"lineNumber":4,"author":{"gitId":"kohnh"},"content":"import seedu.duke.utils.Storage;","lastModifiedDate":"2022-10-07"},{"lineNumber":5,"author":{"gitId":"kohnh"},"content":"import seedu.duke.utils.Ui;","lastModifiedDate":"2022-10-07"},{"lineNumber":6,"author":{"gitId":"kohnh"},"content":"","lastModifiedDate":"2022-10-07"},{"lineNumber":7,"author":{"gitId":"kohnh"},"content":"public class UnknownCommand extends Command {","lastModifiedDate":"2022-10-07"},{"lineNumber":8,"author":{"gitId":"kohnh"},"content":"    @Override","lastModifiedDate":"2022-10-07"},{"lineNumber":9,"author":{"gitId":"kohnh"},"content":"    public void execute(State state, Ui ui, Storage storage) {","lastModifiedDate":"2022-10-07"},{"lineNumber":10,"author":{"gitId":"kohnh"},"content":"","lastModifiedDate":"2022-10-07"},{"lineNumber":11,"author":{"gitId":"kohnh"},"content":"    }","lastModifiedDate":"2022-10-07"},{"lineNumber":12,"author":{"gitId":"kohnh"},"content":"}","lastModifiedDate":"2022-10-07"}],"authorContributionMap":{"kohnh":12}},{"path":"src/main/java/seedu/duke/command/ViewTimetableCommand.java","fileType":"functional-code","lines":[{"lineNumber":1,"author":{"gitId":"kohnh"},"content":"package seedu.duke.command;","lastModifiedDate":"2022-10-07"},{"lineNumber":2,"author":{"gitId":"kohnh"},"content":"","lastModifiedDate":"2022-10-07"},{"lineNumber":3,"author":{"gitId":"kohnh"},"content":"import seedu.duke.utils.State;","lastModifiedDate":"2022-10-07"},{"lineNumber":4,"author":{"gitId":"kohnh"},"content":"import seedu.duke.utils.Storage;","lastModifiedDate":"2022-10-07"},{"lineNumber":5,"author":{"gitId":"kohnh"},"content":"import seedu.duke.utils.Ui;","lastModifiedDate":"2022-10-07"},{"lineNumber":6,"author":{"gitId":"kohnh"},"content":"","lastModifiedDate":"2022-10-07"},{"lineNumber":7,"author":{"gitId":"kohnh"},"content":"public class ViewTimetableCommand extends Command {","lastModifiedDate":"2022-10-07"},{"lineNumber":8,"author":{"gitId":"kohnh"},"content":"    @Override","lastModifiedDate":"2022-10-07"},{"lineNumber":9,"author":{"gitId":"kohnh"},"content":"    public void execute(State state, Ui ui, Storage storage) {","lastModifiedDate":"2022-10-07"},{"lineNumber":10,"author":{"gitId":"kohnh"},"content":"","lastModifiedDate":"2022-10-07"},{"lineNumber":11,"author":{"gitId":"kohnh"},"content":"    }","lastModifiedDate":"2022-10-07"},{"lineNumber":12,"author":{"gitId":"kohnh"},"content":"}","lastModifiedDate":"2022-10-07"}],"authorContributionMap":{"kohnh":12}},{"path":"src/main/java/seedu/duke/model/Day.java","fileType":"functional-code","lines":[{"lineNumber":1,"author":{"gitId":"owenl131"},"content":"package seedu.duke.model;","lastModifiedDate":"2022-10-06"},{"lineNumber":2,"author":{"gitId":"owenl131"},"content":"","lastModifiedDate":"2022-10-06"},{"lineNumber":3,"author":{"gitId":"owenl131"},"content":"public enum Day {","lastModifiedDate":"2022-10-06"},{"lineNumber":4,"author":{"gitId":"owenl131"},"content":"    Monday,","lastModifiedDate":"2022-10-06"},{"lineNumber":5,"author":{"gitId":"owenl131"},"content":"    Tuesday,","lastModifiedDate":"2022-10-06"},{"lineNumber":6,"author":{"gitId":"owenl131"},"content":"    Wednesday,","lastModifiedDate":"2022-10-06"},{"lineNumber":7,"author":{"gitId":"owenl131"},"content":"    Thursday,","lastModifiedDate":"2022-10-06"},{"lineNumber":8,"author":{"gitId":"owenl131"},"content":"    Friday,","lastModifiedDate":"2022-10-06"},{"lineNumber":9,"author":{"gitId":"owenl131"},"content":"    Saturday,","lastModifiedDate":"2022-10-06"},{"lineNumber":10,"author":{"gitId":"owenl131"},"content":"    Sunday","lastModifiedDate":"2022-10-06"},{"lineNumber":11,"author":{"gitId":"owenl131"},"content":"}","lastModifiedDate":"2022-10-06"}],"authorContributionMap":{"owenl131":11}},{"path":"src/main/java/seedu/duke/model/Module.java","fileType":"functional-code","lines":[{"lineNumber":1,"author":{"gitId":"owenl131"},"content":"package seedu.duke.model;","lastModifiedDate":"2022-10-05"},{"lineNumber":2,"author":{"gitId":"owenl131"},"content":"","lastModifiedDate":"2022-10-05"},{"lineNumber":3,"author":{"gitId":"owenl131"},"content":"import java.util.HashMap;","lastModifiedDate":"2022-10-06"},{"lineNumber":4,"author":{"gitId":"owenl131"},"content":"import java.util.List;","lastModifiedDate":"2022-10-06"},{"lineNumber":5,"author":{"gitId":"owenl131"},"content":"import java.util.Map;","lastModifiedDate":"2022-10-06"},{"lineNumber":6,"author":{"gitId":"owenl131"},"content":"","lastModifiedDate":"2022-10-06"},{"lineNumber":7,"author":{"gitId":"owenl131"},"content":"public class Module {","lastModifiedDate":"2022-10-05"},{"lineNumber":8,"author":{"gitId":"owenl131"},"content":"","lastModifiedDate":"2022-10-05"},{"lineNumber":9,"author":{"gitId":"owenl131"},"content":"    public final String acadYear;","lastModifiedDate":"2022-10-06"},{"lineNumber":10,"author":{"gitId":"owenl131"},"content":"    public final String moduleCode;","lastModifiedDate":"2022-10-06"},{"lineNumber":11,"author":{"gitId":"owenl131"},"content":"    public final String title;","lastModifiedDate":"2022-10-06"},{"lineNumber":12,"author":{"gitId":"owenl131"},"content":"    public final String description;","lastModifiedDate":"2022-10-06"},{"lineNumber":13,"author":{"gitId":"owenl131"},"content":"    public final int moduleCredit;","lastModifiedDate":"2022-10-06"},{"lineNumber":14,"author":{"gitId":"owenl131"},"content":"    public final String department;","lastModifiedDate":"2022-10-06"},{"lineNumber":15,"author":{"gitId":"owenl131"},"content":"    public final String faculty;","lastModifiedDate":"2022-10-06"},{"lineNumber":16,"author":{"gitId":"owenl131"},"content":"    public final List\u003cInteger\u003e workload;","lastModifiedDate":"2022-10-06"},{"lineNumber":17,"author":{"gitId":"owenl131"},"content":"    public final List\u003cSemesterData\u003e semesterData;","lastModifiedDate":"2022-10-06"},{"lineNumber":18,"author":{"gitId":"owenl131"},"content":"    public final String prerequisite;","lastModifiedDate":"2022-10-06"},{"lineNumber":19,"author":{"gitId":"owenl131"},"content":"    public final String corequisite;","lastModifiedDate":"2022-10-06"},{"lineNumber":20,"author":{"gitId":"owenl131"},"content":"    public final String preclusion;","lastModifiedDate":"2022-10-06"},{"lineNumber":21,"author":{"gitId":"owenl131"},"content":"","lastModifiedDate":"2022-10-06"},{"lineNumber":22,"author":{"gitId":"owenl131"},"content":"    private static List\u003cModule\u003e moduleList;","lastModifiedDate":"2022-10-06"},{"lineNumber":23,"author":{"gitId":"owenl131"},"content":"    private static Map\u003cString, Module\u003e modulesByCode;","lastModifiedDate":"2022-10-06"},{"lineNumber":24,"author":{"gitId":"owenl131"},"content":"","lastModifiedDate":"2022-10-06"},{"lineNumber":25,"author":{"gitId":"owenl131"},"content":"    public static List\u003cModule\u003e getAll() {","lastModifiedDate":"2022-10-06"},{"lineNumber":26,"author":{"gitId":"owenl131"},"content":"        if (moduleList \u003d\u003d null) {","lastModifiedDate":"2022-10-06"},{"lineNumber":27,"author":{"gitId":"owenl131"},"content":"            moduleList \u003d ModuleLoader.loadModules();","lastModifiedDate":"2022-10-06"},{"lineNumber":28,"author":{"gitId":"owenl131"},"content":"            modulesByCode \u003d new HashMap\u003c\u003e();","lastModifiedDate":"2022-10-06"},{"lineNumber":29,"author":{"gitId":"owenl131"},"content":"            for (Module m : moduleList) {","lastModifiedDate":"2022-10-06"},{"lineNumber":30,"author":{"gitId":"owenl131"},"content":"                modulesByCode.put(m.moduleCode, m);","lastModifiedDate":"2022-10-06"},{"lineNumber":31,"author":{"gitId":"owenl131"},"content":"            }","lastModifiedDate":"2022-10-06"},{"lineNumber":32,"author":{"gitId":"owenl131"},"content":"        }","lastModifiedDate":"2022-10-06"},{"lineNumber":33,"author":{"gitId":"owenl131"},"content":"        return moduleList;","lastModifiedDate":"2022-10-06"},{"lineNumber":34,"author":{"gitId":"owenl131"},"content":"    }","lastModifiedDate":"2022-10-06"},{"lineNumber":35,"author":{"gitId":"owenl131"},"content":"","lastModifiedDate":"2022-10-06"},{"lineNumber":36,"author":{"gitId":"owenl131"},"content":"    public static Module get(String moduleCode) {","lastModifiedDate":"2022-10-06"},{"lineNumber":37,"author":{"gitId":"owenl131"},"content":"        if (modulesByCode \u003d\u003d null) {","lastModifiedDate":"2022-10-06"},{"lineNumber":38,"author":{"gitId":"owenl131"},"content":"            getAll();","lastModifiedDate":"2022-10-06"},{"lineNumber":39,"author":{"gitId":"owenl131"},"content":"        }","lastModifiedDate":"2022-10-06"},{"lineNumber":40,"author":{"gitId":"owenl131"},"content":"        return modulesByCode.get(moduleCode);","lastModifiedDate":"2022-10-06"},{"lineNumber":41,"author":{"gitId":"owenl131"},"content":"    }","lastModifiedDate":"2022-10-06"},{"lineNumber":42,"author":{"gitId":"owenl131"},"content":"","lastModifiedDate":"2022-10-06"},{"lineNumber":43,"author":{"gitId":"owenl131"},"content":"    Module(String acadYear,","lastModifiedDate":"2022-10-06"},{"lineNumber":44,"author":{"gitId":"owenl131"},"content":"            String moduleCode,","lastModifiedDate":"2022-10-06"},{"lineNumber":45,"author":{"gitId":"owenl131"},"content":"            String title,","lastModifiedDate":"2022-10-06"},{"lineNumber":46,"author":{"gitId":"owenl131"},"content":"            String description,","lastModifiedDate":"2022-10-06"},{"lineNumber":47,"author":{"gitId":"owenl131"},"content":"            int moduleCredit,","lastModifiedDate":"2022-10-06"},{"lineNumber":48,"author":{"gitId":"owenl131"},"content":"            String department,","lastModifiedDate":"2022-10-06"},{"lineNumber":49,"author":{"gitId":"owenl131"},"content":"            String faculty,","lastModifiedDate":"2022-10-06"},{"lineNumber":50,"author":{"gitId":"owenl131"},"content":"            List\u003cInteger\u003e workload,","lastModifiedDate":"2022-10-06"},{"lineNumber":51,"author":{"gitId":"owenl131"},"content":"            List\u003cSemesterData\u003e semesterData,","lastModifiedDate":"2022-10-06"},{"lineNumber":52,"author":{"gitId":"owenl131"},"content":"            String prerequisite,","lastModifiedDate":"2022-10-06"},{"lineNumber":53,"author":{"gitId":"owenl131"},"content":"            String corequisite,","lastModifiedDate":"2022-10-06"},{"lineNumber":54,"author":{"gitId":"owenl131"},"content":"            String preclusion) {","lastModifiedDate":"2022-10-06"},{"lineNumber":55,"author":{"gitId":"owenl131"},"content":"        this.acadYear \u003d acadYear;","lastModifiedDate":"2022-10-06"},{"lineNumber":56,"author":{"gitId":"owenl131"},"content":"        this.moduleCode \u003d moduleCode;","lastModifiedDate":"2022-10-06"},{"lineNumber":57,"author":{"gitId":"owenl131"},"content":"        this.title \u003d title;","lastModifiedDate":"2022-10-06"},{"lineNumber":58,"author":{"gitId":"owenl131"},"content":"        this.description \u003d description;","lastModifiedDate":"2022-10-06"},{"lineNumber":59,"author":{"gitId":"owenl131"},"content":"        this.moduleCredit \u003d moduleCredit;","lastModifiedDate":"2022-10-06"},{"lineNumber":60,"author":{"gitId":"owenl131"},"content":"        this.department \u003d department;","lastModifiedDate":"2022-10-06"},{"lineNumber":61,"author":{"gitId":"owenl131"},"content":"        this.faculty \u003d faculty;","lastModifiedDate":"2022-10-06"},{"lineNumber":62,"author":{"gitId":"owenl131"},"content":"        this.workload \u003d workload;","lastModifiedDate":"2022-10-06"},{"lineNumber":63,"author":{"gitId":"owenl131"},"content":"        this.semesterData \u003d semesterData;","lastModifiedDate":"2022-10-06"},{"lineNumber":64,"author":{"gitId":"owenl131"},"content":"        this.prerequisite \u003d prerequisite;","lastModifiedDate":"2022-10-06"},{"lineNumber":65,"author":{"gitId":"owenl131"},"content":"        this.corequisite \u003d corequisite;","lastModifiedDate":"2022-10-06"},{"lineNumber":66,"author":{"gitId":"owenl131"},"content":"        this.preclusion \u003d preclusion;","lastModifiedDate":"2022-10-06"},{"lineNumber":67,"author":{"gitId":"owenl131"},"content":"    }","lastModifiedDate":"2022-10-06"},{"lineNumber":68,"author":{"gitId":"owenl131"},"content":"","lastModifiedDate":"2022-10-06"},{"lineNumber":69,"author":{"gitId":"owenl131"},"content":"    public SemesterData getSemesterData(int semester) {","lastModifiedDate":"2022-10-06"},{"lineNumber":70,"author":{"gitId":"owenl131"},"content":"        for (SemesterData s : semesterData) {","lastModifiedDate":"2022-10-06"},{"lineNumber":71,"author":{"gitId":"owenl131"},"content":"            if (s.semester \u003d\u003d semester) {","lastModifiedDate":"2022-10-06"},{"lineNumber":72,"author":{"gitId":"owenl131"},"content":"                return s;","lastModifiedDate":"2022-10-06"},{"lineNumber":73,"author":{"gitId":"owenl131"},"content":"            }","lastModifiedDate":"2022-10-06"},{"lineNumber":74,"author":{"gitId":"owenl131"},"content":"        }","lastModifiedDate":"2022-10-06"},{"lineNumber":75,"author":{"gitId":"owenl131"},"content":"        return null;","lastModifiedDate":"2022-10-06"},{"lineNumber":76,"author":{"gitId":"owenl131"},"content":"    }","lastModifiedDate":"2022-10-06"},{"lineNumber":77,"author":{"gitId":"owenl131"},"content":"}","lastModifiedDate":"2022-10-05"}],"authorContributionMap":{"owenl131":77}},{"path":"src/main/java/seedu/duke/model/ModuleLoader.java","fileType":"functional-code","lines":[{"lineNumber":1,"author":{"gitId":"owenl131"},"content":"package seedu.duke.model;","lastModifiedDate":"2022-10-06"},{"lineNumber":2,"author":{"gitId":"owenl131"},"content":"","lastModifiedDate":"2022-10-06"},{"lineNumber":3,"author":{"gitId":"owenl131"},"content":"import java.io.InputStream;","lastModifiedDate":"2022-10-06"},{"lineNumber":4,"author":{"gitId":"owenl131"},"content":"import java.util.ArrayList;","lastModifiedDate":"2022-10-06"},{"lineNumber":5,"author":{"gitId":"owenl131"},"content":"import java.util.Collections;","lastModifiedDate":"2022-10-06"},{"lineNumber":6,"author":{"gitId":"owenl131"},"content":"import java.util.Iterator;","lastModifiedDate":"2022-10-06"},{"lineNumber":7,"author":{"gitId":"owenl131"},"content":"import java.util.List;","lastModifiedDate":"2022-10-06"},{"lineNumber":8,"author":{"gitId":"owenl131"},"content":"import java.util.Optional;","lastModifiedDate":"2022-10-06"},{"lineNumber":9,"author":{"gitId":"owenl131"},"content":"import java.util.stream.Collectors;","lastModifiedDate":"2022-10-06"},{"lineNumber":10,"author":{"gitId":"owenl131"},"content":"import java.util.stream.Stream;","lastModifiedDate":"2022-10-06"},{"lineNumber":11,"author":{"gitId":"owenl131"},"content":"import java.util.stream.StreamSupport;","lastModifiedDate":"2022-10-06"},{"lineNumber":12,"author":{"gitId":"owenl131"},"content":"import java.util.zip.ZipInputStream;","lastModifiedDate":"2022-10-06"},{"lineNumber":13,"author":{"gitId":"owenl131"},"content":"","lastModifiedDate":"2022-10-06"},{"lineNumber":14,"author":{"gitId":"owenl131"},"content":"import com.fasterxml.jackson.databind.JsonNode;","lastModifiedDate":"2022-10-06"},{"lineNumber":15,"author":{"gitId":"owenl131"},"content":"import com.fasterxml.jackson.databind.ObjectMapper;","lastModifiedDate":"2022-10-06"},{"lineNumber":16,"author":{"gitId":"owenl131"},"content":"import com.fasterxml.jackson.databind.node.ArrayNode;","lastModifiedDate":"2022-10-06"},{"lineNumber":17,"author":{"gitId":"owenl131"},"content":"","lastModifiedDate":"2022-10-06"},{"lineNumber":18,"author":{"gitId":"owenl131"},"content":"public class ModuleLoader {","lastModifiedDate":"2022-10-06"},{"lineNumber":19,"author":{"gitId":"owenl131"},"content":"","lastModifiedDate":"2022-10-06"},{"lineNumber":20,"author":{"gitId":"owenl131"},"content":"    public static String getStringOrEmpty(JsonNode node, String key) {","lastModifiedDate":"2022-10-06"},{"lineNumber":21,"author":{"gitId":"owenl131"},"content":"        return Optional.\u003cJsonNode\u003eofNullable(node.get(key)).\u003cString\u003emap(JsonNode::asText).orElse(\"\");","lastModifiedDate":"2022-10-06"},{"lineNumber":22,"author":{"gitId":"owenl131"},"content":"    }","lastModifiedDate":"2022-10-06"},{"lineNumber":23,"author":{"gitId":"owenl131"},"content":"","lastModifiedDate":"2022-10-06"},{"lineNumber":24,"author":{"gitId":"owenl131"},"content":"    public static int getIntOrEmpty(JsonNode node, String key) {","lastModifiedDate":"2022-10-06"},{"lineNumber":25,"author":{"gitId":"owenl131"},"content":"        return Optional.\u003cJsonNode\u003eofNullable(node.get(key)).\u003cInteger\u003emap(JsonNode::asInt).orElse(0);","lastModifiedDate":"2022-10-06"},{"lineNumber":26,"author":{"gitId":"owenl131"},"content":"    }","lastModifiedDate":"2022-10-06"},{"lineNumber":27,"author":{"gitId":"owenl131"},"content":"","lastModifiedDate":"2022-10-06"},{"lineNumber":28,"author":{"gitId":"owenl131"},"content":"    public static \u003cT\u003e Stream\u003cT\u003e toStream(Iterator\u003cT\u003e iterator) {","lastModifiedDate":"2022-10-06"},{"lineNumber":29,"author":{"gitId":"owenl131"},"content":"        return StreamSupport.stream(((Iterable\u003cT\u003e) () -\u003e iterator).spliterator(), false);","lastModifiedDate":"2022-10-06"},{"lineNumber":30,"author":{"gitId":"owenl131"},"content":"    }","lastModifiedDate":"2022-10-06"},{"lineNumber":31,"author":{"gitId":"owenl131"},"content":"","lastModifiedDate":"2022-10-06"},{"lineNumber":32,"author":{"gitId":"owenl131"},"content":"    public static List\u003cInteger\u003e jsonNodeAsIntList(JsonNode array) {","lastModifiedDate":"2022-10-06"},{"lineNumber":33,"author":{"gitId":"owenl131"},"content":"        if (array \u003d\u003d null || !array.isArray()) {","lastModifiedDate":"2022-10-06"},{"lineNumber":34,"author":{"gitId":"owenl131"},"content":"            return List.of();","lastModifiedDate":"2022-10-06"},{"lineNumber":35,"author":{"gitId":"owenl131"},"content":"        }","lastModifiedDate":"2022-10-06"},{"lineNumber":36,"author":{"gitId":"owenl131"},"content":"        return toStream(((ArrayNode) array).elements())","lastModifiedDate":"2022-10-06"},{"lineNumber":37,"author":{"gitId":"owenl131"},"content":"                .map(JsonNode::asInt)","lastModifiedDate":"2022-10-06"},{"lineNumber":38,"author":{"gitId":"owenl131"},"content":"                .collect(Collectors.toList());","lastModifiedDate":"2022-10-06"},{"lineNumber":39,"author":{"gitId":"owenl131"},"content":"    }","lastModifiedDate":"2022-10-06"},{"lineNumber":40,"author":{"gitId":"owenl131"},"content":"","lastModifiedDate":"2022-10-06"},{"lineNumber":41,"author":{"gitId":"owenl131"},"content":"    public static RawLesson jsonNodeToRawLesson(JsonNode node) {","lastModifiedDate":"2022-10-06"},{"lineNumber":42,"author":{"gitId":"owenl131"},"content":"        return new RawLesson(node.get(\"classNo\").asText(),","lastModifiedDate":"2022-10-06"},{"lineNumber":43,"author":{"gitId":"owenl131"},"content":"                Day.valueOf(node.get(\"day\").asText()),","lastModifiedDate":"2022-10-06"},{"lineNumber":44,"author":{"gitId":"owenl131"},"content":"                node.get(\"endTime\").asText(),","lastModifiedDate":"2022-10-06"},{"lineNumber":45,"author":{"gitId":"owenl131"},"content":"                node.get(\"startTime\").asText(),","lastModifiedDate":"2022-10-06"},{"lineNumber":46,"author":{"gitId":"owenl131"},"content":"                node.get(\"lessonType\").asText(),","lastModifiedDate":"2022-10-06"},{"lineNumber":47,"author":{"gitId":"owenl131"},"content":"                node.get(\"venue\").asText(),","lastModifiedDate":"2022-10-06"},{"lineNumber":48,"author":{"gitId":"owenl131"},"content":"                jsonNodeAsIntList(node.get(\"weeks\")),","lastModifiedDate":"2022-10-06"},{"lineNumber":49,"author":{"gitId":"owenl131"},"content":"                node.get(\"size\").asInt());","lastModifiedDate":"2022-10-06"},{"lineNumber":50,"author":{"gitId":"owenl131"},"content":"    }","lastModifiedDate":"2022-10-06"},{"lineNumber":51,"author":{"gitId":"owenl131"},"content":"","lastModifiedDate":"2022-10-06"},{"lineNumber":52,"author":{"gitId":"owenl131"},"content":"    public static SemesterData jsonNodeToSemesterData(JsonNode node) {","lastModifiedDate":"2022-10-06"},{"lineNumber":53,"author":{"gitId":"owenl131"},"content":"        return new SemesterData(","lastModifiedDate":"2022-10-06"},{"lineNumber":54,"author":{"gitId":"owenl131"},"content":"                node.get(\"semester\").asInt(),","lastModifiedDate":"2022-10-06"},{"lineNumber":55,"author":{"gitId":"owenl131"},"content":"                toStream(((ArrayNode) node.get(\"timetable\")).elements())","lastModifiedDate":"2022-10-06"},{"lineNumber":56,"author":{"gitId":"owenl131"},"content":"                        .map(ModuleLoader::jsonNodeToRawLesson)","lastModifiedDate":"2022-10-06"},{"lineNumber":57,"author":{"gitId":"owenl131"},"content":"                        .collect(Collectors.toList()),","lastModifiedDate":"2022-10-06"},{"lineNumber":58,"author":{"gitId":"owenl131"},"content":"                getStringOrEmpty(node, \"examDate\"),","lastModifiedDate":"2022-10-06"},{"lineNumber":59,"author":{"gitId":"owenl131"},"content":"                getIntOrEmpty(node, \"examDuration\"));","lastModifiedDate":"2022-10-06"},{"lineNumber":60,"author":{"gitId":"owenl131"},"content":"    }","lastModifiedDate":"2022-10-06"},{"lineNumber":61,"author":{"gitId":"owenl131"},"content":"","lastModifiedDate":"2022-10-06"},{"lineNumber":62,"author":{"gitId":"owenl131"},"content":"    public static Module jsonNodeToModule(JsonNode node) {","lastModifiedDate":"2022-10-06"},{"lineNumber":63,"author":{"gitId":"owenl131"},"content":"        return new Module(","lastModifiedDate":"2022-10-06"},{"lineNumber":64,"author":{"gitId":"owenl131"},"content":"                node.get(\"acadYear\").asText(),","lastModifiedDate":"2022-10-06"},{"lineNumber":65,"author":{"gitId":"owenl131"},"content":"                node.get(\"moduleCode\").asText(),","lastModifiedDate":"2022-10-06"},{"lineNumber":66,"author":{"gitId":"owenl131"},"content":"                node.get(\"title\").asText(),","lastModifiedDate":"2022-10-06"},{"lineNumber":67,"author":{"gitId":"owenl131"},"content":"                node.get(\"description\").asText(),","lastModifiedDate":"2022-10-06"},{"lineNumber":68,"author":{"gitId":"owenl131"},"content":"                node.get(\"moduleCredit\").asInt(),","lastModifiedDate":"2022-10-06"},{"lineNumber":69,"author":{"gitId":"owenl131"},"content":"                node.get(\"department\").asText(),","lastModifiedDate":"2022-10-06"},{"lineNumber":70,"author":{"gitId":"owenl131"},"content":"                node.get(\"faculty\").asText(),","lastModifiedDate":"2022-10-06"},{"lineNumber":71,"author":{"gitId":"owenl131"},"content":"                jsonNodeAsIntList(node.get(\"workload\")),","lastModifiedDate":"2022-10-06"},{"lineNumber":72,"author":{"gitId":"owenl131"},"content":"                toStream(((ArrayNode) node.withArray(\"semesterData\")).elements())","lastModifiedDate":"2022-10-06"},{"lineNumber":73,"author":{"gitId":"owenl131"},"content":"                        .map(ModuleLoader::jsonNodeToSemesterData)","lastModifiedDate":"2022-10-06"},{"lineNumber":74,"author":{"gitId":"owenl131"},"content":"                        .collect(Collectors.toList()),","lastModifiedDate":"2022-10-06"},{"lineNumber":75,"author":{"gitId":"owenl131"},"content":"                getStringOrEmpty(node, \"prerequisite\"),","lastModifiedDate":"2022-10-06"},{"lineNumber":76,"author":{"gitId":"owenl131"},"content":"                getStringOrEmpty(node, \"corequisite\"),","lastModifiedDate":"2022-10-06"},{"lineNumber":77,"author":{"gitId":"owenl131"},"content":"                getStringOrEmpty(node, \"preclusion\"));","lastModifiedDate":"2022-10-06"},{"lineNumber":78,"author":{"gitId":"owenl131"},"content":"    }","lastModifiedDate":"2022-10-06"},{"lineNumber":79,"author":{"gitId":"owenl131"},"content":"","lastModifiedDate":"2022-10-06"},{"lineNumber":80,"author":{"gitId":"owenl131"},"content":"    public static List\u003cModule\u003e loadModules() {","lastModifiedDate":"2022-10-06"},{"lineNumber":81,"author":{"gitId":"owenl131"},"content":"        ArrayList\u003cModule\u003e modules \u003d new ArrayList\u003c\u003e();","lastModifiedDate":"2022-10-06"},{"lineNumber":82,"author":{"gitId":"owenl131"},"content":"        try {","lastModifiedDate":"2022-10-06"},{"lineNumber":83,"author":{"gitId":"owenl131"},"content":"            InputStream fullData \u003d ModuleLoader.class.getClassLoader()","lastModifiedDate":"2022-10-06"},{"lineNumber":84,"author":{"gitId":"owenl131"},"content":"                    .getResourceAsStream(\"moduleFull.zip\");","lastModifiedDate":"2022-10-06"},{"lineNumber":85,"author":{"gitId":"owenl131"},"content":"            ZipInputStream zis \u003d new ZipInputStream(fullData);","lastModifiedDate":"2022-10-06"},{"lineNumber":86,"author":{"gitId":"owenl131"},"content":"            zis.getNextEntry();","lastModifiedDate":"2022-10-06"},{"lineNumber":87,"author":{"gitId":"owenl131"},"content":"            ObjectMapper mapper \u003d new ObjectMapper();","lastModifiedDate":"2022-10-06"},{"lineNumber":88,"author":{"gitId":"owenl131"},"content":"            ArrayNode root \u003d (ArrayNode) mapper.readTree(zis);","lastModifiedDate":"2022-10-06"},{"lineNumber":89,"author":{"gitId":"owenl131"},"content":"            for (JsonNode node : root) {","lastModifiedDate":"2022-10-06"},{"lineNumber":90,"author":{"gitId":"owenl131"},"content":"                modules.add(jsonNodeToModule(node));","lastModifiedDate":"2022-10-06"},{"lineNumber":91,"author":{"gitId":"owenl131"},"content":"            }","lastModifiedDate":"2022-10-06"},{"lineNumber":92,"author":{"gitId":"owenl131"},"content":"            fullData.close();","lastModifiedDate":"2022-10-06"},{"lineNumber":93,"author":{"gitId":"owenl131"},"content":"        } catch (Exception e) {","lastModifiedDate":"2022-10-06"},{"lineNumber":94,"author":{"gitId":"owenl131"},"content":"            e.printStackTrace();","lastModifiedDate":"2022-10-06"},{"lineNumber":95,"author":{"gitId":"owenl131"},"content":"        }","lastModifiedDate":"2022-10-06"},{"lineNumber":96,"author":{"gitId":"owenl131"},"content":"        modules.sort((a, b) -\u003e a.moduleCode.compareTo(b.moduleCode));","lastModifiedDate":"2022-10-06"},{"lineNumber":97,"author":{"gitId":"owenl131"},"content":"        return Collections.unmodifiableList(modules);","lastModifiedDate":"2022-10-06"},{"lineNumber":98,"author":{"gitId":"owenl131"},"content":"    }","lastModifiedDate":"2022-10-06"},{"lineNumber":99,"author":{"gitId":"owenl131"},"content":"}","lastModifiedDate":"2022-10-06"}],"authorContributionMap":{"owenl131":99}},{"path":"src/main/java/seedu/duke/model/RawLesson.java","fileType":"functional-code","lines":[{"lineNumber":1,"author":{"gitId":"owenl131"},"content":"package seedu.duke.model;","lastModifiedDate":"2022-10-06"},{"lineNumber":2,"author":{"gitId":"owenl131"},"content":"","lastModifiedDate":"2022-10-06"},{"lineNumber":3,"author":{"gitId":"owenl131"},"content":"import java.util.List;","lastModifiedDate":"2022-10-06"},{"lineNumber":4,"author":{"gitId":"owenl131"},"content":"","lastModifiedDate":"2022-10-06"},{"lineNumber":5,"author":{"gitId":"owenl131"},"content":"public class RawLesson {","lastModifiedDate":"2022-10-06"},{"lineNumber":6,"author":{"gitId":"owenl131"},"content":"    public final String classNo;","lastModifiedDate":"2022-10-06"},{"lineNumber":7,"author":{"gitId":"owenl131"},"content":"    public final Day day;","lastModifiedDate":"2022-10-06"},{"lineNumber":8,"author":{"gitId":"owenl131"},"content":"    public final String endTime;","lastModifiedDate":"2022-10-06"},{"lineNumber":9,"author":{"gitId":"owenl131"},"content":"    public final String startTime;","lastModifiedDate":"2022-10-06"},{"lineNumber":10,"author":{"gitId":"owenl131"},"content":"    public final String lessonType;","lastModifiedDate":"2022-10-06"},{"lineNumber":11,"author":{"gitId":"owenl131"},"content":"    public final String venue;","lastModifiedDate":"2022-10-06"},{"lineNumber":12,"author":{"gitId":"owenl131"},"content":"    public final List\u003cInteger\u003e weeks;","lastModifiedDate":"2022-10-06"},{"lineNumber":13,"author":{"gitId":"owenl131"},"content":"    public final int size;","lastModifiedDate":"2022-10-06"},{"lineNumber":14,"author":{"gitId":"owenl131"},"content":"","lastModifiedDate":"2022-10-06"},{"lineNumber":15,"author":{"gitId":"owenl131"},"content":"    RawLesson(String classNo, Day day, String endTime, String startTime, String lessonType, String venue,","lastModifiedDate":"2022-10-06"},{"lineNumber":16,"author":{"gitId":"owenl131"},"content":"            List\u003cInteger\u003e weeks, int size) {","lastModifiedDate":"2022-10-06"},{"lineNumber":17,"author":{"gitId":"owenl131"},"content":"        this.classNo \u003d classNo;","lastModifiedDate":"2022-10-06"},{"lineNumber":18,"author":{"gitId":"owenl131"},"content":"        this.day \u003d day;","lastModifiedDate":"2022-10-06"},{"lineNumber":19,"author":{"gitId":"owenl131"},"content":"        this.endTime \u003d endTime;","lastModifiedDate":"2022-10-06"},{"lineNumber":20,"author":{"gitId":"owenl131"},"content":"        this.startTime \u003d startTime;","lastModifiedDate":"2022-10-06"},{"lineNumber":21,"author":{"gitId":"owenl131"},"content":"        this.lessonType \u003d lessonType;","lastModifiedDate":"2022-10-06"},{"lineNumber":22,"author":{"gitId":"owenl131"},"content":"        this.venue \u003d venue;","lastModifiedDate":"2022-10-06"},{"lineNumber":23,"author":{"gitId":"owenl131"},"content":"        this.weeks \u003d weeks;","lastModifiedDate":"2022-10-06"},{"lineNumber":24,"author":{"gitId":"owenl131"},"content":"        this.size \u003d size;","lastModifiedDate":"2022-10-06"},{"lineNumber":25,"author":{"gitId":"owenl131"},"content":"","lastModifiedDate":"2022-10-06"},{"lineNumber":26,"author":{"gitId":"owenl131"},"content":"    }","lastModifiedDate":"2022-10-06"},{"lineNumber":27,"author":{"gitId":"owenl131"},"content":"","lastModifiedDate":"2022-10-06"},{"lineNumber":28,"author":{"gitId":"owenl131"},"content":"}","lastModifiedDate":"2022-10-06"}],"authorContributionMap":{"owenl131":28}},{"path":"src/main/java/seedu/duke/model/SelectedModule.java","fileType":"functional-code","lines":[{"lineNumber":1,"author":{"gitId":"owenl131"},"content":"package seedu.duke.model;","lastModifiedDate":"2022-10-05"},{"lineNumber":2,"author":{"gitId":"owenl131"},"content":"","lastModifiedDate":"2022-10-05"},{"lineNumber":3,"author":{"gitId":"owenl131"},"content":"import java.util.HashSet;","lastModifiedDate":"2022-10-06"},{"lineNumber":4,"author":{"gitId":"owenl131"},"content":"import java.util.Set;","lastModifiedDate":"2022-10-06"},{"lineNumber":5,"author":{"gitId":"owenl131"},"content":"","lastModifiedDate":"2022-10-06"},{"lineNumber":6,"author":{"gitId":"owenl131"},"content":"public class SelectedModule {","lastModifiedDate":"2022-10-06"},{"lineNumber":7,"author":{"gitId":"owenl131"},"content":"","lastModifiedDate":"2022-10-06"},{"lineNumber":8,"author":{"gitId":"owenl131"},"content":"    private final Module module;","lastModifiedDate":"2022-10-06"},{"lineNumber":9,"author":{"gitId":"owenl131"},"content":"    private Set\u003cString\u003e selectedSlots;","lastModifiedDate":"2022-10-06"},{"lineNumber":10,"author":{"gitId":"owenl131"},"content":"","lastModifiedDate":"2022-10-06"},{"lineNumber":11,"author":{"gitId":"owenl131"},"content":"    public SelectedModule(Module module) {","lastModifiedDate":"2022-10-06"},{"lineNumber":12,"author":{"gitId":"owenl131"},"content":"        this.module \u003d module;","lastModifiedDate":"2022-10-06"},{"lineNumber":13,"author":{"gitId":"owenl131"},"content":"        this.selectedSlots \u003d new HashSet\u003c\u003e();","lastModifiedDate":"2022-10-06"},{"lineNumber":14,"author":{"gitId":"owenl131"},"content":"    }","lastModifiedDate":"2022-10-06"},{"lineNumber":15,"author":{"gitId":"owenl131"},"content":"","lastModifiedDate":"2022-10-06"},{"lineNumber":16,"author":{"gitId":"owenl131"},"content":"    public Module getModule() {","lastModifiedDate":"2022-10-06"},{"lineNumber":17,"author":{"gitId":"owenl131"},"content":"        return module;","lastModifiedDate":"2022-10-06"},{"lineNumber":18,"author":{"gitId":"owenl131"},"content":"    }","lastModifiedDate":"2022-10-06"},{"lineNumber":19,"author":{"gitId":"owenl131"},"content":"","lastModifiedDate":"2022-10-06"},{"lineNumber":20,"author":{"gitId":"owenl131"},"content":"    public boolean isFullySelected() {","lastModifiedDate":"2022-10-06"},{"lineNumber":21,"author":{"gitId":"owenl131"},"content":"        // whether all lecture/tutorial/lab slots have been selected","lastModifiedDate":"2022-10-06"},{"lineNumber":22,"author":{"gitId":"owenl131"},"content":"        return false;","lastModifiedDate":"2022-10-06"},{"lineNumber":23,"author":{"gitId":"owenl131"},"content":"    }","lastModifiedDate":"2022-10-06"},{"lineNumber":24,"author":{"gitId":"owenl131"},"content":"","lastModifiedDate":"2022-10-06"},{"lineNumber":25,"author":{"gitId":"owenl131"},"content":"    public void selectSlot(String slot) {","lastModifiedDate":"2022-10-06"},{"lineNumber":26,"author":{"gitId":"owenl131"},"content":"        // validate and switch if there is a current one selected","lastModifiedDate":"2022-10-06"},{"lineNumber":27,"author":{"gitId":"owenl131"},"content":"    }","lastModifiedDate":"2022-10-06"},{"lineNumber":28,"author":{"gitId":"owenl131"},"content":"","lastModifiedDate":"2022-10-06"},{"lineNumber":29,"author":{"gitId":"owenl131"},"content":"    public void unselectSlot(String slot) {","lastModifiedDate":"2022-10-06"},{"lineNumber":30,"author":{"gitId":"owenl131"},"content":"    }","lastModifiedDate":"2022-10-06"},{"lineNumber":31,"author":{"gitId":"owenl131"},"content":"","lastModifiedDate":"2022-10-06"},{"lineNumber":32,"author":{"gitId":"owenl131"},"content":"    public Set\u003cString\u003e getSelectedSlots() {","lastModifiedDate":"2022-10-06"},{"lineNumber":33,"author":{"gitId":"owenl131"},"content":"        return selectedSlots;","lastModifiedDate":"2022-10-06"},{"lineNumber":34,"author":{"gitId":"owenl131"},"content":"    }","lastModifiedDate":"2022-10-06"},{"lineNumber":35,"author":{"gitId":"owenl131"},"content":"","lastModifiedDate":"2022-10-05"},{"lineNumber":36,"author":{"gitId":"owenl131"},"content":"}","lastModifiedDate":"2022-10-05"}],"authorContributionMap":{"owenl131":36}},{"path":"src/main/java/seedu/duke/model/SemesterData.java","fileType":"functional-code","lines":[{"lineNumber":1,"author":{"gitId":"owenl131"},"content":"package seedu.duke.model;","lastModifiedDate":"2022-10-06"},{"lineNumber":2,"author":{"gitId":"owenl131"},"content":"","lastModifiedDate":"2022-10-06"},{"lineNumber":3,"author":{"gitId":"owenl131"},"content":"import java.util.List;","lastModifiedDate":"2022-10-06"},{"lineNumber":4,"author":{"gitId":"owenl131"},"content":"","lastModifiedDate":"2022-10-06"},{"lineNumber":5,"author":{"gitId":"owenl131"},"content":"public class SemesterData {","lastModifiedDate":"2022-10-06"},{"lineNumber":6,"author":{"gitId":"owenl131"},"content":"    public final int semester;","lastModifiedDate":"2022-10-06"},{"lineNumber":7,"author":{"gitId":"owenl131"},"content":"    public final List\u003cRawLesson\u003e timetable;","lastModifiedDate":"2022-10-06"},{"lineNumber":8,"author":{"gitId":"owenl131"},"content":"    public final String examDate;","lastModifiedDate":"2022-10-06"},{"lineNumber":9,"author":{"gitId":"owenl131"},"content":"    public final int examDuration;","lastModifiedDate":"2022-10-06"},{"lineNumber":10,"author":{"gitId":"owenl131"},"content":"","lastModifiedDate":"2022-10-06"},{"lineNumber":11,"author":{"gitId":"owenl131"},"content":"    SemesterData(int semester, List\u003cRawLesson\u003e timetable, String examDate, int examDuration) {","lastModifiedDate":"2022-10-06"},{"lineNumber":12,"author":{"gitId":"owenl131"},"content":"        this.semester \u003d semester;","lastModifiedDate":"2022-10-06"},{"lineNumber":13,"author":{"gitId":"owenl131"},"content":"        this.timetable \u003d timetable;","lastModifiedDate":"2022-10-06"},{"lineNumber":14,"author":{"gitId":"owenl131"},"content":"        this.examDate \u003d examDate;","lastModifiedDate":"2022-10-06"},{"lineNumber":15,"author":{"gitId":"owenl131"},"content":"        this.examDuration \u003d examDuration;","lastModifiedDate":"2022-10-06"},{"lineNumber":16,"author":{"gitId":"owenl131"},"content":"    }","lastModifiedDate":"2022-10-06"},{"lineNumber":17,"author":{"gitId":"owenl131"},"content":"}","lastModifiedDate":"2022-10-06"}],"authorContributionMap":{"owenl131":17}},{"path":"src/main/java/seedu/duke/parser/Parser.java","fileType":"functional-code","lines":[{"lineNumber":1,"author":{"gitId":"owenl131"},"content":"package seedu.duke.parser;","lastModifiedDate":"2022-10-05"},{"lineNumber":2,"author":{"gitId":"owenl131"},"content":"","lastModifiedDate":"2022-10-05"},{"lineNumber":3,"author":{"gitId":"kohnh"},"content":"import seedu.duke.command.Command;","lastModifiedDate":"2022-10-07"},{"lineNumber":4,"author":{"gitId":"kohnh"},"content":"import seedu.duke.command.AddModuleCommand;","lastModifiedDate":"2022-10-07"},{"lineNumber":5,"author":{"gitId":"kohnh"},"content":"import seedu.duke.command.DeleteModuleCommand;","lastModifiedDate":"2022-10-07"},{"lineNumber":6,"author":{"gitId":"kohnh"},"content":"import seedu.duke.command.HelpCommand;","lastModifiedDate":"2022-10-07"},{"lineNumber":7,"author":{"gitId":"kohnh"},"content":"import seedu.duke.command.SearchModulesCommand;","lastModifiedDate":"2022-10-07"},{"lineNumber":8,"author":{"gitId":"kohnh"},"content":"import seedu.duke.command.ViewTimetableCommand;","lastModifiedDate":"2022-10-07"},{"lineNumber":9,"author":{"gitId":"kohnh"},"content":"import seedu.duke.command.UnknownCommand;","lastModifiedDate":"2022-10-07"},{"lineNumber":10,"author":{"gitId":"owenl131"},"content":"","lastModifiedDate":"2022-10-05"},{"lineNumber":11,"author":{"gitId":"kohnh"},"content":"public class Parser {","lastModifiedDate":"2022-10-07"},{"lineNumber":12,"author":{"gitId":"kohnh"},"content":"    public static Command parse(String userInput) {","lastModifiedDate":"2022-10-07"},{"lineNumber":13,"author":{"gitId":"kohnh"},"content":"        String[] keywords \u003d userInput.split(\"\\\\s+\");","lastModifiedDate":"2022-10-07"},{"lineNumber":14,"author":{"gitId":"kohnh"},"content":"        switch (keywords[0]) {","lastModifiedDate":"2022-10-07"},{"lineNumber":15,"author":{"gitId":"kohnh"},"content":"        case (\"search\"):","lastModifiedDate":"2022-10-07"},{"lineNumber":16,"author":{"gitId":"kohnh"},"content":"            return new SearchModulesCommand();","lastModifiedDate":"2022-10-07"},{"lineNumber":17,"author":{"gitId":"kohnh"},"content":"        case (\"add\"):","lastModifiedDate":"2022-10-07"},{"lineNumber":18,"author":{"gitId":"kohnh"},"content":"            return new AddModuleCommand();","lastModifiedDate":"2022-10-07"},{"lineNumber":19,"author":{"gitId":"kohnh"},"content":"        case (\"delete\"):","lastModifiedDate":"2022-10-07"},{"lineNumber":20,"author":{"gitId":"kohnh"},"content":"            return new DeleteModuleCommand();","lastModifiedDate":"2022-10-07"},{"lineNumber":21,"author":{"gitId":"kohnh"},"content":"        case (\"view\"):","lastModifiedDate":"2022-10-07"},{"lineNumber":22,"author":{"gitId":"kohnh"},"content":"            return new ViewTimetableCommand();","lastModifiedDate":"2022-10-07"},{"lineNumber":23,"author":{"gitId":"kohnh"},"content":"        case (\"help\"):","lastModifiedDate":"2022-10-07"},{"lineNumber":24,"author":{"gitId":"kohnh"},"content":"            return new HelpCommand();","lastModifiedDate":"2022-10-07"},{"lineNumber":25,"author":{"gitId":"kohnh"},"content":"        default:","lastModifiedDate":"2022-10-07"},{"lineNumber":26,"author":{"gitId":"kohnh"},"content":"            return new UnknownCommand();","lastModifiedDate":"2022-10-07"},{"lineNumber":27,"author":{"gitId":"kohnh"},"content":"        }","lastModifiedDate":"2022-10-07"},{"lineNumber":28,"author":{"gitId":"kohnh"},"content":"    }","lastModifiedDate":"2022-10-07"},{"lineNumber":29,"author":{"gitId":"owenl131"},"content":"}","lastModifiedDate":"2022-10-05"}],"authorContributionMap":{"owenl131":4,"kohnh":25}},{"path":"src/main/java/seedu/duke/utils/State.java","fileType":"functional-code","lines":[{"lineNumber":1,"author":{"gitId":"owenl131"},"content":"package seedu.duke.utils;","lastModifiedDate":"2022-10-05"},{"lineNumber":2,"author":{"gitId":"owenl131"},"content":"","lastModifiedDate":"2022-10-05"},{"lineNumber":3,"author":{"gitId":"owenl131"},"content":"public class State {","lastModifiedDate":"2022-10-05"},{"lineNumber":4,"author":{"gitId":"owenl131"},"content":"","lastModifiedDate":"2022-10-05"},{"lineNumber":5,"author":{"gitId":"owenl131"},"content":"}","lastModifiedDate":"2022-10-05"}],"authorContributionMap":{"owenl131":5}},{"path":"src/main/java/seedu/duke/utils/Storage.java","fileType":"functional-code","lines":[{"lineNumber":1,"author":{"gitId":"owenl131"},"content":"package seedu.duke.utils;","lastModifiedDate":"2022-10-05"},{"lineNumber":2,"author":{"gitId":"owenl131"},"content":"","lastModifiedDate":"2022-10-05"},{"lineNumber":3,"author":{"gitId":"owenl131"},"content":"public class Storage {","lastModifiedDate":"2022-10-05"},{"lineNumber":4,"author":{"gitId":"owenl131"},"content":"","lastModifiedDate":"2022-10-05"},{"lineNumber":5,"author":{"gitId":"owenl131"},"content":"}","lastModifiedDate":"2022-10-05"}],"authorContributionMap":{"owenl131":5}},{"path":"src/main/java/seedu/duke/utils/Ui.java","fileType":"functional-code","lines":[{"lineNumber":1,"author":{"gitId":"owenl131"},"content":"package seedu.duke.utils;","lastModifiedDate":"2022-10-05"},{"lineNumber":2,"author":{"gitId":"owenl131"},"content":"","lastModifiedDate":"2022-10-05"},{"lineNumber":3,"author":{"gitId":"owenl131"},"content":"public class Ui {","lastModifiedDate":"2022-10-05"},{"lineNumber":4,"author":{"gitId":"owenl131"},"content":"","lastModifiedDate":"2022-10-05"},{"lineNumber":5,"author":{"gitId":"owenl131"},"content":"}","lastModifiedDate":"2022-10-05"}],"authorContributionMap":{"owenl131":5}},{"path":"src/test/java/seedu/duke/DukeTest.java","fileType":"test-code","lines":[{"lineNumber":1,"author":{"gitId":"-"},"content":"package seedu.duke;","lastModifiedDate":"2020-05-24"},{"lineNumber":2,"author":{"gitId":"-"},"content":"","lastModifiedDate":"2020-05-24"},{"lineNumber":3,"author":{"gitId":"-"},"content":"import static org.junit.jupiter.api.Assertions.assertTrue;","lastModifiedDate":"2020-05-24"},{"lineNumber":4,"author":{"gitId":"CheahHaoYi"},"content":"import static org.junit.jupiter.api.Assertions.assertEquals;","lastModifiedDate":"2022-10-07"},{"lineNumber":5,"author":{"gitId":"-"},"content":"","lastModifiedDate":"2020-05-24"},{"lineNumber":6,"author":{"gitId":"-"},"content":"import org.junit.jupiter.api.Test;","lastModifiedDate":"2020-05-24"},{"lineNumber":7,"author":{"gitId":"-"},"content":"","lastModifiedDate":"2020-05-24"},{"lineNumber":8,"author":{"gitId":"-"},"content":"class DukeTest {","lastModifiedDate":"2020-05-24"},{"lineNumber":9,"author":{"gitId":"-"},"content":"    @Test","lastModifiedDate":"2020-05-24"},{"lineNumber":10,"author":{"gitId":"-"},"content":"    public void sampleTest() {","lastModifiedDate":"2020-05-24"},{"lineNumber":11,"author":{"gitId":"-"},"content":"        assertTrue(true);","lastModifiedDate":"2020-05-24"},{"lineNumber":12,"author":{"gitId":"-"},"content":"    }","lastModifiedDate":"2020-05-24"},{"lineNumber":13,"author":{"gitId":"CheahHaoYi"},"content":"","lastModifiedDate":"2022-10-07"},{"lineNumber":14,"author":{"gitId":"CheahHaoYi"},"content":"    @Test","lastModifiedDate":"2022-10-07"},{"lineNumber":15,"author":{"gitId":"CheahHaoYi"},"content":"    public void sampleTest2() {","lastModifiedDate":"2022-10-07"},{"lineNumber":16,"author":{"gitId":"CheahHaoYi"},"content":"        assertEquals(2,2);","lastModifiedDate":"2022-10-07"},{"lineNumber":17,"author":{"gitId":"CheahHaoYi"},"content":"    }","lastModifiedDate":"2022-10-07"},{"lineNumber":18,"author":{"gitId":"-"},"content":"}","lastModifiedDate":"2020-05-24"}],"authorContributionMap":{"CheahHaoYi":6,"-":12}},{"path":"src/test/java/seedu/duke/model/ModuleTest.java","fileType":"test-code","lines":[{"lineNumber":1,"author":{"gitId":"owenl131"},"content":"package seedu.duke.model;","lastModifiedDate":"2022-10-06"},{"lineNumber":2,"author":{"gitId":"owenl131"},"content":"","lastModifiedDate":"2022-10-06"},{"lineNumber":3,"author":{"gitId":"owenl131"},"content":"import static org.junit.jupiter.api.Assertions.assertEquals;","lastModifiedDate":"2022-10-06"},{"lineNumber":4,"author":{"gitId":"owenl131"},"content":"import static org.junit.jupiter.api.Assertions.assertNotNull;","lastModifiedDate":"2022-10-06"},{"lineNumber":5,"author":{"gitId":"owenl131"},"content":"","lastModifiedDate":"2022-10-06"},{"lineNumber":6,"author":{"gitId":"owenl131"},"content":"import java.util.List;","lastModifiedDate":"2022-10-06"},{"lineNumber":7,"author":{"gitId":"owenl131"},"content":"import java.util.stream.Collectors;","lastModifiedDate":"2022-10-06"},{"lineNumber":8,"author":{"gitId":"owenl131"},"content":"","lastModifiedDate":"2022-10-06"},{"lineNumber":9,"author":{"gitId":"owenl131"},"content":"import org.junit.jupiter.api.Test;","lastModifiedDate":"2022-10-06"},{"lineNumber":10,"author":{"gitId":"owenl131"},"content":"","lastModifiedDate":"2022-10-06"},{"lineNumber":11,"author":{"gitId":"owenl131"},"content":"public class ModuleTest {","lastModifiedDate":"2022-10-06"},{"lineNumber":12,"author":{"gitId":"owenl131"},"content":"","lastModifiedDate":"2022-10-06"},{"lineNumber":13,"author":{"gitId":"owenl131"},"content":"    @Test","lastModifiedDate":"2022-10-06"},{"lineNumber":14,"author":{"gitId":"owenl131"},"content":"    public void moduleLoading_loadModules_numberLoaded() {","lastModifiedDate":"2022-10-06"},{"lineNumber":15,"author":{"gitId":"owenl131"},"content":"        assertEquals(5313, Module.getAll().size());","lastModifiedDate":"2022-10-06"},{"lineNumber":16,"author":{"gitId":"owenl131"},"content":"    }","lastModifiedDate":"2022-10-06"},{"lineNumber":17,"author":{"gitId":"owenl131"},"content":"","lastModifiedDate":"2022-10-06"},{"lineNumber":18,"author":{"gitId":"owenl131"},"content":"    @Test","lastModifiedDate":"2022-10-06"},{"lineNumber":19,"author":{"gitId":"owenl131"},"content":"    public void moduleLoading_cs1010s_correctDetails() {","lastModifiedDate":"2022-10-06"},{"lineNumber":20,"author":{"gitId":"owenl131"},"content":"        Module mod \u003d Module.get(\"CS1010S\");","lastModifiedDate":"2022-10-06"},{"lineNumber":21,"author":{"gitId":"owenl131"},"content":"        assertEquals(\"CS1010S\", mod.moduleCode);","lastModifiedDate":"2022-10-06"},{"lineNumber":22,"author":{"gitId":"owenl131"},"content":"        assertEquals(\"Programming Methodology\", mod.title);","lastModifiedDate":"2022-10-06"},{"lineNumber":23,"author":{"gitId":"owenl131"},"content":"        assertEquals(List.of(2, 1, 1, 3, 3), mod.workload);","lastModifiedDate":"2022-10-06"},{"lineNumber":24,"author":{"gitId":"owenl131"},"content":"        assertEquals(2, mod.semesterData.size());","lastModifiedDate":"2022-10-06"},{"lineNumber":25,"author":{"gitId":"owenl131"},"content":"        assertEquals(\"Computer Science\", mod.department);","lastModifiedDate":"2022-10-06"},{"lineNumber":26,"author":{"gitId":"owenl131"},"content":"        assertEquals(\"Computing\", mod.faculty);","lastModifiedDate":"2022-10-06"},{"lineNumber":27,"author":{"gitId":"owenl131"},"content":"    }","lastModifiedDate":"2022-10-06"},{"lineNumber":28,"author":{"gitId":"owenl131"},"content":"","lastModifiedDate":"2022-10-06"},{"lineNumber":29,"author":{"gitId":"owenl131"},"content":"    @Test","lastModifiedDate":"2022-10-06"},{"lineNumber":30,"author":{"gitId":"owenl131"},"content":"    public void moduleLoading_cs1010s_correctSemesterDetails() {","lastModifiedDate":"2022-10-06"},{"lineNumber":31,"author":{"gitId":"owenl131"},"content":"        Module mod \u003d Module.get(\"CS1010S\");","lastModifiedDate":"2022-10-06"},{"lineNumber":32,"author":{"gitId":"owenl131"},"content":"        assertNotNull(mod.getSemesterData(1));","lastModifiedDate":"2022-10-06"},{"lineNumber":33,"author":{"gitId":"owenl131"},"content":"        assertNotNull(mod.getSemesterData(2));","lastModifiedDate":"2022-10-06"},{"lineNumber":34,"author":{"gitId":"owenl131"},"content":"        SemesterData s1 \u003d mod.getSemesterData(1);","lastModifiedDate":"2022-10-06"},{"lineNumber":35,"author":{"gitId":"owenl131"},"content":"        List\u003cRawLesson\u003e timetable \u003d s1.timetable;","lastModifiedDate":"2022-10-06"},{"lineNumber":36,"author":{"gitId":"owenl131"},"content":"        List\u003cRawLesson\u003e lectures \u003d timetable.stream().filter(s -\u003e s.lessonType.equals(\"Lecture\"))","lastModifiedDate":"2022-10-06"},{"lineNumber":37,"author":{"gitId":"owenl131"},"content":"                .collect(Collectors.toList());","lastModifiedDate":"2022-10-06"},{"lineNumber":38,"author":{"gitId":"owenl131"},"content":"        assertEquals(2, lectures.size());","lastModifiedDate":"2022-10-06"},{"lineNumber":39,"author":{"gitId":"owenl131"},"content":"        assertEquals(Day.Wednesday, lectures.get(0).day);","lastModifiedDate":"2022-10-06"},{"lineNumber":40,"author":{"gitId":"owenl131"},"content":"        assertEquals(\"1000\", lectures.get(0).startTime);","lastModifiedDate":"2022-10-06"},{"lineNumber":41,"author":{"gitId":"owenl131"},"content":"        assertEquals(\"1200\", lectures.get(0).endTime);","lastModifiedDate":"2022-10-06"},{"lineNumber":42,"author":{"gitId":"owenl131"},"content":"        List\u003cRawLesson\u003e tutorials \u003d timetable.stream().filter(s -\u003e s.lessonType.equals(\"Tutorial\"))","lastModifiedDate":"2022-10-06"},{"lineNumber":43,"author":{"gitId":"owenl131"},"content":"                .collect(Collectors.toList());","lastModifiedDate":"2022-10-06"},{"lineNumber":44,"author":{"gitId":"owenl131"},"content":"        assertEquals(60, tutorials.size());","lastModifiedDate":"2022-10-06"},{"lineNumber":45,"author":{"gitId":"owenl131"},"content":"        List\u003cRawLesson\u003e recitations \u003d timetable.stream().filter(s -\u003e s.lessonType.equals(\"Recitation\"))","lastModifiedDate":"2022-10-06"},{"lineNumber":46,"author":{"gitId":"owenl131"},"content":"                .collect(Collectors.toList());","lastModifiedDate":"2022-10-06"},{"lineNumber":47,"author":{"gitId":"owenl131"},"content":"        assertEquals(12, recitations.size());","lastModifiedDate":"2022-10-06"},{"lineNumber":48,"author":{"gitId":"owenl131"},"content":"    }","lastModifiedDate":"2022-10-06"},{"lineNumber":49,"author":{"gitId":"owenl131"},"content":"","lastModifiedDate":"2022-10-06"},{"lineNumber":50,"author":{"gitId":"owenl131"},"content":"}","lastModifiedDate":"2022-10-06"}],"authorContributionMap":{"owenl131":50}},{"path":"src/test/java/seedu/duke/parser/ParserTest.java","fileType":"test-code","lines":[{"lineNumber":1,"author":{"gitId":"kohnh"},"content":"package seedu.duke.parser;","lastModifiedDate":"2022-10-07"},{"lineNumber":2,"author":{"gitId":"kohnh"},"content":"","lastModifiedDate":"2022-10-07"},{"lineNumber":3,"author":{"gitId":"kohnh"},"content":"import org.junit.jupiter.api.Test;","lastModifiedDate":"2022-10-07"},{"lineNumber":4,"author":{"gitId":"kohnh"},"content":"import seedu.duke.command.AddModuleCommand;","lastModifiedDate":"2022-10-07"},{"lineNumber":5,"author":{"gitId":"kohnh"},"content":"import seedu.duke.command.DeleteModuleCommand;","lastModifiedDate":"2022-10-07"},{"lineNumber":6,"author":{"gitId":"kohnh"},"content":"import seedu.duke.command.HelpCommand;","lastModifiedDate":"2022-10-07"},{"lineNumber":7,"author":{"gitId":"kohnh"},"content":"import seedu.duke.command.SearchModulesCommand;","lastModifiedDate":"2022-10-07"},{"lineNumber":8,"author":{"gitId":"kohnh"},"content":"import seedu.duke.command.ViewTimetableCommand;","lastModifiedDate":"2022-10-07"},{"lineNumber":9,"author":{"gitId":"kohnh"},"content":"import seedu.duke.command.UnknownCommand;","lastModifiedDate":"2022-10-07"},{"lineNumber":10,"author":{"gitId":"kohnh"},"content":"","lastModifiedDate":"2022-10-07"},{"lineNumber":11,"author":{"gitId":"kohnh"},"content":"import static org.junit.jupiter.api.Assertions.assertTrue;","lastModifiedDate":"2022-10-07"},{"lineNumber":12,"author":{"gitId":"kohnh"},"content":"","lastModifiedDate":"2022-10-07"},{"lineNumber":13,"author":{"gitId":"kohnh"},"content":"public class ParserTest {","lastModifiedDate":"2022-10-07"},{"lineNumber":14,"author":{"gitId":"kohnh"},"content":"    @Test","lastModifiedDate":"2022-10-07"},{"lineNumber":15,"author":{"gitId":"kohnh"},"content":"    public void parse_searchInput_returnNewSearchCommand() {","lastModifiedDate":"2022-10-07"},{"lineNumber":16,"author":{"gitId":"kohnh"},"content":"        assertTrue(Parser.parse(\"search cs2113\") instanceof SearchModulesCommand);","lastModifiedDate":"2022-10-07"},{"lineNumber":17,"author":{"gitId":"kohnh"},"content":"    }","lastModifiedDate":"2022-10-07"},{"lineNumber":18,"author":{"gitId":"kohnh"},"content":"","lastModifiedDate":"2022-10-07"},{"lineNumber":19,"author":{"gitId":"kohnh"},"content":"    @Test","lastModifiedDate":"2022-10-07"},{"lineNumber":20,"author":{"gitId":"kohnh"},"content":"    public void parse_addInput_returnNewAddCommand() {","lastModifiedDate":"2022-10-07"},{"lineNumber":21,"author":{"gitId":"kohnh"},"content":"        assertTrue(Parser.parse(\"add cs2113\") instanceof AddModuleCommand);","lastModifiedDate":"2022-10-07"},{"lineNumber":22,"author":{"gitId":"kohnh"},"content":"    }","lastModifiedDate":"2022-10-07"},{"lineNumber":23,"author":{"gitId":"kohnh"},"content":"","lastModifiedDate":"2022-10-07"},{"lineNumber":24,"author":{"gitId":"kohnh"},"content":"    @Test","lastModifiedDate":"2022-10-07"},{"lineNumber":25,"author":{"gitId":"kohnh"},"content":"    public void parse_deleteInput_returnNewDeleteCommand() {","lastModifiedDate":"2022-10-07"},{"lineNumber":26,"author":{"gitId":"kohnh"},"content":"        assertTrue(Parser.parse(\"delete cs2113\") instanceof DeleteModuleCommand);","lastModifiedDate":"2022-10-07"},{"lineNumber":27,"author":{"gitId":"kohnh"},"content":"    }","lastModifiedDate":"2022-10-07"},{"lineNumber":28,"author":{"gitId":"kohnh"},"content":"","lastModifiedDate":"2022-10-07"},{"lineNumber":29,"author":{"gitId":"kohnh"},"content":"    @Test","lastModifiedDate":"2022-10-07"},{"lineNumber":30,"author":{"gitId":"kohnh"},"content":"    public void parse_helpInput_returnNewHelpCommand() {","lastModifiedDate":"2022-10-07"},{"lineNumber":31,"author":{"gitId":"kohnh"},"content":"        assertTrue(Parser.parse(\"help\") instanceof HelpCommand);","lastModifiedDate":"2022-10-07"},{"lineNumber":32,"author":{"gitId":"kohnh"},"content":"    }","lastModifiedDate":"2022-10-07"},{"lineNumber":33,"author":{"gitId":"kohnh"},"content":"","lastModifiedDate":"2022-10-07"},{"lineNumber":34,"author":{"gitId":"kohnh"},"content":"    @Test","lastModifiedDate":"2022-10-07"},{"lineNumber":35,"author":{"gitId":"kohnh"},"content":"    public void parse_viewInput_returnNewViewCommand() {","lastModifiedDate":"2022-10-07"},{"lineNumber":36,"author":{"gitId":"kohnh"},"content":"        assertTrue(Parser.parse(\"view\") instanceof ViewTimetableCommand);","lastModifiedDate":"2022-10-07"},{"lineNumber":37,"author":{"gitId":"kohnh"},"content":"    }","lastModifiedDate":"2022-10-07"},{"lineNumber":38,"author":{"gitId":"kohnh"},"content":"","lastModifiedDate":"2022-10-07"},{"lineNumber":39,"author":{"gitId":"kohnh"},"content":"    @Test","lastModifiedDate":"2022-10-07"},{"lineNumber":40,"author":{"gitId":"kohnh"},"content":"    public void parse_unknownInput_returnNewUnknownCommand() {","lastModifiedDate":"2022-10-07"},{"lineNumber":41,"author":{"gitId":"kohnh"},"content":"        assertTrue(Parser.parse(\"I love cs2113\") instanceof UnknownCommand);","lastModifiedDate":"2022-10-07"},{"lineNumber":42,"author":{"gitId":"kohnh"},"content":"    }","lastModifiedDate":"2022-10-07"},{"lineNumber":43,"author":{"gitId":"kohnh"},"content":"}","lastModifiedDate":"2022-10-07"}],"authorContributionMap":{"kohnh":43}}]
