{"authorDailyContributionsMap":{"owenl131":[{"date":"2022-09-30","commitResults":[{"hash":"f64999a9973617227bd3705cc36c566c2c2db36a","messageTitle":"Add my name","messageBody":"","fileTypesAndContributionMap":{"docs":{"insertions":1,"deletions":1}}}]}],"kohnh":[{"date":"2022-09-30","commitResults":[{"hash":"e5472af599627e5f81fa8aa61ac396f5a1432d93","messageTitle":"Add Koh Ngiap Hin profile","messageBody":"","fileTypesAndContributionMap":{"docs":{"insertions":7,"deletions":7}}}]}],"CheahHaoYi":[{"date":"2022-09-30","commitResults":[{"hash":"fb37e92b1e35734058e6c3a98b0b536dc6331fde","messageTitle":"Add Hao Yi Profile","messageBody":"","fileTypesAndContributionMap":{"docs":{"insertions":7,"deletions":7}}}]}],"amitrahman1026":[],"deenliong":[{"date":"2022-09-30","commitResults":[{"hash":"fa9fd663664fa9eea1f966fa3bbcbafb0407db9d","messageTitle":"Added my own about me","messageBody":"","fileTypesAndContributionMap":{"other":{"insertions":0,"deletions":0},"docs":{"insertions":7,"deletions":7}}}]}]},"authorFileTypeContributionMap":{"owenl131":{"docs":1,"functional-code":0,"test-code":0},"kohnh":{"docs":2,"functional-code":0,"test-code":0},"CheahHaoYi":{"docs":2,"functional-code":0,"test-code":0},"amitrahman1026":{"docs":0,"functional-code":0,"test-code":0},"deenliong":{"docs":1,"functional-code":0,"test-code":0}},"authorContributionVariance":{"owenl131":0.2488889,"kohnh":12.195556,"CheahHaoYi":12.195556,"amitrahman1026":0.0,"deenliong":12.195556},"authorDisplayNameMap":{"owenl131":"CS2113-F11-3 LEON..OWEN","kohnh":"CS2113-F11-3 KOH .. HIN","CheahHaoYi":"CS2113-F11-3 CHEA..O YI","amitrahman1026":"CS2113-F11-3 AMIT..HMAN","deenliong":"CS2113-F11-3 LION..DEEN"}}
