{"authorDailyContributionsMap":{"owenl131":[{"date":"2022-09-30","commitResults":[{"hash":"f64999a9973617227bd3705cc36c566c2c2db36a","messageTitle":"Add my name","messageBody":"","fileTypesAndContributionMap":{"docs":{"insertions":1,"deletions":1}}}]},{"date":"2022-10-05","commitResults":[{"hash":"6e79a641f5c7dc2b26c8bf54d2fec53319866cd7","messageTitle":"Add skeleton packages and files","messageBody":"","fileTypesAndContributionMap":{"functional-code":{"insertions":40,"deletions":0}}}]},{"date":"2022-10-06","commitResults":[{"hash":"953758d29bd7df49724eebd13456ae5a44dba4c6","messageTitle":"Implement module business logic and module loading from asset file","messageBody":"","fileTypesAndContributionMap":{"functional-code":{"insertions":232,"deletions":1},"other":{"insertions":2,"deletions":0}}},{"hash":"b9daaa51933953ea33a880ab1e10439d1332bb34","messageTitle":"Move assets to resources folder and add unit tests","messageBody":"","fileTypesAndContributionMap":{"functional-code":{"insertions":41,"deletions":14},"test-code":{"insertions":50,"deletions":0}}}]},{"date":"2022-10-07","commitResults":[{"hash":"619fc32c1b826b0f42337ba1eff8c4384f88c66c","messageTitle":"Add apache commons lang library","messageBody":"","fileTypesAndContributionMap":{"other":{"insertions":2,"deletions":0}}},{"hash":"2707fd674ae8dea792e8a2d50b9a83b216b45cdb","messageTitle":"Add lesson type as an enum","messageBody":"","fileTypesAndContributionMap":{"functional-code":{"insertions":43,"deletions":4}}},{"hash":"6070de3826274fa193e7b4a23f0e95bbb487dca9","messageTitle":"Add color and color scheme for terminal output","messageBody":"","fileTypesAndContributionMap":{"functional-code":{"insertions":29,"deletions":0}}},{"hash":"627b338fb6170d0724739e4fca75b743628d496a","messageTitle":"Implement timetable formatter","messageBody":"","fileTypesAndContributionMap":{"functional-code":{"insertions":367,"deletions":0},"test-code":{"insertions":9,"deletions":4}}},{"hash":"ebb2e220b5bbcd794e025e259c84b07d3840da7f","messageTitle":"Remove unicode characters from source code","messageBody":"","fileTypesAndContributionMap":{"functional-code":{"insertions":11,"deletions":22}}}]},{"date":"2022-10-08","commitResults":[{"hash":"006d61ba251394d2b11f93cc2558529d62305b67","messageTitle":"Refactor code to get rid of unicode warning","messageBody":"","fileTypesAndContributionMap":{"functional-code":{"insertions":130,"deletions":50}}},{"hash":"93a004d1c4d7391e1684869827a22fafef856fbe","messageTitle":"Remove unicode character from source code","messageBody":"","fileTypesAndContributionMap":{"functional-code":{"insertions":6,"deletions":3}}},{"hash":"3ee22f7e1582cb6eec3662d309174315c7568f44","messageTitle":"Add tests for timetable generation","messageBody":"","fileTypesAndContributionMap":{"functional-code":{"insertions":1,"deletions":0},"test-code":{"insertions":68,"deletions":0}}},{"hash":"ee500bebd4a439cf99f45acd360b389cbdc1c794","messageTitle":"Resolve checkstyle issues","messageBody":"","fileTypesAndContributionMap":{"functional-code":{"insertions":22,"deletions":19}}},{"hash":"b2d72db220a92a295f5e6f639fdb7814474adf98","messageTitle":"Add special characters for windows and add tests for windows","messageBody":"","fileTypesAndContributionMap":{"functional-code":{"insertions":6,"deletions":2},"test-code":{"insertions":31,"deletions":0}}},{"hash":"0fe47b4a30a1a7b7f7f80b7a7ea039475f669e77","messageTitle":"Resolve windows test cases","messageBody":"","fileTypesAndContributionMap":{"test-code":{"insertions":7,"deletions":2}}}]},{"date":"2022-10-09","commitResults":[{"hash":"0dd18fdd1a35b046db791916a7f77973a3fceec4","messageTitle":"Extract all classno for given lessontype and rename functions to match style guide","messageBody":"","fileTypesAndContributionMap":{"functional-code":{"insertions":9,"deletions":4},"test-code":{"insertions":21,"deletions":21}}}]}],"kohnh":[{"date":"2022-09-30","commitResults":[{"hash":"e5472af599627e5f81fa8aa61ac396f5a1432d93","messageTitle":"Add Koh Ngiap Hin profile","messageBody":"","fileTypesAndContributionMap":{"docs":{"insertions":7,"deletions":7}}}]},{"date":"2022-10-07","commitResults":[{"hash":"021ad225dbb2877fe94e5e858ec534fbf69428df","messageTitle":"Create barebones Parser class","messageBody":"","fileTypesAndContributionMap":{"functional-code":{"insertions":91,"deletions":1},"test-code":{"insertions":43,"deletions":0}}},{"hash":"9e7535d7d5166a8b3930085f3d9c9cdb8dacee8c","messageTitle":"Fix checkstyle error for Parser","messageBody":"","fileTypesAndContributionMap":{"functional-code":{"insertions":7,"deletions":1}}}]},{"date":"2022-10-09","commitResults":[{"hash":"f987c3980520d2d4ac5bb287d3c1ce7828d63ccd","messageTitle":"Update Parser class to check valid commands","messageBody":"","fileTypesAndContributionMap":{"functional-code":{"insertions":40,"deletions":6},"other":{"insertions":1,"deletions":1},"test-code":{"insertions":10,"deletions":2}}},{"hash":"fabda879ae5ee406e2e8cebc925f81f49ecca1e9","messageTitle":"Include more erroneous user command handling","messageBody":"","fileTypesAndContributionMap":{"functional-code":{"insertions":38,"deletions":2},"test-code":{"insertions":6,"deletions":4}}},{"hash":"6a7508deb03d0e800b13d414620171d6a406c1ac","messageTitle":"Update JUnit test","messageBody":"","fileTypesAndContributionMap":{"functional-code":{"insertions":8,"deletions":1},"test-code":{"insertions":7,"deletions":1}}},{"hash":"c7b59cdf93afd1a73f94d5f649f85830e073ccd7","messageTitle":"Add Parsing for Exit and SearchString commands","messageBody":"","fileTypesAndContributionMap":{"functional-code":{"insertions":74,"deletions":10},"test-code":{"insertions":12,"deletions":1}}}]}],"CheahHaoYi":[{"date":"2022-09-30","commitResults":[{"hash":"fb37e92b1e35734058e6c3a98b0b536dc6331fde","messageTitle":"Add Hao Yi Profile","messageBody":"","fileTypesAndContributionMap":{"docs":{"insertions":7,"deletions":7}}}]},{"date":"2022-10-07","commitResults":[{"hash":"ff5115af1cbf656dc361a1c26cff36222d0cdb29","messageTitle":"Add some trivial JUnit test code","messageBody":"","fileTypesAndContributionMap":{"test-code":{"insertions":6,"deletions":0}}}]}],"amitrahman1026":[],"deenliong":[{"date":"2022-09-30","commitResults":[{"hash":"fa9fd663664fa9eea1f966fa3bbcbafb0407db9d","messageTitle":"Added my own about me","messageBody":"","fileTypesAndContributionMap":{"other":{"insertions":0,"deletions":0},"docs":{"insertions":7,"deletions":7}}}]}]},"authorFileTypeContributionMap":{"owenl131":{"docs":1,"functional-code":817,"test-code":159,"other":4},"kohnh":{"docs":2,"functional-code":238,"test-code":70},"CheahHaoYi":{"docs":2,"functional-code":0,"test-code":6},"amitrahman1026":{"docs":0,"functional-code":0,"test-code":0},"deenliong":{"docs":1,"functional-code":0,"test-code":0}},"authorContributionVariance":{"owenl131":17249.36,"kohnh":2698.8594,"CheahHaoYi":8.972222,"amitrahman1026":0.0,"deenliong":7.826387},"authorDisplayNameMap":{"owenl131":"CS2113-F11-3 LEON..OWEN","kohnh":"CS2113-F11-3 KOH .. HIN","CheahHaoYi":"CS2113-F11-3 CHEA..O YI","amitrahman1026":"CS2113-F11-3 AMIT..HMAN","deenliong":"CS2113-F11-3 LION..DEEN"}}
