{"authorDailyContributionsMap":{"owenl131":[{"date":"2022-09-30","commitResults":[{"hash":"f64999a9973617227bd3705cc36c566c2c2db36a","messageTitle":"Add my name","messageBody":"","fileTypesAndContributionMap":{"docs":{"insertions":1,"deletions":1}}}]},{"date":"2022-10-05","commitResults":[{"hash":"6e79a641f5c7dc2b26c8bf54d2fec53319866cd7","messageTitle":"Add skeleton packages and files","messageBody":"","fileTypesAndContributionMap":{"functional-code":{"insertions":40,"deletions":0}}}]},{"date":"2022-10-06","commitResults":[{"hash":"953758d29bd7df49724eebd13456ae5a44dba4c6","messageTitle":"Implement module business logic and module loading from asset file","messageBody":"","fileTypesAndContributionMap":{"functional-code":{"insertions":232,"deletions":1},"other":{"insertions":2,"deletions":0}}},{"hash":"b9daaa51933953ea33a880ab1e10439d1332bb34","messageTitle":"Move assets to resources folder and add unit tests","messageBody":"","fileTypesAndContributionMap":{"functional-code":{"insertions":41,"deletions":14},"test-code":{"insertions":50,"deletions":0}}}]},{"date":"2022-10-07","commitResults":[{"hash":"619fc32c1b826b0f42337ba1eff8c4384f88c66c","messageTitle":"Add apache commons lang library","messageBody":"","fileTypesAndContributionMap":{"other":{"insertions":2,"deletions":0}}},{"hash":"2707fd674ae8dea792e8a2d50b9a83b216b45cdb","messageTitle":"Add lesson type as an enum","messageBody":"","fileTypesAndContributionMap":{"functional-code":{"insertions":43,"deletions":4}}},{"hash":"6070de3826274fa193e7b4a23f0e95bbb487dca9","messageTitle":"Add color and color scheme for terminal output","messageBody":"","fileTypesAndContributionMap":{"functional-code":{"insertions":29,"deletions":0}}},{"hash":"627b338fb6170d0724739e4fca75b743628d496a","messageTitle":"Implement timetable formatter","messageBody":"","fileTypesAndContributionMap":{"functional-code":{"insertions":367,"deletions":0},"test-code":{"insertions":9,"deletions":4}}},{"hash":"ebb2e220b5bbcd794e025e259c84b07d3840da7f","messageTitle":"Remove unicode characters from source code","messageBody":"","fileTypesAndContributionMap":{"functional-code":{"insertions":11,"deletions":22}}}]},{"date":"2022-10-08","commitResults":[{"hash":"006d61ba251394d2b11f93cc2558529d62305b67","messageTitle":"Refactor code to get rid of unicode warning","messageBody":"","fileTypesAndContributionMap":{"functional-code":{"insertions":130,"deletions":50}}},{"hash":"93a004d1c4d7391e1684869827a22fafef856fbe","messageTitle":"Remove unicode character from source code","messageBody":"","fileTypesAndContributionMap":{"functional-code":{"insertions":6,"deletions":3}}},{"hash":"3ee22f7e1582cb6eec3662d309174315c7568f44","messageTitle":"Add tests for timetable generation","messageBody":"","fileTypesAndContributionMap":{"functional-code":{"insertions":1,"deletions":0},"test-code":{"insertions":68,"deletions":0}}},{"hash":"ee500bebd4a439cf99f45acd360b389cbdc1c794","messageTitle":"Resolve checkstyle issues","messageBody":"","fileTypesAndContributionMap":{"functional-code":{"insertions":22,"deletions":19}}},{"hash":"b2d72db220a92a295f5e6f639fdb7814474adf98","messageTitle":"Add special characters for windows and add tests for windows","messageBody":"","fileTypesAndContributionMap":{"functional-code":{"insertions":6,"deletions":2},"test-code":{"insertions":31,"deletions":0}}},{"hash":"0fe47b4a30a1a7b7f7f80b7a7ea039475f669e77","messageTitle":"Resolve windows test cases","messageBody":"","fileTypesAndContributionMap":{"test-code":{"insertions":7,"deletions":2}}}]},{"date":"2022-10-09","commitResults":[{"hash":"0dd18fdd1a35b046db791916a7f77973a3fceec4","messageTitle":"Extract all classno for given lessontype and rename functions to match style guide","messageBody":"","fileTypesAndContributionMap":{"functional-code":{"insertions":9,"deletions":4},"test-code":{"insertions":21,"deletions":21}}}]},{"date":"2022-10-11","commitResults":[{"hash":"13dd3a735768ad11fa2d865f57be5010a738cdfc","messageTitle":"Add assertions and logging","messageBody":"","fileTypesAndContributionMap":{"functional-code":{"insertions":8,"deletions":0}}}]},{"date":"2022-10-12","commitResults":[{"hash":"9c448930eba94e5a4c0db9f7cea897ebccb6ecf2","messageTitle":"Add assertions and logging","messageBody":"","fileTypesAndContributionMap":{"functional-code":{"insertions":5,"deletions":5},"other":{"insertions":1,"deletions":0}}},{"hash":"5a0163ed9f7a7395ab1e4551146ddb7fb0f49e34","messageTitle":"Add select slot command","messageBody":"","fileTypesAndContributionMap":{"functional-code":{"insertions":97,"deletions":18}}},{"hash":"97c01c5b2c22e39186c20636bf1f1601723794e8","messageTitle":"Add simple style for timetable","messageBody":"","fileTypesAndContributionMap":{"functional-code":{"insertions":25,"deletions":7},"test-code":{"insertions":5,"deletions":4}}},{"hash":"acd29b1eea81fd41e8e6d6752040ac3fd16ad395","messageTitle":"Add proper lesson type parser","messageBody":"","fileTypesAndContributionMap":{"functional-code":{"insertions":79,"deletions":28},"test-code":{"insertions":5,"deletions":5}}},{"hash":"9001a9c691c1542968c35c07a1be0ff333c86739","messageTitle":"Fix display of Tutorial Type 2","messageBody":"","fileTypesAndContributionMap":{"functional-code":{"insertions":1,"deletions":1}}},{"hash":"0edc920e666cb8e4aac04b99c84bf2447dbb0d62","messageTitle":"Parse params in execute instead of constructor","messageBody":"","fileTypesAndContributionMap":{"functional-code":{"insertions":9,"deletions":7}}}]},{"date":"2022-10-13","commitResults":[{"hash":"45bc5db9b8b279c3caa5a83408f5cb5cd6933f44","messageTitle":"Fix CI","messageBody":"","fileTypesAndContributionMap":{"functional-code":{"insertions":13,"deletions":12},"test-code":{"insertions":4,"deletions":4}}},{"hash":"dc69a05f947856542af88c0c9f316e36225e07c5","messageTitle":"Add ui tests","messageBody":"","fileTypesAndContributionMap":{"other":{"insertions":1,"deletions":0}}}]},{"date":"2022-10-18","commitResults":[{"hash":"44d1a42e8a782e5728b217625e8b88ae9461a2a2","messageTitle":"Add documentation and remove some not so useful functions","messageBody":"","fileTypesAndContributionMap":{"functional-code":{"insertions":234,"deletions":52},"test-code":{"insertions":23,"deletions":20}}},{"hash":"d865a0880a56c8e53b7656dd64a0da95ad228ad2","messageTitle":"Add timetable documentation","messageBody":"","fileTypesAndContributionMap":{"functional-code":{"insertions":33,"deletions":6}}},{"hash":"1e3de4960a758ea15e873ac39f199a40d32ae15f","messageTitle":"Fix checkstyle","messageBody":"","fileTypesAndContributionMap":{"functional-code":{"insertions":2,"deletions":1}}},{"hash":"93c67f094580f50130c382a06e76c9533d7fdaa7","messageTitle":"Fix checkstyle","messageBody":"","fileTypesAndContributionMap":{"functional-code":{"insertions":3,"deletions":3}}},{"hash":"108a341d0cdf5d947155015fcc811618bfe3d381","messageTitle":"Generate coverage automatically","messageBody":"","fileTypesAndContributionMap":{"other":{"insertions":9,"deletions":0}}}]},{"date":"2022-10-19","commitResults":[{"hash":"46134e116eb8457b8c5406dcd46fcfd3bc5e885d","messageTitle":"Add extra options for timetable viewing","messageBody":"","fileTypesAndContributionMap":{"functional-code":{"insertions":16,"deletions":6}}},{"hash":"8204f3aaef472a6d8cc9632c6696b15e6a32b5d1","messageTitle":"Remove ternary operator","messageBody":"","fileTypesAndContributionMap":{"functional-code":{"insertions":8,"deletions":2}}}]},{"date":"2022-10-20","commitResults":[{"hash":"bf8936ae5803c99472c5c936c4c743df7fc251d9","messageTitle":"Add to developer guide","messageBody":"","fileTypesAndContributionMap":{"docs":{"insertions":32,"deletions":22}}}]},{"date":"2022-10-25","commitResults":[{"hash":"260c0f4eae0f0abe0b891b61bed244ede87e092e","messageTitle":"Add test for import command","messageBody":"","fileTypesAndContributionMap":{"test-code":{"insertions":38,"deletions":0}}},{"hash":"11ee372410cf9c0996e06cc36964ca8899871a20","messageTitle":"Add sequence diagram to dev guide","messageBody":"","fileTypesAndContributionMap":{"docs":{"insertions":92,"deletions":21}}},{"hash":"776999eeb8cd02dc0aa8242897e03371059cd050","messageTitle":"Add other commands to user guide","messageBody":"","fileTypesAndContributionMap":{"docs":{"insertions":27,"deletions":17}}}]},{"date":"2022-10-26","commitResults":[{"hash":"3301641108c10924f71a011fd7c6b76238d5174e","messageTitle":"Improve get command","messageBody":"","fileTypesAndContributionMap":{"functional-code":{"insertions":43,"deletions":32}}},{"hash":"a25f0c078f97db1e3542f51e3f3c06c95f02f98b","messageTitle":"Fix tests for get module command","messageBody":"","fileTypesAndContributionMap":{"test-code":{"insertions":15,"deletions":79}}},{"hash":"0cb40f221981b61e87f92eb19f18b131b51ad6fe","messageTitle":"Use StringUtils.repeat instead of stream","messageBody":"","fileTypesAndContributionMap":{"functional-code":{"insertions":6,"deletions":9}}},{"hash":"ddfafab481fc98eaba5f7088e93dbaf89dd12b3b","messageTitle":"Use StringUtils.repeat instead of stream","messageBody":"","fileTypesAndContributionMap":{"functional-code":{"insertions":3,"deletions":3}}},{"hash":"93815270c1debbe488dd74ca457211f59e7b7c07","messageTitle":"Use rightPad instead of repeat","messageBody":"","fileTypesAndContributionMap":{"functional-code":{"insertions":1,"deletions":2}}},{"hash":"a0a2a3698cc678422202df630cb45f300630c7e2","messageTitle":"Remove black background","messageBody":"","fileTypesAndContributionMap":{"functional-code":{"insertions":1,"deletions":4},"test-code":{"insertions":6,"deletions":7}}}]},{"date":"2022-10-27","commitResults":[{"hash":"518f8239177ce3a70728519959590fdd92f0770f","messageTitle":"Update README.md","messageBody":"","fileTypesAndContributionMap":{"docs":{"insertions":4,"deletions":13}}},{"hash":"a79ce5e49058920dc65f5be6057d36edfb7942e4","messageTitle":"Improve formatting for list and display more info","messageBody":"","fileTypesAndContributionMap":{"functional-code":{"insertions":5,"deletions":9},"other":{"insertions":56,"deletions":34},"test-code":{"insertions":0,"deletions":14}}}]},{"date":"2022-10-28","commitResults":[{"hash":"0cacc90e0829e352ef599b189c97345c6a9d77bf","messageTitle":"Fix line breaks in description","messageBody":"","fileTypesAndContributionMap":{"functional-code":{"insertions":1,"deletions":0}}},{"hash":"aa52fa13ae1d450bcaf9347723e8abcee5b74de2","messageTitle":"Fix table formatting","messageBody":"","fileTypesAndContributionMap":{"docs":{"insertions":1,"deletions":2}}},{"hash":"07b0839daa72625d463b0bdfd6421e98d1a084b0","messageTitle":"Fix bug","messageBody":"","fileTypesAndContributionMap":{"functional-code":{"insertions":4,"deletions":5}}},{"hash":"c54fa95686a6a55e1064258a51af7c8a09ee3b44","messageTitle":"Fix enum fields naming","messageBody":"","fileTypesAndContributionMap":{"functional-code":{"insertions":14,"deletions":14}}},{"hash":"72eb1829ea49b6b2c2f8e83dfab2744ddd08f4e7","messageTitle":"Refactor Day","messageBody":"","fileTypesAndContributionMap":{"functional-code":{"insertions":33,"deletions":1},"test-code":{"insertions":1,"deletions":1}}},{"hash":"c25e791468bba9a500e9221275d379a2f9e01d4c","messageTitle":"Add model class diagram","messageBody":"","fileTypesAndContributionMap":{"docs":{"insertions":154,"deletions":8}}},{"hash":"4a48756050152834e4b72e612194454fc6d4bf58","messageTitle":"Add parser into the model class diagram","messageBody":"","fileTypesAndContributionMap":{"docs":{"insertions":13,"deletions":2}}},{"hash":"023c7f7f5325c6dfadc0f12c9de206b171a47502","messageTitle":"Update model class diagram","messageBody":"","fileTypesAndContributionMap":{"docs":{"insertions":13,"deletions":13}}},{"hash":"1cba5aef67feb001d7a8814c4751fd1e1151bbc8","messageTitle":"Refactor","messageBody":"","fileTypesAndContributionMap":{"functional-code":{"insertions":51,"deletions":48},"test-code":{"insertions":38,"deletions":99}}},{"hash":"aec5d176f07e3968e2b0d19403be031915556598","messageTitle":"Update main sequence diagram","messageBody":"","fileTypesAndContributionMap":{"docs":{"insertions":4,"deletions":1}}},{"hash":"97a312a3d561feb85010c375026695b04dac6136","messageTitle":"Align help, remove unnecessary functions","messageBody":"","fileTypesAndContributionMap":{"functional-code":{"insertions":94,"deletions":198},"test-code":{"insertions":0,"deletions":31}}},{"hash":"1948cf82bbd9677004f069517ba566330ad56e40","messageTitle":"Validation for search module command","messageBody":"","fileTypesAndContributionMap":{"functional-code":{"insertions":53,"deletions":44},"test-code":{"insertions":39,"deletions":14}}},{"hash":"c77b1626bd4b626ae915bce57aedec6d0886363d","messageTitle":"Boost test coverage","messageBody":"","fileTypesAndContributionMap":{"test-code":{"insertions":86,"deletions":0}}},{"hash":"02b52563a549d1658f72893217137b4dafebf9ee","messageTitle":"More tests","messageBody":"","fileTypesAndContributionMap":{"functional-code":{"insertions":7,"deletions":24},"test-code":{"insertions":67,"deletions":9}}},{"hash":"349ca21be4e71777009e83b0f311be758a3e6a19","messageTitle":"Fix checkstyle","messageBody":"","fileTypesAndContributionMap":{"test-code":{"insertions":2,"deletions":2}}}]},{"date":"2022-10-29","commitResults":[{"hash":"cead59a4725798bb3b8176206e453b074d9ef32b","messageTitle":"Change command keywords","messageBody":"","fileTypesAndContributionMap":{"functional-code":{"insertions":26,"deletions":25},"other":{"insertions":35,"deletions":35},"docs":{"insertions":37,"deletions":30},"test-code":{"insertions":11,"deletions":11}}}]},{"date":"2022-10-30","commitResults":[{"hash":"388f0fd965524012f72a4937baaf3a4cf621396b","messageTitle":"Fix timetable on weekends","messageBody":"","fileTypesAndContributionMap":{"functional-code":{"insertions":36,"deletions":7},"test-code":{"insertions":22,"deletions":16}}},{"hash":"b6bcd5d6c037ede52b0ca9b9aa1c0aae95098cb9","messageTitle":"Update user guide","messageBody":"","fileTypesAndContributionMap":{"docs":{"insertions":55,"deletions":53}}},{"hash":"b64f448042138908609c480fda2f26cb55a6840f","messageTitle":"Update dg","messageBody":"","fileTypesAndContributionMap":{"docs":{"insertions":46,"deletions":29}}},{"hash":"d36335af271d054650b69288ba1bfd59267c92be","messageTitle":"Update PPP","messageBody":"","fileTypesAndContributionMap":{"docs":{"insertions":39,"deletions":23}}},{"hash":"0db0c33d95d6a5c6ad911c25f77f74efd664dbc3","messageTitle":"Add more helpful error messages","messageBody":"","fileTypesAndContributionMap":{"functional-code":{"insertions":52,"deletions":45}}},{"hash":"d11626fca0b7898d36896e36c847138b869d3f00","messageTitle":"Add stricter checkstyle","messageBody":"","fileTypesAndContributionMap":{"functional-code":{"insertions":22,"deletions":19},"other":{"insertions":16,"deletions":1},"test-code":{"insertions":91,"deletions":117}}},{"hash":"00b62d27db2665b6ef10fe1c7918e75e378d9194","messageTitle":"Add data downloaded date as disclaimer","messageBody":"","fileTypesAndContributionMap":{"docs":{"insertions":3,"deletions":5}}}]},{"date":"2022-10-31","commitResults":[{"hash":"7fd7647a45fc3a33559863dae682beea3d370a29","messageTitle":"Refactor code","messageBody":"","fileTypesAndContributionMap":{"functional-code":{"insertions":106,"deletions":60},"test-code":{"insertions":6,"deletions":6}}},{"hash":"e8b31fa2bf5de80abdb823fd8a62e33cc91d7a98","messageTitle":"Add more info for list, add some tests for lesson type parser","messageBody":"","fileTypesAndContributionMap":{"functional-code":{"insertions":2,"deletions":1},"docs":{"insertions":14,"deletions":15},"test-code":{"insertions":51,"deletions":0}}},{"hash":"8a3e9bf1db57815a1fe96b09b389f3fe3561a590","messageTitle":"Update examples in userguide","messageBody":"","fileTypesAndContributionMap":{"docs":{"insertions":101,"deletions":40}}},{"hash":"fd7599090b7bbedb35336f95082179dc88c9b039","messageTitle":"Fix formatting","messageBody":"","fileTypesAndContributionMap":{"docs":{"insertions":6,"deletions":6}}},{"hash":"4a287b97b45a7e2570246727ee6bae51bf66f764","messageTitle":"Fix errors in user guide","messageBody":"","fileTypesAndContributionMap":{"docs":{"insertions":2,"deletions":2}}},{"hash":"6f65245360f4a67399b102663a2c3f2522dc404a","messageTitle":"Fix timetable bug, hide missing list fields","messageBody":"","fileTypesAndContributionMap":{"functional-code":{"insertions":18,"deletions":3}}}]},{"date":"2022-11-01","commitResults":[{"hash":"77d2c2b700dab737df2cb3be0e1b78d39e05708e","messageTitle":"Update UserGuide.md","messageBody":"","fileTypesAndContributionMap":{"docs":{"insertions":4,"deletions":4}}},{"hash":"9f4ccaa60b72cd624312d8b5f38084a25fa43e53","messageTitle":"Check for excess params","messageBody":"","fileTypesAndContributionMap":{"functional-code":{"insertions":18,"deletions":1}}},{"hash":"0cadaa2bcea36f20d7132651b8276e3e46ae549b","messageTitle":"Fix timetable bug","messageBody":"","fileTypesAndContributionMap":{"functional-code":{"insertions":34,"deletions":32}}},{"hash":"1522325012c7b37558a1a38d88c70ac7fc42f30f","messageTitle":"Remove unnecessary javadoc","messageBody":"","fileTypesAndContributionMap":{"functional-code":{"insertions":1,"deletions":37}}},{"hash":"c33aedb3e8983f63f7038fc01ee7b9830718db5b","messageTitle":"Refactor tests","messageBody":"","fileTypesAndContributionMap":{"test-code":{"insertions":48,"deletions":62}}},{"hash":"631380e8ea935c105fb7943dd16627bf7842a29b","messageTitle":"Refactor tests","messageBody":"","fileTypesAndContributionMap":{"test-code":{"insertions":5,"deletions":18}}}]},{"date":"2022-11-03","commitResults":[{"hash":"9fb46eae9f975385d3a0e413725c98cfc1617187","messageTitle":"Update README.md","messageBody":"","fileTypesAndContributionMap":{"docs":{"insertions":1,"deletions":17}}}]},{"date":"2022-11-04","commitResults":[{"hash":"e879a54752779667a8efc7a7f5fa24e88b28c6d8","messageTitle":"Rename DeleteModuleCommand to RemoveModuleCommand","messageBody":"","fileTypesAndContributionMap":{"docs":{"insertions":34,"deletions":34}}},{"hash":"f3f72ca5a2f74cbc354fba0db918d786178e6fd4","messageTitle":"Update diagram","messageBody":"","fileTypesAndContributionMap":{"docs":{"insertions":4,"deletions":2}}},{"hash":"332879f95cfff436be8f9b93862f647d17a24913","messageTitle":"Update model class diagram","messageBody":"","fileTypesAndContributionMap":{"docs":{"insertions":81,"deletions":3}}},{"hash":"f9724d4baaa58dd765a280fb1329de964c227760","messageTitle":"Update UserGuide.md","messageBody":"","fileTypesAndContributionMap":{"docs":{"insertions":3,"deletions":1}}},{"hash":"efe5e778e2049ac0d64f95debecfa40c6ce5f604","messageTitle":"Update UserGuide.md","messageBody":"","fileTypesAndContributionMap":{"docs":{"insertions":2,"deletions":0}}},{"hash":"ef218f4a5773b4128da9c14f519e285a84d15f45","messageTitle":"Update UserGuide.md","messageBody":"","fileTypesAndContributionMap":{"docs":{"insertions":2,"deletions":2}}}]},{"date":"2022-11-05","commitResults":[{"hash":"bcac28a12b2d4d20fa58b4797acbc679d4a4fa0f","messageTitle":"Update UserGuide.md","messageBody":"","fileTypesAndContributionMap":{"docs":{"insertions":4,"deletions":3}}},{"hash":"cb1bd974411d375037388095cff241d7781c71bc","messageTitle":"Update UserGuide.md","messageBody":"","fileTypesAndContributionMap":{"docs":{"insertions":2,"deletions":2}}},{"hash":"45bae35f14d8670cbc6d170a2220ebec3780cf4d","messageTitle":"Add to quick start","messageBody":"","fileTypesAndContributionMap":{"docs":{"insertions":10,"deletions":0}}},{"hash":"8cf794851e97d6af2614b94e536eea6b00d004da","messageTitle":"Update UserGuide.md","messageBody":"","fileTypesAndContributionMap":{"docs":{"insertions":1,"deletions":1}}}]},{"date":"2022-11-06","commitResults":[{"hash":"b7d99b66c3aadf22aeb1a02437b76cfd23cd168e","messageTitle":"Update UserGuide.md","messageBody":"","fileTypesAndContributionMap":{"docs":{"insertions":1,"deletions":1}}},{"hash":"6fa30a56f2865dcdfe9a85f9cc3e134751ce2e42","messageTitle":"Update UserGuide.md","messageBody":"","fileTypesAndContributionMap":{"docs":{"insertions":6,"deletions":2}}},{"hash":"efd576123611f1566caa682b6f7890bf2a0a7578","messageTitle":"Update UserGuide.md","messageBody":"","fileTypesAndContributionMap":{"docs":{"insertions":3,"deletions":1}}},{"hash":"0e422164363a0ee8131b8fba1bfe25a6da8bcd84","messageTitle":"Remove circles from class diagram","messageBody":"","fileTypesAndContributionMap":{"docs":{"insertions":1,"deletions":0}}},{"hash":"29a5bd6c240f3a25ea0f1b97027f463a9b1f669e","messageTitle":"Update DeveloperGuide.md","messageBody":"","fileTypesAndContributionMap":{"docs":{"insertions":5,"deletions":1}}},{"hash":"5549572c03647230ef031e30243b271205a2fc6b","messageTitle":"Add profile pic","messageBody":"","fileTypesAndContributionMap":{"docs":{"insertions":1,"deletions":1}}},{"hash":"0837721185f51ca69cc76cfbf5167b6bc18897b7","messageTitle":"Update AboutUs.md","messageBody":"","tags":["v2.1"],"fileTypesAndContributionMap":{"docs":{"insertions":1,"deletions":1}}},{"hash":"f8c1c80cdabf3fccf2731479e972789ddfabfbcf","messageTitle":"Update UserGuide.md","messageBody":"","fileTypesAndContributionMap":{"docs":{"insertions":1,"deletions":1}}}]}],"kohnh":[{"date":"2022-09-30","commitResults":[{"hash":"e5472af599627e5f81fa8aa61ac396f5a1432d93","messageTitle":"Add Koh Ngiap Hin profile","messageBody":"","fileTypesAndContributionMap":{"docs":{"insertions":7,"deletions":7}}}]},{"date":"2022-10-07","commitResults":[{"hash":"021ad225dbb2877fe94e5e858ec534fbf69428df","messageTitle":"Create barebones Parser class","messageBody":"","fileTypesAndContributionMap":{"functional-code":{"insertions":91,"deletions":1},"test-code":{"insertions":43,"deletions":0}}},{"hash":"9e7535d7d5166a8b3930085f3d9c9cdb8dacee8c","messageTitle":"Fix checkstyle error for Parser","messageBody":"","fileTypesAndContributionMap":{"functional-code":{"insertions":7,"deletions":1}}}]},{"date":"2022-10-09","commitResults":[{"hash":"f987c3980520d2d4ac5bb287d3c1ce7828d63ccd","messageTitle":"Update Parser class to check valid commands","messageBody":"","fileTypesAndContributionMap":{"functional-code":{"insertions":40,"deletions":6},"other":{"insertions":1,"deletions":1},"test-code":{"insertions":10,"deletions":2}}},{"hash":"fabda879ae5ee406e2e8cebc925f81f49ecca1e9","messageTitle":"Include more erroneous user command handling","messageBody":"","fileTypesAndContributionMap":{"functional-code":{"insertions":38,"deletions":2},"test-code":{"insertions":6,"deletions":4}}},{"hash":"6a7508deb03d0e800b13d414620171d6a406c1ac","messageTitle":"Update JUnit test","messageBody":"","fileTypesAndContributionMap":{"functional-code":{"insertions":8,"deletions":1},"test-code":{"insertions":7,"deletions":1}}},{"hash":"c7b59cdf93afd1a73f94d5f649f85830e073ccd7","messageTitle":"Add Parsing for Exit and SearchString commands","messageBody":"","fileTypesAndContributionMap":{"functional-code":{"insertions":74,"deletions":10},"test-code":{"insertions":12,"deletions":1}}}]},{"date":"2022-10-12","commitResults":[{"hash":"fb900e8bc3877802e3bd834555aaa0540c6ba90e","messageTitle":"Add view timetable functionality","messageBody":"","fileTypesAndContributionMap":{"functional-code":{"insertions":68,"deletions":5}}},{"hash":"b69b3ebbc78b3a2df3abd961aedacbf3845b2dfb","messageTitle":"Modify parser to use COMMAND_WORD in commands. Add some execution message.","messageBody":"","fileTypesAndContributionMap":{"functional-code":{"insertions":28,"deletions":14}}},{"hash":"792444026def0a26c279cbe1419990a54cf380ec","messageTitle":"Fix checkstyle","messageBody":"","fileTypesAndContributionMap":{"functional-code":{"insertions":1,"deletions":0}}},{"hash":"b02b4e8430e42bddea006c3700b262327524658a","messageTitle":"Add storage functionality","messageBody":"","fileTypesAndContributionMap":{"functional-code":{"insertions":119,"deletions":1}}},{"hash":"449110fd2bebc2e39b8fe3f19e7a2f36058625d0","messageTitle":"Add Junit test for Storage class","messageBody":"","fileTypesAndContributionMap":{"functional-code":{"insertions":11,"deletions":4},"test-code":{"insertions":64,"deletions":0}}},{"hash":"e62b7718059e7e32275ccddbe0cb3b91acad3de9","messageTitle":"Fix checkstyle and change HashMap to TreeMap to maintain ordering","messageBody":"","fileTypesAndContributionMap":{"functional-code":{"insertions":2,"deletions":2},"test-code":{"insertions":6,"deletions":6}}},{"hash":"98b082302dbabe7daee681216f4fd66d251a9ad6","messageTitle":"Remove incorrect Junit test","messageBody":"","fileTypesAndContributionMap":{"test-code":{"insertions":47,"deletions":47}}},{"hash":"7a91c0f8ebf3260688f3921242f4356547111c0d","messageTitle":"Change format for Storage class to export to NUSMods","messageBody":"","fileTypesAndContributionMap":{"functional-code":{"insertions":80,"deletions":38},"test-code":{"insertions":3,"deletions":3}}},{"hash":"02eb1f570e952c10ce469d228727ad51dd3b81b8","messageTitle":"Fix checkstyle","messageBody":"","fileTypesAndContributionMap":{"functional-code":{"insertions":5,"deletions":1}}},{"hash":"7c0bf9a5172c1aa6eb20ce7b88476088412a7ba1","messageTitle":"Fix Junit test","messageBody":"","fileTypesAndContributionMap":{"test-code":{"insertions":47,"deletions":47}}},{"hash":"b196a36c1a1bb6f7606d0972be759fada48a6fca","messageTitle":"Fix checkstyle","messageBody":"","fileTypesAndContributionMap":{"test-code":{"insertions":4,"deletions":4}}},{"hash":"e8e9676d3a630dd547b50eee1645852cfa5838ad","messageTitle":"Fix whitespace","messageBody":"","fileTypesAndContributionMap":{"test-code":{"insertions":1,"deletions":1}}}]},{"date":"2022-10-13","commitResults":[{"hash":"8b71bf588f7ab7aabadb51b97a9ab941aa68faee","messageTitle":"Add assertions and logging","messageBody":"","fileTypesAndContributionMap":{"functional-code":{"insertions":13,"deletions":0}}},{"hash":"8098b893bd62855b1b09e437de860e354233ea2e","messageTitle":"Fix saving format","messageBody":"","fileTypesAndContributionMap":{"functional-code":{"insertions":13,"deletions":7},"test-code":{"insertions":21,"deletions":10}}},{"hash":"db267e455a84b44bc83f9fa5e253fb96f75dd2df","messageTitle":"Modify Junit test","messageBody":"","fileTypesAndContributionMap":{"test-code":{"insertions":8,"deletions":10}}}]},{"date":"2022-10-14","commitResults":[{"hash":"19ebda10c1a9c22d6f6dea5f40c2d38d96df1fd5","messageTitle":"Add some JavaDocs","messageBody":"","fileTypesAndContributionMap":{"functional-code":{"insertions":42,"deletions":12},"test-code":{"insertions":3,"deletions":1}}},{"hash":"891f95c9335ab75b902d1482cb6b24a9dfd01845","messageTitle":"Fix null exception error","messageBody":"","fileTypesAndContributionMap":{"functional-code":{"insertions":28,"deletions":5},"test-code":{"insertions":2,"deletions":1}}}]},{"date":"2022-10-15","commitResults":[{"hash":"4038915e6ae6d6096624cf2203cd6b19ed509d16","messageTitle":"Fix empty duke.txt error","messageBody":"","fileTypesAndContributionMap":{"functional-code":{"insertions":54,"deletions":5}}}]},{"date":"2022-10-16","commitResults":[{"hash":"43116c770198b7de13dadcef442d1ad9b5d2af92","messageTitle":"Do regression testing","messageBody":"","fileTypesAndContributionMap":{"functional-code":{"insertions":56,"deletions":22}}},{"hash":"fbf61fd08cc97215a5e4a1f4da27e8119bdfbee8","messageTitle":"Improve code quality","messageBody":"","fileTypesAndContributionMap":{"functional-code":{"insertions":45,"deletions":22}}}]},{"date":"2022-10-19","commitResults":[{"hash":"37b9197dbf59ff202d651a3dd1e985e296106418","messageTitle":"Start on DG for storage function","messageBody":"","fileTypesAndContributionMap":{"docs":{"insertions":16,"deletions":0}}},{"hash":"86621375df53ffa177be01cd65cb297186b00b26","messageTitle":"Add DG for storage feature","messageBody":"","fileTypesAndContributionMap":{"functional-code":{"insertions":9,"deletions":9},"docs":{"insertions":90,"deletions":22}}},{"hash":"0ac7737a5c4a18347a14ae07606eae5c4ae12cb8","messageTitle":"Create link class","messageBody":"","fileTypesAndContributionMap":{"functional-code":{"insertions":247,"deletions":235}}},{"hash":"ad286bd304be42f4f12f234e70919ac1f99b3062","messageTitle":"Improve JavaDocs","messageBody":"","fileTypesAndContributionMap":{"functional-code":{"insertions":26,"deletions":22}}}]},{"date":"2022-10-20","commitResults":[{"hash":"6982b1f1c0baaf8a8d98c5a879294e13e15a2b10","messageTitle":"Add uml diagram for Link class","messageBody":"","fileTypesAndContributionMap":{"docs":{"insertions":32,"deletions":0}}},{"hash":"a45b5ce6ba4b6bf445ea51402c3c219608598739","messageTitle":"Include parser for ST1 and ST2","messageBody":"","fileTypesAndContributionMap":{"functional-code":{"insertions":56,"deletions":38}}}]},{"date":"2022-10-25","commitResults":[{"hash":"e73e3b3854d5c20233f83894fd88068fbfaa3f20","messageTitle":"Change parser class with helper functions for the command class to call","messageBody":"","fileTypesAndContributionMap":{"functional-code":{"insertions":70,"deletions":91},"test-code":{"insertions":89,"deletions":24}}},{"hash":"5b935a97464732af5e3ec02e36a1d6e62d5a04f0","messageTitle":"Add exception handling for wrong view commands","messageBody":"","fileTypesAndContributionMap":{"functional-code":{"insertions":10,"deletions":1},"test-code":{"insertions":11,"deletions":1}}},{"hash":"1a136205d249b68d2f1d0e16152384cd04388067","messageTitle":"Add DG and modify bat file","messageBody":"","fileTypesAndContributionMap":{"functional-code":{"insertions":13,"deletions":11},"other":{"insertions":1,"deletions":1},"docs":{"insertions":65,"deletions":11},"test-code":{"insertions":1,"deletions":1}}},{"hash":"e839e71d0ebc50c5879fc1a4f2efbb6c98fce458","messageTitle":"Fix checkstyle","messageBody":"","fileTypesAndContributionMap":{"test-code":{"insertions":11,"deletions":1}}},{"hash":"e5e0ffbe9b7b599c101c27c5479d8027fb9877ee","messageTitle":"Fix ParserTest","messageBody":"","fileTypesAndContributionMap":{"functional-code":{"insertions":1,"deletions":1},"test-code":{"insertions":2,"deletions":2}}},{"hash":"67eacea2c16358321c516a09f452ddd4a790afdb","messageTitle":"Fix checkstyle for imports","messageBody":"","fileTypesAndContributionMap":{"test-code":{"insertions":3,"deletions":1}}},{"hash":"a343ca1dfcb4f51094c82eb92e9a08aadf405d1f","messageTitle":"Fix + on wrong line","messageBody":"","fileTypesAndContributionMap":{"test-code":{"insertions":2,"deletions":2}}},{"hash":"846d1fd21f7af8050687ea60758ba7ec694a93d6","messageTitle":"Fix test.sh file","messageBody":"","fileTypesAndContributionMap":{"other":{"insertions":1,"deletions":1}}},{"hash":"bcc4813f1f38402d9374e2a0ed0c400666d778c1","messageTitle":"Change whitespace ignore","messageBody":"","fileTypesAndContributionMap":{"other":{"insertions":1,"deletions":1}}}]},{"date":"2022-10-26","commitResults":[{"hash":"45e373dbbcd01c9cd0bc656a9f81d2a99c3a4037","messageTitle":"Add multi sem saving for storage","messageBody":"","fileTypesAndContributionMap":{"functional-code":{"insertions":29,"deletions":19},"test-code":{"insertions":2,"deletions":1}}},{"hash":"9db975e4c25c6cc0cffceffd4b446ef21e83e446","messageTitle":"Remove testing for openPreviousState","messageBody":"","fileTypesAndContributionMap":{"functional-code":{"insertions":4,"deletions":3},"test-code":{"insertions":27,"deletions":23}}},{"hash":"0eff826b2dac7fc3a7b5c01baeb1930d7ca5c3e9","messageTitle":"Minor change","messageBody":"","fileTypesAndContributionMap":{"other":{"insertions":4,"deletions":0}}},{"hash":"67344bdd1e3a7113cc423349cac53359d98a7528","messageTitle":"small changes","messageBody":"","fileTypesAndContributionMap":{"functional-code":{"insertions":18,"deletions":9},"other":{"insertions":0,"deletions":4},"test-code":{"insertions":33,"deletions":31}}},{"hash":"1e9f618d8303add63726a1703aeea5e20594a2b9","messageTitle":"Separate Storage test","messageBody":"","fileTypesAndContributionMap":{"functional-code":{"insertions":1,"deletions":4},"test-code":{"insertions":36,"deletions":28}}},{"hash":"ec47075227859ea8769086c74edee4da1add6aca","messageTitle":"Change javadoc","messageBody":"","fileTypesAndContributionMap":{"functional-code":{"insertions":1,"deletions":1}}},{"hash":"ba729a5c35598fcf144d56cc38ede93515fb2a6a","messageTitle":"check for empty module and lessons","messageBody":"","fileTypesAndContributionMap":{"functional-code":{"insertions":3,"deletions":0}}},{"hash":"3ccbacd5dcc7f8e4689d759a08c0a6fb1efe8626","messageTitle":"Fix link","messageBody":"","fileTypesAndContributionMap":{"functional-code":{"insertions":3,"deletions":5}}},{"hash":"779b14216b59babb6feee3adaf36f230cb6abb27","messageTitle":"Minor change","messageBody":"","fileTypesAndContributionMap":{"functional-code":{"insertions":5,"deletions":5}}},{"hash":"1ff13fbf91606e55f5c06330ad8bda7b2b01351b","messageTitle":"Add fork","messageBody":"","fileTypesAndContributionMap":{"other":{"insertions":1,"deletions":0}}},{"hash":"8487a0ca7428b2dab078492481f5cbc80a459bc4","messageTitle":"Fix link","messageBody":"","fileTypesAndContributionMap":{"functional-code":{"insertions":1,"deletions":0}}},{"hash":"35e39d6c81bdc62139b22f17f10c03fd5f0e3390","messageTitle":"Fix not deleting old modules","messageBody":"","fileTypesAndContributionMap":{"functional-code":{"insertions":4,"deletions":5}}},{"hash":"7581eb2d20e07626319098a7ce477dcf42469223","messageTitle":"Fix blanket importing","messageBody":"","fileTypesAndContributionMap":{"functional-code":{"insertions":5,"deletions":1}}}]},{"date":"2022-10-27","commitResults":[{"hash":"da0ca92fab17b25795e980f67764a278abf87623","messageTitle":"Disable test that only work on intellij","messageBody":"","fileTypesAndContributionMap":{"test-code":{"insertions":7,"deletions":7}}},{"hash":"72dad02ffb92443d0f3c8103a023cc2450ca80ab","messageTitle":"Add uml diagrams","messageBody":"","fileTypesAndContributionMap":{"docs":{"insertions":53,"deletions":33}}}]},{"date":"2022-10-28","commitResults":[{"hash":"11d66de65765b547f0aee4d8ffcba54548eeae0d","messageTitle":"Add architecture uml","messageBody":"","fileTypesAndContributionMap":{"docs":{"insertions":27,"deletions":0}}},{"hash":"95010149a3448a6192283a67d84b4590815f48ce","messageTitle":"Add more test and correct uml diagrams","messageBody":"","fileTypesAndContributionMap":{"docs":{"insertions":8,"deletions":6},"test-code":{"insertions":62,"deletions":18}}},{"hash":"656bed1fd8ae691ed14fc5920c470e03757bbd1d","messageTitle":"Add architecture","messageBody":"","fileTypesAndContributionMap":{"docs":{"insertions":5,"deletions":0}}},{"hash":"9a165cd044a52b1668b26270154c8db02ac5eb9b","messageTitle":"Fix link class to handle all errors","messageBody":"","fileTypesAndContributionMap":{"functional-code":{"insertions":63,"deletions":47}}},{"hash":"94dc4fb4c64744d8d0faf41e2d455ae6c15f0afd","messageTitle":"Order class diagram alphabetically","messageBody":"","fileTypesAndContributionMap":{"functional-code":{"insertions":3,"deletions":0},"docs":{"insertions":24,"deletions":22}}}]},{"date":"2022-10-29","commitResults":[{"hash":"f4beec238cc3bf945c3f4654a60ac54b47e1f842","messageTitle":"Add to DG","messageBody":"","fileTypesAndContributionMap":{"functional-code":{"insertions":0,"deletions":1}}},{"hash":"98726a96578c3c33b2daf55cf139e022488dfb0c","messageTitle":"Add more to DG","messageBody":"","fileTypesAndContributionMap":{"docs":{"insertions":5,"deletions":1}}},{"hash":"4988c32e11e8419df17f5eebc966a9b583adaa59","messageTitle":"Fix architecture","messageBody":"","fileTypesAndContributionMap":{"docs":{"insertions":2,"deletions":6}}},{"hash":"9335a562bcc7257eadb0c7deaa32ba1e3680a511","messageTitle":"Fix regex for link and make storage save after every command","messageBody":"","fileTypesAndContributionMap":{"functional-code":{"insertions":12,"deletions":8},"test-code":{"insertions":1,"deletions":1}}},{"hash":"fba1cb9abf6ac672091becb16b6fd8363839c7b0","messageTitle":"Standardize UG","messageBody":"","fileTypesAndContributionMap":{"functional-code":{"insertions":1,"deletions":0},"docs":{"insertions":132,"deletions":130}}},{"hash":"2e5dbfbc9fd72ff125e5014fdd26ba057c527072","messageTitle":"Add to UG","messageBody":"","fileTypesAndContributionMap":{"docs":{"insertions":51,"deletions":21}}},{"hash":"4f2eeaf92c3cdaa6a44e42c789cff856db507c62","messageTitle":"Order UI uml alphabetically","messageBody":"","fileTypesAndContributionMap":{"docs":{"insertions":21,"deletions":17}}},{"hash":"1c13b7121ee88e1d3fab808383752c1ea2768d94","messageTitle":"Fix save states in storage","messageBody":"","fileTypesAndContributionMap":{"functional-code":{"insertions":2,"deletions":0}}},{"hash":"a21d730c6935ff4a7ca9a367a17cdc5955647197","messageTitle":"Fix import not working after export","messageBody":"","fileTypesAndContributionMap":{"functional-code":{"insertions":3,"deletions":3}}},{"hash":"37781da26a7527740b4a4231a39b30f31db4ce1b","messageTitle":"Makes sure lesson delimiter is correct","messageBody":"","fileTypesAndContributionMap":{"functional-code":{"insertions":1,"deletions":0}}}]},{"date":"2022-10-30","commitResults":[{"hash":"7f6f885cef35b4cb1e60448a5ee6b9117f9906a9","messageTitle":"Update link to provide more useful information when parsing link","messageBody":"","fileTypesAndContributionMap":{"functional-code":{"insertions":17,"deletions":7},"test-code":{"insertions":5,"deletions":3}}},{"hash":"0ce0830141ff85560ae0aeea8e4ce5b47a691585","messageTitle":"Make the delimiters all final","messageBody":"","fileTypesAndContributionMap":{"functional-code":{"insertions":16,"deletions":21},"docs":{"insertions":3,"deletions":3},"test-code":{"insertions":22,"deletions":0}}}]},{"date":"2022-10-31","commitResults":[{"hash":"da4d94c124ceb93ed8b2ba9d3729df4cc3dcae62","messageTitle":"Fix special term for link","messageBody":"","fileTypesAndContributionMap":{"functional-code":{"insertions":41,"deletions":15},"docs":{"insertions":20,"deletions":11},"test-code":{"insertions":22,"deletions":3}}},{"hash":"2c972026cb7510b4e51ac1f86108704907e57809","messageTitle":"change to DG","messageBody":"","fileTypesAndContributionMap":{"functional-code":{"insertions":11,"deletions":18},"docs":{"insertions":52,"deletions":25}}},{"hash":"476e42cc6296fa045bd00e51f1d7a94043b29634","messageTitle":"Includes all the commands in the DG","messageBody":"","fileTypesAndContributionMap":{"docs":{"insertions":72,"deletions":56}}},{"hash":"e8036c7fee8d3e78a6fd2cbeea45a8464f23be01","messageTitle":"Add more into DG","messageBody":"","fileTypesAndContributionMap":{"docs":{"insertions":52,"deletions":11}}},{"hash":"f1b3d3fa5b13a2510bc8c980d868aa6a300ee7f0","messageTitle":"Disable test that still does not pass on gradle but pass on intellij","messageBody":"","fileTypesAndContributionMap":{"test-code":{"insertions":1,"deletions":0}}}]},{"date":"2022-11-01","commitResults":[{"hash":"60b60291c40d68c4901a71f4144838697c53e080","messageTitle":"Split parseLink function into smaller parts","messageBody":"","fileTypesAndContributionMap":{"functional-code":{"insertions":51,"deletions":39},"docs":{"insertions":7,"deletions":5}}},{"hash":"a311c4fcee59a82d1372dd482b12ddd29e4811d3","messageTitle":"Update individual PPP","messageBody":"","fileTypesAndContributionMap":{"docs":{"insertions":54,"deletions":4}}}]},{"date":"2022-11-02","commitResults":[{"hash":"dbd19562d73b2292af547f24e17449b08788725f","messageTitle":"Fix file naming","messageBody":"","fileTypesAndContributionMap":{"docs":{"insertions":1,"deletions":1}}}]},{"date":"2022-11-04","commitResults":[{"hash":"850cb7385b0b274d204df86b11ba759f21e36c24","messageTitle":"Modify timetable class","messageBody":"","fileTypesAndContributionMap":{"functional-code":{"insertions":75,"deletions":28},"docs":{"insertions":6,"deletions":3},"test-code":{"insertions":2,"deletions":2}}},{"hash":"d16b9df5d4996cda1e033b5216dbfa0c9d9481c3","messageTitle":"Make data file hidden and read-only","messageBody":"","fileTypesAndContributionMap":{"functional-code":{"insertions":1,"deletions":1},"docs":{"insertions":8,"deletions":9}}},{"hash":"e2c810adf4f9d84132ce6c2736bd58db6b4c8fe1","messageTitle":"Fix storage uml","messageBody":"","fileTypesAndContributionMap":{"docs":{"insertions":2,"deletions":2}}},{"hash":"fa98aaf6a7bee9b19bec7dfedde69fbd7686652e","messageTitle":"Check for unix os","messageBody":"","fileTypesAndContributionMap":{"functional-code":{"insertions":8,"deletions":3}}},{"hash":"dec6ead6bbc5368f3b0cb3d7276da52f53dda26e","messageTitle":"For windows only","messageBody":"","fileTypesAndContributionMap":{"functional-code":{"insertions":2,"deletions":2}}}]},{"date":"2022-11-05","commitResults":[{"hash":"05e1b250702802039c8a3c90366fe89bcaa37a01","messageTitle":"Modify DG","messageBody":"","fileTypesAndContributionMap":{"docs":{"insertions":51,"deletions":64}}},{"hash":"eadd769457bf958c1ff75a5ce05c8036554584cf","messageTitle":"Minor changes to the DG","messageBody":"","fileTypesAndContributionMap":{"docs":{"insertions":9,"deletions":6}}},{"hash":"8db3a99855de540ef8494b00aa56ec864a23a5f2","messageTitle":"Fix semester command","messageBody":"","fileTypesAndContributionMap":{"functional-code":{"insertions":12,"deletions":4},"docs":{"insertions":67,"deletions":30}}},{"hash":"55680ea58acef025a4331793418de21cf60a6a5c","messageTitle":"Fix link class","messageBody":"","fileTypesAndContributionMap":{"functional-code":{"insertions":32,"deletions":22},"docs":{"insertions":21,"deletions":18},"test-code":{"insertions":2,"deletions":0}}}]},{"date":"2022-11-06","commitResults":[{"hash":"95128edefb562c0be94ae3d76006f15bb0171c6e","messageTitle":"Add class diagrams for some commands","messageBody":"","fileTypesAndContributionMap":{"docs":{"insertions":71,"deletions":5}}},{"hash":"8a3306e64fab1b7ee46f836e7c91fb5eca06624e","messageTitle":"Add class uml diagram for remaining commands","messageBody":"","fileTypesAndContributionMap":{"docs":{"insertions":112,"deletions":4}}},{"hash":"36b969544697ae2ecab9b9ecb4cb140b9826fda5","messageTitle":"Fix link class","messageBody":"","fileTypesAndContributionMap":{"functional-code":{"insertions":6,"deletions":10},"docs":{"insertions":1,"deletions":1},"test-code":{"insertions":23,"deletions":0}}},{"hash":"d7499fcac8f3d8e3773ac37835b303b147501c1f","messageTitle":"Remove unnecessary parts","messageBody":"","fileTypesAndContributionMap":{"functional-code":{"insertions":0,"deletions":1}}},{"hash":"0c253ce5e078584290ee7c8d84b0146bb13e3a34","messageTitle":"Fix parser javadocs","messageBody":"","fileTypesAndContributionMap":{"functional-code":{"insertions":1,"deletions":2}}},{"hash":"f2459778e04d2c39e3f6b598ff498ba939c6851c","messageTitle":"Update all command class diagram","messageBody":"","fileTypesAndContributionMap":{"docs":{"insertions":85,"deletions":47}}},{"hash":"c520c43c6e170e2d8d9982083cc40b8cf463a0d6","messageTitle":"Update other class diagrams","messageBody":"","fileTypesAndContributionMap":{"docs":{"insertions":55,"deletions":55}}},{"hash":"57df5f9dc995ef1c632281dd402002ee69cc496d","messageTitle":"Fix addmodule class diagram","messageBody":"","fileTypesAndContributionMap":{"docs":{"insertions":1,"deletions":1}}},{"hash":"0af94b303ad5d1ec6e7f613196974edba6d51adf","messageTitle":"Update list command class diagram","messageBody":"","fileTypesAndContributionMap":{"docs":{"insertions":1,"deletions":0}}},{"hash":"307f64da037fc658381c5adacb2eec4e56eaf043","messageTitle":"Edit PPP","messageBody":"","fileTypesAndContributionMap":{"docs":{"insertions":3,"deletions":5}}},{"hash":"ab87a1622ba017571b8e41498449d70bea915254","messageTitle":"Shorten PPP","messageBody":"","fileTypesAndContributionMap":{"docs":{"insertions":13,"deletions":13}}}]}],"CheahHaoYi":[{"date":"2022-09-30","commitResults":[{"hash":"fb37e92b1e35734058e6c3a98b0b536dc6331fde","messageTitle":"Add Hao Yi Profile","messageBody":"","fileTypesAndContributionMap":{"docs":{"insertions":7,"deletions":7}}}]},{"date":"2022-10-07","commitResults":[{"hash":"ff5115af1cbf656dc361a1c26cff36222d0cdb29","messageTitle":"Add some trivial JUnit test code","messageBody":"","fileTypesAndContributionMap":{"test-code":{"insertions":6,"deletions":0}}}]},{"date":"2022-10-11","commitResults":[{"hash":"e5c78d2bb7f3110742551481d986f4c3abea82a3","messageTitle":"Create Ui Class","messageBody":"","fileTypesAndContributionMap":{"functional-code":{"insertions":100,"deletions":0},"test-code":{"insertions":20,"deletions":0}}},{"hash":"04cfea0a4f7edb204404c171a68dc3019d51938b","messageTitle":"Add Javadoc for Ui Class","messageBody":"","fileTypesAndContributionMap":{"functional-code":{"insertions":6,"deletions":1}}},{"hash":"c3989d0f874afc9b37ab3f4e8e0c74940933bbd2","messageTitle":"Create main Programme Flow Add IsExit method in command class","messageBody":"","fileTypesAndContributionMap":{"functional-code":{"insertions":107,"deletions":11}}},{"hash":"1c0dafa9967cbbe0310cf653ea2311260ac604a8","messageTitle":"Fix Javadoc period","messageBody":"","fileTypesAndContributionMap":{"functional-code":{"insertions":10,"deletions":10}}},{"hash":"9b86503efbc0abf92fb6416e501b9c2dce4c0733","messageTitle":"Add one period for JavaDoc","messageBody":"","fileTypesAndContributionMap":{"functional-code":{"insertions":1,"deletions":1}}}]},{"date":"2022-10-14","commitResults":[{"hash":"38912685d98884a9407a8cfe007d30095bbcf197","messageTitle":"skeleton for User guide","messageBody":"","fileTypesAndContributionMap":{"docs":{"insertions":69,"deletions":14}}},{"hash":"61fa78b7839927ab508d507f2863ee2004cde4ce","messageTitle":"add outline for commands","messageBody":"","fileTypesAndContributionMap":{"docs":{"insertions":175,"deletions":26}}},{"hash":"c238a3f71bf5cb5e9b917d5e93f838bf0ed50730","messageTitle":"Complete User Guide","messageBody":"","fileTypesAndContributionMap":{"docs":{"insertions":103,"deletions":13}}}]},{"date":"2022-10-19","commitResults":[{"hash":"a37eec7a31db17eadb4844d93c3005c88d3e67fc","messageTitle":"create exceptions","messageBody":"","fileTypesAndContributionMap":{"functional-code":{"insertions":74,"deletions":83},"test-code":{"insertions":11,"deletions":9}}},{"hash":"045abbd7cee2a9115a729e82d08fa86c03257f60","messageTitle":"Split multi-line error message","messageBody":"","fileTypesAndContributionMap":{"functional-code":{"insertions":14,"deletions":6}}},{"hash":"e95a556439f3eddef23a320ea3441f8864ad0945","messageTitle":"skeleton for export command","messageBody":"","fileTypesAndContributionMap":{"functional-code":{"insertions":38,"deletions":8}}},{"hash":"fb62b943d5864e605575b576b1099d3793f29420","messageTitle":"Minor adjustment to codestyle","messageBody":"","fileTypesAndContributionMap":{"functional-code":{"insertions":8,"deletions":5}}},{"hash":"c91581b1c4f015f126297f1a18f4ae78739f07fb","messageTitle":"Fix exception bug","messageBody":"","fileTypesAndContributionMap":{"functional-code":{"insertions":6,"deletions":5}}}]},{"date":"2022-10-21","commitResults":[{"hash":"ff17fea50db8858e8cca0703a3b7318278939bfa","messageTitle":"Refactor Exceptions","messageBody":"","fileTypesAndContributionMap":{"functional-code":{"insertions":57,"deletions":108}}},{"hash":"cfd9d2103164b147cf2eddc8e3e1740214629b59","messageTitle":"Change exception handling in parser","messageBody":"","fileTypesAndContributionMap":{"functional-code":{"insertions":17,"deletions":7}}},{"hash":"9d4e176f07e6e22094e7d9701871d5f91546a6d4","messageTitle":"Rename YamomException","messageBody":"","fileTypesAndContributionMap":{"functional-code":{"insertions":36,"deletions":36},"other":{"insertions":3,"deletions":3}}},{"hash":"a3882a9f9c38fdb1866ffaf32b8e27817242200b","messageTitle":"Add import functionality","messageBody":"","fileTypesAndContributionMap":{"functional-code":{"insertions":1,"deletions":1}}},{"hash":"5b48b3564b25ef13c733304e055767c035967e52","messageTitle":"Update Developer Guide","messageBody":"","fileTypesAndContributionMap":{"docs":{"insertions":28,"deletions":0}}}]},{"date":"2022-10-22","commitResults":[{"hash":"f8fef2a677fd63f1de828033fea4d9d8e3a585a8","messageTitle":"Slight refactor of the import command","messageBody":"","fileTypesAndContributionMap":{"functional-code":{"insertions":45,"deletions":51}}},{"hash":"7244c632ddc351a8ded8c14f00819315efe4d321","messageTitle":"Implement User Prompt","messageBody":"","fileTypesAndContributionMap":{"functional-code":{"insertions":6,"deletions":0}}},{"hash":"c9ab0f6f4763201f96d00cf59fceda4734bb8d0f","messageTitle":"Add command prompt Catch error when user do not input a proper NUSMOD link","messageBody":"","fileTypesAndContributionMap":{"functional-code":{"insertions":57,"deletions":17}}}]},{"date":"2022-10-23","commitResults":[{"hash":"66b670274bd9daf37e9b0a27238b5f335e0a0bd8","messageTitle":"Format Help Message Display","messageBody":"","fileTypesAndContributionMap":{"functional-code":{"insertions":199,"deletions":123}}},{"hash":"94aae956923f3464edde7a1c9afa732042991ea7","messageTitle":"Quick fix to check for empty argument Update help command Update Ui-test","messageBody":"","fileTypesAndContributionMap":{"functional-code":{"insertions":50,"deletions":19}}}]},{"date":"2022-10-25","commitResults":[{"hash":"3655c0eadace88499ec9097d9c965af4d284aaa1","messageTitle":"Fix some bugs Update UI test","messageBody":"","fileTypesAndContributionMap":{"functional-code":{"insertions":70,"deletions":19}}},{"hash":"291241991e7316913996f8649e87adc0c51b45ac","messageTitle":"Documentation for YamomException","messageBody":"","fileTypesAndContributionMap":{"functional-code":{"insertions":4,"deletions":0}}},{"hash":"ae25824a2bacbe82200e5d046026391ef038565b","messageTitle":"Update Usage for search and view","messageBody":"","fileTypesAndContributionMap":{"functional-code":{"insertions":45,"deletions":57},"other":{"insertions":1,"deletions":1}}},{"hash":"37c810e9a8624558a5d07a8be43c3fb31277fd48","messageTitle":"Fix whitespace error for UI test","messageBody":"","fileTypesAndContributionMap":{"test-code":{"insertions":5,"deletions":5}}},{"hash":"5b94248439b9b2e2d3965d80670b13c3823b8dd7","messageTitle":"Update bash script to remove whitespace","messageBody":"","fileTypesAndContributionMap":{"other":{"insertions":1,"deletions":1}}}]},{"date":"2022-10-26","commitResults":[{"hash":"baa4de27f40f07578c163528c33d209cb601337d","messageTitle":"Update Documentation","messageBody":"","fileTypesAndContributionMap":{"docs":{"insertions":74,"deletions":7}}},{"hash":"e595903b85b47dd8569459c1c6cab6d395b6f677","messageTitle":"fix about us link","messageBody":"","fileTypesAndContributionMap":{"docs":{"insertions":7,"deletions":7}}},{"hash":"c928d413580841df8033fb8129a69904f4aef5ed","messageTitle":"Update guide","messageBody":"","fileTypesAndContributionMap":{"docs":{"insertions":220,"deletions":66}}}]},{"date":"2022-11-06","commitResults":[{"hash":"d1b6a7874ce27ae2506e02db95a16af990a6d77b","messageTitle":"Wrote Hao Yi\u0027s PP","messageBody":"","fileTypesAndContributionMap":{"docs":{"insertions":0,"deletions":0}}},{"hash":"73d3c03658c9c2f0c1e713632475fe2d0a08ae19","messageTitle":"Update Hao Yi\u0027s PP","messageBody":"","fileTypesAndContributionMap":{"docs":{"insertions":33,"deletions":4}}}]}],"amitrahman1026":[{"date":"2022-10-09","commitResults":[{"hash":"11b0f8b001b8611b2f404755480dff36a9fb14ce","messageTitle":"Add getters for LessonTypes from semesterData of modules","messageBody":"","fileTypesAndContributionMap":{"functional-code":{"insertions":39,"deletions":13}}},{"hash":"97d82ea6fc7da52478d6ca9150906de904a15d4a","messageTitle":"Update State class attributes","messageBody":"","fileTypesAndContributionMap":{"functional-code":{"insertions":16,"deletions":11}}},{"hash":"8a23ce099cb442277e96588085f599740d8d20fb","messageTitle":"Check for coding style","messageBody":"","fileTypesAndContributionMap":{"functional-code":{"insertions":5,"deletions":2}}}]},{"date":"2022-10-11","commitResults":[{"hash":"4c8e0ca3144dfb25862d409c7e2a1e04da10e601","messageTitle":"Update coding style","messageBody":"","fileTypesAndContributionMap":{"functional-code":{"insertions":8,"deletions":4}}},{"hash":"5c32df72e972ec1e1ff45584d11e0213fe324890","messageTitle":"Add setters and getters for state","messageBody":"","fileTypesAndContributionMap":{"functional-code":{"insertions":10,"deletions":1}}},{"hash":"10240e009d3ca57f7e025acadea7bd32159b959c","messageTitle":"Add addSelectedModule and removeSeletectedModule to State class","messageBody":"","fileTypesAndContributionMap":{"functional-code":{"insertions":25,"deletions":0}}},{"hash":"89c1c9ecd20124514d73daa5ebcc37d4eaaf523a","messageTitle":"Update State exceptions","messageBody":"","fileTypesAndContributionMap":{"functional-code":{"insertions":7,"deletions":6}}},{"hash":"35c367837e8fa9e193bb9fba74a3d4c4cc9db45e","messageTitle":"Add AddModuleCommand implementation","messageBody":"","fileTypesAndContributionMap":{"functional-code":{"insertions":28,"deletions":4}}},{"hash":"26f41bbb2fdd4b4dca3887e2b6af4ffc5e76770e","messageTitle":"Add sample tests","messageBody":"","fileTypesAndContributionMap":{"test-code":{"insertions":4,"deletions":0}}},{"hash":"5353789eb32d9c195cd8d8d84c0b6ed275750f47","messageTitle":"implement executionMessage","messageBody":"","fileTypesAndContributionMap":{"functional-code":{"insertions":45,"deletions":0}}},{"hash":"c4a895384f54096382a1dbcbd22cbef9c2f7ea0d","messageTitle":"checkstyle","messageBody":"","fileTypesAndContributionMap":{"test-code":{"insertions":1,"deletions":0}}},{"hash":"ca1e3b4c2b38c41fed3d77deac337c8a9b802180","messageTitle":"checkstyle","messageBody":"","fileTypesAndContributionMap":{"functional-code":{"insertions":14,"deletions":3}}},{"hash":"90f7aba951c178584f089684f2f3a2c7f400d34e","messageTitle":"checkstyle","messageBody":"","fileTypesAndContributionMap":{"functional-code":{"insertions":1,"deletions":1}}}]},{"date":"2022-10-12","commitResults":[{"hash":"4e3e8fa421d2a51eef524025dc07544e9802369e","messageTitle":"Javadoc","messageBody":"","fileTypesAndContributionMap":{"functional-code":{"insertions":8,"deletions":0}}}]},{"date":"2022-10-13","commitResults":[{"hash":"526146be5ef2ef8461671b015eb053453728647a","messageTitle":"add help command","messageBody":"","fileTypesAndContributionMap":{"functional-code":{"insertions":7,"deletions":0}}},{"hash":"a3970fe52bbeb7dedf63e30c4ab4f27ecd5938dc","messageTitle":"checkstyle","messageBody":"","fileTypesAndContributionMap":{"functional-code":{"insertions":2,"deletions":0}}},{"hash":"23e6777ab2bd131312b0e5834158c4e0cb325a3b","messageTitle":"add Help command","messageBody":"","fileTypesAndContributionMap":{"functional-code":{"insertions":27,"deletions":12}}},{"hash":"2741703fab86c288aa93fe99845e2c565d4138a6","messageTitle":"add SearchModuleFacultyCommand","messageBody":"","fileTypesAndContributionMap":{"functional-code":{"insertions":74,"deletions":0}}},{"hash":"0de481888bbd9ed00a2dae645236f272d507ea3a","messageTitle":"checkstyle","messageBody":"","fileTypesAndContributionMap":{"functional-code":{"insertions":3,"deletions":18}}},{"hash":"93fcb047a54340c7dd9c36739991e5ac300ce66e","messageTitle":"fix delete module and ovverride equals()","messageBody":"","fileTypesAndContributionMap":{"functional-code":{"insertions":31,"deletions":0}}},{"hash":"f12b0e35fa2646620b010f0eca43f63835d12521","messageTitle":"fix typo in SearchTest","messageBody":"","fileTypesAndContributionMap":{"test-code":{"insertions":3,"deletions":3}}},{"hash":"d48aad2a2e9719b0592c0c692e322d8151196e62","messageTitle":"add skeleton for dev guide","messageBody":"","fileTypesAndContributionMap":{"docs":{"insertions":121,"deletions":15}}}]},{"date":"2022-10-14","commitResults":[{"hash":"8089c497e9decba39e82378fadf8f8b4f01f41ae","messageTitle":"update about me","messageBody":"","fileTypesAndContributionMap":{"docs":{"insertions":7,"deletions":8}}},{"hash":"dbfe94d22c98ec42b079f188367550765e7b0231","messageTitle":"typo fix in searchtest","messageBody":"","fileTypesAndContributionMap":{"test-code":{"insertions":3,"deletions":3}}},{"hash":"3c56053c6d4fb00c59aeeff409535548571c88a7","messageTitle":"Command to change semester","messageBody":"","fileTypesAndContributionMap":{"functional-code":{"insertions":48,"deletions":1}}},{"hash":"29ef4794f7ad2f8dd206b6d3f02e317b382eccf3","messageTitle":"Command to change semester update","messageBody":"","fileTypesAndContributionMap":{"functional-code":{"insertions":19,"deletions":6}}},{"hash":"4b91fc964585e9b6972a303b6baf1fe7065d3042","messageTitle":"update help command","messageBody":"","fileTypesAndContributionMap":{"functional-code":{"insertions":4,"deletions":1}}}]},{"date":"2022-10-15","commitResults":[{"hash":"ecd0ea262e9c9a326641c3d74dec8f87d5739109","messageTitle":"added special terms","messageBody":"","fileTypesAndContributionMap":{"functional-code":{"insertions":1,"deletions":2}}}]},{"date":"2022-10-19","commitResults":[{"hash":"4b65e1c43f132eafbcfde85479e5ce559191ccb9","messageTitle":"update checkstyle to follow Addressbook lvl 4","messageBody":"","fileTypesAndContributionMap":{"functional-code":{"insertions":34,"deletions":1},"other":{"insertions":389,"deletions":187}}},{"hash":"512da31578a4bdf3831ab336ded4430a0b324ca0","messageTitle":"revert checkstyle, update gradle dependencies","messageBody":"","fileTypesAndContributionMap":{"functional-code":{"insertions":1,"deletions":1},"other":{"insertions":187,"deletions":377}}},{"hash":"fc7490a13781f991164251693873b9aa98deae3c","messageTitle":"update build.gradle","messageBody":"","fileTypesAndContributionMap":{"functional-code":{"insertions":23,"deletions":4},"other":{"insertions":0,"deletions":1}}}]},{"date":"2022-10-20","commitResults":[{"hash":"d8a8ed8c86439b9c5c3c7b3f29422bd21962f98a","messageTitle":"checkstyle","messageBody":"","fileTypesAndContributionMap":{"functional-code":{"insertions":1,"deletions":0}}}]},{"date":"2022-10-21","commitResults":[{"hash":"042586fa6199deaa407324c619c7f4bf054ae6ec","messageTitle":"delete bug fix","messageBody":"","fileTypesAndContributionMap":{"functional-code":{"insertions":3,"deletions":2}}},{"hash":"71b8765f6bed5f8babd334984960a2e8af78d2ca","messageTitle":"dg for add and delete command","messageBody":"","fileTypesAndContributionMap":{"functional-code":{"insertions":18,"deletions":2},"docs":{"insertions":39,"deletions":0}}},{"hash":"6ce319852ef1190c1966d70372a84fb9d2aa9473","messageTitle":"update help command","messageBody":"","fileTypesAndContributionMap":{"functional-code":{"insertions":55,"deletions":37},"docs":{"insertions":21,"deletions":3}}}]},{"date":"2022-10-22","commitResults":[{"hash":"6171f59c8508c540c0166275cf2661e6a4623649","messageTitle":"Add display selected Modules list command","messageBody":"","fileTypesAndContributionMap":{"functional-code":{"insertions":121,"deletions":0},"docs":{"insertions":14,"deletions":0}}},{"hash":"e30f2a3189311efce6da3899bb6838c1bd47ade5","messageTitle":"checkstyle and javadocs","messageBody":"","fileTypesAndContributionMap":{"functional-code":{"insertions":22,"deletions":19}}},{"hash":"2e28b40af335252b4a37e318600ef9c0ec2ac456","messageTitle":"Update logging and help","messageBody":"","fileTypesAndContributionMap":{"functional-code":{"insertions":59,"deletions":33}}},{"hash":"d07c745b85b97834471115595b843bb630a956a7","messageTitle":"typo","messageBody":"","fileTypesAndContributionMap":{"functional-code":{"insertions":1,"deletions":4}}},{"hash":"f7a6063f8b77804fec5a83ece579e88b8f18c359","messageTitle":"fix state deepcopy bug","messageBody":"","fileTypesAndContributionMap":{"functional-code":{"insertions":10,"deletions":3}}},{"hash":"7df3408f2f9d1d195f8927d858138a686df7ec6b","messageTitle":"checkstyle","messageBody":"","fileTypesAndContributionMap":{"functional-code":{"insertions":48,"deletions":51}}}]},{"date":"2022-10-26","commitResults":[{"hash":"32ff6f587c657fd9227654d2ce4aa4f7bbd10de4","messageTitle":"add tests for add and delete command","messageBody":"","fileTypesAndContributionMap":{"functional-code":{"insertions":15,"deletions":11},"test-code":{"insertions":527,"deletions":6}}},{"hash":"19d846052cc90d6ce0cb8d9031e4f976120598b6","messageTitle":"checkstyle","messageBody":"","fileTypesAndContributionMap":{"functional-code":{"insertions":1,"deletions":1}}},{"hash":"04368f384789ec789fc69802225561640f72ef31","messageTitle":"checkstyle","messageBody":"","fileTypesAndContributionMap":{"test-code":{"insertions":41,"deletions":38}}},{"hash":"83555cf2ad43bc05b3d93b40154f6c7a586c582f","messageTitle":"minor updates on non static variables in state","messageBody":"","fileTypesAndContributionMap":{"functional-code":{"insertions":12,"deletions":12},"test-code":{"insertions":4,"deletions":7}}},{"hash":"b13758ae61bf6cda3b90824465e86beac32693cf","messageTitle":"hot fix nullpointerexception in add module command","messageBody":"","fileTypesAndContributionMap":{"functional-code":{"insertions":16,"deletions":10}}},{"hash":"7ace879964a43a256a5201dd1a5af0614d1fdef8","messageTitle":"remove debug lines","messageBody":"","fileTypesAndContributionMap":{"functional-code":{"insertions":0,"deletions":2}}},{"hash":"cbf918cd3042f1d36d84591d67307d246f27a809","messageTitle":"UG minor typo","messageBody":"","fileTypesAndContributionMap":{"docs":{"insertions":1,"deletions":1}}},{"hash":"36b956174b511843f3ec06f44f13c5e8db3decaa","messageTitle":"UG minor typo","messageBody":"","fileTypesAndContributionMap":{"docs":{"insertions":4,"deletions":4}}}]},{"date":"2022-10-27","commitResults":[{"hash":"d815044a68ca19ff0bcfba71e815a05ee1adef2a","messageTitle":"add module invalid module code validation","messageBody":"","fileTypesAndContributionMap":{"functional-code":{"insertions":23,"deletions":9},"test-code":{"insertions":22,"deletions":26}}},{"hash":"9bcbb0fb2362329424335a6a9382263ba28eb203","messageTitle":"add module invalid module code validation updated","messageBody":"","fileTypesAndContributionMap":{"functional-code":{"insertions":1,"deletions":1},"test-code":{"insertions":0,"deletions":6}}}]},{"date":"2022-10-29","commitResults":[{"hash":"f1133ff6d8b3d1ecbdb270316b2e7508749245d1","messageTitle":"hotfix #181 display full database","messageBody":"","fileTypesAndContributionMap":{"functional-code":{"insertions":19,"deletions":3}}},{"hash":"859e151adf4dc3096f576726e0c5b7e07f53091d","messageTitle":"update UG for select slot command examples","messageBody":"","fileTypesAndContributionMap":{"functional-code":{"insertions":1,"deletions":1},"docs":{"insertions":14,"deletions":1}}}]},{"date":"2022-10-30","commitResults":[{"hash":"65d5c67327ca0774556f50995a96e3823b931c11","messageTitle":"update UG for select slot","messageBody":"","fileTypesAndContributionMap":{"docs":{"insertions":16,"deletions":13}}},{"hash":"d8a7365fd3f0bb6b4f18764aad6c1c7e3ea10da4","messageTitle":"minor refactor","messageBody":"","fileTypesAndContributionMap":{"functional-code":{"insertions":2,"deletions":2}}}]},{"date":"2022-11-03","commitResults":[{"hash":"51a108e9c47b59a3fc3e72398c8dd2ef478421e7","messageTitle":"update tests","messageBody":"","fileTypesAndContributionMap":{"functional-code":{"insertions":7,"deletions":5},"test-code":{"insertions":29,"deletions":53}}}]},{"date":"2022-11-05","commitResults":[{"hash":"608ead651065714e23373935f612115d3d29ea4f","messageTitle":"update section 5 (testing) of DG","messageBody":"","fileTypesAndContributionMap":{"docs":{"insertions":335,"deletions":126},"test-code":{"insertions":0,"deletions":1}}},{"hash":"6d5ba333f328220e18cffd59a82a5ced852f0705","messageTitle":"add ppp","messageBody":"","fileTypesAndContributionMap":{"docs":{"insertions":65,"deletions":10}}},{"hash":"e5c61779cd34b7c107cb1564ffe280e12dc061b4","messageTitle":"fix checkstyle","messageBody":"","fileTypesAndContributionMap":{"functional-code":{"insertions":3,"deletions":3},"docs":{"insertions":6,"deletions":6}}},{"hash":"8dff596328d2844f51aec2518507f60048e50e02","messageTitle":"update StateTest","messageBody":"","fileTypesAndContributionMap":{"docs":{"insertions":13,"deletions":13},"test-code":{"insertions":1,"deletions":21}}}]},{"date":"2022-11-06","commitResults":[{"hash":"dd8da0f128f8b9d3f0c390658a46ad3103ce1d97","messageTitle":"change example for integration testing and revamp system testing in DG","messageBody":"","fileTypesAndContributionMap":{"docs":{"insertions":31,"deletions":89}}},{"hash":"067dd7392251eda47211f362358285317d40ac68","messageTitle":"add product scope","messageBody":"","fileTypesAndContributionMap":{"docs":{"insertions":3,"deletions":0}}},{"hash":"f6280cb33fac0039c9041b9893162d3ef5c72063","messageTitle":"hotfix for remove","messageBody":"","fileTypesAndContributionMap":{"functional-code":{"insertions":17,"deletions":8}}},{"hash":"ec687a906247ce2c033f77949453d933852fd579","messageTitle":"checkstyle","messageBody":"","fileTypesAndContributionMap":{"functional-code":{"insertions":1,"deletions":1}}},{"hash":"22429e9ee69361cd07a6f93de7542a3d986daef2","messageTitle":"checkstyle","messageBody":"","fileTypesAndContributionMap":{"functional-code":{"insertions":1,"deletions":4}}},{"hash":"fe5a2935a19afa6ca25a77de4bc11454cc1854bd","messageTitle":"checkstyle","messageBody":"","fileTypesAndContributionMap":{"functional-code":{"insertions":6,"deletions":7}}},{"hash":"d5cf9229a8f3d3773431d14d1ddebecf0386e7d8","messageTitle":"add object diagram","messageBody":"","fileTypesAndContributionMap":{"docs":{"insertions":5,"deletions":0}}}]}],"deenliong":[{"date":"2022-09-30","commitResults":[{"hash":"fa9fd663664fa9eea1f966fa3bbcbafb0407db9d","messageTitle":"Added my own about me","messageBody":"","fileTypesAndContributionMap":{"other":{"insertions":0,"deletions":0},"docs":{"insertions":7,"deletions":7}}}]},{"date":"2022-10-09","commitResults":[{"hash":"36448e120667d4b19c52da54fd7ba29d15a617dc","messageTitle":"test","messageBody":"","fileTypesAndContributionMap":{"functional-code":{"insertions":44,"deletions":5}}}]},{"date":"2022-10-10","commitResults":[{"hash":"edf77ff59b847ab2f2553f0ef53cadbad5bee1bf","messageTitle":"Added search command and search test","messageBody":"","fileTypesAndContributionMap":{"functional-code":{"insertions":162,"deletions":95},"test-code":{"insertions":43,"deletions":6}}},{"hash":"fcc9c4903bbf4b3ae21a663daa44b054569332bf","messageTitle":"did gradlew check","messageBody":"","fileTypesAndContributionMap":{"functional-code":{"insertions":2,"deletions":3},"test-code":{"insertions":1,"deletions":1}}}]},{"date":"2022-10-11","commitResults":[{"hash":"e1de3242e7da664f16c383bccc30fe58b2ecdd3f","messageTitle":"Edited search test","messageBody":"","fileTypesAndContributionMap":{"test-code":{"insertions":3,"deletions":3}}},{"hash":"5381dc9f55268b1d33596ca916a4eaaedf6b2889","messageTitle":"added period to the first sentence for doccumentation","messageBody":"","fileTypesAndContributionMap":{"functional-code":{"insertions":5,"deletions":6}}},{"hash":"b9891db94ab2658d4a6318277dcf0d3d5f0a2cd7","messageTitle":"checkstyle","messageBody":"","fileTypesAndContributionMap":{"functional-code":{"insertions":2,"deletions":2}}}]},{"date":"2022-10-12","commitResults":[{"hash":"e574a48d8494ec338b63c2a525164e49c64e6c3e","messageTitle":"added some searchbycode stuff","messageBody":"","fileTypesAndContributionMap":{"functional-code":{"insertions":9,"deletions":2},"test-code":{"insertions":1,"deletions":1}}}]},{"date":"2022-10-13","commitResults":[{"hash":"3ddec98383dc8362ab5fa22487475cb613917364","messageTitle":"some import error","messageBody":"","fileTypesAndContributionMap":{"functional-code":{"insertions":72,"deletions":65}}},{"hash":"0519b2e509947c34483b37494013713eb224bcad","messageTitle":"search command with different arguments and test done","messageBody":"","fileTypesAndContributionMap":{"functional-code":{"insertions":178,"deletions":203},"test-code":{"insertions":96,"deletions":14}}},{"hash":"12bbf4ae39b6fa97232d23fb3e80de23406b771e","messageTitle":"added assertion - not sure if did correctly","messageBody":"","fileTypesAndContributionMap":{"functional-code":{"insertions":4,"deletions":3}}},{"hash":"a5347f97ae220cab4e594ecbc7e83b15ad33e063","messageTitle":"gradlew check","messageBody":"","fileTypesAndContributionMap":{"functional-code":{"insertions":25,"deletions":18},"test-code":{"insertions":25,"deletions":18}}}]},{"date":"2022-10-14","commitResults":[{"hash":"d59dd86aaa3b56a983feb4df3199c18656933684","messageTitle":"edited test expected output","messageBody":"","fileTypesAndContributionMap":{"test-code":{"insertions":1,"deletions":5}}},{"hash":"f67b3dd47788c37ac8d6a95d8d621ea697430535","messageTitle":"commented out parser test that is making PR fail. this test - parse_wrongSearchInput_returnNewErrorCommand() FAILED - is no longer needed","messageBody":"","fileTypesAndContributionMap":{"test-code":{"insertions":9,"deletions":8}}},{"hash":"dc5e29574e31165ff24ca8199b07f4639f4c38b2","messageTitle":"removed this test - parse_wrongSearchInput_returnNewErrorCommand() - as it is no longer needed","messageBody":"","fileTypesAndContributionMap":{"test-code":{"insertions":0,"deletions":10}}},{"hash":"3064440ad2981340f989eba4ba302b5c0a5045d4","messageTitle":"added assertiong and logging","messageBody":"","fileTypesAndContributionMap":{"functional-code":{"insertions":10,"deletions":4}}},{"hash":"5198c9aeb8e1f347fd97ea297deb597594d7df2f","messageTitle":"resolved conflicts","messageBody":"","fileTypesAndContributionMap":{"test-code":{"insertions":0,"deletions":7}}},{"hash":"2644883db717092983a41ce58022bb6ac098bec6","messageTitle":"edited based on comments for PR","messageBody":"","fileTypesAndContributionMap":{"functional-code":{"insertions":23,"deletions":21}}},{"hash":"3d0e55a390a4b58e50c6430ccd699f5a37e010a4","messageTitle":"removed commented block","messageBody":"","fileTypesAndContributionMap":{"functional-code":{"insertions":5,"deletions":27}}}]},{"date":"2022-10-17","commitResults":[{"hash":"8d1ff2eb69583b8211eb99108528690f79899b97","messageTitle":"moved level calculation to model/Module.java","messageBody":"","fileTypesAndContributionMap":{"functional-code":{"insertions":8,"deletions":6}}},{"hash":"a73f280118bb907852a845591263388c99d67f20","messageTitle":"create a new list and add the elements matching the criteria to the new list","messageBody":"","fileTypesAndContributionMap":{"functional-code":{"insertions":8,"deletions":6}}},{"hash":"92bc39b29c6bb6a1e4e81d4756f98dad7b5b3772","messageTitle":"checkstyle","messageBody":"","fileTypesAndContributionMap":{"functional-code":{"insertions":1,"deletions":1}}}]},{"date":"2022-10-20","commitResults":[{"hash":"73729b012be7a5fd990bb5004ba232eee099fb4c","messageTitle":"get working with no exception handling","messageBody":"","fileTypesAndContributionMap":{"functional-code":{"insertions":92,"deletions":15}}},{"hash":"01ebe1bef0059200b72e74f4cd51c9d1756a0064","messageTitle":"simple formatting","messageBody":"","fileTypesAndContributionMap":{"functional-code":{"insertions":31,"deletions":22}}},{"hash":"fbd12324ac5a938c2da271395d1b8d5d823c87e0","messageTitle":"first commit","messageBody":"","fileTypesAndContributionMap":{"docs":{"insertions":82,"deletions":0}}},{"hash":"79b1b58d2f7412f9598a26767730660d11d997c7","messageTitle":"added search in help command","messageBody":"","fileTypesAndContributionMap":{"functional-code":{"insertions":4,"deletions":0}}},{"hash":"8bafa44a61ad47d86c978ddf5cdb71275dd86449","messageTitle":"checkstyle formatting","messageBody":"","fileTypesAndContributionMap":{"functional-code":{"insertions":10,"deletions":6}}},{"hash":"82b47a3b2f35c8d6488731567f3ed7f970985786","messageTitle":"added DG for get","messageBody":"","fileTypesAndContributionMap":{"docs":{"insertions":40,"deletions":42}}},{"hash":"5bcea3e8431e57070a760731182f2899e4f2546b","messageTitle":"change boolean name","messageBody":"","fileTypesAndContributionMap":{"functional-code":{"insertions":2,"deletions":2}}},{"hash":"03c78c981081313f719425eae8210b4ac3c451f4","messageTitle":"check if module credit is 0","messageBody":"","fileTypesAndContributionMap":{"functional-code":{"insertions":1,"deletions":1}}}]},{"date":"2022-10-21","commitResults":[{"hash":"98126e4250d5ed43972245f3e3e6de873fcc1271","messageTitle":"added getAddDelete command","messageBody":"","fileTypesAndContributionMap":{"functional-code":{"insertions":13,"deletions":8}}}]},{"date":"2022-10-23","commitResults":[{"hash":"cc1315c5e355cf2886e6552046203652a990a8ad","messageTitle":"added exception for get command","messageBody":"","fileTypesAndContributionMap":{"functional-code":{"insertions":30,"deletions":27}}},{"hash":"443ca2f62722afb07e278c0fe4c7c72adcfab17b","messageTitle":"added exception and updated search format","messageBody":"","fileTypesAndContributionMap":{"functional-code":{"insertions":18,"deletions":11}}}]},{"date":"2022-10-24","commitResults":[{"hash":"2a06fac9e01b10314f35c2050443719ba46b3693","messageTitle":"added test, exceptions, changed file paths","messageBody":"","fileTypesAndContributionMap":{"functional-code":{"insertions":39,"deletions":44},"other":{"insertions":6,"deletions":6}}},{"hash":"415407bb9a2329cc1cc21ec3ed9a6e83377d4755","messageTitle":"Merge branch \u0027master\u0027 into V2-search-command-branch","messageBody":"# Conflicts:\n#\tsrc/main/java/seedu/duke/command/GetModuleCommand.java\n#\tsrc/main/java/seedu/duke/command/SearchModuleCommand.java\n#\tsrc/main/java/seedu/duke/parser/Parser.java\n","fileTypesAndContributionMap":{"functional-code":{"insertions":66,"deletions":29}}},{"hash":"f30c133e22a080cdaa54301659fa260304bd48dd","messageTitle":"working on exception","messageBody":"","fileTypesAndContributionMap":{"functional-code":{"insertions":391,"deletions":391},"test-code":{"insertions":226,"deletions":123}}}]},{"date":"2022-10-25","commitResults":[{"hash":"1706592baa626baa24ce20d8f948511751a750ff","messageTitle":"added all exceptions and test for getCommand","messageBody":"","fileTypesAndContributionMap":{"functional-code":{"insertions":5,"deletions":4},"test-code":{"insertions":141,"deletions":49}}},{"hash":"deb1d3e12d43fcc6fd0dad87159447eb7aaf4c65","messageTitle":"added logging to getModule","messageBody":"","fileTypesAndContributionMap":{"functional-code":{"insertions":11,"deletions":3}}},{"hash":"51a56f7d64e5f6a6a1b55c1324edd05683841446","messageTitle":"passed gradlew check, added exception and tests for searchCommand","messageBody":"","fileTypesAndContributionMap":{"functional-code":{"insertions":5,"deletions":7},"test-code":{"insertions":40,"deletions":13}}},{"hash":"365c8bb2766cf21fc47f21119998cecebccd4695","messageTitle":"Merge branch \u0027V2.0-get-and-search-command-branch\u0027","messageBody":"# Conflicts:\n#\tsrc/main/java/seedu/duke/command/GetModuleCommand.java\n#\tsrc/main/java/seedu/duke/command/SearchModuleCommand.java\n#\tsrc/main/java/seedu/duke/parser/Parser.java\n","fileTypesAndContributionMap":{"test-code":{"insertions":345,"deletions":0}}},{"hash":"5225343a9c7667d6cc3f3b1012d9cb1d77c42fc1","messageTitle":"Revert \"Merge branch \u0027V2.0-get-and-search-command-branch\u0027\"","messageBody":"This reverts commit 365c8bb2766cf21fc47f21119998cecebccd4695.\n","fileTypesAndContributionMap":{"test-code":{"insertions":0,"deletions":345}}},{"hash":"9f6de2ca0f8acaf9c83295266897abfaa0cc7661","messageTitle":"corrected merge","messageBody":"","fileTypesAndContributionMap":{"functional-code":{"insertions":26,"deletions":131},"test-code":{"insertions":2,"deletions":2}}},{"hash":"ed7a18f11a339f5e234ef5183509b8634704139d","messageTitle":"na","messageBody":"","fileTypesAndContributionMap":{"functional-code":{"insertions":11,"deletions":19}}},{"hash":"453679bce7be78bc19d409b36da1f38e7cf1c85d","messageTitle":"added line separator","messageBody":"","fileTypesAndContributionMap":{"test-code":{"insertions":48,"deletions":38}}},{"hash":"06f057283818174ba481f3e01a3cb6f5d3bcee0f","messageTitle":"runtest.bat passed","messageBody":"","fileTypesAndContributionMap":{"functional-code":{"insertions":2,"deletions":1},"other":{"insertions":2,"deletions":2},"test-code":{"insertions":105,"deletions":111}}},{"hash":"47d03328a06b4120d7edc45bd80a0481065c9c9b","messageTitle":"pass gradlew.check and test","messageBody":"","fileTypesAndContributionMap":{"test-code":{"insertions":2,"deletions":1}}},{"hash":"fd77ca3201c4a5faf24e612ff232cc5a097b9a64","messageTitle":"changed to tempLessons","messageBody":"","fileTypesAndContributionMap":{"functional-code":{"insertions":2,"deletions":2}}}]},{"date":"2022-10-26","commitResults":[{"hash":"616ff95ed7faf4958fd03e585a2c3c58eab8a2fa","messageTitle":"Added class diagrams for add, get and search commands. Added sequence diagram for AddModuleCommand.","messageBody":"","fileTypesAndContributionMap":{"docs":{"insertions":64,"deletions":15}}}]},{"date":"2022-10-27","commitResults":[{"hash":"cb7b1ef3fa9f7468b01b0740b18a8604bf217f32","messageTitle":"added test and simple SelectSlotCommand params validation for SelectSlotCommand","messageBody":"","fileTypesAndContributionMap":{"test-code":{"insertions":2,"deletions":0}}},{"hash":"a75e1c7eaa78e6868b412ab26041e9ab8542248d","messageTitle":"added tests and params validation for SelectSlotCommand","messageBody":"","fileTypesAndContributionMap":{"functional-code":{"insertions":37,"deletions":4},"test-code":{"insertions":197,"deletions":34}}},{"hash":"f600a65b6b70c25568b96bff7b8c1cedfc268740","messageTitle":"changed unit testing for SelectSlotCommand","messageBody":"","fileTypesAndContributionMap":{"functional-code":{"insertions":0,"deletions":1},"test-code":{"insertions":10,"deletions":60}}},{"hash":"31b37d483fc1f55e075499690b587b2e327afe0a","messageTitle":"edited typo error in comments","messageBody":"","fileTypesAndContributionMap":{"test-code":{"insertions":1,"deletions":1}}}]},{"date":"2022-10-28","commitResults":[{"hash":"8220cf62ee242a4741750714a78d78bf2dd2a676","messageTitle":"validation and tests for select module command","messageBody":"","fileTypesAndContributionMap":{"functional-code":{"insertions":31,"deletions":8},"test-code":{"insertions":80,"deletions":7}}},{"hash":"6c655e454e72efbba2279e1e6936546c2c933f47","messageTitle":"updated user guide","messageBody":"","fileTypesAndContributionMap":{"docs":{"insertions":31,"deletions":0}}},{"hash":"f30846e352e1d95feef9e11e7e0372b3015c65b1","messageTitle":"changed to assertThrows","messageBody":"","fileTypesAndContributionMap":{"test-code":{"insertions":38,"deletions":24}}},{"hash":"83b8feaa69a96be56489d57852c91b498e2da6fa","messageTitle":"updated select slot validation test","messageBody":"","fileTypesAndContributionMap":{"functional-code":{"insertions":2,"deletions":2},"test-code":{"insertions":48,"deletions":80}}},{"hash":"228558e7852f790b2c7e3dc47d81657f5870d55e","messageTitle":"pass gradlew and removed actual.txt","messageBody":"","fileTypesAndContributionMap":{"test-code":{"insertions":5,"deletions":1}}}]},{"date":"2022-10-29","commitResults":[{"hash":"fb8f9df4a09fa31ce773ba71098b23c9adac9f84","messageTitle":"update user guide CAA - 29/10/2022 11:30hrs, Deen","messageBody":"","fileTypesAndContributionMap":{"docs":{"insertions":252,"deletions":169}}}]},{"date":"2022-11-03","commitResults":[{"hash":"53f151d5662702c743ea8748218af4b70bd682a8","messageTitle":"passed gradlew","messageBody":"","fileTypesAndContributionMap":{"functional-code":{"insertions":70,"deletions":33}}}]},{"date":"2022-11-04","commitResults":[{"hash":"11a3d18c75dd5a36ae02d35709de341e7d2deb15","messageTitle":"first commit","messageBody":"","fileTypesAndContributionMap":{"docs":{"insertions":15,"deletions":2}}}]},{"date":"2022-11-05","commitResults":[{"hash":"ea897274c3b514293c28b63a625719cd4f5f411b","messageTitle":"added info usage in UG","messageBody":"","fileTypesAndContributionMap":{"docs":{"insertions":94,"deletions":0}}},{"hash":"551ea64eacf6abf9452fd8ab89bbdbba76b31d2d","messageTitle":"added target user profile, value documentation and some testing methods","messageBody":"","fileTypesAndContributionMap":{"docs":{"insertions":59,"deletions":2},"test-code":{"insertions":0,"deletions":46}}}]},{"date":"2022-11-06","commitResults":[{"hash":"060214e751735e4391dda73a742dce9f5b9f634a","messageTitle":"convert to puml file","messageBody":"","fileTypesAndContributionMap":{"docs":{"insertions":120,"deletions":0}}},{"hash":"afbfd19b79049850b04aae979ec4a09a59df69f9","messageTitle":"added addmodule sequence code","messageBody":"","fileTypesAndContributionMap":{"docs":{"insertions":30,"deletions":43}}},{"hash":"7e526be054c4d681adde82ff6d32547ae20198f4","messageTitle":"ppp first commit","messageBody":"","fileTypesAndContributionMap":{"docs":{"insertions":40,"deletions":3}}},{"hash":"19177558d3648da4b167ed752ad72f1637145dbb","messageTitle":"edited addmodule sequence diagram","messageBody":"","fileTypesAndContributionMap":{"docs":{"insertions":9,"deletions":9}}},{"hash":"957df9d93aba0be4cea5b5a25a0912ab57eeb580","messageTitle":"remove commented code","messageBody":"","fileTypesAndContributionMap":{"docs":{"insertions":0,"deletions":1}}},{"hash":"abab773df01f74c81463915d229acde9dfed1da6","messageTitle":"added remove sequence diagram","messageBody":"","fileTypesAndContributionMap":{"docs":{"insertions":52,"deletions":0}}},{"hash":"53a436320d45c84fc739fa9463a26b888ad4f135","messageTitle":"edited typo","messageBody":"","fileTypesAndContributionMap":{"docs":{"insertions":2,"deletions":2}}},{"hash":"d8cb570296708a01af5969f9df28b36f65f16b1e","messageTitle":"edited diagram","messageBody":"","fileTypesAndContributionMap":{"docs":{"insertions":3,"deletions":3}}},{"hash":"1f49f1d707a8148e13cbe3c2e3c598458940112a","messageTitle":"hide footbox","messageBody":"","fileTypesAndContributionMap":{"docs":{"insertions":4,"deletions":0}}},{"hash":"ef88c7f1ee7119794feb17911b655cc6639f94d6","messageTitle":"added \"why is it implemented this way\" for add and remove","messageBody":"","fileTypesAndContributionMap":{"docs":{"insertions":5,"deletions":18}}},{"hash":"5d720737417f2186f31b402a6734509a2e3e4d9c","messageTitle":"edited text","messageBody":"","fileTypesAndContributionMap":{"docs":{"insertions":4,"deletions":4}}},{"hash":"e799bd2bf31084a4fd055935731c0271ff0e8271","messageTitle":"edited","messageBody":"","fileTypesAndContributionMap":{"docs":{"insertions":1,"deletions":2}}},{"hash":"b1d5c60ce2837d6c8cc15b4c93dbd8a2bfb98dfe","messageTitle":"edit name","messageBody":"","fileTypesAndContributionMap":{"docs":{"insertions":1,"deletions":1}}},{"hash":"5f518a01916d53d75b237c2eec278e4d3bd73ecf","messageTitle":"edited ppp","messageBody":"","fileTypesAndContributionMap":{"docs":{"insertions":17,"deletions":7}}}]}]},"authorFileTypeContributionMap":{"owenl131":{"docs":598,"functional-code":1656,"test-code":536,"other":29},"kohnh":{"docs":839,"functional-code":779,"test-code":325,"other":2},"CheahHaoYi":{"docs":354,"functional-code":433,"test-code":13},"amitrahman1026":{"docs":347,"functional-code":341,"test-code":394,"other":11},"deenliong":{"docs":596,"functional-code":281,"test-code":296,"other":2}},"authorContributionVariance":{"owenl131":47123.707,"kohnh":30895.197,"CheahHaoYi":12502.405,"amitrahman1026":45381.93,"deenliong":86876.37},"authorDisplayNameMap":{"owenl131":"CS2113-F11-3 LEON..OWEN","kohnh":"CS2113-F11-3 KOH .. HIN","CheahHaoYi":"CS2113-F11-3 CHEA..O YI","amitrahman1026":"CS2113-F11-3 AMIT..HMAN","deenliong":"CS2113-F11-3 LION..DEEN"}}
