{"authorDailyContributionsMap":{"owenl131":[{"date":"2022-09-30","commitResults":[{"hash":"f64999a9973617227bd3705cc36c566c2c2db36a","messageTitle":"Add my name","messageBody":"","fileTypesAndContributionMap":{"docs":{"insertions":1,"deletions":1}}}]},{"date":"2022-10-05","commitResults":[{"hash":"6e79a641f5c7dc2b26c8bf54d2fec53319866cd7","messageTitle":"Add skeleton packages and files","messageBody":"","fileTypesAndContributionMap":{"functional-code":{"insertions":40,"deletions":0}}}]},{"date":"2022-10-06","commitResults":[{"hash":"953758d29bd7df49724eebd13456ae5a44dba4c6","messageTitle":"Implement module business logic and module loading from asset file","messageBody":"","fileTypesAndContributionMap":{"functional-code":{"insertions":232,"deletions":1},"other":{"insertions":2,"deletions":0}}},{"hash":"b9daaa51933953ea33a880ab1e10439d1332bb34","messageTitle":"Move assets to resources folder and add unit tests","messageBody":"","fileTypesAndContributionMap":{"functional-code":{"insertions":41,"deletions":14},"test-code":{"insertions":50,"deletions":0}}}]},{"date":"2022-10-07","commitResults":[{"hash":"619fc32c1b826b0f42337ba1eff8c4384f88c66c","messageTitle":"Add apache commons lang library","messageBody":"","fileTypesAndContributionMap":{"other":{"insertions":2,"deletions":0}}},{"hash":"2707fd674ae8dea792e8a2d50b9a83b216b45cdb","messageTitle":"Add lesson type as an enum","messageBody":"","fileTypesAndContributionMap":{"functional-code":{"insertions":43,"deletions":4}}},{"hash":"6070de3826274fa193e7b4a23f0e95bbb487dca9","messageTitle":"Add color and color scheme for terminal output","messageBody":"","fileTypesAndContributionMap":{"functional-code":{"insertions":29,"deletions":0}}},{"hash":"627b338fb6170d0724739e4fca75b743628d496a","messageTitle":"Implement timetable formatter","messageBody":"","fileTypesAndContributionMap":{"functional-code":{"insertions":367,"deletions":0},"test-code":{"insertions":9,"deletions":4}}},{"hash":"ebb2e220b5bbcd794e025e259c84b07d3840da7f","messageTitle":"Remove unicode characters from source code","messageBody":"","fileTypesAndContributionMap":{"functional-code":{"insertions":11,"deletions":22}}}]},{"date":"2022-10-08","commitResults":[{"hash":"006d61ba251394d2b11f93cc2558529d62305b67","messageTitle":"Refactor code to get rid of unicode warning","messageBody":"","fileTypesAndContributionMap":{"functional-code":{"insertions":130,"deletions":50}}},{"hash":"93a004d1c4d7391e1684869827a22fafef856fbe","messageTitle":"Remove unicode character from source code","messageBody":"","fileTypesAndContributionMap":{"functional-code":{"insertions":6,"deletions":3}}},{"hash":"3ee22f7e1582cb6eec3662d309174315c7568f44","messageTitle":"Add tests for timetable generation","messageBody":"","fileTypesAndContributionMap":{"functional-code":{"insertions":1,"deletions":0},"test-code":{"insertions":68,"deletions":0}}},{"hash":"ee500bebd4a439cf99f45acd360b389cbdc1c794","messageTitle":"Resolve checkstyle issues","messageBody":"","fileTypesAndContributionMap":{"functional-code":{"insertions":22,"deletions":19}}},{"hash":"b2d72db220a92a295f5e6f639fdb7814474adf98","messageTitle":"Add special characters for windows and add tests for windows","messageBody":"","fileTypesAndContributionMap":{"functional-code":{"insertions":6,"deletions":2},"test-code":{"insertions":31,"deletions":0}}},{"hash":"0fe47b4a30a1a7b7f7f80b7a7ea039475f669e77","messageTitle":"Resolve windows test cases","messageBody":"","fileTypesAndContributionMap":{"test-code":{"insertions":7,"deletions":2}}}]},{"date":"2022-10-09","commitResults":[{"hash":"0dd18fdd1a35b046db791916a7f77973a3fceec4","messageTitle":"Extract all classno for given lessontype and rename functions to match style guide","messageBody":"","fileTypesAndContributionMap":{"functional-code":{"insertions":9,"deletions":4},"test-code":{"insertions":21,"deletions":21}}}]},{"date":"2022-10-11","commitResults":[{"hash":"13dd3a735768ad11fa2d865f57be5010a738cdfc","messageTitle":"Add assertions and logging","messageBody":"","fileTypesAndContributionMap":{"functional-code":{"insertions":8,"deletions":0}}}]},{"date":"2022-10-12","commitResults":[{"hash":"9c448930eba94e5a4c0db9f7cea897ebccb6ecf2","messageTitle":"Add assertions and logging","messageBody":"","fileTypesAndContributionMap":{"functional-code":{"insertions":5,"deletions":5},"other":{"insertions":1,"deletions":0}}},{"hash":"5a0163ed9f7a7395ab1e4551146ddb7fb0f49e34","messageTitle":"Add select slot command","messageBody":"","fileTypesAndContributionMap":{"functional-code":{"insertions":97,"deletions":18}}},{"hash":"97c01c5b2c22e39186c20636bf1f1601723794e8","messageTitle":"Add simple style for timetable","messageBody":"","fileTypesAndContributionMap":{"functional-code":{"insertions":25,"deletions":7},"test-code":{"insertions":5,"deletions":4}}},{"hash":"acd29b1eea81fd41e8e6d6752040ac3fd16ad395","messageTitle":"Add proper lesson type parser","messageBody":"","fileTypesAndContributionMap":{"functional-code":{"insertions":79,"deletions":28},"test-code":{"insertions":5,"deletions":5}}},{"hash":"9001a9c691c1542968c35c07a1be0ff333c86739","messageTitle":"Fix display of Tutorial Type 2","messageBody":"","fileTypesAndContributionMap":{"functional-code":{"insertions":1,"deletions":1}}},{"hash":"0edc920e666cb8e4aac04b99c84bf2447dbb0d62","messageTitle":"Parse params in execute instead of constructor","messageBody":"","fileTypesAndContributionMap":{"functional-code":{"insertions":9,"deletions":7}}}]},{"date":"2022-10-13","commitResults":[{"hash":"45bc5db9b8b279c3caa5a83408f5cb5cd6933f44","messageTitle":"Fix CI","messageBody":"","fileTypesAndContributionMap":{"functional-code":{"insertions":13,"deletions":12},"test-code":{"insertions":4,"deletions":4}}},{"hash":"dc69a05f947856542af88c0c9f316e36225e07c5","messageTitle":"Add ui tests","messageBody":"","fileTypesAndContributionMap":{"other":{"insertions":1,"deletions":0}}}]}],"kohnh":[{"date":"2022-09-30","commitResults":[{"hash":"e5472af599627e5f81fa8aa61ac396f5a1432d93","messageTitle":"Add Koh Ngiap Hin profile","messageBody":"","fileTypesAndContributionMap":{"docs":{"insertions":7,"deletions":7}}}]},{"date":"2022-10-07","commitResults":[{"hash":"021ad225dbb2877fe94e5e858ec534fbf69428df","messageTitle":"Create barebones Parser class","messageBody":"","fileTypesAndContributionMap":{"functional-code":{"insertions":91,"deletions":1},"test-code":{"insertions":43,"deletions":0}}},{"hash":"9e7535d7d5166a8b3930085f3d9c9cdb8dacee8c","messageTitle":"Fix checkstyle error for Parser","messageBody":"","fileTypesAndContributionMap":{"functional-code":{"insertions":7,"deletions":1}}}]},{"date":"2022-10-09","commitResults":[{"hash":"f987c3980520d2d4ac5bb287d3c1ce7828d63ccd","messageTitle":"Update Parser class to check valid commands","messageBody":"","fileTypesAndContributionMap":{"functional-code":{"insertions":40,"deletions":6},"other":{"insertions":1,"deletions":1},"test-code":{"insertions":10,"deletions":2}}},{"hash":"fabda879ae5ee406e2e8cebc925f81f49ecca1e9","messageTitle":"Include more erroneous user command handling","messageBody":"","fileTypesAndContributionMap":{"functional-code":{"insertions":38,"deletions":2},"test-code":{"insertions":6,"deletions":4}}},{"hash":"6a7508deb03d0e800b13d414620171d6a406c1ac","messageTitle":"Update JUnit test","messageBody":"","fileTypesAndContributionMap":{"functional-code":{"insertions":8,"deletions":1},"test-code":{"insertions":7,"deletions":1}}},{"hash":"c7b59cdf93afd1a73f94d5f649f85830e073ccd7","messageTitle":"Add Parsing for Exit and SearchString commands","messageBody":"","fileTypesAndContributionMap":{"functional-code":{"insertions":74,"deletions":10},"test-code":{"insertions":12,"deletions":1}}}]},{"date":"2022-10-12","commitResults":[{"hash":"fb900e8bc3877802e3bd834555aaa0540c6ba90e","messageTitle":"Add view timetable functionality","messageBody":"","fileTypesAndContributionMap":{"functional-code":{"insertions":68,"deletions":5}}},{"hash":"b69b3ebbc78b3a2df3abd961aedacbf3845b2dfb","messageTitle":"Modify parser to use COMMAND_WORD in commands. Add some execution message.","messageBody":"","fileTypesAndContributionMap":{"functional-code":{"insertions":28,"deletions":14}}},{"hash":"792444026def0a26c279cbe1419990a54cf380ec","messageTitle":"Fix checkstyle","messageBody":"","fileTypesAndContributionMap":{"functional-code":{"insertions":1,"deletions":0}}},{"hash":"b02b4e8430e42bddea006c3700b262327524658a","messageTitle":"Add storage functionality","messageBody":"","fileTypesAndContributionMap":{"functional-code":{"insertions":119,"deletions":1}}},{"hash":"449110fd2bebc2e39b8fe3f19e7a2f36058625d0","messageTitle":"Add Junit test for Storage class","messageBody":"","fileTypesAndContributionMap":{"functional-code":{"insertions":11,"deletions":4},"test-code":{"insertions":64,"deletions":0}}},{"hash":"e62b7718059e7e32275ccddbe0cb3b91acad3de9","messageTitle":"Fix checkstyle and change HashMap to TreeMap to maintain ordering","messageBody":"","fileTypesAndContributionMap":{"functional-code":{"insertions":2,"deletions":2},"test-code":{"insertions":6,"deletions":6}}},{"hash":"98b082302dbabe7daee681216f4fd66d251a9ad6","messageTitle":"Remove incorrect Junit test","messageBody":"","fileTypesAndContributionMap":{"test-code":{"insertions":47,"deletions":47}}},{"hash":"7a91c0f8ebf3260688f3921242f4356547111c0d","messageTitle":"Change format for Storage class to export to NUSMods","messageBody":"","fileTypesAndContributionMap":{"functional-code":{"insertions":80,"deletions":38},"test-code":{"insertions":3,"deletions":3}}},{"hash":"02eb1f570e952c10ce469d228727ad51dd3b81b8","messageTitle":"Fix checkstyle","messageBody":"","fileTypesAndContributionMap":{"functional-code":{"insertions":5,"deletions":1}}},{"hash":"7c0bf9a5172c1aa6eb20ce7b88476088412a7ba1","messageTitle":"Fix Junit test","messageBody":"","fileTypesAndContributionMap":{"test-code":{"insertions":47,"deletions":47}}},{"hash":"b196a36c1a1bb6f7606d0972be759fada48a6fca","messageTitle":"Fix checkstyle","messageBody":"","fileTypesAndContributionMap":{"test-code":{"insertions":4,"deletions":4}}},{"hash":"e8e9676d3a630dd547b50eee1645852cfa5838ad","messageTitle":"Fix whitespace","messageBody":"","fileTypesAndContributionMap":{"test-code":{"insertions":1,"deletions":1}}}]},{"date":"2022-10-13","commitResults":[{"hash":"8b71bf588f7ab7aabadb51b97a9ab941aa68faee","messageTitle":"Add assertions and logging","messageBody":"","fileTypesAndContributionMap":{"functional-code":{"insertions":13,"deletions":0}}},{"hash":"8098b893bd62855b1b09e437de860e354233ea2e","messageTitle":"Fix saving format","messageBody":"","fileTypesAndContributionMap":{"functional-code":{"insertions":13,"deletions":7},"test-code":{"insertions":21,"deletions":10}}},{"hash":"db267e455a84b44bc83f9fa5e253fb96f75dd2df","messageTitle":"Modify Junit test","messageBody":"","fileTypesAndContributionMap":{"test-code":{"insertions":8,"deletions":10}}}]}],"CheahHaoYi":[{"date":"2022-09-30","commitResults":[{"hash":"fb37e92b1e35734058e6c3a98b0b536dc6331fde","messageTitle":"Add Hao Yi Profile","messageBody":"","fileTypesAndContributionMap":{"docs":{"insertions":7,"deletions":7}}}]},{"date":"2022-10-07","commitResults":[{"hash":"ff5115af1cbf656dc361a1c26cff36222d0cdb29","messageTitle":"Add some trivial JUnit test code","messageBody":"","fileTypesAndContributionMap":{"test-code":{"insertions":6,"deletions":0}}}]},{"date":"2022-10-11","commitResults":[{"hash":"e5c78d2bb7f3110742551481d986f4c3abea82a3","messageTitle":"Create Ui Class","messageBody":"","fileTypesAndContributionMap":{"functional-code":{"insertions":100,"deletions":0},"test-code":{"insertions":20,"deletions":0}}},{"hash":"04cfea0a4f7edb204404c171a68dc3019d51938b","messageTitle":"Add Javadoc for Ui Class","messageBody":"","fileTypesAndContributionMap":{"functional-code":{"insertions":6,"deletions":1}}},{"hash":"c3989d0f874afc9b37ab3f4e8e0c74940933bbd2","messageTitle":"Create main Programme Flow Add IsExit method in command class","messageBody":"","fileTypesAndContributionMap":{"functional-code":{"insertions":107,"deletions":11}}},{"hash":"1c0dafa9967cbbe0310cf653ea2311260ac604a8","messageTitle":"Fix Javadoc period","messageBody":"","fileTypesAndContributionMap":{"functional-code":{"insertions":10,"deletions":10}}},{"hash":"9b86503efbc0abf92fb6416e501b9c2dce4c0733","messageTitle":"Add one period for JavaDoc","messageBody":"","fileTypesAndContributionMap":{"functional-code":{"insertions":1,"deletions":1}}}]},{"date":"2022-10-14","commitResults":[{"hash":"38912685d98884a9407a8cfe007d30095bbcf197","messageTitle":"skeleton for User guide","messageBody":"","fileTypesAndContributionMap":{"docs":{"insertions":69,"deletions":14}}},{"hash":"61fa78b7839927ab508d507f2863ee2004cde4ce","messageTitle":"add outline for commands","messageBody":"","fileTypesAndContributionMap":{"docs":{"insertions":175,"deletions":26}}},{"hash":"c238a3f71bf5cb5e9b917d5e93f838bf0ed50730","messageTitle":"Complete User Guide","messageBody":"","fileTypesAndContributionMap":{"docs":{"insertions":103,"deletions":13}}}]}],"amitrahman1026":[{"date":"2022-10-09","commitResults":[{"hash":"11b0f8b001b8611b2f404755480dff36a9fb14ce","messageTitle":"Add getters for LessonTypes from semesterData of modules","messageBody":"","fileTypesAndContributionMap":{"functional-code":{"insertions":39,"deletions":13}}},{"hash":"97d82ea6fc7da52478d6ca9150906de904a15d4a","messageTitle":"Update State class attributes","messageBody":"","fileTypesAndContributionMap":{"functional-code":{"insertions":16,"deletions":11}}},{"hash":"8a23ce099cb442277e96588085f599740d8d20fb","messageTitle":"Check for coding style","messageBody":"","fileTypesAndContributionMap":{"functional-code":{"insertions":5,"deletions":2}}}]},{"date":"2022-10-11","commitResults":[{"hash":"4c8e0ca3144dfb25862d409c7e2a1e04da10e601","messageTitle":"Update coding style","messageBody":"","fileTypesAndContributionMap":{"functional-code":{"insertions":8,"deletions":4}}},{"hash":"5c32df72e972ec1e1ff45584d11e0213fe324890","messageTitle":"Add setters and getters for state","messageBody":"","fileTypesAndContributionMap":{"functional-code":{"insertions":10,"deletions":1}}},{"hash":"10240e009d3ca57f7e025acadea7bd32159b959c","messageTitle":"Add addSelectedModule and removeSeletectedModule to State class","messageBody":"","fileTypesAndContributionMap":{"functional-code":{"insertions":25,"deletions":0}}},{"hash":"89c1c9ecd20124514d73daa5ebcc37d4eaaf523a","messageTitle":"Update State exceptions","messageBody":"","fileTypesAndContributionMap":{"functional-code":{"insertions":7,"deletions":6}}},{"hash":"35c367837e8fa9e193bb9fba74a3d4c4cc9db45e","messageTitle":"Add AddModuleCommand implementation","messageBody":"","fileTypesAndContributionMap":{"functional-code":{"insertions":28,"deletions":4}}},{"hash":"26f41bbb2fdd4b4dca3887e2b6af4ffc5e76770e","messageTitle":"Add sample tests","messageBody":"","fileTypesAndContributionMap":{"test-code":{"insertions":4,"deletions":0}}},{"hash":"5353789eb32d9c195cd8d8d84c0b6ed275750f47","messageTitle":"implement executionMessage","messageBody":"","fileTypesAndContributionMap":{"functional-code":{"insertions":45,"deletions":0}}},{"hash":"c4a895384f54096382a1dbcbd22cbef9c2f7ea0d","messageTitle":"checkstyle","messageBody":"","fileTypesAndContributionMap":{"test-code":{"insertions":1,"deletions":0}}},{"hash":"ca1e3b4c2b38c41fed3d77deac337c8a9b802180","messageTitle":"checkstyle","messageBody":"","fileTypesAndContributionMap":{"functional-code":{"insertions":14,"deletions":3}}},{"hash":"90f7aba951c178584f089684f2f3a2c7f400d34e","messageTitle":"checkstyle","messageBody":"","fileTypesAndContributionMap":{"functional-code":{"insertions":1,"deletions":1}}}]},{"date":"2022-10-12","commitResults":[{"hash":"4e3e8fa421d2a51eef524025dc07544e9802369e","messageTitle":"Javadoc","messageBody":"","fileTypesAndContributionMap":{"functional-code":{"insertions":8,"deletions":0}}}]},{"date":"2022-10-13","commitResults":[{"hash":"526146be5ef2ef8461671b015eb053453728647a","messageTitle":"add help command","messageBody":"","fileTypesAndContributionMap":{"functional-code":{"insertions":7,"deletions":0}}},{"hash":"a3970fe52bbeb7dedf63e30c4ab4f27ecd5938dc","messageTitle":"checkstyle","messageBody":"","fileTypesAndContributionMap":{"functional-code":{"insertions":2,"deletions":0}}},{"hash":"23e6777ab2bd131312b0e5834158c4e0cb325a3b","messageTitle":"add Help command","messageBody":"","fileTypesAndContributionMap":{"functional-code":{"insertions":27,"deletions":12}}},{"hash":"2741703fab86c288aa93fe99845e2c565d4138a6","messageTitle":"add SearchModuleFacultyCommand","messageBody":"","fileTypesAndContributionMap":{"functional-code":{"insertions":74,"deletions":0}}},{"hash":"0de481888bbd9ed00a2dae645236f272d507ea3a","messageTitle":"checkstyle","messageBody":"","fileTypesAndContributionMap":{"functional-code":{"insertions":3,"deletions":18}}},{"hash":"93fcb047a54340c7dd9c36739991e5ac300ce66e","messageTitle":"fix delete module and ovverride equals()","messageBody":"","fileTypesAndContributionMap":{"functional-code":{"insertions":31,"deletions":0}}},{"hash":"f12b0e35fa2646620b010f0eca43f63835d12521","messageTitle":"fix typo in SearchTest","messageBody":"","fileTypesAndContributionMap":{"test-code":{"insertions":3,"deletions":3}}},{"hash":"d48aad2a2e9719b0592c0c692e322d8151196e62","messageTitle":"add skeleton for dev guide","messageBody":"","fileTypesAndContributionMap":{"docs":{"insertions":121,"deletions":15}}}]},{"date":"2022-10-14","commitResults":[{"hash":"8089c497e9decba39e82378fadf8f8b4f01f41ae","messageTitle":"update about me","messageBody":"","fileTypesAndContributionMap":{"docs":{"insertions":7,"deletions":8}}}]}],"deenliong":[{"date":"2022-09-30","commitResults":[{"hash":"fa9fd663664fa9eea1f966fa3bbcbafb0407db9d","messageTitle":"Added my own about me","messageBody":"","fileTypesAndContributionMap":{"other":{"insertions":0,"deletions":0},"docs":{"insertions":7,"deletions":7}}}]},{"date":"2022-10-09","commitResults":[{"hash":"36448e120667d4b19c52da54fd7ba29d15a617dc","messageTitle":"test","messageBody":"","fileTypesAndContributionMap":{"functional-code":{"insertions":44,"deletions":5}}}]},{"date":"2022-10-10","commitResults":[{"hash":"edf77ff59b847ab2f2553f0ef53cadbad5bee1bf","messageTitle":"Added search command and search test","messageBody":"","fileTypesAndContributionMap":{"functional-code":{"insertions":162,"deletions":95},"test-code":{"insertions":43,"deletions":6}}},{"hash":"fcc9c4903bbf4b3ae21a663daa44b054569332bf","messageTitle":"did gradlew check","messageBody":"","fileTypesAndContributionMap":{"functional-code":{"insertions":2,"deletions":3},"test-code":{"insertions":1,"deletions":1}}}]},{"date":"2022-10-11","commitResults":[{"hash":"e1de3242e7da664f16c383bccc30fe58b2ecdd3f","messageTitle":"Edited search test","messageBody":"","fileTypesAndContributionMap":{"test-code":{"insertions":3,"deletions":3}}},{"hash":"5381dc9f55268b1d33596ca916a4eaaedf6b2889","messageTitle":"added period to the first sentence for doccumentation","messageBody":"","fileTypesAndContributionMap":{"functional-code":{"insertions":5,"deletions":6}}},{"hash":"b9891db94ab2658d4a6318277dcf0d3d5f0a2cd7","messageTitle":"checkstyle","messageBody":"","fileTypesAndContributionMap":{"functional-code":{"insertions":2,"deletions":2}}}]}]},"authorFileTypeContributionMap":{"owenl131":{"docs":0,"functional-code":977,"test-code":160,"other":6},"kohnh":{"docs":1,"functional-code":466,"test-code":139},"CheahHaoYi":{"docs":309,"functional-code":201,"test-code":26},"amitrahman1026":{"docs":122,"functional-code":283,"test-code":8},"deenliong":{"docs":0,"functional-code":161,"test-code":40}},"authorContributionVariance":{"owenl131":16681.314,"kohnh":16152.283,"CheahHaoYi":7422.2827,"amitrahman1026":4203.562,"deenliong":3295.593},"authorDisplayNameMap":{"owenl131":"CS2113-F11-3 LEON..OWEN","kohnh":"CS2113-F11-3 KOH .. HIN","CheahHaoYi":"CS2113-F11-3 CHEA..O YI","amitrahman1026":"CS2113-F11-3 AMIT..HMAN","deenliong":"CS2113-F11-3 LION..DEEN"}}
