[{"path":"docs/AboutUs.md","fileType":"docs","lines":[{"lineNumber":1,"author":{"gitId":"-"},"content":"# About us","lastModifiedDate":"2020-05-24"},{"lineNumber":2,"author":{"gitId":"-"},"content":"","lastModifiedDate":"2020-05-24"},{"lineNumber":3,"author":{"gitId":"Franky4566"},"content":"| Display                                             |          Name          |              Github Profile              |             Portfolio             |","lastModifiedDate":"2022-09-29"},{"lineNumber":4,"author":{"gitId":"ivanthengwr"},"content":"|-----------------------------------------------------|:----------------------:|:----------------------------------------:|:---------------------------------:|","lastModifiedDate":"2022-10-02"},{"lineNumber":5,"author":{"gitId":"Franky4566"},"content":"| ![](https://via.placeholder.com/100.png?text\u003dPhoto) | Kwua Chun Ren (Jordan) | [Github](https://github.com/JordanKwua)  | [Portfolio](docs/team/johndoe.md) |","lastModifiedDate":"2022-09-29"},{"lineNumber":6,"author":{"gitId":"ivanthengwr"},"content":"| ![](https://via.placeholder.com/100.png?text\u003dPhoto) | Karthikeyan Vigneshram |   [Github](https://github.com/shengiv)   | [Portfolio](docs/team/johndoe.md) |","lastModifiedDate":"2022-10-07"},{"lineNumber":7,"author":{"gitId":"Franky4566"},"content":"| ![](https://via.placeholder.com/100.png?text\u003dPhoto) |      Rachel Fong       | [Github](https://github.com/Franky4566)  | [Portfolio](docs/team/johndoe.md) |","lastModifiedDate":"2022-09-29"},{"lineNumber":8,"author":{"gitId":"ivanthengwr"},"content":"| ![](https://via.placeholder.com/100.png?text\u003dPhoto) |       Ivan Theng       | [Github](https://github.com/ivanthengwr) | [Portfolio](docs/team/johndoe.md) |","lastModifiedDate":"2022-10-02"},{"lineNumber":9,"author":{"gitId":"Franky4566"},"content":"| ![](https://via.placeholder.com/100.png?text\u003dPhoto) |        Don Roe         |      [Github](https://github.com/)       | [Portfolio](docs/team/johndoe.md) |","lastModifiedDate":"2022-09-29"},{"lineNumber":10,"author":{"gitId":"shengiv"},"content":"","lastModifiedDate":"2022-09-29"}],"authorContributionMap":{"shengiv":1,"Franky4566":4,"-":2,"ivanthengwr":3}}]
