{"authorDailyContributionsMap":{"shengiv":[{"date":"2022-09-29","commitResults":[{"hash":"82689a73c58c304744413137a660a5d90465b5ec","messageTitle":"Update about me","messageBody":"","fileTypesAndContributionMap":{"docs":{"insertions":7,"deletions":7}}},{"hash":"ecc52e43cf4a8daca0ea631c3271f69d4c203940","messageTitle":"Update about me","messageBody":"","fileTypesAndContributionMap":{"docs":{"insertions":2,"deletions":2}}}]}],"JordanKwua":[{"date":"2022-09-29","commitResults":[{"hash":"40b15d95763ac8e10add3f3db395b0cd7d19539f","messageTitle":"Update about me","messageBody":"","fileTypesAndContributionMap":{"docs":{"insertions":7,"deletions":7}}}]}],"Franky4566":[{"date":"2022-09-29","commitResults":[{"hash":"a8cfb2a456104bc32cd2ec2c35744c6b4e1c025c","messageTitle":"Update docs about me - Rachel","messageBody":"","fileTypesAndContributionMap":{"docs":{"insertions":7,"deletions":7}}},{"hash":"986f768a5b9601a1fd57ee58af98735c022cedb1","messageTitle":"Update about me- rachel","messageBody":"","fileTypesAndContributionMap":{"docs":{"insertions":7,"deletions":7}}}]}],"ivanthengwr":[{"date":"2022-10-02","commitResults":[{"hash":"bdbd9e908425bdf0f050e6508d5c543094ed2c7b","messageTitle":"Add gradle tool","messageBody":"","fileTypesAndContributionMap":{"functional-code":{"insertions":1,"deletions":1}}},{"hash":"727129da5d35b6b52efa29b5550aa9b2adb9629d","messageTitle":"Update AboutUs.md with ivanTheng details","messageBody":"","fileTypesAndContributionMap":{"docs":{"insertions":7,"deletions":7}}}]}]},"authorFileTypeContributionMap":{"shengiv":{"docs":1,"functional-code":0,"test-code":0},"JordanKwua":{"docs":0,"functional-code":0,"test-code":0},"Franky4566":{"docs":5,"functional-code":0,"test-code":0},"ivanthengwr":{"docs":2,"functional-code":0,"test-code":0}},"authorContributionVariance":{"shengiv":17.937716,"JordanKwua":10.8512125,"Franky4566":43.40485,"ivanthengwr":14.173011},"authorDisplayNameMap":{"shengiv":"CS2113-T17-1 KART..HRAM","JordanKwua":"CS2113-T17-1 KWUA.. REN","Franky4566":"CS2113-T17-1 RACH..YUAN","ivanthengwr":"CS2113-T17-1 IVAN..RONG"}}
