{"authorDailyContributionsMap":{"shengiv":[{"date":"2022-09-29","commitResults":[{"hash":"82689a73c58c304744413137a660a5d90465b5ec","messageTitle":"Update about me","messageBody":"","fileTypesAndContributionMap":{"docs":{"insertions":7,"deletions":7}}},{"hash":"ecc52e43cf4a8daca0ea631c3271f69d4c203940","messageTitle":"Update about me","messageBody":"","fileTypesAndContributionMap":{"docs":{"insertions":2,"deletions":2}}}]},{"date":"2022-10-10","commitResults":[{"hash":"2405e1482413df164f4d0fe0e76d1785b54249eb","messageTitle":"Change Duke to SkyControl","messageBody":"","fileTypesAndContributionMap":{"functional-code":{"insertions":28,"deletions":21}}},{"hash":"b90aa0664e9d2731aea993620b767f3c490d8465","messageTitle":"Add ability to add passenger to passenger list","messageBody":"","fileTypesAndContributionMap":{"functional-code":{"insertions":147,"deletions":0}}},{"hash":"7351f7e2e0a24e80a9b231f5258ecfd05154beda","messageTitle":"Add Parser and Ui class","messageBody":"","fileTypesAndContributionMap":{"functional-code":{"insertions":68,"deletions":0}}},{"hash":"530f4110ce8054ab1b70775a4d61d67ff81147a5","messageTitle":"Add user interface test","messageBody":"","fileTypesAndContributionMap":{"functional-code":{"insertions":6,"deletions":5},"other":{"insertions":2,"deletions":2}}}]}],"JordanKwua":[{"date":"2022-09-29","commitResults":[{"hash":"40b15d95763ac8e10add3f3db395b0cd7d19539f","messageTitle":"Update about me","messageBody":"","fileTypesAndContributionMap":{"docs":{"insertions":7,"deletions":7}}}]},{"date":"2022-10-10","commitResults":[{"hash":"530f86f3e99117ef3d91175d2ac65148c2049402","messageTitle":"Add delete function for flights and fix coding violations","messageBody":"","fileTypesAndContributionMap":{"functional-code":{"insertions":77,"deletions":29}}},{"hash":"a9448a42bac5bf5c988532428b5e337d060d4dd8","messageTitle":"Fix minor parsing bug between Parser and FlightParser class","messageBody":"","fileTypesAndContributionMap":{"functional-code":{"insertions":5,"deletions":4}}},{"hash":"f33ac08f9bf6ed43695492447653f51ee80664a1","messageTitle":"Fix minor coding violation for naming of method","messageBody":"","fileTypesAndContributionMap":{"functional-code":{"insertions":1,"deletions":1}}},{"hash":"d0677a7674df4e96bba1282c327e58607d827873","messageTitle":"Fix coding violation in FlightManager class","messageBody":"Line is longer than 120 characters\n","fileTypesAndContributionMap":{"functional-code":{"insertions":2,"deletions":1}}}]}],"Franky4566":[{"date":"2022-09-29","commitResults":[{"hash":"a8cfb2a456104bc32cd2ec2c35744c6b4e1c025c","messageTitle":"Update docs about me - Rachel","messageBody":"","fileTypesAndContributionMap":{"docs":{"insertions":7,"deletions":7}}},{"hash":"986f768a5b9601a1fd57ee58af98735c022cedb1","messageTitle":"Update about me- rachel","messageBody":"","fileTypesAndContributionMap":{"docs":{"insertions":7,"deletions":7}}}]},{"date":"2022-10-08","commitResults":[{"hash":"92319823621772b32698b876d3b54e0c8a63e40d","messageTitle":"Modify Duke file input","messageBody":"","fileTypesAndContributionMap":{"functional-code":{"insertions":34,"deletions":2}}}]},{"date":"2022-10-09","commitResults":[{"hash":"44a1ee2cc8c6c4c570a54b3ad456ffe830bba8b7","messageTitle":"Create FlightManager class","messageBody":"","fileTypesAndContributionMap":{"functional-code":{"insertions":18,"deletions":0}}},{"hash":"7df01fc0d0665bc7b363f9800494862fdcf69572","messageTitle":"Add SkyControl Exception class","messageBody":"","fileTypesAndContributionMap":{"functional-code":{"insertions":9,"deletions":0},"other":{"insertions":0,"deletions":0}}},{"hash":"582bbebd8d50b49df4e08d2330070750ada11a23","messageTitle":"Add flight add and list functionality","messageBody":"","fileTypesAndContributionMap":{"functional-code":{"insertions":94,"deletions":10}}},{"hash":"c64c78bb7b7edc7b774931903408d8dca2d4e907","messageTitle":"Update input handling to differentiate flights and passengers","messageBody":"","fileTypesAndContributionMap":{"functional-code":{"insertions":29,"deletions":12}}}]}],"ivanthengwr":[{"date":"2022-10-02","commitResults":[{"hash":"bdbd9e908425bdf0f050e6508d5c543094ed2c7b","messageTitle":"Add gradle tool","messageBody":"","fileTypesAndContributionMap":{"functional-code":{"insertions":1,"deletions":1}}},{"hash":"727129da5d35b6b52efa29b5550aa9b2adb9629d","messageTitle":"Update AboutUs.md with ivanTheng details","messageBody":"","fileTypesAndContributionMap":{"docs":{"insertions":7,"deletions":7}}}]},{"date":"2022-10-07","commitResults":[{"hash":"85b4fc792091c181554ff1514698d3b9f41eb06e","messageTitle":"Update aboutUs details and Duke","messageBody":"","fileTypesAndContributionMap":{"functional-code":{"insertions":1,"deletions":1},"docs":{"insertions":1,"deletions":1}}}]}]},"authorFileTypeContributionMap":{"shengiv":{"docs":1,"functional-code":277,"test-code":0,"other":2},"JordanKwua":{"docs":0,"functional-code":83,"test-code":0},"Franky4566":{"docs":4,"functional-code":82,"test-code":0},"ivanthengwr":{"docs":3,"functional-code":0,"test-code":0}},"authorContributionVariance":{"shengiv":2985.4656,"JordanKwua":555.1104,"Franky4566":1177.4463,"ivanthengwr":10.24},"authorDisplayNameMap":{"shengiv":"CS2113-T17-1 KART..HRAM","JordanKwua":"CS2113-T17-1 KWUA.. REN","Franky4566":"CS2113-T17-1 RACH..YUAN","ivanthengwr":"CS2113-T17-1 IVAN..RONG"}}
