{"authorDailyContributionsMap":{"shengiv":[{"date":"2022-09-29","commitResults":[{"hash":"82689a73c58c304744413137a660a5d90465b5ec","messageTitle":"Update about me","messageBody":"","fileTypesAndContributionMap":{"docs":{"insertions":7,"deletions":7}}},{"hash":"ecc52e43cf4a8daca0ea631c3271f69d4c203940","messageTitle":"Update about me","messageBody":"","fileTypesAndContributionMap":{"docs":{"insertions":2,"deletions":2}}}]},{"date":"2022-10-10","commitResults":[{"hash":"2405e1482413df164f4d0fe0e76d1785b54249eb","messageTitle":"Change Duke to SkyControl","messageBody":"","fileTypesAndContributionMap":{"functional-code":{"insertions":28,"deletions":21}}},{"hash":"b90aa0664e9d2731aea993620b767f3c490d8465","messageTitle":"Add ability to add passenger to passenger list","messageBody":"","fileTypesAndContributionMap":{"functional-code":{"insertions":147,"deletions":0}}},{"hash":"7351f7e2e0a24e80a9b231f5258ecfd05154beda","messageTitle":"Add Parser and Ui class","messageBody":"","fileTypesAndContributionMap":{"functional-code":{"insertions":68,"deletions":0}}},{"hash":"530f4110ce8054ab1b70775a4d61d67ff81147a5","messageTitle":"Add user interface test","messageBody":"","fileTypesAndContributionMap":{"functional-code":{"insertions":6,"deletions":5},"other":{"insertions":2,"deletions":2}}}]},{"date":"2022-10-12","commitResults":[{"hash":"055bdb86837ca4ba65620148c4ffd2e415d2a18d","messageTitle":"Add JUnit test for PassengerList","messageBody":"","tags":["Used-JUnit"],"fileTypesAndContributionMap":{"test-code":{"insertions":62,"deletions":0}}}]},{"date":"2022-10-14","commitResults":[{"hash":"74f36bbba2f5d3a97f8ecc88a9fc9bb92240d6ba","messageTitle":"Add Assertions for methods in PassengerList","messageBody":"","fileTypesAndContributionMap":{"functional-code":{"insertions":9,"deletions":2}}},{"hash":"b2849f5f870332f56a6d704ee3f30c6920ffd349","messageTitle":"Rectify Assertion error","messageBody":"","fileTypesAndContributionMap":{"functional-code":{"insertions":0,"deletions":1},"test-code":{"insertions":0,"deletions":1}}}]},{"date":"2022-10-15","commitResults":[{"hash":"3ad2d2cf0dd0d628d4369c970a06a0bd946e39d5","messageTitle":"Add Exception to prevent adding a passenger to an already occupied seat","messageBody":"","fileTypesAndContributionMap":{"functional-code":{"insertions":36,"deletions":13},"test-code":{"insertions":1,"deletions":1}}},{"hash":"827483ad94ab0443ca708cc20ee2bee44cad22b2","messageTitle":"Add Exceptions for Add Passenger cases which result in bugs","messageBody":"","fileTypesAndContributionMap":{"functional-code":{"insertions":42,"deletions":20},"test-code":{"insertions":0,"deletions":12}}}]},{"date":"2022-10-20","commitResults":[{"hash":"f20986b162463f30a2fcef12324fb7b189a4af1d","messageTitle":"Add diagrams and developer guide for add passenger feature.","messageBody":"","fileTypesAndContributionMap":{"docs":{"insertions":36,"deletions":1}}},{"hash":"87198b0238c86b4bba1bfe5db65abe12afd53f64","messageTitle":"Rectified labelling error in documentation guide","messageBody":"","fileTypesAndContributionMap":{"docs":{"insertions":2,"deletions":2}}}]},{"date":"2022-10-26","commitResults":[{"hash":"8127547065b47e7799841aab91915cd3eb5b4b69","messageTitle":"Add modify flight details for both flight and passenger list","messageBody":"","fileTypesAndContributionMap":{"functional-code":{"insertions":320,"deletions":33},"test-code":{"insertions":3,"deletions":3}}}]}],"JordanKwua":[{"date":"2022-09-29","commitResults":[{"hash":"40b15d95763ac8e10add3f3db395b0cd7d19539f","messageTitle":"Update about me","messageBody":"","fileTypesAndContributionMap":{"docs":{"insertions":7,"deletions":7}}}]},{"date":"2022-10-10","commitResults":[{"hash":"530f86f3e99117ef3d91175d2ac65148c2049402","messageTitle":"Add delete function for flights and fix coding violations","messageBody":"","fileTypesAndContributionMap":{"functional-code":{"insertions":77,"deletions":29}}},{"hash":"a9448a42bac5bf5c988532428b5e337d060d4dd8","messageTitle":"Fix minor parsing bug between Parser and FlightParser class","messageBody":"","fileTypesAndContributionMap":{"functional-code":{"insertions":5,"deletions":4}}},{"hash":"f33ac08f9bf6ed43695492447653f51ee80664a1","messageTitle":"Fix minor coding violation for naming of method","messageBody":"","fileTypesAndContributionMap":{"functional-code":{"insertions":1,"deletions":1}}},{"hash":"d0677a7674df4e96bba1282c327e58607d827873","messageTitle":"Fix coding violation in FlightManager class","messageBody":"Line is longer than 120 characters\n","fileTypesAndContributionMap":{"functional-code":{"insertions":2,"deletions":1}}}]},{"date":"2022-10-13","commitResults":[{"hash":"b9b601e13920247f2231aba9e797081272c8cabd","messageTitle":"Add JUnit test code for delete function","messageBody":"","fileTypesAndContributionMap":{"test-code":{"insertions":38,"deletions":0}}},{"hash":"386669356ae7f72fbe5221647aafd40349f896d6","messageTitle":"Add logging for delete flight function","messageBody":"","fileTypesAndContributionMap":{"functional-code":{"insertions":31,"deletions":0}}},{"hash":"2ebf84b9e65f0ea969f59196b596944261c57f29","messageTitle":"Revert \"Add logging for delete flight function\"","messageBody":"This reverts commit 386669356ae7f72fbe5221647aafd40349f896d6.\n","fileTypesAndContributionMap":{"functional-code":{"insertions":0,"deletions":31}}},{"hash":"3dfecad7f85fbb9d096ceea8c7da8b3cf538fe8b","messageTitle":"Add method to check proper input for deleting flights","messageBody":"","fileTypesAndContributionMap":{"functional-code":{"insertions":17,"deletions":2}}}]},{"date":"2022-10-14","commitResults":[{"hash":"aaf5bf437a55eb7bef8cb4be3ebf98b7b834e810","messageTitle":"Update FlightList class to meet coding standards","messageBody":"","fileTypesAndContributionMap":{"functional-code":{"insertions":2,"deletions":2}}},{"hash":"561c9d4ea7d3b262a30f45db05490a84e98ae59f","messageTitle":"Update FlightListTest to meet coding standards","messageBody":"","fileTypesAndContributionMap":{"test-code":{"insertions":3,"deletions":3}}},{"hash":"813150f57076beabd7fd5504ff626220ebcf010f","messageTitle":"Fix minor bug in JUnit Test for FlightListTest class","messageBody":"","fileTypesAndContributionMap":{"test-code":{"insertions":0,"deletions":2}}},{"hash":"8ec58b580150638a10b529750ed588bd38469480","messageTitle":"Remove redundant JUnit test method in FlightListTest","messageBody":"","fileTypesAndContributionMap":{"test-code":{"insertions":0,"deletions":12}}},{"hash":"b12f31406860efa4087a61fc2540ebb79064de58","messageTitle":"Add input into text ui testing to include new flight deletion exception","messageBody":"","fileTypesAndContributionMap":{"functional-code":{"insertions":1,"deletions":1}}},{"hash":"54e4ee3a5297ada404564eaf8f099d54c1ee4790","messageTitle":"Add logging for DeleteFlightCommand","messageBody":"","fileTypesAndContributionMap":{"functional-code":{"insertions":31,"deletions":0}}},{"hash":"885f1a602c1d13328ce02c22bff4d445f2a5a154","messageTitle":"Fix naming of variable to meet coding standard","messageBody":"","fileTypesAndContributionMap":{"functional-code":{"insertions":1,"deletions":1}}}]},{"date":"2022-10-20","commitResults":[{"hash":"6c9e4bedb16e5941e371887fd0962c0640b795e1","messageTitle":"Add delete flight implementation into DG and make minor change to RepoSense distribution","messageBody":"","fileTypesAndContributionMap":{"functional-code":{"insertions":2,"deletions":0},"docs":{"insertions":34,"deletions":1}}},{"hash":"1e61f7b1aaf019706bf15c8f9d0c1e6826c234f8","messageTitle":"Update DG","messageBody":"","fileTypesAndContributionMap":{"docs":{"insertions":1,"deletions":1}}}]},{"date":"2022-10-24","commitResults":[{"hash":"0806a9df102097779c8ddef714273ca03498b1e8","messageTitle":"Fix bug in invalid flight number format for flight delete function","messageBody":"","fileTypesAndContributionMap":{"functional-code":{"insertions":15,"deletions":23}}},{"hash":"15cad9909598468bcdc0c641398da84009963c8b","messageTitle":"Fix checkStyle error","messageBody":"","fileTypesAndContributionMap":{"functional-code":{"insertions":1,"deletions":1}}}]}],"Franky4566":[{"date":"2022-09-29","commitResults":[{"hash":"a8cfb2a456104bc32cd2ec2c35744c6b4e1c025c","messageTitle":"Update docs about me - Rachel","messageBody":"","fileTypesAndContributionMap":{"docs":{"insertions":7,"deletions":7}}},{"hash":"986f768a5b9601a1fd57ee58af98735c022cedb1","messageTitle":"Update about me- rachel","messageBody":"","fileTypesAndContributionMap":{"docs":{"insertions":7,"deletions":7}}}]},{"date":"2022-10-08","commitResults":[{"hash":"92319823621772b32698b876d3b54e0c8a63e40d","messageTitle":"Modify Duke file input","messageBody":"","fileTypesAndContributionMap":{"functional-code":{"insertions":34,"deletions":2}}}]},{"date":"2022-10-09","commitResults":[{"hash":"44a1ee2cc8c6c4c570a54b3ad456ffe830bba8b7","messageTitle":"Create FlightManager class","messageBody":"","fileTypesAndContributionMap":{"functional-code":{"insertions":18,"deletions":0}}},{"hash":"7df01fc0d0665bc7b363f9800494862fdcf69572","messageTitle":"Add SkyControl Exception class","messageBody":"","fileTypesAndContributionMap":{"functional-code":{"insertions":9,"deletions":0},"other":{"insertions":0,"deletions":0}}},{"hash":"582bbebd8d50b49df4e08d2330070750ada11a23","messageTitle":"Add flight add and list functionality","messageBody":"","fileTypesAndContributionMap":{"functional-code":{"insertions":94,"deletions":10}}},{"hash":"c64c78bb7b7edc7b774931903408d8dca2d4e907","messageTitle":"Update input handling to differentiate flights and passengers","messageBody":"","fileTypesAndContributionMap":{"functional-code":{"insertions":29,"deletions":12}}}]},{"date":"2022-10-13","commitResults":[{"hash":"397ee2f1144c240582e7f642ad3af84d8fe913de","messageTitle":"Add loggers for flight add and list","messageBody":"","fileTypesAndContributionMap":{"functional-code":{"insertions":56,"deletions":0}}}]},{"date":"2022-10-14","commitResults":[{"hash":"e928401109a546f56b259414d4f3e21b41af331e","messageTitle":"Improve Flight list output display for consistency","messageBody":"","fileTypesAndContributionMap":{"functional-code":{"insertions":33,"deletions":12}}},{"hash":"62790509b8cf01c1448acdae6b558bbf3bff121e","messageTitle":"Removed redundant code","messageBody":"","fileTypesAndContributionMap":{"functional-code":{"insertions":0,"deletions":8}}},{"hash":"f6ed60f6b068fa84bb5fadfdcfc3c828cb076837","messageTitle":"resolve magic strings in FlightList","messageBody":"","fileTypesAndContributionMap":{"functional-code":{"insertions":4,"deletions":2}}},{"hash":"7d3344956b3da917de43911a886d49cafedd59b3","messageTitle":"Fix case sensitive bug in add flight","messageBody":"","fileTypesAndContributionMap":{"functional-code":{"insertions":3,"deletions":3}}},{"hash":"e18fc7ad88b5f0b57761e6b29c2ad84f09595f6f","messageTitle":"Resolve checkstyle errors","messageBody":"","fileTypesAndContributionMap":{"functional-code":{"insertions":24,"deletions":16}}},{"hash":"0c3f5bfa828977baed2bc11dc33f8e2cedae041e","messageTitle":"Add assertion","messageBody":"","fileTypesAndContributionMap":{"functional-code":{"insertions":9,"deletions":2}}},{"hash":"257e0b73185f6f227ff4d926f0457dcf0e9b4f2a","messageTitle":"Add junit test for add flight method","messageBody":"","fileTypesAndContributionMap":{"test-code":{"insertions":11,"deletions":2}}},{"hash":"e387b2e1cfc8c3739b6570356f8ee27b7b8f0d2a","messageTitle":"Improve junit testing and resolve failing junit test","messageBody":"","fileTypesAndContributionMap":{"functional-code":{"insertions":11,"deletions":11},"test-code":{"insertions":7,"deletions":6}}},{"hash":"162b472557fc63d1ec2fff9af6ce8ba180af6115","messageTitle":"Naming of flight info","messageBody":"","fileTypesAndContributionMap":{"functional-code":{"insertions":28,"deletions":4}}}]},{"date":"2022-10-17","commitResults":[{"hash":"8769ffcbb2e15a70ee7163c541bc464544a87d22","messageTitle":"Run and create remaining loggers","messageBody":"","fileTypesAndContributionMap":{"functional-code":{"insertions":2,"deletions":0}}}]},{"date":"2022-10-18","commitResults":[{"hash":"42e997bdec2dd9a8054e48da7d1eb70ce6a87302","messageTitle":"Add multiple flight exceptions for the \u0027add\u0027 operation","messageBody":"","fileTypesAndContributionMap":{"functional-code":{"insertions":187,"deletions":44},"test-code":{"insertions":0,"deletions":1}}},{"hash":"2e6b693f01fae85b2d746ac0840f54916f57ff39","messageTitle":"Update UI class to display exception and text-ui-test to verify checks","messageBody":"","fileTypesAndContributionMap":{"functional-code":{"insertions":41,"deletions":15}}},{"hash":"5cc46843ba0d1070e0881b5d44234debf312e3b8","messageTitle":"Resolve checkstyle errors in FlightList class","messageBody":"","fileTypesAndContributionMap":{"functional-code":{"insertions":2,"deletions":2}}},{"hash":"34d4748bdd766a300610b658ec94fa0808145b55","messageTitle":"Resolve checkstyle error in UI class","messageBody":"","fileTypesAndContributionMap":{"functional-code":{"insertions":2,"deletions":2}}},{"hash":"12bd2f7906140dd8fe8365f5bd95617187259351","messageTitle":"Resolve junit test error","messageBody":"","fileTypesAndContributionMap":{"test-code":{"insertions":1,"deletions":1}}}]},{"date":"2022-10-19","commitResults":[{"hash":"189ec8d70c7da61f4d1cd3e1f1dd232567f5e25a","messageTitle":"Update flight terminal changes","messageBody":"","fileTypesAndContributionMap":{"functional-code":{"insertions":15,"deletions":26}}},{"hash":"3e9fd5ae8608060d23df283fbda417ba0c5e3458","messageTitle":"Resolve magic numbers and improve SLAP","messageBody":"","fileTypesAndContributionMap":{"functional-code":{"insertions":11,"deletions":8}}},{"hash":"26599c02ec6ca3228719333baa54cf1bc6dc8fbe","messageTitle":"Fix flight add bugs","messageBody":"","fileTypesAndContributionMap":{"functional-code":{"insertions":8,"deletions":4}}}]},{"date":"2022-10-20","commitResults":[{"hash":"182517ea99f1b715d15a7baf9e67d30872c71b08","messageTitle":"Add implementation for \u0027flight add\u0027 and \u0027flight list\u0027 developer guide","messageBody":"","fileTypesAndContributionMap":{"docs":{"insertions":39,"deletions":1}}},{"hash":"f65a5cfa4b0e3b7087810daee7c84fe37512e486","messageTitle":"Correct developer guide index","messageBody":"","fileTypesAndContributionMap":{"docs":{"insertions":1,"deletions":1}}}]},{"date":"2022-10-26","commitResults":[{"hash":"f1cb97eb901912a44fe3395ca5beae60a6228035","messageTitle":"preliminary delay flight setup","messageBody":"","fileTypesAndContributionMap":{"functional-code":{"insertions":29,"deletions":1},"docs":{"insertions":45,"deletions":11}}},{"hash":"a2ec053324a05495d052c0466e5417aa77c01ba0","messageTitle":"Add flight add, delay and list to User Guide","messageBody":"","fileTypesAndContributionMap":{"docs":{"insertions":26,"deletions":3}}},{"hash":"9bb0e01a83df4c628bd74bcba2f4b94b623bfec6","messageTitle":"Add delay flight departure time functionality","messageBody":"","fileTypesAndContributionMap":{"functional-code":{"insertions":133,"deletions":20}}},{"hash":"fbd328dbe498d6c5c11c521aaaa8daf27f45564e","messageTitle":"Resolve delay and modify clashing bug","messageBody":"","fileTypesAndContributionMap":{"functional-code":{"insertions":5,"deletions":4}}},{"hash":"546bd1669af72844835f938a42f9b8534842c3ee","messageTitle":"Correct delayflightcommand logger","messageBody":"","fileTypesAndContributionMap":{"functional-code":{"insertions":19,"deletions":26}}}]},{"date":"2022-10-27","commitResults":[{"hash":"fbb392a2953636da94f9fe68224fb8a117798f9e","messageTitle":"Resolve flight delay not able to update passenger list bug","messageBody":"","fileTypesAndContributionMap":{"functional-code":{"insertions":12,"deletions":5}}},{"hash":"1425bdf8c24654da654c7fd1d8cafd50bf6c099c","messageTitle":"edit skycontrol imports","messageBody":"","fileTypesAndContributionMap":{"functional-code":{"insertions":7,"deletions":1}}},{"hash":"8850a04843bf5ec0ff58896a4de1c5f606e37f16","messageTitle":"Update SkyControl.java","messageBody":"","fileTypesAndContributionMap":{"functional-code":{"insertions":6,"deletions":1}}},{"hash":"c1a494187cc6750a04814268d2aa692e86b93522","messageTitle":"Update UserGuide.md","messageBody":"","fileTypesAndContributionMap":{"docs":{"insertions":7,"deletions":8}}},{"hash":"4a7a9a29601bb946caa377a2fa7023e73429f540","messageTitle":"resolve checkstyle errors","messageBody":"","fileTypesAndContributionMap":{"functional-code":{"insertions":3,"deletions":2}}}]}],"ivanthengwr":[{"date":"2022-10-02","commitResults":[{"hash":"bdbd9e908425bdf0f050e6508d5c543094ed2c7b","messageTitle":"Add gradle tool","messageBody":"","fileTypesAndContributionMap":{"functional-code":{"insertions":1,"deletions":1}}},{"hash":"727129da5d35b6b52efa29b5550aa9b2adb9629d","messageTitle":"Update AboutUs.md with ivanTheng details","messageBody":"","fileTypesAndContributionMap":{"docs":{"insertions":7,"deletions":7}}}]},{"date":"2022-10-07","commitResults":[{"hash":"85b4fc792091c181554ff1514698d3b9f41eb06e","messageTitle":"Update aboutUs details and Duke","messageBody":"","fileTypesAndContributionMap":{"functional-code":{"insertions":1,"deletions":1},"docs":{"insertions":1,"deletions":1}}}]},{"date":"2022-10-11","commitResults":[{"hash":"8259f9dd68c13850a0f5cb3e348cd7b2d6224aa6","messageTitle":"Add delete and list feature for passenger details","messageBody":"Update the flow of the overall code based. Made it more OOP by further\nsplitting classes into different packages. Likewise, integrated all\nteam\u0027s work code to form a cohesive and modular structure that can\neasily made features for our future milestones and version of this\nproject.\n\nWill be proceeding to add JUnit, more exception and assertions for\nboth list \u0026 delete feature of the passenger side of details. Pull\nrequest will be done after to the team\u0027s repo.\n","fileTypesAndContributionMap":{"functional-code":{"insertions":634,"deletions":197},"other":{"insertions":30,"deletions":33}}}]},{"date":"2022-10-12","commitResults":[{"hash":"444218fcc3dcb774652bc8053a8cd2388e2ff225","messageTitle":"Add JUnit tests and added a few exceptions","messageBody":"Will be adding some assertions and logs.\n","fileTypesAndContributionMap":{"functional-code":{"insertions":38,"deletions":11},"test-code":{"insertions":43,"deletions":0}}},{"hash":"f5c384bea2cd97655320a79255b9411f1b533532","messageTitle":"resolve checkError","messageBody":"","fileTypesAndContributionMap":{"test-code":{"insertions":3,"deletions":3}}},{"hash":"83b8d1327866e533ea8a56f93ffe605222f80aec","messageTitle":"Resolve checkError for runtest.bat","messageBody":"","fileTypesAndContributionMap":{"functional-code":{"insertions":1,"deletions":1},"other":{"insertions":1,"deletions":1}}},{"hash":"851e093911c38e65f7c29caa724ed0e8285a25ce","messageTitle":"Add assertions and logger for the SkyControl","messageBody":"Added in a few more exceptions to tacklet incomplete passenger input and\nupdate input.txt to test more inputs.\n","fileTypesAndContributionMap":{"functional-code":{"insertions":210,"deletions":28},"other":{"insertions":1,"deletions":1}}},{"hash":"2facd5f0ac377fe436e567ade461251b8c133dff","messageTitle":"Add loggers to the code base","messageBody":"Added loggers for Addpassenger, DeletePassenger, ListPassenger and\nParser.\n","fileTypesAndContributionMap":{"functional-code":{"insertions":0,"deletions":1}}}]},{"date":"2022-10-13","commitResults":[{"hash":"566005d8cafc92d74bcc836bf0d07a9c29f6bd2b","messageTitle":"Update assert switch to be turn on","messageBody":"","fileTypesAndContributionMap":{"other":{"insertions":2,"deletions":0}}}]},{"date":"2022-10-16","commitResults":[{"hash":"7314c1a018023a62cb9ae91648308001bd612ec9","messageTitle":"Update Operation list for time and more exceptions","messageBody":"Enhanced add operation for passenger details to validate all inputs\nexcept gn bg sn yet to validate will do in next pr.\n","fileTypesAndContributionMap":{"functional-code":{"insertions":196,"deletions":50},"test-code":{"insertions":8,"deletions":11}}}]},{"date":"2022-10-19","commitResults":[{"hash":"47a94db96f7d2ed7855c2e3b8f4d7c88d7ba663d","messageTitle":" Update RespoSense Ownership distribution","messageBody":"","fileTypesAndContributionMap":{"functional-code":{"insertions":35,"deletions":1}}},{"hash":"fcc10a451645ae956248257ea95753187ee2eb60","messageTitle":"Update checkstyle error","messageBody":"","fileTypesAndContributionMap":{"functional-code":{"insertions":1,"deletions":0}}},{"hash":"c77dc16b226360d41bb118bc8490277cb872d71c","messageTitle":"Update expected.txt","messageBody":"","fileTypesAndContributionMap":{"functional-code":{"insertions":1,"deletions":1}}}]},{"date":"2022-10-20","commitResults":[{"hash":"44783d43d857b1db375c569d9e889f21632ca86b","messageTitle":"Update DG","messageBody":"","fileTypesAndContributionMap":{"docs":{"insertions":79,"deletions":3}}},{"hash":"755add644287b33ad4dfe2ff044f2dab58c3c830","messageTitle":"Update DG and made passengerAdd more defensive","messageBody":"","fileTypesAndContributionMap":{"functional-code":{"insertions":90,"deletions":7},"docs":{"insertions":68,"deletions":16}}},{"hash":"5c1355701ad3702990970668b213ec8409be1e2c","messageTitle":"Update DG","messageBody":"","fileTypesAndContributionMap":{"docs":{"insertions":6,"deletions":2}}}]},{"date":"2022-10-24","commitResults":[{"hash":"fa975fb494695cbcaf4499438e388c16fb74510c","messageTitle":"Update Changing Parser input workflow","messageBody":"i.e. Flight number must exist in the flight list first before it is able\nto input passenger detail on that specific flight number\n","fileTypesAndContributionMap":{"functional-code":{"insertions":123,"deletions":10}}}]},{"date":"2022-10-26","commitResults":[{"hash":"2bf896184d3ffa0fccf2f9bfc65cd322f3a7ff63","messageTitle":"Update UG","messageBody":"Included content of table, features, command summary and FAQ.\n","fileTypesAndContributionMap":{"docs":{"insertions":132,"deletions":28}}},{"hash":"3aa4536cd2b928c665f4e531cf77f000aa63e3b1","messageTitle":"Update UG","messageBody":"","fileTypesAndContributionMap":{"docs":{"insertions":2,"deletions":1}}},{"hash":"7ece70e4e8dff0bb38d9b5ba625421aadee114df","messageTitle":"Update UG table of content","messageBody":"","fileTypesAndContributionMap":{"docs":{"insertions":1,"deletions":1}}}]}]},"authorFileTypeContributionMap":{"shengiv":{"docs":37,"functional-code":575,"test-code":39,"other":2},"JordanKwua":{"docs":32,"functional-code":99,"test-code":21},"Franky4566":{"docs":100,"functional-code":556,"test-code":14},"ivanthengwr":{"docs":252,"functional-code":1040,"test-code":48,"other":3}},"authorContributionVariance":{"shengiv":4981.134,"JordanKwua":755.21387,"Franky4566":5633.188,"ivanthengwr":23786.604},"authorDisplayNameMap":{"shengiv":"CS2113-T17-1 KART..HRAM","JordanKwua":"CS2113-T17-1 KWUA.. REN","Franky4566":"CS2113-T17-1 RACH..YUAN","ivanthengwr":"CS2113-T17-1 IVAN..RONG"}}
