[{"path":"build.gradle","fileType":"other","lines":[{"lineNumber":1,"author":{"gitId":"-"},"content":"plugins {","lastModifiedDate":"2020-05-25"},{"lineNumber":2,"author":{"gitId":"-"},"content":"    id \u0027java\u0027","lastModifiedDate":"2020-05-25"},{"lineNumber":3,"author":{"gitId":"-"},"content":"    id \u0027application\u0027","lastModifiedDate":"2020-05-25"},{"lineNumber":4,"author":{"gitId":"-"},"content":"    id \u0027checkstyle\u0027","lastModifiedDate":"2020-05-25"},{"lineNumber":5,"author":{"gitId":"-"},"content":"    id \u0027com.github.johnrengelman.shadow\u0027 version \u00275.1.0\u0027","lastModifiedDate":"2020-05-25"},{"lineNumber":6,"author":{"gitId":"-"},"content":"}","lastModifiedDate":"2020-05-25"},{"lineNumber":7,"author":{"gitId":"-"},"content":"","lastModifiedDate":"2020-05-25"},{"lineNumber":8,"author":{"gitId":"-"},"content":"repositories {","lastModifiedDate":"2020-05-25"},{"lineNumber":9,"author":{"gitId":"-"},"content":"    mavenCentral()","lastModifiedDate":"2020-05-25"},{"lineNumber":10,"author":{"gitId":"-"},"content":"}","lastModifiedDate":"2020-05-25"},{"lineNumber":11,"author":{"gitId":"-"},"content":"","lastModifiedDate":"2020-05-25"},{"lineNumber":12,"author":{"gitId":"-"},"content":"dependencies {","lastModifiedDate":"2020-05-25"},{"lineNumber":13,"author":{"gitId":"-"},"content":"    testImplementation group: \u0027org.junit.jupiter\u0027, name: \u0027junit-jupiter-api\u0027, version: \u00275.5.0\u0027","lastModifiedDate":"2020-05-25"},{"lineNumber":14,"author":{"gitId":"-"},"content":"    testRuntimeOnly group: \u0027org.junit.jupiter\u0027, name: \u0027junit-jupiter-engine\u0027, version: \u00275.5.0\u0027","lastModifiedDate":"2020-05-25"},{"lineNumber":15,"author":{"gitId":"-"},"content":"}","lastModifiedDate":"2020-05-25"},{"lineNumber":16,"author":{"gitId":"-"},"content":"","lastModifiedDate":"2020-05-25"},{"lineNumber":17,"author":{"gitId":"-"},"content":"test {","lastModifiedDate":"2020-05-25"},{"lineNumber":18,"author":{"gitId":"-"},"content":"    useJUnitPlatform()","lastModifiedDate":"2020-05-25"},{"lineNumber":19,"author":{"gitId":"-"},"content":"","lastModifiedDate":"2020-05-25"},{"lineNumber":20,"author":{"gitId":"-"},"content":"    testLogging {","lastModifiedDate":"2020-05-25"},{"lineNumber":21,"author":{"gitId":"-"},"content":"        events \"passed\", \"skipped\", \"failed\"","lastModifiedDate":"2020-05-25"},{"lineNumber":22,"author":{"gitId":"-"},"content":"","lastModifiedDate":"2020-05-25"},{"lineNumber":23,"author":{"gitId":"-"},"content":"        showExceptions true","lastModifiedDate":"2020-05-25"},{"lineNumber":24,"author":{"gitId":"-"},"content":"        exceptionFormat \"full\"","lastModifiedDate":"2020-05-25"},{"lineNumber":25,"author":{"gitId":"-"},"content":"        showCauses true","lastModifiedDate":"2020-05-25"},{"lineNumber":26,"author":{"gitId":"-"},"content":"        showStackTraces true","lastModifiedDate":"2020-05-25"},{"lineNumber":27,"author":{"gitId":"-"},"content":"        showStandardStreams \u003d false","lastModifiedDate":"2020-05-25"},{"lineNumber":28,"author":{"gitId":"-"},"content":"    }","lastModifiedDate":"2020-05-25"},{"lineNumber":29,"author":{"gitId":"-"},"content":"}","lastModifiedDate":"2020-05-25"},{"lineNumber":30,"author":{"gitId":"-"},"content":"","lastModifiedDate":"2020-05-25"},{"lineNumber":31,"author":{"gitId":"-"},"content":"application {","lastModifiedDate":"2020-05-25"},{"lineNumber":32,"author":{"gitId":"gitpancaked"},"content":"    mainClassName \u003d \"computercomponentchooser.ComputerComponentChooser\"","lastModifiedDate":"2022-10-09"},{"lineNumber":33,"author":{"gitId":"-"},"content":"}","lastModifiedDate":"2020-05-25"},{"lineNumber":34,"author":{"gitId":"-"},"content":"","lastModifiedDate":"2020-05-25"},{"lineNumber":35,"author":{"gitId":"-"},"content":"shadowJar {","lastModifiedDate":"2020-05-25"},{"lineNumber":36,"author":{"gitId":"gitpancaked"},"content":"    archiveBaseName \u003d \"computercomponentchooser\"","lastModifiedDate":"2022-10-09"},{"lineNumber":37,"author":{"gitId":"-"},"content":"    archiveClassifier \u003d null","lastModifiedDate":"2020-05-25"},{"lineNumber":38,"author":{"gitId":"-"},"content":"}","lastModifiedDate":"2020-05-25"},{"lineNumber":39,"author":{"gitId":"-"},"content":"","lastModifiedDate":"2020-05-25"},{"lineNumber":40,"author":{"gitId":"-"},"content":"checkstyle {","lastModifiedDate":"2020-05-25"},{"lineNumber":41,"author":{"gitId":"-"},"content":"    toolVersion \u003d \u00278.23\u0027","lastModifiedDate":"2020-05-25"},{"lineNumber":42,"author":{"gitId":"-"},"content":"}","lastModifiedDate":"2020-05-25"},{"lineNumber":43,"author":{"gitId":"-"},"content":"","lastModifiedDate":"2020-05-25"},{"lineNumber":44,"author":{"gitId":"-"},"content":"run {","lastModifiedDate":"2020-05-25"},{"lineNumber":45,"author":{"gitId":"-"},"content":"    standardInput \u003d System.in","lastModifiedDate":"2020-05-25"},{"lineNumber":46,"author":{"gitId":"-"},"content":"}","lastModifiedDate":"2020-05-25"}],"authorContributionMap":{"gitpancaked":2,"-":44}},{"path":"docs/AboutUs.md","fileType":"docs","lines":[{"lineNumber":1,"author":{"gitId":"-"},"content":"# About us","lastModifiedDate":"2020-05-24"},{"lineNumber":2,"author":{"gitId":"-"},"content":"","lastModifiedDate":"2020-05-24"},{"lineNumber":3,"author":{"gitId":"-"},"content":"Display |       Name       |            Github Profile            | Portfolio ","lastModifiedDate":"2020-05-24"},{"lineNumber":4,"author":{"gitId":"deveshl"},"content":"--------|:----------------:|:------------------------------------:|:---------:","lastModifiedDate":"2022-09-28"},{"lineNumber":5,"author":{"gitId":"deveshl"},"content":"![](https://via.placeholder.com/100.png?text\u003dPhoto) | Devesh Logendran | [Github](https://github.com/deveshl) | [Portfolio](docs/team/johndoe.md)","lastModifiedDate":"2022-09-28"},{"lineNumber":6,"author":{"gitId":"P0tatoChips"},"content":"![](https://via.placeholder.com/100.png?text\u003dPhoto) |    Shawn Tan     |    [Github](https://github.com/GitPancaked)     | [Portfolio](docs/team/johndoe.md)","lastModifiedDate":"2022-09-28"},{"lineNumber":7,"author":{"gitId":"lcsroy"},"content":"![](https://via.placeholder.com/100.png?text\u003dPhoto) |     Roy Lim      | [Github](https://github.com/lcsroy) | [Portfolio](docs/team/johndoe.md)","lastModifiedDate":"2022-09-28"},{"lineNumber":8,"author":{"gitId":"P0tatoChips"},"content":"![](https://via.placeholder.com/100.png?text\u003dPhoto) |   Heinrich koh   |    [Github](https://github.com/P0tatoChips)     | [Portfolio](docs/team/johndoe.md)","lastModifiedDate":"2022-09-28"},{"lineNumber":9,"author":{"gitId":"-"},"content":"![](https://via.placeholder.com/100.png?text\u003dPhoto) |     Don Roe      |    [Github](https://github.com/)     | [Portfolio](docs/team/johndoe.md)","lastModifiedDate":"2020-05-24"}],"authorContributionMap":{"deveshl":2,"lcsroy":1,"P0tatoChips":2,"-":4}},{"path":"src/main/java/computercomponentchooser/Build.java","fileType":"functional-code","lines":[{"lineNumber":1,"author":{"gitId":"deveshl"},"content":"package computercomponentchooser;","lastModifiedDate":"2022-10-09"},{"lineNumber":2,"author":{"gitId":"deveshl"},"content":"","lastModifiedDate":"2022-10-09"},{"lineNumber":3,"author":{"gitId":"deveshl"},"content":"public class Build {","lastModifiedDate":"2022-10-09"},{"lineNumber":4,"author":{"gitId":"deveshl"},"content":"    String name;","lastModifiedDate":"2022-10-09"},{"lineNumber":5,"author":{"gitId":"deveshl"},"content":"    String contents;","lastModifiedDate":"2022-10-09"},{"lineNumber":6,"author":{"gitId":"deveshl"},"content":"","lastModifiedDate":"2022-10-09"},{"lineNumber":7,"author":{"gitId":"deveshl"},"content":"    public Build(String name) {","lastModifiedDate":"2022-10-09"},{"lineNumber":8,"author":{"gitId":"deveshl"},"content":"        this.name \u003d name;","lastModifiedDate":"2022-10-09"},{"lineNumber":9,"author":{"gitId":"deveshl"},"content":"    }","lastModifiedDate":"2022-10-09"},{"lineNumber":10,"author":{"gitId":"deveshl"},"content":"","lastModifiedDate":"2022-10-09"},{"lineNumber":11,"author":{"gitId":"deveshl"},"content":"    public String getName() {","lastModifiedDate":"2022-10-09"},{"lineNumber":12,"author":{"gitId":"deveshl"},"content":"        return name;","lastModifiedDate":"2022-10-09"},{"lineNumber":13,"author":{"gitId":"deveshl"},"content":"    }","lastModifiedDate":"2022-10-09"},{"lineNumber":14,"author":{"gitId":"deveshl"},"content":"","lastModifiedDate":"2022-10-09"},{"lineNumber":15,"author":{"gitId":"deveshl"},"content":"    public void setName(String name) {","lastModifiedDate":"2022-10-09"},{"lineNumber":16,"author":{"gitId":"deveshl"},"content":"        this.name \u003d name;","lastModifiedDate":"2022-10-09"},{"lineNumber":17,"author":{"gitId":"deveshl"},"content":"    }","lastModifiedDate":"2022-10-09"},{"lineNumber":18,"author":{"gitId":"deveshl"},"content":"","lastModifiedDate":"2022-10-09"},{"lineNumber":19,"author":{"gitId":"deveshl"},"content":"    public String getContents() {","lastModifiedDate":"2022-10-09"},{"lineNumber":20,"author":{"gitId":"deveshl"},"content":"        return contents;","lastModifiedDate":"2022-10-09"},{"lineNumber":21,"author":{"gitId":"deveshl"},"content":"    }","lastModifiedDate":"2022-10-09"},{"lineNumber":22,"author":{"gitId":"deveshl"},"content":"","lastModifiedDate":"2022-10-09"},{"lineNumber":23,"author":{"gitId":"deveshl"},"content":"    public void setContents(String contents) {","lastModifiedDate":"2022-10-09"},{"lineNumber":24,"author":{"gitId":"deveshl"},"content":"        this.contents \u003d contents;","lastModifiedDate":"2022-10-09"},{"lineNumber":25,"author":{"gitId":"deveshl"},"content":"    }","lastModifiedDate":"2022-10-09"},{"lineNumber":26,"author":{"gitId":"deveshl"},"content":"}","lastModifiedDate":"2022-10-09"}],"authorContributionMap":{"deveshl":26}},{"path":"src/main/java/computercomponentchooser/BuildManager.java","fileType":"functional-code","lines":[{"lineNumber":1,"author":{"gitId":"deveshl"},"content":"package computercomponentchooser;","lastModifiedDate":"2022-10-09"},{"lineNumber":2,"author":{"gitId":"deveshl"},"content":"","lastModifiedDate":"2022-10-09"},{"lineNumber":3,"author":{"gitId":"deveshl"},"content":"import java.util.HashMap;","lastModifiedDate":"2022-10-09"},{"lineNumber":4,"author":{"gitId":"deveshl"},"content":"import java.util.Map;","lastModifiedDate":"2022-10-09"},{"lineNumber":5,"author":{"gitId":"deveshl"},"content":"","lastModifiedDate":"2022-10-09"},{"lineNumber":6,"author":{"gitId":"deveshl"},"content":"import computercomponentchooser.exceptions.DuplicateBuildException;","lastModifiedDate":"2022-10-09"},{"lineNumber":7,"author":{"gitId":"deveshl"},"content":"","lastModifiedDate":"2022-10-09"},{"lineNumber":8,"author":{"gitId":"deveshl"},"content":"public class BuildManager {","lastModifiedDate":"2022-10-09"},{"lineNumber":9,"author":{"gitId":"deveshl"},"content":"    private final Map\u003cString, Build\u003e builds;","lastModifiedDate":"2022-10-09"},{"lineNumber":10,"author":{"gitId":"deveshl"},"content":"","lastModifiedDate":"2022-10-09"},{"lineNumber":11,"author":{"gitId":"deveshl"},"content":"    public BuildManager() {","lastModifiedDate":"2022-10-09"},{"lineNumber":12,"author":{"gitId":"deveshl"},"content":"        builds \u003d new HashMap\u003c\u003e();","lastModifiedDate":"2022-10-09"},{"lineNumber":13,"author":{"gitId":"deveshl"},"content":"    }","lastModifiedDate":"2022-10-09"},{"lineNumber":14,"author":{"gitId":"deveshl"},"content":"","lastModifiedDate":"2022-10-09"},{"lineNumber":15,"author":{"gitId":"deveshl"},"content":"    public void addBuild(Build build) throws DuplicateBuildException {","lastModifiedDate":"2022-10-09"},{"lineNumber":16,"author":{"gitId":"deveshl"},"content":"        if (builds.containsKey(build.getName())) {","lastModifiedDate":"2022-10-09"},{"lineNumber":17,"author":{"gitId":"deveshl"},"content":"            throw new DuplicateBuildException();","lastModifiedDate":"2022-10-09"},{"lineNumber":18,"author":{"gitId":"deveshl"},"content":"        }","lastModifiedDate":"2022-10-09"},{"lineNumber":19,"author":{"gitId":"deveshl"},"content":"        builds.put(build.getName(), build);","lastModifiedDate":"2022-10-09"},{"lineNumber":20,"author":{"gitId":"deveshl"},"content":"    }","lastModifiedDate":"2022-10-09"},{"lineNumber":21,"author":{"gitId":"deveshl"},"content":"","lastModifiedDate":"2022-10-09"},{"lineNumber":22,"author":{"gitId":"deveshl"},"content":"    public void deleteBuild(String name) {","lastModifiedDate":"2022-10-09"},{"lineNumber":23,"author":{"gitId":"deveshl"},"content":"        builds.remove(name);","lastModifiedDate":"2022-10-09"},{"lineNumber":24,"author":{"gitId":"deveshl"},"content":"    }","lastModifiedDate":"2022-10-09"},{"lineNumber":25,"author":{"gitId":"deveshl"},"content":"","lastModifiedDate":"2022-10-09"},{"lineNumber":26,"author":{"gitId":"deveshl"},"content":"    public Build getBuild(String name) {","lastModifiedDate":"2022-10-09"},{"lineNumber":27,"author":{"gitId":"deveshl"},"content":"        return builds.get(name);","lastModifiedDate":"2022-10-09"},{"lineNumber":28,"author":{"gitId":"deveshl"},"content":"    }","lastModifiedDate":"2022-10-09"},{"lineNumber":29,"author":{"gitId":"deveshl"},"content":"","lastModifiedDate":"2022-10-09"},{"lineNumber":30,"author":{"gitId":"deveshl"},"content":"    public int size() {","lastModifiedDate":"2022-10-09"},{"lineNumber":31,"author":{"gitId":"deveshl"},"content":"        return builds.size();","lastModifiedDate":"2022-10-09"},{"lineNumber":32,"author":{"gitId":"deveshl"},"content":"    }","lastModifiedDate":"2022-10-09"},{"lineNumber":33,"author":{"gitId":"deveshl"},"content":"","lastModifiedDate":"2022-10-09"},{"lineNumber":34,"author":{"gitId":"deveshl"},"content":"    public String toString() {","lastModifiedDate":"2022-10-09"},{"lineNumber":35,"author":{"gitId":"deveshl"},"content":"        StringBuilder sb \u003d new StringBuilder();","lastModifiedDate":"2022-10-09"},{"lineNumber":36,"author":{"gitId":"deveshl"},"content":"        int i \u003d 1;","lastModifiedDate":"2022-10-09"},{"lineNumber":37,"author":{"gitId":"deveshl"},"content":"        for (String name : builds.keySet()) {","lastModifiedDate":"2022-10-09"},{"lineNumber":38,"author":{"gitId":"deveshl"},"content":"            sb.append(i).append(\". \").append(name).append(System.lineSeparator());","lastModifiedDate":"2022-10-09"},{"lineNumber":39,"author":{"gitId":"deveshl"},"content":"            i++;","lastModifiedDate":"2022-10-09"},{"lineNumber":40,"author":{"gitId":"deveshl"},"content":"        }","lastModifiedDate":"2022-10-09"},{"lineNumber":41,"author":{"gitId":"deveshl"},"content":"        return sb.toString();","lastModifiedDate":"2022-10-09"},{"lineNumber":42,"author":{"gitId":"deveshl"},"content":"    }","lastModifiedDate":"2022-10-09"},{"lineNumber":43,"author":{"gitId":"deveshl"},"content":"","lastModifiedDate":"2022-10-09"},{"lineNumber":44,"author":{"gitId":"deveshl"},"content":"    public BuildManager findBuilds(String searchTerm) {","lastModifiedDate":"2022-10-09"},{"lineNumber":45,"author":{"gitId":"deveshl"},"content":"        BuildManager foundBuilds \u003d new BuildManager();","lastModifiedDate":"2022-10-09"},{"lineNumber":46,"author":{"gitId":"deveshl"},"content":"        for (String name : builds.keySet()) {","lastModifiedDate":"2022-10-09"},{"lineNumber":47,"author":{"gitId":"deveshl"},"content":"            if (name.contains(searchTerm)) {","lastModifiedDate":"2022-10-09"},{"lineNumber":48,"author":{"gitId":"deveshl"},"content":"                try {","lastModifiedDate":"2022-10-09"},{"lineNumber":49,"author":{"gitId":"deveshl"},"content":"                    foundBuilds.addBuild(builds.get(name));","lastModifiedDate":"2022-10-09"},{"lineNumber":50,"author":{"gitId":"deveshl"},"content":"                } catch (DuplicateBuildException e) {","lastModifiedDate":"2022-10-09"},{"lineNumber":51,"author":{"gitId":"deveshl"},"content":"                    // this should never happen, our build map has no duplicate keys","lastModifiedDate":"2022-10-09"},{"lineNumber":52,"author":{"gitId":"deveshl"},"content":"                }","lastModifiedDate":"2022-10-09"},{"lineNumber":53,"author":{"gitId":"deveshl"},"content":"            }","lastModifiedDate":"2022-10-09"},{"lineNumber":54,"author":{"gitId":"deveshl"},"content":"        }","lastModifiedDate":"2022-10-09"},{"lineNumber":55,"author":{"gitId":"deveshl"},"content":"        return foundBuilds;","lastModifiedDate":"2022-10-09"},{"lineNumber":56,"author":{"gitId":"deveshl"},"content":"    }","lastModifiedDate":"2022-10-09"},{"lineNumber":57,"author":{"gitId":"deveshl"},"content":"}","lastModifiedDate":"2022-10-09"}],"authorContributionMap":{"deveshl":57}},{"path":"src/main/java/computercomponentchooser/ComputerComponentChooser.java","fileType":"functional-code","lines":[{"lineNumber":1,"author":{"gitId":"gitpancaked"},"content":"package computercomponentchooser;","lastModifiedDate":"2022-10-05"},{"lineNumber":2,"author":{"gitId":"gitpancaked"},"content":"","lastModifiedDate":"2022-10-04"},{"lineNumber":3,"author":{"gitId":"gitpancaked"},"content":"public class ComputerComponentChooser {","lastModifiedDate":"2022-10-05"},{"lineNumber":4,"author":{"gitId":"gitpancaked"},"content":"    public static void main(String[] args) {","lastModifiedDate":"2022-10-04"},{"lineNumber":5,"author":{"gitId":"gitpancaked"},"content":"        Ui.startSession();","lastModifiedDate":"2022-10-04"},{"lineNumber":6,"author":{"gitId":"gitpancaked"},"content":"","lastModifiedDate":"2022-10-04"},{"lineNumber":7,"author":{"gitId":"deveshl"},"content":"        BuildManager buildManager \u003d new BuildManager();","lastModifiedDate":"2022-10-09"},{"lineNumber":8,"author":{"gitId":"deveshl"},"content":"","lastModifiedDate":"2022-10-09"},{"lineNumber":9,"author":{"gitId":"P0tatoChips"},"content":"        Ui.readLine();","lastModifiedDate":"2022-10-09"},{"lineNumber":10,"author":{"gitId":"gitpancaked"},"content":"","lastModifiedDate":"2022-10-04"},{"lineNumber":11,"author":{"gitId":"gitpancaked"},"content":"        Ui.endSession();","lastModifiedDate":"2022-10-04"},{"lineNumber":12,"author":{"gitId":"gitpancaked"},"content":"    }","lastModifiedDate":"2022-10-04"},{"lineNumber":13,"author":{"gitId":"P0tatoChips"},"content":"","lastModifiedDate":"2022-10-09"},{"lineNumber":14,"author":{"gitId":"gitpancaked"},"content":"}","lastModifiedDate":"2022-10-04"}],"authorContributionMap":{"deveshl":2,"P0tatoChips":2,"gitpancaked":10}},{"path":"src/main/java/computercomponentchooser/EditParser.java","fileType":"functional-code","lines":[{"lineNumber":1,"author":{"gitId":"lcsroy"},"content":"package computercomponentchooser;","lastModifiedDate":"2022-10-08"},{"lineNumber":2,"author":{"gitId":"lcsroy"},"content":"","lastModifiedDate":"2022-10-08"},{"lineNumber":3,"author":{"gitId":"gitpancaked"},"content":"import computercomponentchooser.exceptions.UnknownCommandException;","lastModifiedDate":"2022-10-10"},{"lineNumber":4,"author":{"gitId":"gitpancaked"},"content":"","lastModifiedDate":"2022-10-10"},{"lineNumber":5,"author":{"gitId":"lcsroy"},"content":"public class EditParser {","lastModifiedDate":"2022-10-08"},{"lineNumber":6,"author":{"gitId":"lcsroy"},"content":"","lastModifiedDate":"2022-10-08"},{"lineNumber":7,"author":{"gitId":"lcsroy"},"content":"    static final int COMMAND_PARAMETER \u003d 0;","lastModifiedDate":"2022-10-08"},{"lineNumber":8,"author":{"gitId":"lcsroy"},"content":"","lastModifiedDate":"2022-10-08"},{"lineNumber":9,"author":{"gitId":"lcsroy"},"content":"    static final int NAME_PARAMETER \u003d 1;","lastModifiedDate":"2022-10-08"},{"lineNumber":10,"author":{"gitId":"lcsroy"},"content":"","lastModifiedDate":"2022-10-08"},{"lineNumber":11,"author":{"gitId":"lcsroy"},"content":"    private static String getParameter(String line, int mode) {","lastModifiedDate":"2022-10-08"},{"lineNumber":12,"author":{"gitId":"lcsroy"},"content":"        String[] lineSplit \u003d line.split(\" \", 2);","lastModifiedDate":"2022-10-08"},{"lineNumber":13,"author":{"gitId":"lcsroy"},"content":"        return lineSplit[mode];","lastModifiedDate":"2022-10-08"},{"lineNumber":14,"author":{"gitId":"lcsroy"},"content":"    }","lastModifiedDate":"2022-10-08"},{"lineNumber":15,"author":{"gitId":"lcsroy"},"content":"","lastModifiedDate":"2022-10-08"},{"lineNumber":16,"author":{"gitId":"lcsroy"},"content":"    public static boolean checkBack(String line) {","lastModifiedDate":"2022-10-08"},{"lineNumber":17,"author":{"gitId":"lcsroy"},"content":"        String back \u003d getParameter(line, COMMAND_PARAMETER).toLowerCase(); ","lastModifiedDate":"2022-10-08"},{"lineNumber":18,"author":{"gitId":"lcsroy"},"content":"        return back.equals(\"back\");","lastModifiedDate":"2022-10-08"},{"lineNumber":19,"author":{"gitId":"lcsroy"},"content":"    }","lastModifiedDate":"2022-10-08"},{"lineNumber":20,"author":{"gitId":"lcsroy"},"content":"","lastModifiedDate":"2022-10-08"},{"lineNumber":21,"author":{"gitId":"lcsroy"},"content":"    public static void parse(String line) {","lastModifiedDate":"2022-10-08"},{"lineNumber":22,"author":{"gitId":"lcsroy"},"content":"        String command \u003d getParameter(line, COMMAND_PARAMETER).toLowerCase();","lastModifiedDate":"2022-10-08"},{"lineNumber":23,"author":{"gitId":"gitpancaked"},"content":"        try {","lastModifiedDate":"2022-10-10"},{"lineNumber":24,"author":{"gitId":"lcsroy"},"content":"            switch (command) {","lastModifiedDate":"2022-10-08"},{"lineNumber":25,"author":{"gitId":"lcsroy"},"content":"            case \"add\":","lastModifiedDate":"2022-10-08"},{"lineNumber":26,"author":{"gitId":"lcsroy"},"content":"            case \"delete\":","lastModifiedDate":"2022-10-08"},{"lineNumber":27,"author":{"gitId":"lcsroy"},"content":"            case \"list\":","lastModifiedDate":"2022-10-08"},{"lineNumber":28,"author":{"gitId":"lcsroy"},"content":"            case \"check\":","lastModifiedDate":"2022-10-08"},{"lineNumber":29,"author":{"gitId":"lcsroy"},"content":"            case \"back\":","lastModifiedDate":"2022-10-08"},{"lineNumber":30,"author":{"gitId":"lcsroy"},"content":"            default:","lastModifiedDate":"2022-10-08"},{"lineNumber":31,"author":{"gitId":"gitpancaked"},"content":"                throw new UnknownCommandException();","lastModifiedDate":"2022-10-10"},{"lineNumber":32,"author":{"gitId":"gitpancaked"},"content":"            }","lastModifiedDate":"2022-10-10"},{"lineNumber":33,"author":{"gitId":"gitpancaked"},"content":"        } catch (UnknownCommandException e) {","lastModifiedDate":"2022-10-10"},{"lineNumber":34,"author":{"gitId":"gitpancaked"},"content":"            System.out.println(e.getMessage());","lastModifiedDate":"2022-10-10"},{"lineNumber":35,"author":{"gitId":"lcsroy"},"content":"        }","lastModifiedDate":"2022-10-08"},{"lineNumber":36,"author":{"gitId":"lcsroy"},"content":"    }","lastModifiedDate":"2022-10-08"},{"lineNumber":37,"author":{"gitId":"lcsroy"},"content":"}","lastModifiedDate":"2022-10-08"},{"lineNumber":38,"author":{"gitId":"lcsroy"},"content":"","lastModifiedDate":"2022-10-08"}],"authorContributionMap":{"lcsroy":31,"gitpancaked":7}},{"path":"src/main/java/computercomponentchooser/Parser.java","fileType":"functional-code","lines":[{"lineNumber":1,"author":{"gitId":"gitpancaked"},"content":"package computercomponentchooser;","lastModifiedDate":"2022-10-05"},{"lineNumber":2,"author":{"gitId":"gitpancaked"},"content":"","lastModifiedDate":"2022-10-04"},{"lineNumber":3,"author":{"gitId":"gitpancaked"},"content":"import computercomponentchooser.exceptions.UnknownCommandException;","lastModifiedDate":"2022-10-09"},{"lineNumber":4,"author":{"gitId":"gitpancaked"},"content":"","lastModifiedDate":"2022-10-09"},{"lineNumber":5,"author":{"gitId":"P0tatoChips"},"content":"import java.util.ArrayList;","lastModifiedDate":"2022-10-07"},{"lineNumber":6,"author":{"gitId":"P0tatoChips"},"content":"","lastModifiedDate":"2022-10-07"},{"lineNumber":7,"author":{"gitId":"gitpancaked"},"content":"public class Parser {","lastModifiedDate":"2022-10-04"},{"lineNumber":8,"author":{"gitId":"P0tatoChips"},"content":"","lastModifiedDate":"2022-10-07"},{"lineNumber":9,"author":{"gitId":"P0tatoChips"},"content":"    static final int COMMAND_PARAMETER \u003d 0;","lastModifiedDate":"2022-10-07"},{"lineNumber":10,"author":{"gitId":"P0tatoChips"},"content":"    static final int NAME_PARAMETER \u003d 1;","lastModifiedDate":"2022-10-07"},{"lineNumber":11,"author":{"gitId":"P0tatoChips"},"content":"","lastModifiedDate":"2022-10-07"},{"lineNumber":12,"author":{"gitId":"P0tatoChips"},"content":"    private static String getParameter(String line, int mode) {","lastModifiedDate":"2022-10-09"},{"lineNumber":13,"author":{"gitId":"lcsroy"},"content":"        String[] lineSplit \u003d line.split(\" \", 2);","lastModifiedDate":"2022-10-08"},{"lineNumber":14,"author":{"gitId":"P0tatoChips"},"content":"        return lineSplit[mode];","lastModifiedDate":"2022-10-07"},{"lineNumber":15,"author":{"gitId":"P0tatoChips"},"content":"    }","lastModifiedDate":"2022-10-07"},{"lineNumber":16,"author":{"gitId":"P0tatoChips"},"content":"","lastModifiedDate":"2022-10-07"},{"lineNumber":17,"author":{"gitId":"gitpancaked"},"content":"    static boolean checkBye(String line) {","lastModifiedDate":"2022-10-04"},{"lineNumber":18,"author":{"gitId":"P0tatoChips"},"content":"        String checkLine \u003d line.toLowerCase();","lastModifiedDate":"2022-10-09"},{"lineNumber":19,"author":{"gitId":"gitpancaked"},"content":"        return line.equals(\"bye\");","lastModifiedDate":"2022-10-04"},{"lineNumber":20,"author":{"gitId":"gitpancaked"},"content":"    }","lastModifiedDate":"2022-10-04"},{"lineNumber":21,"author":{"gitId":"P0tatoChips"},"content":"","lastModifiedDate":"2022-10-07"},{"lineNumber":22,"author":{"gitId":"lcsroy"},"content":"    static boolean checkEdit(String line) {","lastModifiedDate":"2022-10-08"},{"lineNumber":23,"author":{"gitId":"P0tatoChips"},"content":"        String edit \u003d getParameter(line, COMMAND_PARAMETER).toLowerCase();","lastModifiedDate":"2022-10-09"},{"lineNumber":24,"author":{"gitId":"lcsroy"},"content":"        return edit.equals(\"edit\");","lastModifiedDate":"2022-10-08"},{"lineNumber":25,"author":{"gitId":"lcsroy"},"content":"    }","lastModifiedDate":"2022-10-08"},{"lineNumber":26,"author":{"gitId":"lcsroy"},"content":"","lastModifiedDate":"2022-10-08"},{"lineNumber":27,"author":{"gitId":"P0tatoChips"},"content":"    public static void parse(String line) {","lastModifiedDate":"2022-10-07"},{"lineNumber":28,"author":{"gitId":"P0tatoChips"},"content":"        String command \u003d getParameter(line, COMMAND_PARAMETER);","lastModifiedDate":"2022-10-09"},{"lineNumber":29,"author":{"gitId":"P0tatoChips"},"content":"        String name;","lastModifiedDate":"2022-10-07"},{"lineNumber":30,"author":{"gitId":"gitpancaked"},"content":"        try {","lastModifiedDate":"2022-10-09"},{"lineNumber":31,"author":{"gitId":"P0tatoChips"},"content":"            switch (command) {","lastModifiedDate":"2022-10-07"},{"lineNumber":32,"author":{"gitId":"P0tatoChips"},"content":"            case \"bye\":","lastModifiedDate":"2022-10-07"},{"lineNumber":33,"author":{"gitId":"P0tatoChips"},"content":"            case \"list\":","lastModifiedDate":"2022-10-07"},{"lineNumber":34,"author":{"gitId":"P0tatoChips"},"content":"                // no parsing needed","lastModifiedDate":"2022-10-07"},{"lineNumber":35,"author":{"gitId":"P0tatoChips"},"content":"                break;","lastModifiedDate":"2022-10-07"},{"lineNumber":36,"author":{"gitId":"P0tatoChips"},"content":"            case \"add\":","lastModifiedDate":"2022-10-07"},{"lineNumber":37,"author":{"gitId":"P0tatoChips"},"content":"            case \"edit\":","lastModifiedDate":"2022-10-07"},{"lineNumber":38,"author":{"gitId":"P0tatoChips"},"content":"            case \"view\":","lastModifiedDate":"2022-10-07"},{"lineNumber":39,"author":{"gitId":"P0tatoChips"},"content":"            case \"delete\":","lastModifiedDate":"2022-10-07"},{"lineNumber":40,"author":{"gitId":"P0tatoChips"},"content":"                name \u003d getParameter(line, NAME_PARAMETER);","lastModifiedDate":"2022-10-09"},{"lineNumber":41,"author":{"gitId":"P0tatoChips"},"content":"                break;","lastModifiedDate":"2022-10-07"},{"lineNumber":42,"author":{"gitId":"P0tatoChips"},"content":"            default:","lastModifiedDate":"2022-10-07"},{"lineNumber":43,"author":{"gitId":"gitpancaked"},"content":"                throw new UnknownCommandException();","lastModifiedDate":"2022-10-09"},{"lineNumber":44,"author":{"gitId":"gitpancaked"},"content":"            }","lastModifiedDate":"2022-10-09"},{"lineNumber":45,"author":{"gitId":"gitpancaked"},"content":"        } catch (UnknownCommandException e) {","lastModifiedDate":"2022-10-09"},{"lineNumber":46,"author":{"gitId":"gitpancaked"},"content":"            System.out.println(e.getMessage());","lastModifiedDate":"2022-10-09"},{"lineNumber":47,"author":{"gitId":"P0tatoChips"},"content":"        }","lastModifiedDate":"2022-10-07"},{"lineNumber":48,"author":{"gitId":"P0tatoChips"},"content":"    }","lastModifiedDate":"2022-10-07"},{"lineNumber":49,"author":{"gitId":"gitpancaked"},"content":"}","lastModifiedDate":"2022-10-04"}],"authorContributionMap":{"lcsroy":5,"P0tatoChips":30,"gitpancaked":14}},{"path":"src/main/java/computercomponentchooser/Ui.java","fileType":"functional-code","lines":[{"lineNumber":1,"author":{"gitId":"gitpancaked"},"content":"package computercomponentchooser;","lastModifiedDate":"2022-10-05"},{"lineNumber":2,"author":{"gitId":"gitpancaked"},"content":"","lastModifiedDate":"2022-10-04"},{"lineNumber":3,"author":{"gitId":"P0tatoChips"},"content":"import java.util.Scanner;","lastModifiedDate":"2022-10-09"},{"lineNumber":4,"author":{"gitId":"P0tatoChips"},"content":"","lastModifiedDate":"2022-10-09"},{"lineNumber":5,"author":{"gitId":"gitpancaked"},"content":"public class Ui {","lastModifiedDate":"2022-10-04"},{"lineNumber":6,"author":{"gitId":"gitpancaked"},"content":"    /**","lastModifiedDate":"2022-10-04"},{"lineNumber":7,"author":{"gitId":"gitpancaked"},"content":"     * A concatenation of strings that visually represents the word ComputerComponentChooser.","lastModifiedDate":"2022-10-04"},{"lineNumber":8,"author":{"gitId":"gitpancaked"},"content":"     */","lastModifiedDate":"2022-10-04"},{"lineNumber":9,"author":{"gitId":"gitpancaked"},"content":"    private static final String LOGO \u003d","lastModifiedDate":"2022-10-09"},{"lineNumber":10,"author":{"gitId":"gitpancaked"},"content":"              \"  _____                     __         \\n\"","lastModifiedDate":"2022-10-09"},{"lineNumber":11,"author":{"gitId":"gitpancaked"},"content":"            + \" / ___/__  __ _  ___  __ __/ /____ ____\\n\"","lastModifiedDate":"2022-10-04"},{"lineNumber":12,"author":{"gitId":"gitpancaked"},"content":"            + \"/ /__/ _ \\\\/  \u0027 \\\\/ _ \\\\/ // / __/ -_) __/\\n\"","lastModifiedDate":"2022-10-04"},{"lineNumber":13,"author":{"gitId":"gitpancaked"},"content":"            + \"\\\\___/\\\\___/_/_/_/ .__/\\\\_,_/\\\\__/\\\\__/_/   \\n\"","lastModifiedDate":"2022-10-04"},{"lineNumber":14,"author":{"gitId":"gitpancaked"},"content":"            + \"              /_/                      \\n\"","lastModifiedDate":"2022-10-04"},{"lineNumber":15,"author":{"gitId":"gitpancaked"},"content":"            + \"  _____                                   __ \\n\"","lastModifiedDate":"2022-10-04"},{"lineNumber":16,"author":{"gitId":"gitpancaked"},"content":"            + \" / ___/__  __ _  ___  ___  ___  ___ ___  / /_\\n\"","lastModifiedDate":"2022-10-04"},{"lineNumber":17,"author":{"gitId":"gitpancaked"},"content":"            + \"/ /__/ _ \\\\/  \u0027 \\\\/ _ \\\\/ _ \\\\/ _ \\\\/ -_) _ \\\\/ __/\\n\"","lastModifiedDate":"2022-10-04"},{"lineNumber":18,"author":{"gitId":"gitpancaked"},"content":"            + \"\\\\___/\\\\___/_/_/_/ .__/\\\\___/_//_/\\\\__/_//_/\\\\__/ \\n\"","lastModifiedDate":"2022-10-04"},{"lineNumber":19,"author":{"gitId":"gitpancaked"},"content":"            + \"              /_/                            \\n\"","lastModifiedDate":"2022-10-04"},{"lineNumber":20,"author":{"gitId":"gitpancaked"},"content":"            + \"  _______                        \\n\"","lastModifiedDate":"2022-10-04"},{"lineNumber":21,"author":{"gitId":"gitpancaked"},"content":"            + \" / ___/ /  ___  ___  ___ ___ ____\\n\"","lastModifiedDate":"2022-10-04"},{"lineNumber":22,"author":{"gitId":"gitpancaked"},"content":"            + \"/ /__/ _ \\\\/ _ \\\\/ _ \\\\(_-\u003c/ -_) __/\\n\"","lastModifiedDate":"2022-10-04"},{"lineNumber":23,"author":{"gitId":"gitpancaked"},"content":"            + \"\\\\___/_//_/\\\\___/\\\\___/___/\\\\__/_/   \\n\";","lastModifiedDate":"2022-10-04"},{"lineNumber":24,"author":{"gitId":"gitpancaked"},"content":"    /**","lastModifiedDate":"2022-10-04"},{"lineNumber":25,"author":{"gitId":"gitpancaked"},"content":"     * A string visually repressing a line.","lastModifiedDate":"2022-10-04"},{"lineNumber":26,"author":{"gitId":"gitpancaked"},"content":"     */","lastModifiedDate":"2022-10-04"},{"lineNumber":27,"author":{"gitId":"gitpancaked"},"content":"    private static final String LINEBREAK \u003d \"____________________________________________________________\";","lastModifiedDate":"2022-10-04"},{"lineNumber":28,"author":{"gitId":"gitpancaked"},"content":"","lastModifiedDate":"2022-10-04"},{"lineNumber":29,"author":{"gitId":"gitpancaked"},"content":"    /**","lastModifiedDate":"2022-10-04"},{"lineNumber":30,"author":{"gitId":"gitpancaked"},"content":"     * prints the LINEBREAK String.","lastModifiedDate":"2022-10-04"},{"lineNumber":31,"author":{"gitId":"gitpancaked"},"content":"     */","lastModifiedDate":"2022-10-04"},{"lineNumber":32,"author":{"gitId":"gitpancaked"},"content":"    static void printLine() {","lastModifiedDate":"2022-10-04"},{"lineNumber":33,"author":{"gitId":"gitpancaked"},"content":"        System.out.println(LINEBREAK);","lastModifiedDate":"2022-10-04"},{"lineNumber":34,"author":{"gitId":"gitpancaked"},"content":"    }","lastModifiedDate":"2022-10-04"},{"lineNumber":35,"author":{"gitId":"gitpancaked"},"content":"","lastModifiedDate":"2022-10-04"},{"lineNumber":36,"author":{"gitId":"gitpancaked"},"content":"    /**","lastModifiedDate":"2022-10-04"},{"lineNumber":37,"author":{"gitId":"gitpancaked"},"content":"     * prints the LOGO string preceded by a Hello from greeting.","lastModifiedDate":"2022-10-04"},{"lineNumber":38,"author":{"gitId":"gitpancaked"},"content":"     */","lastModifiedDate":"2022-10-04"},{"lineNumber":39,"author":{"gitId":"gitpancaked"},"content":"    static void printLogo() {","lastModifiedDate":"2022-10-04"},{"lineNumber":40,"author":{"gitId":"gitpancaked"},"content":"        System.out.println(\"Hello from\\n\" + LOGO);","lastModifiedDate":"2022-10-04"},{"lineNumber":41,"author":{"gitId":"gitpancaked"},"content":"    }","lastModifiedDate":"2022-10-04"},{"lineNumber":42,"author":{"gitId":"gitpancaked"},"content":"","lastModifiedDate":"2022-10-04"},{"lineNumber":43,"author":{"gitId":"gitpancaked"},"content":"    static void startSession() {","lastModifiedDate":"2022-10-04"},{"lineNumber":44,"author":{"gitId":"gitpancaked"},"content":"        Ui.printLogo();","lastModifiedDate":"2022-10-09"},{"lineNumber":45,"author":{"gitId":"gitpancaked"},"content":"        Ui.printLine();","lastModifiedDate":"2022-10-04"},{"lineNumber":46,"author":{"gitId":"gitpancaked"},"content":"        System.out.println(\"Hello! ComputerComponentChooser at your service!\");","lastModifiedDate":"2022-10-04"},{"lineNumber":47,"author":{"gitId":"gitpancaked"},"content":"        System.out.println(\"What can I do for you today?\");","lastModifiedDate":"2022-10-04"},{"lineNumber":48,"author":{"gitId":"gitpancaked"},"content":"        Ui.printLine();","lastModifiedDate":"2022-10-04"},{"lineNumber":49,"author":{"gitId":"gitpancaked"},"content":"    }","lastModifiedDate":"2022-10-04"},{"lineNumber":50,"author":{"gitId":"gitpancaked"},"content":"","lastModifiedDate":"2022-10-04"},{"lineNumber":51,"author":{"gitId":"gitpancaked"},"content":"    /**","lastModifiedDate":"2022-10-04"},{"lineNumber":52,"author":{"gitId":"gitpancaked"},"content":"     * Prints the User Interface associated with the end of the program.","lastModifiedDate":"2022-10-04"},{"lineNumber":53,"author":{"gitId":"gitpancaked"},"content":"     */","lastModifiedDate":"2022-10-04"},{"lineNumber":54,"author":{"gitId":"gitpancaked"},"content":"    static void endSession() {","lastModifiedDate":"2022-10-04"},{"lineNumber":55,"author":{"gitId":"gitpancaked"},"content":"        Ui.printLine();","lastModifiedDate":"2022-10-04"},{"lineNumber":56,"author":{"gitId":"gitpancaked"},"content":"        System.out.println(\"Bye. Hope to see you again soon!\");","lastModifiedDate":"2022-10-04"},{"lineNumber":57,"author":{"gitId":"gitpancaked"},"content":"        Ui.printLine();","lastModifiedDate":"2022-10-04"},{"lineNumber":58,"author":{"gitId":"gitpancaked"},"content":"    }","lastModifiedDate":"2022-10-04"},{"lineNumber":59,"author":{"gitId":"P0tatoChips"},"content":"","lastModifiedDate":"2022-10-09"},{"lineNumber":60,"author":{"gitId":"P0tatoChips"},"content":"    /**","lastModifiedDate":"2022-10-09"},{"lineNumber":61,"author":{"gitId":"P0tatoChips"},"content":"     * Reads in user/stored input line by line.","lastModifiedDate":"2022-10-09"},{"lineNumber":62,"author":{"gitId":"P0tatoChips"},"content":"     */","lastModifiedDate":"2022-10-09"},{"lineNumber":63,"author":{"gitId":"P0tatoChips"},"content":"    public static void readLine() {","lastModifiedDate":"2022-10-09"},{"lineNumber":64,"author":{"gitId":"P0tatoChips"},"content":"        Scanner in \u003d new Scanner(System.in);","lastModifiedDate":"2022-10-09"},{"lineNumber":65,"author":{"gitId":"P0tatoChips"},"content":"        String line;","lastModifiedDate":"2022-10-09"},{"lineNumber":66,"author":{"gitId":"P0tatoChips"},"content":"        do {","lastModifiedDate":"2022-10-09"},{"lineNumber":67,"author":{"gitId":"P0tatoChips"},"content":"            line \u003d in.nextLine();","lastModifiedDate":"2022-10-09"},{"lineNumber":68,"author":{"gitId":"P0tatoChips"},"content":"            if (Parser.checkEdit(line)) {","lastModifiedDate":"2022-10-09"},{"lineNumber":69,"author":{"gitId":"P0tatoChips"},"content":"                while (!EditParser.checkBack(line)) {","lastModifiedDate":"2022-10-09"},{"lineNumber":70,"author":{"gitId":"P0tatoChips"},"content":"                    line \u003d in.nextLine();","lastModifiedDate":"2022-10-09"},{"lineNumber":71,"author":{"gitId":"P0tatoChips"},"content":"                }","lastModifiedDate":"2022-10-09"},{"lineNumber":72,"author":{"gitId":"P0tatoChips"},"content":"            }","lastModifiedDate":"2022-10-09"},{"lineNumber":73,"author":{"gitId":"P0tatoChips"},"content":"        } while (!Parser.checkBye(line));","lastModifiedDate":"2022-10-09"},{"lineNumber":74,"author":{"gitId":"P0tatoChips"},"content":"    }","lastModifiedDate":"2022-10-09"},{"lineNumber":75,"author":{"gitId":"gitpancaked"},"content":"}","lastModifiedDate":"2022-10-04"}],"authorContributionMap":{"P0tatoChips":18,"gitpancaked":57}},{"path":"src/main/java/computercomponentchooser/exceptions/DuplicateBuildException.java","fileType":"functional-code","lines":[{"lineNumber":1,"author":{"gitId":"deveshl"},"content":"package computercomponentchooser.exceptions;","lastModifiedDate":"2022-10-09"},{"lineNumber":2,"author":{"gitId":"deveshl"},"content":"","lastModifiedDate":"2022-10-09"},{"lineNumber":3,"author":{"gitId":"deveshl"},"content":"public class DuplicateBuildException extends Exception {","lastModifiedDate":"2022-10-09"},{"lineNumber":4,"author":{"gitId":"deveshl"},"content":"    protected final String errorMessage \u003d \"Build already exists\";","lastModifiedDate":"2022-10-09"},{"lineNumber":5,"author":{"gitId":"deveshl"},"content":"","lastModifiedDate":"2022-10-09"},{"lineNumber":6,"author":{"gitId":"deveshl"},"content":"    public String getMessage() {","lastModifiedDate":"2022-10-09"},{"lineNumber":7,"author":{"gitId":"deveshl"},"content":"        return errorMessage;","lastModifiedDate":"2022-10-09"},{"lineNumber":8,"author":{"gitId":"deveshl"},"content":"    }","lastModifiedDate":"2022-10-09"},{"lineNumber":9,"author":{"gitId":"deveshl"},"content":"}","lastModifiedDate":"2022-10-09"}],"authorContributionMap":{"deveshl":9}},{"path":"src/main/java/computercomponentchooser/exceptions/UnknownCommandException.java","fileType":"functional-code","lines":[{"lineNumber":1,"author":{"gitId":"gitpancaked"},"content":"package computercomponentchooser.exceptions;","lastModifiedDate":"2022-10-09"},{"lineNumber":2,"author":{"gitId":"gitpancaked"},"content":"","lastModifiedDate":"2022-10-09"},{"lineNumber":3,"author":{"gitId":"gitpancaked"},"content":"/**","lastModifiedDate":"2022-10-09"},{"lineNumber":4,"author":{"gitId":"gitpancaked"},"content":" * An exception that occurs when the parse method in Parser class takes in a String as command that is","lastModifiedDate":"2022-10-09"},{"lineNumber":5,"author":{"gitId":"gitpancaked"},"content":" * not part of any acceptable command.","lastModifiedDate":"2022-10-09"},{"lineNumber":6,"author":{"gitId":"gitpancaked"},"content":" */","lastModifiedDate":"2022-10-09"},{"lineNumber":7,"author":{"gitId":"gitpancaked"},"content":"","lastModifiedDate":"2022-10-09"},{"lineNumber":8,"author":{"gitId":"gitpancaked"},"content":"public class UnknownCommandException extends Exception {","lastModifiedDate":"2022-10-09"},{"lineNumber":9,"author":{"gitId":"gitpancaked"},"content":"    protected final String errorMessage \u003d \"Please input a valid command\";","lastModifiedDate":"2022-10-09"},{"lineNumber":10,"author":{"gitId":"gitpancaked"},"content":"","lastModifiedDate":"2022-10-09"},{"lineNumber":11,"author":{"gitId":"gitpancaked"},"content":"    public String getMessage() {","lastModifiedDate":"2022-10-09"},{"lineNumber":12,"author":{"gitId":"gitpancaked"},"content":"        return errorMessage;","lastModifiedDate":"2022-10-09"},{"lineNumber":13,"author":{"gitId":"gitpancaked"},"content":"    }","lastModifiedDate":"2022-10-09"},{"lineNumber":14,"author":{"gitId":"gitpancaked"},"content":"}","lastModifiedDate":"2022-10-09"}],"authorContributionMap":{"gitpancaked":14}},{"path":"src/test/java/computercomponentchooser/ComputerComponentChooserTest.java","fileType":"test-code","lines":[{"lineNumber":1,"author":{"gitId":"gitpancaked"},"content":"package computercomponentchooser;","lastModifiedDate":"2022-10-09"},{"lineNumber":2,"author":{"gitId":"-"},"content":"","lastModifiedDate":"2020-05-24"},{"lineNumber":3,"author":{"gitId":"-"},"content":"import static org.junit.jupiter.api.Assertions.assertTrue;","lastModifiedDate":"2020-05-24"},{"lineNumber":4,"author":{"gitId":"-"},"content":"","lastModifiedDate":"2020-05-24"},{"lineNumber":5,"author":{"gitId":"-"},"content":"import org.junit.jupiter.api.Test;","lastModifiedDate":"2020-05-24"},{"lineNumber":6,"author":{"gitId":"-"},"content":"","lastModifiedDate":"2020-05-24"},{"lineNumber":7,"author":{"gitId":"gitpancaked"},"content":"class ComputerComponentChooserTest {","lastModifiedDate":"2022-10-09"},{"lineNumber":8,"author":{"gitId":"-"},"content":"    @Test","lastModifiedDate":"2020-05-24"},{"lineNumber":9,"author":{"gitId":"-"},"content":"    public void sampleTest() {","lastModifiedDate":"2020-05-24"},{"lineNumber":10,"author":{"gitId":"-"},"content":"        assertTrue(true);","lastModifiedDate":"2020-05-24"},{"lineNumber":11,"author":{"gitId":"-"},"content":"    }","lastModifiedDate":"2020-05-24"},{"lineNumber":12,"author":{"gitId":"-"},"content":"}","lastModifiedDate":"2020-05-24"}],"authorContributionMap":{"gitpancaked":2,"-":10}}]
