{"authorDailyContributionsMap":{"deveshl":[{"date":"2022-09-28","commitResults":[{"hash":"aef952557e0f3d48ebea67687c3d3ac09f99a1b2","messageTitle":"Add team member name and link","messageBody":"","fileTypesAndContributionMap":{"docs":{"insertions":7,"deletions":7}}}]},{"date":"2022-10-09","commitResults":[{"hash":"d81079e2b4f354791cc49cd8aa52e0785632452f","messageTitle":"build.gradle: space fix","messageBody":"","fileTypesAndContributionMap":{"other":{"insertions":1,"deletions":1}}},{"hash":"0b026809bca23991009ba6a1c94ec5c3300aff45","messageTitle":"Add Build and BuildManager classes","messageBody":"","fileTypesAndContributionMap":{"functional-code":{"insertions":97,"deletions":7}}},{"hash":"3b6f9a233abadcd445aae6ffd993426d459b07b9","messageTitle":"bugfix: remove duplicate line read","messageBody":"","fileTypesAndContributionMap":{"functional-code":{"insertions":0,"deletions":1}}}]},{"date":"2022-10-14","commitResults":[{"hash":"31aa7ef1af9f970ec9b75362920feb1157e921a5","messageTitle":"implement view commands for main and edit mode","messageBody":"","fileTypesAndContributionMap":{"functional-code":{"insertions":85,"deletions":12}}}]}],"lcsroy":[{"date":"2022-09-28","commitResults":[{"hash":"917833327c17a02b47e81b148d8985170b113892","messageTitle":"Added my name","messageBody":"","fileTypesAndContributionMap":{"docs":{"insertions":7,"deletions":7}}}]},{"date":"2022-10-08","commitResults":[{"hash":"47f62522379efb7feffd2dd1e588c5a4ebd8a335","messageTitle":"Included parser for edit mode.","messageBody":"","fileTypesAndContributionMap":{"functional-code":{"insertions":50,"deletions":1}}},{"hash":"be7d106f118c440dc5c951123b4d843b5d1d0b96","messageTitle":"correction to indentation","messageBody":"","fileTypesAndContributionMap":{"functional-code":{"insertions":2,"deletions":2}}},{"hash":"148d0ff144594c44f2f99c904348d1199e9698df","messageTitle":"no message","messageBody":"","fileTypesAndContributionMap":{"functional-code":{"insertions":0,"deletions":6}}},{"hash":"85b53ab87509ded6b3b5ee9459ea704b86f6619b","messageTitle":"settled indentation problem","messageBody":"","fileTypesAndContributionMap":{"functional-code":{"insertions":9,"deletions":8}}}]},{"date":"2022-10-11","commitResults":[{"hash":"3b57346bf491864edb5d3d6f13a4db9b8754af01","messageTitle":"Added methods for edit mode.","messageBody":"","fileTypesAndContributionMap":{"functional-code":{"insertions":57,"deletions":6}}},{"hash":"9031f67f4d6c35863c378276cef6dc31ce8e7fb5","messageTitle":"no message","messageBody":"","fileTypesAndContributionMap":{"functional-code":{"insertions":0,"deletions":2}}}]},{"date":"2022-10-14","commitResults":[{"hash":"10c8c70b9d42201691c256e8ef67d1cd2e4677d3","messageTitle":"Handled parts for class drive gpu powersupply","messageBody":"","fileTypesAndContributionMap":{"functional-code":{"insertions":87,"deletions":145}}},{"hash":"08f796848c4503d3c3736ea4bd23bdf18f4b8fae","messageTitle":"no message","messageBody":"","fileTypesAndContributionMap":{"functional-code":{"insertions":7,"deletions":2}}}]},{"date":"2022-10-19","commitResults":[{"hash":"faf870c12c1392428c97cb026855b93ed682f262","messageTitle":"Added Storage to save/load builds","messageBody":"","fileTypesAndContributionMap":{"functional-code":{"insertions":291,"deletions":13}}},{"hash":"9464a45ed78c0843321cf37d79f9cdee3a6588e7","messageTitle":"no message","messageBody":"","fileTypesAndContributionMap":{"functional-code":{"insertions":19,"deletions":10}}},{"hash":"1294fc10b046f3877277cc4ab088c5586e6540a9","messageTitle":"Handle the expected/actual output test case","messageBody":"","fileTypesAndContributionMap":{"functional-code":{"insertions":52,"deletions":47}}}]}],"P0tatoChips":[{"date":"2022-09-28","commitResults":[{"hash":"242226e9df9d1b19132a5d6c7c486072bdac144b","messageTitle":"Update AboutUs.md","messageBody":"","fileTypesAndContributionMap":{"docs":{"insertions":3,"deletions":3}}}]},{"date":"2022-10-07","commitResults":[{"hash":"86efa67575fea8249eec9f36ba43d1280c1f0511","messageTitle":"Started on Parse","messageBody":"","fileTypesAndContributionMap":{"functional-code":{"insertions":47,"deletions":0}}},{"hash":"6a4c3216e614ad7240c4389cfaaa9b0bda34108c","messageTitle":"Delete Build.java","messageBody":"","fileTypesAndContributionMap":{"functional-code":{"insertions":0,"deletions":14}}}]},{"date":"2022-10-09","commitResults":[{"hash":"a753bf18a8fcc1f727d38a00238f3b269c527097","messageTitle":"Moved methods and minor edits","messageBody":"Moved line reading to Ui.\nEdited some methods to be similar to those in EditParser.\n","fileTypesAndContributionMap":{"functional-code":{"insertions":26,"deletions":14}}},{"hash":"77bb2f6060965f2ba6b957f4529a5f04900e4107","messageTitle":"Minor edits","messageBody":"Left out Scanner in \u003d new Scanner... in previous edit\n","fileTypesAndContributionMap":{"functional-code":{"insertions":3,"deletions":8}}}]},{"date":"2022-10-12","commitResults":[{"hash":"3f2279b0ab7773c480deb96a49fca052d201bbce","messageTitle":"Made parse in both parse classes non-static","messageBody":"","fileTypesAndContributionMap":{"functional-code":{"insertions":56,"deletions":20}}},{"hash":"5ef05bcbc6eb459dcf90966950810ef5dea8ba48","messageTitle":"Added exception","messageBody":"For deleting builds that don\u0027t exist in the list\n","fileTypesAndContributionMap":{"functional-code":{"insertions":24,"deletions":4}}}]},{"date":"2022-10-14","commitResults":[{"hash":"7b9e7689c723c80599c62247805da4aca462bf03","messageTitle":"Added abstract class Component","messageBody":"","fileTypesAndContributionMap":{"functional-code":{"insertions":38,"deletions":23}}},{"hash":"10289bb68fe97efc84e6d67f0cd072e2ab8c47b3","messageTitle":"Fixed adding and deleting of Memory, Motherboard","messageBody":"","fileTypesAndContributionMap":{"functional-code":{"insertions":105,"deletions":130},"other":{"insertions":5,"deletions":5}}},{"hash":"e4e8dcc54cc0f96b9a37b12510df9ec345a17a17","messageTitle":"Update EditParser.java","messageBody":"","fileTypesAndContributionMap":{"functional-code":{"insertions":0,"deletions":10}}}]},{"date":"2022-10-18","commitResults":[{"hash":"899c11f7e584571469fdd5c71cea8b4182e2f61a","messageTitle":"Added product scope, user stories to DG","messageBody":"","fileTypesAndContributionMap":{"docs":{"insertions":27,"deletions":5}}}]},{"date":"2022-10-19","commitResults":[{"hash":"8d504b1f465a0de89946601100cc2fedc6778401","messageTitle":"Added JUnit for Components","messageBody":"","fileTypesAndContributionMap":{"test-code":{"insertions":82,"deletions":0}}}]}],"gitpancaked":[{"date":"2022-09-28","commitResults":[{"hash":"df6a39c5859baeffe4483242ac63fbfe0bf4a4b3","messageTitle":"Added my name","messageBody":"","fileTypesAndContributionMap":{"docs":{"insertions":7,"deletions":7}}}]},{"date":"2022-10-04","commitResults":[{"hash":"8dbffac0b8bc830205c064d55095d11f5dee79bd","messageTitle":"Created main,parser and ui class","messageBody":"","fileTypesAndContributionMap":{"functional-code":{"insertions":78,"deletions":0}}},{"hash":"f29636dce2c7b30a2dac0415359e2873ec3e1fd5","messageTitle":"fixed ui to adhere to ubuntu requirements","messageBody":"","fileTypesAndContributionMap":{"functional-code":{"insertions":14,"deletions":9}}},{"hash":"003190d268881be7741a36063d193a990e0f26a7","messageTitle":"More fixes for Ubuntu check","messageBody":"","fileTypesAndContributionMap":{"functional-code":{"insertions":9,"deletions":9}}}]},{"date":"2022-10-05","commitResults":[{"hash":"e90abbb6a7aa315d708161f7c83741a9ee799640","messageTitle":"Renames","messageBody":"","fileTypesAndContributionMap":{"other":{"insertions":0,"deletions":0}}},{"hash":"58980b8578112e1d35e2b3df71a85078c04d8fd0","messageTitle":"no message","messageBody":"","fileTypesAndContributionMap":{"functional-code":{"insertions":3,"deletions":3}}},{"hash":"0cd09e686192d13c1e088748a1fc7f394f2b3e78","messageTitle":"no message","messageBody":"","fileTypesAndContributionMap":{"other":{"insertions":0,"deletions":0}}},{"hash":"4d30c0a49830a34e29cc718938a7ccbe681bf939","messageTitle":"no message","messageBody":"","fileTypesAndContributionMap":{"functional-code":{"insertions":1,"deletions":1}}},{"hash":"68cf83fd2303dc0fd3701a8573cceed47e2c6496","messageTitle":"no message","messageBody":"","fileTypesAndContributionMap":{"other":{"insertions":0,"deletions":0}}}]},{"date":"2022-10-09","commitResults":[{"hash":"29fcc1439ff12963d9fbe1cd57f05dfef7bf8c4d","messageTitle":"Added UnknownCommandException, wrapped switch statment in try","messageBody":"","fileTypesAndContributionMap":{"functional-code":{"insertions":32,"deletions":14}}},{"hash":"78e4a713510640a7a42314c1716f3a13af2b9717","messageTitle":"deleted duke :(","messageBody":"","fileTypesAndContributionMap":{"functional-code":{"insertions":0,"deletions":21}}},{"hash":"e7cfaae4790340b72789da4d9030279c5ddb3779","messageTitle":"Formatting","messageBody":"","fileTypesAndContributionMap":{"functional-code":{"insertions":4,"deletions":3}}},{"hash":"2ec40693fa1b6371fc669978b442125a514daa16","messageTitle":"Reconfigured gradle and tests","messageBody":"","fileTypesAndContributionMap":{"other":{"insertions":5,"deletions":5}}},{"hash":"89682d6877ca41e45e277a8ac8c106d6e94897f0","messageTitle":"Can\u0027t get comparison tests to work with logo..... Commented out logo for now","messageBody":"","fileTypesAndContributionMap":{"functional-code":{"insertions":3,"deletions":2}}},{"hash":"66e91ec174ac1e7fd1f045ada7a9587f945d03e1","messageTitle":"fixed i/o comparison test","messageBody":"","fileTypesAndContributionMap":{"functional-code":{"insertions":1,"deletions":1}}}]},{"date":"2022-10-10","commitResults":[{"hash":"3a079c50fe2feb8422f76eed9ac66b2759906a1f","messageTitle":"added exception to EditParser, wrapped switch statement in try/catch","messageBody":"","fileTypesAndContributionMap":{"functional-code":{"insertions":14,"deletions":8}}},{"hash":"dd032ab734f04276171e9e0eb8739fca7bd118c0","messageTitle":"Added functions to Parse, created Static buildManager (tell me if this is bad OOP)","messageBody":"","fileTypesAndContributionMap":{"functional-code":{"insertions":20,"deletions":5}}},{"hash":"56eee9d76ab6d49788f2dad48f6e04479ff136a6","messageTitle":"formatting","messageBody":"","fileTypesAndContributionMap":{"functional-code":{"insertions":2,"deletions":3}}}]},{"date":"2022-10-11","commitResults":[{"hash":"8c839ff382f6c8865d87724850d8dd309d915144","messageTitle":"Added Ui","messageBody":"","fileTypesAndContributionMap":{"functional-code":{"insertions":19,"deletions":0}}}]},{"date":"2022-10-13","commitResults":[{"hash":"68d7cd4c839f424e47bfc47a2c47e0cbe1576997","messageTitle":"Component Classes","messageBody":"","fileTypesAndContributionMap":{"functional-code":{"insertions":343,"deletions":0}}}]},{"date":"2022-10-14","commitResults":[{"hash":"26936fd6042671ca99cf69d53d78105703c9e06e","messageTitle":"Added LinkedHashMap2D, changed just cpu variables to String, added parser for cpu, changed build class","messageBody":"","fileTypesAndContributionMap":{"functional-code":{"insertions":400,"deletions":288}}},{"hash":"2e1310a6470983cc36e033b86756018bb30cf423","messageTitle":"no message","messageBody":"","fileTypesAndContributionMap":{"functional-code":{"insertions":24,"deletions":55}}}]},{"date":"2022-10-15","commitResults":[{"hash":"82d47608f0a9f7ccf437164f29613834ff86247b","messageTitle":"Add compatibility checks","messageBody":"","fileTypesAndContributionMap":{"functional-code":{"insertions":185,"deletions":10}}},{"hash":"c86eba3a9d613ea779f8382fcfc771bc14b2809c","messageTitle":"no message","messageBody":"","fileTypesAndContributionMap":{"functional-code":{"insertions":3,"deletions":3}}}]},{"date":"2022-10-17","commitResults":[{"hash":"98ebfab64df1dcbe3a45531a751f7a28ebc06186","messageTitle":"Swapped Type and Name parameters","messageBody":"","fileTypesAndContributionMap":{"functional-code":{"insertions":4,"deletions":3}}},{"hash":"809101cd1f4b2cfa49caa721135021629ac0d48a","messageTitle":"Added userprofile, value prop and non functional requirements to DG","messageBody":"","fileTypesAndContributionMap":{"docs":{"insertions":6,"deletions":3}}}]},{"date":"2022-10-18","commitResults":[{"hash":"156e8669e459db1cc82f083317241b0bc7bec290","messageTitle":"fixed \u0027unsafe\u0027 error message","messageBody":"","fileTypesAndContributionMap":{"functional-code":{"insertions":6,"deletions":3}}},{"hash":"8352393f6d29f37cbe3e5eed3efbc98c80503570","messageTitle":"added types to list","messageBody":"","fileTypesAndContributionMap":{"functional-code":{"insertions":4,"deletions":5}}}]}]},"authorFileTypeContributionMap":{"deveshl":{"docs":2,"functional-code":162,"test-code":0},"lcsroy":{"docs":1,"functional-code":446,"test-code":0},"P0tatoChips":{"docs":26,"functional-code":241,"test-code":82},"gitpancaked":{"docs":5,"functional-code":465,"test-code":2,"other":2}},"authorContributionVariance":{"deveshl":578.1246,"lcsroy":6910.242,"P0tatoChips":3302.2039,"gitpancaked":20376.66},"authorDisplayNameMap":{"deveshl":"CS2113T-W11-2 DEVE..DRAN","lcsroy":"CS2113T-W11-2 LIM .. ROY","P0tatoChips":"CS2113T-W11-2 HEIN..YANG","gitpancaked":"CS2113T-W11-2 SHAW..NHUI"}}
