{"authorDailyContributionsMap":{"deveshl":[{"date":"2022-09-28","commitResults":[{"hash":"aef952557e0f3d48ebea67687c3d3ac09f99a1b2","messageTitle":"Add team member name and link","messageBody":"","fileTypesAndContributionMap":{"docs":{"insertions":7,"deletions":7}}}]},{"date":"2022-10-09","commitResults":[{"hash":"d81079e2b4f354791cc49cd8aa52e0785632452f","messageTitle":"build.gradle: space fix","messageBody":"","fileTypesAndContributionMap":{"other":{"insertions":1,"deletions":1}}},{"hash":"0b026809bca23991009ba6a1c94ec5c3300aff45","messageTitle":"Add Build and BuildManager classes","messageBody":"","fileTypesAndContributionMap":{"functional-code":{"insertions":97,"deletions":7}}},{"hash":"3b6f9a233abadcd445aae6ffd993426d459b07b9","messageTitle":"bugfix: remove duplicate line read","messageBody":"","fileTypesAndContributionMap":{"functional-code":{"insertions":0,"deletions":1}}}]},{"date":"2022-10-14","commitResults":[{"hash":"31aa7ef1af9f970ec9b75362920feb1157e921a5","messageTitle":"implement view commands for main and edit mode","messageBody":"","fileTypesAndContributionMap":{"functional-code":{"insertions":85,"deletions":12}}}]}],"lcsroy":[{"date":"2022-09-28","commitResults":[{"hash":"917833327c17a02b47e81b148d8985170b113892","messageTitle":"Added my name","messageBody":"","fileTypesAndContributionMap":{"docs":{"insertions":7,"deletions":7}}}]},{"date":"2022-10-08","commitResults":[{"hash":"47f62522379efb7feffd2dd1e588c5a4ebd8a335","messageTitle":"Included parser for edit mode.","messageBody":"","fileTypesAndContributionMap":{"functional-code":{"insertions":50,"deletions":1}}},{"hash":"be7d106f118c440dc5c951123b4d843b5d1d0b96","messageTitle":"correction to indentation","messageBody":"","fileTypesAndContributionMap":{"functional-code":{"insertions":2,"deletions":2}}},{"hash":"148d0ff144594c44f2f99c904348d1199e9698df","messageTitle":"no message","messageBody":"","fileTypesAndContributionMap":{"functional-code":{"insertions":0,"deletions":6}}},{"hash":"85b53ab87509ded6b3b5ee9459ea704b86f6619b","messageTitle":"settled indentation problem","messageBody":"","fileTypesAndContributionMap":{"functional-code":{"insertions":9,"deletions":8}}}]},{"date":"2022-10-11","commitResults":[{"hash":"3b57346bf491864edb5d3d6f13a4db9b8754af01","messageTitle":"Added methods for edit mode.","messageBody":"","fileTypesAndContributionMap":{"functional-code":{"insertions":57,"deletions":6}}},{"hash":"9031f67f4d6c35863c378276cef6dc31ce8e7fb5","messageTitle":"no message","messageBody":"","fileTypesAndContributionMap":{"functional-code":{"insertions":0,"deletions":2}}}]},{"date":"2022-10-14","commitResults":[{"hash":"10c8c70b9d42201691c256e8ef67d1cd2e4677d3","messageTitle":"Handled parts for class drive gpu powersupply","messageBody":"","fileTypesAndContributionMap":{"functional-code":{"insertions":87,"deletions":145}}},{"hash":"08f796848c4503d3c3736ea4bd23bdf18f4b8fae","messageTitle":"no message","messageBody":"","fileTypesAndContributionMap":{"functional-code":{"insertions":7,"deletions":2}}}]},{"date":"2022-10-19","commitResults":[{"hash":"faf870c12c1392428c97cb026855b93ed682f262","messageTitle":"Added Storage to save/load builds","messageBody":"","fileTypesAndContributionMap":{"functional-code":{"insertions":291,"deletions":13}}},{"hash":"9464a45ed78c0843321cf37d79f9cdee3a6588e7","messageTitle":"no message","messageBody":"","fileTypesAndContributionMap":{"functional-code":{"insertions":19,"deletions":10}}},{"hash":"1294fc10b046f3877277cc4ab088c5586e6540a9","messageTitle":"Handle the expected/actual output test case","messageBody":"","fileTypesAndContributionMap":{"functional-code":{"insertions":52,"deletions":47}}}]},{"date":"2022-10-22","commitResults":[{"hash":"0dafe732acc20ae5af285f19e10e45f1db7e63a6","messageTitle":"no message","messageBody":"","fileTypesAndContributionMap":{"functional-code":{"insertions":1,"deletions":1}}},{"hash":"0bad3dbd15631c9dec565b32abf9808c25c48702","messageTitle":"Make enhancement to allow space for names","messageBody":"","fileTypesAndContributionMap":{"functional-code":{"insertions":10,"deletions":9}}},{"hash":"d5c92a0e43e71a412b8d11163b7b3e3e5421e666","messageTitle":"Refactor LoadComponent in Storage","messageBody":"","fileTypesAndContributionMap":{"functional-code":{"insertions":198,"deletions":22}}},{"hash":"2cb0445c65b44d80249bcbc4aa1cc8bad39bb14f","messageTitle":"Minor spelling error fixed","messageBody":"","fileTypesAndContributionMap":{"functional-code":{"insertions":3,"deletions":3}}},{"hash":"af2c557df8723484bb013d959485a71c32a7270e","messageTitle":"no message","messageBody":"","fileTypesAndContributionMap":{"functional-code":{"insertions":1,"deletions":0}}}]},{"date":"2022-10-23","commitResults":[{"hash":"13ddf0130ae31db4585a15025c1189ec6355bb6b","messageTitle":"Added JavaDocs to Component","messageBody":"","fileTypesAndContributionMap":{"functional-code":{"insertions":68,"deletions":4}}},{"hash":"dfb6dc9d7ccbb07fe82388485b0bef9b29980795","messageTitle":"Added JavaDocs to Case","messageBody":"","fileTypesAndContributionMap":{"functional-code":{"insertions":68,"deletions":0}}},{"hash":"d9191ec7978198749ad179a4f0f972bb00e9da22","messageTitle":"Added JavaDocs to Cooler","messageBody":"","fileTypesAndContributionMap":{"functional-code":{"insertions":82,"deletions":0}}},{"hash":"7b9b0c9f19438c2cd19a1216cee054be83e3734c","messageTitle":"Added JavaDocs to Cpu and minor changes to the methods in Cpu","messageBody":"","fileTypesAndContributionMap":{"functional-code":{"insertions":63,"deletions":24}}},{"hash":"d50b50c1dbbab1c87af16bb1bddf0fec3b395365","messageTitle":"Added JavaDocs to Drive","messageBody":"","fileTypesAndContributionMap":{"functional-code":{"insertions":70,"deletions":2}}},{"hash":"7075ccc2756c61f9188e9f3355954699a196d589","messageTitle":"Added JavaDocs to Gpu","messageBody":"","fileTypesAndContributionMap":{"functional-code":{"insertions":82,"deletions":0}}},{"hash":"f6a5a7a53ef6fd7ebab98cfe5a0affbdf11e8bb3","messageTitle":"Added JavaDocs to Memory","messageBody":"","fileTypesAndContributionMap":{"functional-code":{"insertions":68,"deletions":0}}},{"hash":"f33ce865233f7e8ae32300a2b1c9abd90db9fcb6","messageTitle":"Added JavaDocs to Monitor","messageBody":"","fileTypesAndContributionMap":{"functional-code":{"insertions":83,"deletions":0}}},{"hash":"9b352b7f3111413de372e9811fae826a3f1d39d5","messageTitle":"Added JavaDocs to Motherboard","messageBody":"","fileTypesAndContributionMap":{"functional-code":{"insertions":95,"deletions":0}}},{"hash":"6797564b9906a00ffdaee441fa5fbc5c94fcd1dc","messageTitle":"Added JavaDocs to Other","messageBody":"","fileTypesAndContributionMap":{"functional-code":{"insertions":38,"deletions":0}}},{"hash":"fc4346f86b6aec20cc021cd5a7c2bac6045888ef","messageTitle":"Added JavaDocs to PowerSupply","messageBody":"","fileTypesAndContributionMap":{"functional-code":{"insertions":37,"deletions":0}}},{"hash":"64638e8bdab02e091156c3ca7c7682146668e1a3","messageTitle":"Correction to indentation error in Case class","messageBody":"","fileTypesAndContributionMap":{"functional-code":{"insertions":1,"deletions":1}}},{"hash":"1ef5ff443eaa9a617256aef4cc4b5e4eeff6e644","messageTitle":"Added JavaDocs to Storage","messageBody":"","fileTypesAndContributionMap":{"functional-code":{"insertions":154,"deletions":38}}}]}],"P0tatoChips":[{"date":"2022-09-28","commitResults":[{"hash":"242226e9df9d1b19132a5d6c7c486072bdac144b","messageTitle":"Update AboutUs.md","messageBody":"","fileTypesAndContributionMap":{"docs":{"insertions":3,"deletions":3}}}]},{"date":"2022-10-07","commitResults":[{"hash":"86efa67575fea8249eec9f36ba43d1280c1f0511","messageTitle":"Started on Parse","messageBody":"","fileTypesAndContributionMap":{"functional-code":{"insertions":47,"deletions":0}}},{"hash":"6a4c3216e614ad7240c4389cfaaa9b0bda34108c","messageTitle":"Delete Build.java","messageBody":"","fileTypesAndContributionMap":{"functional-code":{"insertions":0,"deletions":14}}}]},{"date":"2022-10-09","commitResults":[{"hash":"a753bf18a8fcc1f727d38a00238f3b269c527097","messageTitle":"Moved methods and minor edits","messageBody":"Moved line reading to Ui.\nEdited some methods to be similar to those in EditParser.\n","fileTypesAndContributionMap":{"functional-code":{"insertions":26,"deletions":14}}},{"hash":"77bb2f6060965f2ba6b957f4529a5f04900e4107","messageTitle":"Minor edits","messageBody":"Left out Scanner in \u003d new Scanner... in previous edit\n","fileTypesAndContributionMap":{"functional-code":{"insertions":3,"deletions":8}}}]},{"date":"2022-10-12","commitResults":[{"hash":"3f2279b0ab7773c480deb96a49fca052d201bbce","messageTitle":"Made parse in both parse classes non-static","messageBody":"","fileTypesAndContributionMap":{"functional-code":{"insertions":56,"deletions":20}}},{"hash":"5ef05bcbc6eb459dcf90966950810ef5dea8ba48","messageTitle":"Added exception","messageBody":"For deleting builds that don\u0027t exist in the list\n","fileTypesAndContributionMap":{"functional-code":{"insertions":24,"deletions":4}}}]},{"date":"2022-10-14","commitResults":[{"hash":"7b9e7689c723c80599c62247805da4aca462bf03","messageTitle":"Added abstract class Component","messageBody":"","fileTypesAndContributionMap":{"functional-code":{"insertions":38,"deletions":23}}},{"hash":"10289bb68fe97efc84e6d67f0cd072e2ab8c47b3","messageTitle":"Fixed adding and deleting of Memory, Motherboard","messageBody":"","fileTypesAndContributionMap":{"functional-code":{"insertions":105,"deletions":130},"other":{"insertions":5,"deletions":5}}},{"hash":"e4e8dcc54cc0f96b9a37b12510df9ec345a17a17","messageTitle":"Update EditParser.java","messageBody":"","fileTypesAndContributionMap":{"functional-code":{"insertions":0,"deletions":10}}}]},{"date":"2022-10-18","commitResults":[{"hash":"899c11f7e584571469fdd5c71cea8b4182e2f61a","messageTitle":"Added product scope, user stories to DG","messageBody":"","fileTypesAndContributionMap":{"docs":{"insertions":27,"deletions":5}}}]},{"date":"2022-10-19","commitResults":[{"hash":"8d504b1f465a0de89946601100cc2fedc6778401","messageTitle":"Added JUnit for Components","messageBody":"","fileTypesAndContributionMap":{"test-code":{"insertions":82,"deletions":0}}}]},{"date":"2022-10-21","commitResults":[{"hash":"99a4dbb0b859ee65b03a7487e8fdc79a9eda829f","messageTitle":"Refactor Parser and Added Monitor Component","messageBody":"","fileTypesAndContributionMap":{"functional-code":{"insertions":136,"deletions":50}}},{"hash":"2a62a6ed5631b1f5481f4deb07f1c891f36cc94e","messageTitle":"Update EditParser.java","messageBody":"","fileTypesAndContributionMap":{"functional-code":{"insertions":8,"deletions":1}}}]},{"date":"2022-10-22","commitResults":[{"hash":"c1c405bd6bcebb1c8ff6c71b8aef494345d464b3","messageTitle":"Added a filter feature","messageBody":"For price, power and compatibility\n","fileTypesAndContributionMap":{"functional-code":{"insertions":77,"deletions":12}}},{"hash":"62dd1bc38a08b5bf84c5409b4ad405215af0adb6","messageTitle":"Update BuildManager.java","messageBody":"","fileTypesAndContributionMap":{"functional-code":{"insertions":3,"deletions":3}}},{"hash":"2f98b3de704a25ff97f8db6487d4e3f0048069a5","messageTitle":"Update BuildManager.java","messageBody":"","fileTypesAndContributionMap":{"functional-code":{"insertions":3,"deletions":3}}},{"hash":"de2d08079947eedd5e30e3f2839557cd57dd9618","messageTitle":"Update BuildManager.java","messageBody":"","fileTypesAndContributionMap":{"functional-code":{"insertions":3,"deletions":3}}},{"hash":"903cff9e63d9335cca88bdcba142737a2516ec59","messageTitle":"Refactor filter method","messageBody":"","fileTypesAndContributionMap":{"functional-code":{"insertions":46,"deletions":34}}},{"hash":"14affa8120b085af2ad99e423dec3f2c1104c10d","messageTitle":"Changed findBuilds and added find command to parser","messageBody":"","fileTypesAndContributionMap":{"functional-code":{"insertions":18,"deletions":0}}},{"hash":"ac0058ea8aa3922ac737f06654b6fa2ef36cc41b","messageTitle":"Added exception handling for some methods","messageBody":"","fileTypesAndContributionMap":{"functional-code":{"insertions":79,"deletions":29}}},{"hash":"13a17c3abcff190ed6eb6df5c5d207e16d2e3cb0","messageTitle":"Fixed Checkstyle Error","messageBody":"","fileTypesAndContributionMap":{"functional-code":{"insertions":4,"deletions":4}}},{"hash":"3fa5223f45ed8fa92632ad8672a10c8392f87b9f","messageTitle":"Update BuildManager.java","messageBody":"","fileTypesAndContributionMap":{"functional-code":{"insertions":5,"deletions":4}}},{"hash":"72ca11dcf11163e85ee5bd436218bf54e2eaf36e","messageTitle":"Exception handling","messageBody":"","fileTypesAndContributionMap":{"functional-code":{"insertions":73,"deletions":54}}},{"hash":"ed217104a0ed05e6ef1d858a16ca1c7982b9c202","messageTitle":"Update EditParser.java","messageBody":"","fileTypesAndContributionMap":{"functional-code":{"insertions":5,"deletions":2}}},{"hash":"5a96ddd60a14eef2d306c9e831be0edd503cc017","messageTitle":"Update Parser.java","messageBody":"","fileTypesAndContributionMap":{"functional-code":{"insertions":5,"deletions":1}}},{"hash":"db77873f374dc7d1f32f5f94ad168dba172c0c13","messageTitle":"Update BuildManager.java","messageBody":"","fileTypesAndContributionMap":{"functional-code":{"insertions":6,"deletions":1}}},{"hash":"08275c1e37db88c9b36b664c5f70b95960c1f8c6","messageTitle":"Update EditParser.java","messageBody":"","fileTypesAndContributionMap":{"functional-code":{"insertions":0,"deletions":3}}}]},{"date":"2022-10-23","commitResults":[{"hash":"a0998ffda27db7b990ef1ccf4c714928a525bb89","messageTitle":"Added to UG","messageBody":"","fileTypesAndContributionMap":{"functional-code":{"insertions":1,"deletions":0},"docs":{"insertions":347,"deletions":30}}},{"hash":"ab9d055879ad13f12f0c9f8f36345813305c8582","messageTitle":"Fixed filter command","messageBody":"","fileTypesAndContributionMap":{"functional-code":{"insertions":5,"deletions":1}}},{"hash":"bb2f45bed326d094e395bdd36324bd2580ad64e8","messageTitle":"Update Parser.java","messageBody":"","fileTypesAndContributionMap":{"functional-code":{"insertions":1,"deletions":1}}},{"hash":"6534366dc32ebfe092a535a1c9e6a72100656bc2","messageTitle":"Added JavaDocs for BuildManager and Exception classes","messageBody":"","fileTypesAndContributionMap":{"functional-code":{"insertions":140,"deletions":2}}},{"hash":"4c9608fbfb4147dfb75485406869cfd1a412276c","messageTitle":"Removed Don Roe from AboutUs and attempt fix of DG","messageBody":"","fileTypesAndContributionMap":{"docs":{"insertions":0,"deletions":3}}}]},{"date":"2022-10-24","commitResults":[{"hash":"2959968ade50c7a45a829bfcee6c5ee432891fb4","messageTitle":"Edited methods based on Devesh\u0027s suggestions","messageBody":"","fileTypesAndContributionMap":{"functional-code":{"insertions":7,"deletions":10}}},{"hash":"8139f37fb49fbc7f1cd5c284f5fdeba751ae86af","messageTitle":"Fixed logic of mainParseFilter","messageBody":"","fileTypesAndContributionMap":{"functional-code":{"insertions":8,"deletions":9}}},{"hash":"0de39964a44066dfa5f5dcabfe481cde479353db","messageTitle":"Added 3 assert for filter methods","messageBody":"","fileTypesAndContributionMap":{"functional-code":{"insertions":3,"deletions":0}}},{"hash":"d9094a9cd1631becf18d09fdf3908f2dc7ec8770","messageTitle":"Exception Handling for Case component","messageBody":"","fileTypesAndContributionMap":{"functional-code":{"insertions":76,"deletions":45}}},{"hash":"679414721cddc58dc8116b392ddbcffbde38997d","messageTitle":"Exception Handling for Cooler Component","messageBody":"+ save fix for cooler\n","fileTypesAndContributionMap":{"functional-code":{"insertions":33,"deletions":8}}},{"hash":"29ce5aa51c920c5089f61397a1c99943eb854918","messageTitle":"Fix code style issue","messageBody":"","fileTypesAndContributionMap":{"functional-code":{"insertions":1,"deletions":1}}},{"hash":"1a63e3173ee36b6bbaffb2f2df0df412ed15d7aa","messageTitle":"Exception handling for the rest of components","messageBody":"","fileTypesAndContributionMap":{"functional-code":{"insertions":202,"deletions":49}}},{"hash":"20c3caeb9f1fd580de494635ecc31e8f403453d8","messageTitle":"Added try catch in tests because of gradle tests","messageBody":"","fileTypesAndContributionMap":{"test-code":{"insertions":16,"deletions":6}}},{"hash":"074cd3cc5f2a8ceb21607cb8e141e3fd1cfc0f0f","messageTitle":"Basic Class Diagram for BuildManager","messageBody":"","fileTypesAndContributionMap":{"functional-code":{"insertions":4,"deletions":4},"docs":{"insertions":23,"deletions":0}}},{"hash":"aa706ae2c86afc99556409a66af360c7cff1d1b2","messageTitle":"Updated User Stories in DG","messageBody":"","fileTypesAndContributionMap":{"docs":{"insertions":6,"deletions":0}}},{"hash":"5be09643e2f72d6d1c5261942009c2ab6d427a54","messageTitle":"Added exception handling for components","messageBody":"","fileTypesAndContributionMap":{"functional-code":{"insertions":47,"deletions":5}}}]}],"gitpancaked":[{"date":"2022-09-28","commitResults":[{"hash":"df6a39c5859baeffe4483242ac63fbfe0bf4a4b3","messageTitle":"Added my name","messageBody":"","fileTypesAndContributionMap":{"docs":{"insertions":7,"deletions":7}}}]},{"date":"2022-10-04","commitResults":[{"hash":"8dbffac0b8bc830205c064d55095d11f5dee79bd","messageTitle":"Created main,parser and ui class","messageBody":"","fileTypesAndContributionMap":{"functional-code":{"insertions":78,"deletions":0}}},{"hash":"f29636dce2c7b30a2dac0415359e2873ec3e1fd5","messageTitle":"fixed ui to adhere to ubuntu requirements","messageBody":"","fileTypesAndContributionMap":{"functional-code":{"insertions":14,"deletions":9}}},{"hash":"003190d268881be7741a36063d193a990e0f26a7","messageTitle":"More fixes for Ubuntu check","messageBody":"","fileTypesAndContributionMap":{"functional-code":{"insertions":9,"deletions":9}}}]},{"date":"2022-10-05","commitResults":[{"hash":"e90abbb6a7aa315d708161f7c83741a9ee799640","messageTitle":"Renames","messageBody":"","fileTypesAndContributionMap":{"other":{"insertions":0,"deletions":0}}},{"hash":"58980b8578112e1d35e2b3df71a85078c04d8fd0","messageTitle":"no message","messageBody":"","fileTypesAndContributionMap":{"functional-code":{"insertions":3,"deletions":3}}},{"hash":"0cd09e686192d13c1e088748a1fc7f394f2b3e78","messageTitle":"no message","messageBody":"","fileTypesAndContributionMap":{"other":{"insertions":0,"deletions":0}}},{"hash":"4d30c0a49830a34e29cc718938a7ccbe681bf939","messageTitle":"no message","messageBody":"","fileTypesAndContributionMap":{"functional-code":{"insertions":1,"deletions":1}}},{"hash":"68cf83fd2303dc0fd3701a8573cceed47e2c6496","messageTitle":"no message","messageBody":"","fileTypesAndContributionMap":{"other":{"insertions":0,"deletions":0}}}]},{"date":"2022-10-09","commitResults":[{"hash":"29fcc1439ff12963d9fbe1cd57f05dfef7bf8c4d","messageTitle":"Added UnknownCommandException, wrapped switch statment in try","messageBody":"","fileTypesAndContributionMap":{"functional-code":{"insertions":32,"deletions":14}}},{"hash":"78e4a713510640a7a42314c1716f3a13af2b9717","messageTitle":"deleted duke :(","messageBody":"","fileTypesAndContributionMap":{"functional-code":{"insertions":0,"deletions":21}}},{"hash":"e7cfaae4790340b72789da4d9030279c5ddb3779","messageTitle":"Formatting","messageBody":"","fileTypesAndContributionMap":{"functional-code":{"insertions":4,"deletions":3}}},{"hash":"2ec40693fa1b6371fc669978b442125a514daa16","messageTitle":"Reconfigured gradle and tests","messageBody":"","fileTypesAndContributionMap":{"other":{"insertions":5,"deletions":5}}},{"hash":"89682d6877ca41e45e277a8ac8c106d6e94897f0","messageTitle":"Can\u0027t get comparison tests to work with logo..... Commented out logo for now","messageBody":"","fileTypesAndContributionMap":{"functional-code":{"insertions":3,"deletions":2}}},{"hash":"66e91ec174ac1e7fd1f045ada7a9587f945d03e1","messageTitle":"fixed i/o comparison test","messageBody":"","fileTypesAndContributionMap":{"functional-code":{"insertions":1,"deletions":1}}}]},{"date":"2022-10-10","commitResults":[{"hash":"3a079c50fe2feb8422f76eed9ac66b2759906a1f","messageTitle":"added exception to EditParser, wrapped switch statement in try/catch","messageBody":"","fileTypesAndContributionMap":{"functional-code":{"insertions":14,"deletions":8}}},{"hash":"dd032ab734f04276171e9e0eb8739fca7bd118c0","messageTitle":"Added functions to Parse, created Static buildManager (tell me if this is bad OOP)","messageBody":"","fileTypesAndContributionMap":{"functional-code":{"insertions":20,"deletions":5}}},{"hash":"56eee9d76ab6d49788f2dad48f6e04479ff136a6","messageTitle":"formatting","messageBody":"","fileTypesAndContributionMap":{"functional-code":{"insertions":2,"deletions":3}}}]},{"date":"2022-10-11","commitResults":[{"hash":"8c839ff382f6c8865d87724850d8dd309d915144","messageTitle":"Added Ui","messageBody":"","fileTypesAndContributionMap":{"functional-code":{"insertions":19,"deletions":0}}}]},{"date":"2022-10-13","commitResults":[{"hash":"68d7cd4c839f424e47bfc47a2c47e0cbe1576997","messageTitle":"Component Classes","messageBody":"","fileTypesAndContributionMap":{"functional-code":{"insertions":343,"deletions":0}}}]},{"date":"2022-10-14","commitResults":[{"hash":"26936fd6042671ca99cf69d53d78105703c9e06e","messageTitle":"Added LinkedHashMap2D, changed just cpu variables to String, added parser for cpu, changed build class","messageBody":"","fileTypesAndContributionMap":{"functional-code":{"insertions":400,"deletions":288}}},{"hash":"2e1310a6470983cc36e033b86756018bb30cf423","messageTitle":"no message","messageBody":"","fileTypesAndContributionMap":{"functional-code":{"insertions":24,"deletions":55}}}]},{"date":"2022-10-15","commitResults":[{"hash":"82d47608f0a9f7ccf437164f29613834ff86247b","messageTitle":"Add compatibility checks","messageBody":"","fileTypesAndContributionMap":{"functional-code":{"insertions":185,"deletions":10}}},{"hash":"c86eba3a9d613ea779f8382fcfc771bc14b2809c","messageTitle":"no message","messageBody":"","fileTypesAndContributionMap":{"functional-code":{"insertions":3,"deletions":3}}}]},{"date":"2022-10-17","commitResults":[{"hash":"98ebfab64df1dcbe3a45531a751f7a28ebc06186","messageTitle":"Swapped Type and Name parameters","messageBody":"","fileTypesAndContributionMap":{"functional-code":{"insertions":4,"deletions":3}}},{"hash":"809101cd1f4b2cfa49caa721135021629ac0d48a","messageTitle":"Added userprofile, value prop and non functional requirements to DG","messageBody":"","fileTypesAndContributionMap":{"docs":{"insertions":6,"deletions":3}}}]},{"date":"2022-10-18","commitResults":[{"hash":"156e8669e459db1cc82f083317241b0bc7bec290","messageTitle":"fixed \u0027unsafe\u0027 error message","messageBody":"","fileTypesAndContributionMap":{"functional-code":{"insertions":6,"deletions":3}}},{"hash":"8352393f6d29f37cbe3e5eed3efbc98c80503570","messageTitle":"added types to list","messageBody":"","fileTypesAndContributionMap":{"functional-code":{"insertions":4,"deletions":5}}}]},{"date":"2022-10-20","commitResults":[{"hash":"b770b8e4f159453d889ee6f0c351d4958a29149d","messageTitle":"fixed storage","messageBody":"","fileTypesAndContributionMap":{"functional-code":{"insertions":2,"deletions":0}}}]},{"date":"2022-10-21","commitResults":[{"hash":"36e5f2fb94fd8ad74e89b30762a3a7ec25d02ae4","messageTitle":"Refactored EditParser","messageBody":"","fileTypesAndContributionMap":{"functional-code":{"insertions":106,"deletions":84}}},{"hash":"2ccfe92640ece58b9b0e864c34b12cc4dc3b5b06","messageTitle":"Added Other Class","messageBody":"","fileTypesAndContributionMap":{"functional-code":{"insertions":42,"deletions":0}}}]},{"date":"2022-10-22","commitResults":[{"hash":"f3f68f8e2c1c6a23fa4dfff4122037a8f36e3c1f","messageTitle":"Added Export Feature","messageBody":"","fileTypesAndContributionMap":{"functional-code":{"insertions":90,"deletions":3}}},{"hash":"729bcd41e01ea591f56c73ce490e5f03b307a4a2","messageTitle":"Added formFactor to motherboards, changed params in parser and storage accordingly, had to delete current save files as not compatible","messageBody":"","fileTypesAndContributionMap":{"functional-code":{"insertions":25,"deletions":12},"test-code":{"insertions":1,"deletions":1}}},{"hash":"5354fe4b62e7c7c8e143362133b1c56dad8f7057","messageTitle":"no message","messageBody":"","fileTypesAndContributionMap":{"functional-code":{"insertions":2,"deletions":1},"test-code":{"insertions":1,"deletions":1}}},{"hash":"e051c010254213ec4597c36aa679585501355c9f","messageTitle":"Added compatibility checks for socket (cooler) and formFactor","messageBody":"","fileTypesAndContributionMap":{"functional-code":{"insertions":30,"deletions":2}}},{"hash":"5c59aa4e2a6210991a4ad42cd596483109fc4f64","messageTitle":"Added Expansion Slot Compatibility","messageBody":"","fileTypesAndContributionMap":{"functional-code":{"insertions":20,"deletions":1}}},{"hash":"895c334362c0729dd0882deb4bb403ea403a9784","messageTitle":"Added exportCSV","messageBody":"","fileTypesAndContributionMap":{"functional-code":{"insertions":2,"deletions":0}}},{"hash":"c7c905f06a5f0c544b2bf49b42ad14f61c1d41ae","messageTitle":"Actually added ExportCSV","messageBody":"","fileTypesAndContributionMap":{"functional-code":{"insertions":104,"deletions":5}}},{"hash":"ff88b344a36e7ea2216ec182ce1f3dd47c6b8c4b","messageTitle":"Format CSV to Csv","messageBody":"","fileTypesAndContributionMap":{"functional-code":{"insertions":28,"deletions":28}}},{"hash":"e0fdf4df85b18c4a01e41a250f8c52096712da54","messageTitle":"no message","messageBody":"","fileTypesAndContributionMap":{"other":{"insertions":0,"deletions":0}}},{"hash":"6e2dbffd27fe3675a9dc062a6d889ab48826e184","messageTitle":"Moved socket in Cooler to the front of Speed and Noise level for consistency with other components","messageBody":"","fileTypesAndContributionMap":{"functional-code":{"insertions":8,"deletions":8}}},{"hash":"117709b53fbf1da115fa07d43a7be6fd0c3a1d5d","messageTitle":"More CSV to Csv....","messageBody":"","fileTypesAndContributionMap":{"functional-code":{"insertions":2,"deletions":2}}},{"hash":"cb4261ce5e841fdf0230b943b322a6df0845e552","messageTitle":"More Formatting...","messageBody":"","fileTypesAndContributionMap":{"functional-code":{"insertions":4,"deletions":4}}},{"hash":"be84f7e6c2dbbba69e3fa92f4c830f589f93ed48","messageTitle":"refactored addParse in edit parser","messageBody":"","fileTypesAndContributionMap":{"functional-code":{"insertions":70,"deletions":29}}},{"hash":"d51a1e4ab2d3eb3160eef5e53981552768de41c4","messageTitle":"Added dank asserts...","messageBody":"","fileTypesAndContributionMap":{"functional-code":{"insertions":2,"deletions":0}}},{"hash":"28368a31b548d57dbe9cd5996bdde638692ea97d","messageTitle":"Added parts of UG","messageBody":"","fileTypesAndContributionMap":{"docs":{"insertions":52,"deletions":10}}}]},{"date":"2022-10-23","commitResults":[{"hash":"ccf2f998e48462c0e28af4ea3fe605466a7e719a","messageTitle":"Added JavaDocs to UI","messageBody":"","fileTypesAndContributionMap":{"functional-code":{"insertions":12,"deletions":0}}},{"hash":"f00142589308597b8e690b54499f5533ddf0b084","messageTitle":"Added JavaDocs to Parser","messageBody":"","fileTypesAndContributionMap":{"functional-code":{"insertions":84,"deletions":0}}},{"hash":"371c0d91bd3b9ad289317148f7cfbccf0a2b50d0","messageTitle":"Added JavaDocs to ExportText and ExportCSV","messageBody":"","fileTypesAndContributionMap":{"functional-code":{"insertions":51,"deletions":0}}},{"hash":"d018835c432cd7adda40db4a5201880ab95764f3","messageTitle":"Add JavaDocs to EditParser and made minor edits to JavaDocs in Parser","messageBody":"","fileTypesAndContributionMap":{"functional-code":{"insertions":185,"deletions":9}}},{"hash":"8de33a031b2f1dd91cf80c12e85239e737dc48ba","messageTitle":"Added JavaDocs for LinkedHashMap2D","messageBody":"","fileTypesAndContributionMap":{"functional-code":{"insertions":46,"deletions":0}}},{"hash":"c0a7e5fcc6e0d7167051b3b23e40c5e04c096c51","messageTitle":"Added JavaDocs to Build","messageBody":"","fileTypesAndContributionMap":{"functional-code":{"insertions":114,"deletions":1}}},{"hash":"344834b87dce53bd8e9bb33711a76e0575f14eab","messageTitle":"Added JavaDocs to ComputerComponentChooser","messageBody":"","fileTypesAndContributionMap":{"functional-code":{"insertions":11,"deletions":0}}},{"hash":"8df2f9d9e34fadc8c4c22e2d610ba4650290f146","messageTitle":"Added description for throws as it was failing gradle tests","messageBody":"","fileTypesAndContributionMap":{"functional-code":{"insertions":14,"deletions":14}}},{"hash":"a8076070f442969a4d4e70089e80d68646ecf33a","messageTitle":"no message","messageBody":"","fileTypesAndContributionMap":{"functional-code":{"insertions":3,"deletions":3}}}]},{"date":"2022-10-24","commitResults":[{"hash":"11c044becac2d44c30ab7527e0076c13945e67a9","messageTitle":"Fixed logic for check socket compatibility","messageBody":"","fileTypesAndContributionMap":{"functional-code":{"insertions":6,"deletions":5}}},{"hash":"02c410b2db8babdd426825f54bf02dc490eed797","messageTitle":"DG with Table of Contents","messageBody":"","fileTypesAndContributionMap":{"docs":{"insertions":23,"deletions":1}}},{"hash":"f1d93f433bac72cd033e173e37e97dfd27555a5d","messageTitle":"Added Build to DG, also a short write up for export. Created images and puml folder in docs folder","messageBody":"","fileTypesAndContributionMap":{"docs":{"insertions":71,"deletions":0}}}]}]},"authorFileTypeContributionMap":{"deveshl":{"docs":2,"functional-code":143,"test-code":0},"lcsroy":{"docs":1,"functional-code":1432,"test-code":0},"P0tatoChips":{"docs":373,"functional-code":955,"test-code":90},"gitpancaked":{"docs":147,"functional-code":1314,"test-code":4,"other":2}},"authorContributionVariance":{"deveshl":508.6011,"lcsroy":29866.916,"P0tatoChips":21585.764,"gitpancaked":30603.795},"authorDisplayNameMap":{"deveshl":"CS2113T-W11-2 DEVE..DRAN","lcsroy":"CS2113T-W11-2 LIM .. ROY","P0tatoChips":"CS2113T-W11-2 HEIN..YANG","gitpancaked":"CS2113T-W11-2 SHAW..NHUI"}}
