[{"path":"docs/AboutUs.md","fileType":"docs","lines":[{"lineNumber":1,"author":{"gitId":"-"},"content":"# About us","lastModifiedDate":"2020-05-24"},{"lineNumber":2,"author":{"gitId":"-"},"content":"","lastModifiedDate":"2020-05-24"},{"lineNumber":3,"author":{"gitId":"-"},"content":"Display |   Name   | Github Profile | Portfolio ","lastModifiedDate":"2020-05-24"},{"lineNumber":4,"author":{"gitId":"junhaoliu2468"},"content":"--------|:--------:|:--------------:|:---------:","lastModifiedDate":"2022-09-28"},{"lineNumber":5,"author":{"gitId":"-"},"content":"![](https://via.placeholder.com/100.png?text\u003dPhoto) |  John Doe  | [Github](https://github.com/) | [Portfolio](docs/team/johndoe.md)","lastModifiedDate":"2020-05-24"},{"lineNumber":6,"author":{"gitId":"NayChi-7"},"content":"![](https://via.placeholder.com/100.png?text\u003dPhoto) | Gao YunFan | [Github](https://github.com/) | [Portfolio](docs/team/johndoe.md)","lastModifiedDate":"2022-10-02"},{"lineNumber":7,"author":{"gitId":"NayChi-7"},"content":"![](https://via.placeholder.com/100.png?text\u003dPhoto) | Nay Chi    | [Github](https://github.com/) | [Portfolio](docs/team/johndoe.md)","lastModifiedDate":"2022-09-28"},{"lineNumber":8,"author":{"gitId":"NayChi-7"},"content":"![](https://via.placeholder.com/100.png?text\u003dPhoto) | Zhou Kaiwen | [Github](https://github.com/) | [Portfolio](docs/team/johndoe.md)","lastModifiedDate":"2022-10-02"},{"lineNumber":9,"author":{"gitId":"junhaoliu2468"},"content":"![](https://via.placeholder.com/100.png?text\u003dPhoto) |  Junhao   | [Github](https://github.com/) | [Portfolio](docs/team/johndoe.md)","lastModifiedDate":"2022-09-28"},{"lineNumber":10,"author":{"gitId":"maanyos"},"content":"","lastModifiedDate":"2022-09-28"}],"authorContributionMap":{"NayChi-7":3,"maanyos":1,"junhaoliu2468":2,"-":4}}]
