{"authorDailyContributionsMap":{"NayChi-7":[{"date":"2022-09-28","commitResults":[{"hash":"da29a845ec6c0ac6639a84e459c31522e7422e90","messageTitle":"updated about myself","messageBody":"","fileTypesAndContributionMap":{"docs":{"insertions":5,"deletions":5}}}]},{"date":"2022-10-07","commitResults":[{"hash":"e9ee62cd6881ca0f67a41a503bc367d381725de1","messageTitle":"add and view food","messageBody":"","fileTypesAndContributionMap":{"functional-code":{"insertions":98,"deletions":0}}},{"hash":"8e53b6fa6015ef097b2fb7b2ce39768e377822c6","messageTitle":"Changes to comply coding standard","messageBody":"","fileTypesAndContributionMap":{"functional-code":{"insertions":6,"deletions":6}}}]},{"date":"2022-10-11","commitResults":[{"hash":"4c9066e823f0e04f34ba16236fb651fa1dac49aa","messageTitle":"Refactoring add command and adding remove food","messageBody":"","fileTypesAndContributionMap":{"functional-code":{"insertions":164,"deletions":117},"other":{"insertions":1,"deletions":1}}},{"hash":"e14eb7d002b20dbf9cbe43e592e8749fe41e692a","messageTitle":"Remove food","messageBody":"","fileTypesAndContributionMap":{"functional-code":{"insertions":3,"deletions":10}}},{"hash":"33c9f25d793dda112955fd4b5720e0b76327a539","messageTitle":"coding standard","messageBody":"","fileTypesAndContributionMap":{"functional-code":{"insertions":12,"deletions":1}}},{"hash":"ec9625a1acb18c676530797a0e64364129682f0e","messageTitle":"FoodList refactored","messageBody":"","fileTypesAndContributionMap":{"functional-code":{"insertions":104,"deletions":35},"test-code":{"insertions":16,"deletions":8}}},{"hash":"c973329f5eed0655ad06e4b347ac9eb7036c8871","messageTitle":"Create AddCommandTest.java","messageBody":"","fileTypesAndContributionMap":{"test-code":{"insertions":49,"deletions":0}}},{"hash":"7002246ce4e81da9f462278aca3424bea3b251ef","messageTitle":"Remove Command test","messageBody":"","fileTypesAndContributionMap":{"functional-code":{"insertions":7,"deletions":14},"test-code":{"insertions":60,"deletions":0}}},{"hash":"caf74072505c6587775ffec95e561d0bcfb4de97","messageTitle":"checkstyle","messageBody":"","fileTypesAndContributionMap":{"functional-code":{"insertions":5,"deletions":6},"test-code":{"insertions":1,"deletions":1}}},{"hash":"41d21ab3f95e07449e055eb3b0507e83112d0814","messageTitle":"checkstyle2","messageBody":"","fileTypesAndContributionMap":{"test-code":{"insertions":5,"deletions":4}}}]},{"date":"2022-10-12","commitResults":[{"hash":"36efa2e808fa6157107826ec97f56d890c266bc1","messageTitle":"Added assertions","messageBody":"","fileTypesAndContributionMap":{"functional-code":{"insertions":7,"deletions":3}}},{"hash":"b27f3fbd767366029c58751cfd94e5fed0549ae9","messageTitle":"checkstyle","messageBody":"","fileTypesAndContributionMap":{"functional-code":{"insertions":1,"deletions":1}}}]},{"date":"2022-10-18","commitResults":[{"hash":"4907ca68f7157b7145546875407be6381ef1aacc","messageTitle":"find and save food","messageBody":"","fileTypesAndContributionMap":{"functional-code":{"insertions":34,"deletions":6}}},{"hash":"7eab8d68eeb1e95af74e031db834a1d5ab14f43c","messageTitle":"checkstyle","messageBody":"","fileTypesAndContributionMap":{"functional-code":{"insertions":1,"deletions":1}}},{"hash":"05cadf602d654c1faaf1616a951e8c6f6e050b71","messageTitle":"Added food component to dg","messageBody":"","fileTypesAndContributionMap":{"functional-code":{"insertions":2,"deletions":2},"docs":{"insertions":97,"deletions":10}}}]},{"date":"2022-10-23","commitResults":[{"hash":"6dacdc54577aa17fbfab352cd8982210956820a5","messageTitle":"View food in table format","messageBody":"","fileTypesAndContributionMap":{"functional-code":{"insertions":61,"deletions":12}}},{"hash":"c5eb91f487c489704aa63d1d904e129860bdd738","messageTitle":"invalid view food command handled","messageBody":"","fileTypesAndContributionMap":{"functional-code":{"insertions":2,"deletions":2}}},{"hash":"d48444949fd0ced40c21da979b2c7a0b7f7041fe","messageTitle":"Added usage of food commands to user guide","messageBody":"","fileTypesAndContributionMap":{"docs":{"insertions":92,"deletions":0}}}]},{"date":"2022-10-24","commitResults":[{"hash":"c969b6d2a63d51fa072a0616a610db59f6667f01","messageTitle":"Sort food by date","messageBody":"","fileTypesAndContributionMap":{"functional-code":{"insertions":73,"deletions":15}}},{"hash":"eb4c93cc33b3e8218d5a669ebe07c2eaaa20be51","messageTitle":"Revert \"Sort food by date\"","messageBody":"This reverts commit c969b6d2a63d51fa072a0616a610db59f6667f01.\n","fileTypesAndContributionMap":{"functional-code":{"insertions":15,"deletions":73}}},{"hash":"6de101205110761e4c8f26d2bab5e721619960f7","messageTitle":"Sorting food by date","messageBody":"","fileTypesAndContributionMap":{"functional-code":{"insertions":73,"deletions":15}}},{"hash":"f9bc605f411122008f8636800a85764d75ba5265","messageTitle":"checkstyle","messageBody":"","fileTypesAndContributionMap":{"functional-code":{"insertions":2,"deletions":2}}}]},{"date":"2022-10-25","commitResults":[{"hash":"74a6905e9e7492c79809ebc15ea1b961c5cf968c","messageTitle":"Implemented view all","messageBody":"","fileTypesAndContributionMap":{"functional-code":{"insertions":383,"deletions":119},"other":{"insertions":29,"deletions":39},"test-code":{"insertions":21,"deletions":22}}},{"hash":"729c16449bbb4b070c1ab94d780618763f93837c","messageTitle":"aligning table space","messageBody":"","fileTypesAndContributionMap":{"functional-code":{"insertions":40,"deletions":18}}},{"hash":"fbd8d7a691f12202c66b92ed3de12a0170f3f557","messageTitle":"checkstyle fixes","messageBody":"","fileTypesAndContributionMap":{"functional-code":{"insertions":8,"deletions":8},"test-code":{"insertions":22,"deletions":11}}},{"hash":"f107482a005158ebba87e41649fdbb7d38e9d637","messageTitle":"checkstyle fixes","messageBody":"","fileTypesAndContributionMap":{"functional-code":{"insertions":3,"deletions":1}}},{"hash":"f9dc2c5a09496264e9ce102377bcbdd47df43b79","messageTitle":"Fixed add exercise command and view all","messageBody":"","fileTypesAndContributionMap":{"functional-code":{"insertions":12,"deletions":10}}},{"hash":"1c6c4575e93cd8b7c3d47317a06822e8d34ac06f","messageTitle":"Added sequence diagrams","messageBody":"","fileTypesAndContributionMap":{"functional-code":{"insertions":1,"deletions":1},"docs":{"insertions":106,"deletions":0}}},{"hash":"831ad8e004bc056ede2be9dabce94cba3dfb5839","messageTitle":"update help command","messageBody":"","fileTypesAndContributionMap":{"functional-code":{"insertions":1,"deletions":2}}}]}],"maanyos":[{"date":"2022-09-28","commitResults":[{"hash":"810dff227f09f79c4b73d6e907cca8f2d81a57aa","messageTitle":"add name into AboutUs","messageBody":"","fileTypesAndContributionMap":{"docs":{"insertions":7,"deletions":7}}}]},{"date":"2022-10-03","commitResults":[{"hash":"603d2ed373e0225ae8ea24adb869ea4f44efdf04","messageTitle":"Add Ui","messageBody":"","fileTypesAndContributionMap":{"functional-code":{"insertions":38,"deletions":0}}},{"hash":"ec15953df352205de435f1257be830ae61ca8bab","messageTitle":"Add Parser","messageBody":"","fileTypesAndContributionMap":{"functional-code":{"insertions":24,"deletions":0}}},{"hash":"6362cfcc3f825030ddd497c37a8ccd851f7eea57","messageTitle":"Add Command package and class","messageBody":"","fileTypesAndContributionMap":{"functional-code":{"insertions":10,"deletions":0}}},{"hash":"1614724981e8302b2d0c97d88f1634b070687a0b","messageTitle":"Add ExitCommand","messageBody":"","fileTypesAndContributionMap":{"functional-code":{"insertions":26,"deletions":0}}},{"hash":"39822455405605e7f0067329bc3f6fea93a7da8f","messageTitle":"Add GreetCommand","messageBody":"","fileTypesAndContributionMap":{"functional-code":{"insertions":27,"deletions":10}}},{"hash":"12b4a46c437b591ecc53c29f1687c642560ce346","messageTitle":"Add HelpCommand","messageBody":"","fileTypesAndContributionMap":{"functional-code":{"insertions":17,"deletions":0}}},{"hash":"6cdd37caec3fbf3bd8950c99873dc0a8d8ae4428","messageTitle":"Remove John Doe from AboutUs","messageBody":"","fileTypesAndContributionMap":{"docs":{"insertions":5,"deletions":6}}},{"hash":"878608cf14a51742955d4b5f894b0bb640a5195a","messageTitle":"Fix code style","messageBody":"","fileTypesAndContributionMap":{"functional-code":{"insertions":7,"deletions":7}}},{"hash":"cac5c39b0af2b00fb6a5e00ce2d77b629c747913","messageTitle":"Another fix code style","messageBody":"","fileTypesAndContributionMap":{"functional-code":{"insertions":5,"deletions":5}}}]},{"date":"2022-10-09","commitResults":[{"hash":"c1a7b50b5fbcc591b54d100e59afcd9a8038c2a6","messageTitle":"Fix some bugs with adding food and exercise","messageBody":"","fileTypesAndContributionMap":{"functional-code":{"insertions":7,"deletions":6}}},{"hash":"620c2b719e868051322e91ccf511adf159874934","messageTitle":"Fix bug in Parser","messageBody":"","fileTypesAndContributionMap":{"functional-code":{"insertions":1,"deletions":1}}},{"hash":"12dcc4d7a02098621a4c1588b271f7a4efb84dc5","messageTitle":"Create package for biometrics","messageBody":"","fileTypesAndContributionMap":{"other":{"insertions":1,"deletions":1}}},{"hash":"c56157dfe1a20d000a4c464ad6aa2536456d87c7","messageTitle":"Add Parser Tests","messageBody":"","fileTypesAndContributionMap":{"test-code":{"insertions":26,"deletions":0}}},{"hash":"b2a4cc31195deb70ed21412ed79c8ebbbd429b1a","messageTitle":"Add InvalidCommand","messageBody":"","fileTypesAndContributionMap":{"functional-code":{"insertions":22,"deletions":10}}},{"hash":"cee79c56bfc3621e8a8ecee7005fe22a3411a581","messageTitle":"Add more Parser Tests","messageBody":"","fileTypesAndContributionMap":{"test-code":{"insertions":13,"deletions":1}}}]},{"date":"2022-10-10","commitResults":[{"hash":"061704f3ab66c6454cd7087f5f4bb04d57f783cf","messageTitle":"Move setters for biometrics from setcommand to biometric class","messageBody":"","fileTypesAndContributionMap":{"functional-code":{"insertions":78,"deletions":37},"test-code":{"insertions":1,"deletions":1}}},{"hash":"65b64f7224065e0cfedcacfb33865b2a3dd995a5","messageTitle":"change Parser separator to \u0027/\u0027","messageBody":"","fileTypesAndContributionMap":{"functional-code":{"insertions":1,"deletions":2}}},{"hash":"8f90995c83fe3024074a17c4b1baf76757aa6866","messageTitle":"Fix some bugs in setcommand","messageBody":"","fileTypesAndContributionMap":{"functional-code":{"insertions":47,"deletions":41},"test-code":{"insertions":6,"deletions":3}}},{"hash":"a4f8b89c767985113c0891c3cab19e6cbdafe833","messageTitle":"Add logging and assertions","messageBody":"","fileTypesAndContributionMap":{"functional-code":{"insertions":16,"deletions":0}}},{"hash":"eecbed43a0015f548bf72f041535e8fe0d59186a","messageTitle":"Fix code style","messageBody":"","fileTypesAndContributionMap":{"functional-code":{"insertions":1,"deletions":1},"test-code":{"insertions":6,"deletions":6}}}]},{"date":"2022-10-11","commitResults":[{"hash":"3c2f02843229af7c6e67fcf49d2cb26155fdb6cd","messageTitle":"Fix gradle check fail tests","messageBody":"","fileTypesAndContributionMap":{"functional-code":{"insertions":1,"deletions":1},"test-code":{"insertions":21,"deletions":21}}}]},{"date":"2022-10-14","commitResults":[{"hash":"ddea68591a1f84e22801668b728c992078f151e6","messageTitle":"Change welcome logo","messageBody":"","fileTypesAndContributionMap":{"functional-code":{"insertions":6,"deletions":5},"other":{"insertions":1,"deletions":0}}}]},{"date":"2022-10-15","commitResults":[{"hash":"5b0e45a742ff898a46a404cb7066dec8671da68a","messageTitle":"Add auto save and load capability","messageBody":"","fileTypesAndContributionMap":{"functional-code":{"insertions":315,"deletions":13},"test-code":{"insertions":17,"deletions":9}}}]},{"date":"2022-10-16","commitResults":[{"hash":"0ea5ce5be68267f521feefd64954e631d2494253","messageTitle":"Fix welcome logo","messageBody":"","fileTypesAndContributionMap":{"functional-code":{"insertions":4,"deletions":4}}},{"hash":"08456f107dafaa27aa77e1cd170c2b06a5a54f58","messageTitle":"Refactor some biometrics","messageBody":"","fileTypesAndContributionMap":{"functional-code":{"insertions":54,"deletions":53}}},{"hash":"6df02cadc5a1e5e8aed3752ede25e19b9b0e5ab9","messageTitle":"Add display output condition for add and set commands","messageBody":"","fileTypesAndContributionMap":{"functional-code":{"insertions":21,"deletions":11}}},{"hash":"76050b4cd386bb746881a4eaff4cc052c390e8bd","messageTitle":"Add weight and fat class and list","messageBody":"","fileTypesAndContributionMap":{"functional-code":{"insertions":152,"deletions":31},"test-code":{"insertions":1,"deletions":1}}},{"hash":"fcb293be48d08591f04f64de36173ecebf2640bc","messageTitle":"add tests for biometrics","messageBody":"","fileTypesAndContributionMap":{"test-code":{"insertions":63,"deletions":0}}}]},{"date":"2022-10-18","commitResults":[{"hash":"82ed2190a49af976a7bf02268591676480629006","messageTitle":"Update Developer guide for biometrics","messageBody":"","fileTypesAndContributionMap":{"docs":{"insertions":83,"deletions":7}}}]},{"date":"2022-10-23","commitResults":[{"hash":"18c311f8127acab42a71cf8056f424714c6b7091","messageTitle":"Update user guide for biomtrcs","messageBody":"","fileTypesAndContributionMap":{"docs":{"insertions":27,"deletions":12}}},{"hash":"46e4e7a844a84d197366b13f5727a9dc65b3282e","messageTitle":"Add Sequence diagram in developer guide for add command and add weight fat","messageBody":"","fileTypesAndContributionMap":{"docs":{"insertions":67,"deletions":1}}},{"hash":"bc6c3ba7ca560858dbaaf3c7d512afda6841256b","messageTitle":"Add remove weight","messageBody":"","fileTypesAndContributionMap":{"functional-code":{"insertions":39,"deletions":20},"test-code":{"insertions":2,"deletions":2}}}]},{"date":"2022-10-24","commitResults":[{"hash":"726aecd32b11133c1db4f34c8b1bae7555a3bcd6","messageTitle":"Add table view for weight","messageBody":"","fileTypesAndContributionMap":{"functional-code":{"insertions":46,"deletions":3}}},{"hash":"be27318a8d561d8c66a2cd8e6e55714374d5e687","messageTitle":"Add date support for weight fat records","messageBody":"","fileTypesAndContributionMap":{"functional-code":{"insertions":45,"deletions":8}}},{"hash":"547f9cda69f808933349ca9e1da1ec1f96a38608","messageTitle":"Add more tests for addcommand and weight fat","messageBody":"","fileTypesAndContributionMap":{"functional-code":{"insertions":4,"deletions":6},"test-code":{"insertions":54,"deletions":5}}}]}],"gaoyunfan":[{"date":"2022-09-28","commitResults":[{"hash":"287d906e1ecaafc8dd9f88fa4bb679c1293f9557","messageTitle":"Add name","messageBody":"","fileTypesAndContributionMap":{"docs":{"insertions":7,"deletions":7}}}]},{"date":"2022-10-04","commitResults":[{"hash":"cc9214a238d7738d96cd545d7330592aa7e2af51","messageTitle":"Add Biometrics","messageBody":"","fileTypesAndContributionMap":{"functional-code":{"insertions":55,"deletions":0}}},{"hash":"5f92e620065715587eb524a776333637a00466d9","messageTitle":"Add Parser","messageBody":"","fileTypesAndContributionMap":{"functional-code":{"insertions":76,"deletions":0}}},{"hash":"43c44bb44c8a050633249f6bbb1d0c0e34ac997e","messageTitle":"Add Ui","messageBody":"","fileTypesAndContributionMap":{"functional-code":{"insertions":25,"deletions":3}}},{"hash":"4a76534f95f05e6264342453a3d06e4470f4d643","messageTitle":"Add Duke Exception and IllegalValueException","messageBody":"","fileTypesAndContributionMap":{"functional-code":{"insertions":14,"deletions":0}}},{"hash":"e86dd92bcda964e9153673b6928bb4a9beda85c4","messageTitle":"Add ParserTest","messageBody":"","fileTypesAndContributionMap":{"test-code":{"insertions":41,"deletions":0}}},{"hash":"eb2fa5f51941b9b8c6b37505ab390670ead5c5c8","messageTitle":"Fix code style","messageBody":"","fileTypesAndContributionMap":{"functional-code":{"insertions":27,"deletions":27}}},{"hash":"2f96d988a16042787caa698d6ea12a0c77a3f65f","messageTitle":"Remove SetCommandTest","messageBody":"","fileTypesAndContributionMap":{"test-code":{"insertions":0,"deletions":54}}}]},{"date":"2022-10-05","commitResults":[{"hash":"6b4addf1d2306d8a974b2e44fa7a5a3853db9c16","messageTitle":"Add SetCommandTest","messageBody":"","fileTypesAndContributionMap":{"test-code":{"insertions":54,"deletions":0}}},{"hash":"138267b2f0778bb9e39283b9715f2c52a5e8a9f9","messageTitle":"Update SetCommandTest","messageBody":"","fileTypesAndContributionMap":{"test-code":{"insertions":36,"deletions":13}}}]},{"date":"2022-10-09","commitResults":[{"hash":"c5a06194a2f90558825620af651d1db44902a508","messageTitle":"Add mark command","messageBody":"","fileTypesAndContributionMap":{"functional-code":{"insertions":61,"deletions":0}}},{"hash":"b3bf8d0b343bc8d0ced151d94741d62810189e74","messageTitle":"Add ExerciseList Command","messageBody":"","fileTypesAndContributionMap":{"functional-code":{"insertions":242,"deletions":90},"test-code":{"insertions":3,"deletions":3}}}]},{"date":"2022-10-10","commitResults":[{"hash":"d1b2cb181ef2ce134533a35da74332fbd14fc29e","messageTitle":"Add exercise package","messageBody":"","fileTypesAndContributionMap":{"functional-code":{"insertions":85,"deletions":62},"other":{"insertions":1,"deletions":1}}},{"hash":"4fb99d296837856b34c6c632d0a2e034baf67b28","messageTitle":"Add markCommandTest","messageBody":"","fileTypesAndContributionMap":{"test-code":{"insertions":186,"deletions":0}}},{"hash":"61d6057d2cc6991eefce2be94fd1dd3aad53a932","messageTitle":"Add exerciseListTest","messageBody":"","fileTypesAndContributionMap":{"test-code":{"insertions":75,"deletions":0}}},{"hash":"813b2d21e0f030aca0a0cc523f5fe66eee4ebab7","messageTitle":"Update exception handling for classes","messageBody":"","fileTypesAndContributionMap":{"functional-code":{"insertions":18,"deletions":14},"test-code":{"insertions":21,"deletions":14}}},{"hash":"30e97f6ccb98fdab8ab28d18b017726e65fc250c","messageTitle":"Modify exercise task status display","messageBody":"","fileTypesAndContributionMap":{"functional-code":{"insertions":5,"deletions":2}}},{"hash":"06a1289a7105f55d77749d38eeb18d73a9089f33","messageTitle":"Fix coding style","messageBody":"","fileTypesAndContributionMap":{"functional-code":{"insertions":12,"deletions":3},"test-code":{"insertions":31,"deletions":13}}}]},{"date":"2022-10-11","commitResults":[{"hash":"ee5f4c627ebfda34f758a123918069e9a69ca6ed","messageTitle":"Fix ExerciseListTest","messageBody":"","fileTypesAndContributionMap":{"functional-code":{"insertions":2,"deletions":1},"test-code":{"insertions":3,"deletions":3}}},{"hash":"4fe67f02befc7d0de0e9c18bbec4fac2e2d5a8a3","messageTitle":"Add assertions for MarkCommand","messageBody":"","fileTypesAndContributionMap":{"functional-code":{"insertions":3,"deletions":1}}}]},{"date":"2022-10-17","commitResults":[{"hash":"40766bb915b8e68060a7e3e8937b58d9acee603b","messageTitle":"Add strength exercise class","messageBody":"","fileTypesAndContributionMap":{"functional-code":{"insertions":142,"deletions":74}}},{"hash":"35222e0c1fb9c02f3c28d6e3f0a475bf09daf59d","messageTitle":"Add findCommand","messageBody":"","fileTypesAndContributionMap":{"functional-code":{"insertions":143,"deletions":72}}},{"hash":"0c392df3df937e712db0d22fa05165e9f952a047","messageTitle":"Improve code quality","messageBody":"","fileTypesAndContributionMap":{"functional-code":{"insertions":14,"deletions":5}}},{"hash":"59b42aefbafa8f8c0d9008abbd6d0f4a39a5a95c","messageTitle":"Add save for strength exercise","messageBody":"","fileTypesAndContributionMap":{"functional-code":{"insertions":44,"deletions":15}}},{"hash":"3fe0e69ed9a35a2390f7e5f826e490b5f9e4b712","messageTitle":"Update MarkCommandTest and ExerciseListTest","messageBody":"","fileTypesAndContributionMap":{"test-code":{"insertions":6,"deletions":6}}}]},{"date":"2022-10-18","commitResults":[{"hash":"acd2cb621b0226b07bd5340de383062de8f5a9af","messageTitle":"Update ExerciseList","messageBody":"","fileTypesAndContributionMap":{"functional-code":{"insertions":2,"deletions":2}}},{"hash":"98efc91fc35bdac952ce801bcfbd3acd779aae82","messageTitle":"Add StrengthExercise uml","messageBody":"","fileTypesAndContributionMap":{"docs":{"insertions":122,"deletions":8}}}]},{"date":"2022-10-19","commitResults":[{"hash":"ca5ea90f6d37a0e65d1a1f3c7091248b7e88e261","messageTitle":"Modify removeCommand for exercise","messageBody":"","fileTypesAndContributionMap":{"functional-code":{"insertions":28,"deletions":59}}},{"hash":"556b00c75afed09fe7aec613dd22327ac0d48a72","messageTitle":"Modify view exercise for cardioExercise","messageBody":"","fileTypesAndContributionMap":{"functional-code":{"insertions":27,"deletions":12}}},{"hash":"1fc08962ba255f6c016cdf28e4971c205d3ca78c","messageTitle":"Add TrackNFitLogger","messageBody":"","fileTypesAndContributionMap":{"functional-code":{"insertions":50,"deletions":1}}}]},{"date":"2022-10-20","commitResults":[{"hash":"cb1a847c942adae19bdcf868ced4ed28da3c1b17","messageTitle":"Update code for checkstyle","messageBody":"","fileTypesAndContributionMap":{"functional-code":{"insertions":4,"deletions":2}}}]},{"date":"2022-10-24","commitResults":[{"hash":"18e70618e1f877af7f94e938bfba305497be09c2","messageTitle":"Add CaloriesCalculator","messageBody":"","fileTypesAndContributionMap":{"functional-code":{"insertions":13,"deletions":0}}},{"hash":"989edc7e3379d93b74f2d9230dae9c5900c4a7b7","messageTitle":"Add weight to strength exercise","messageBody":"","fileTypesAndContributionMap":{"functional-code":{"insertions":26,"deletions":11}}},{"hash":"38f1608b8a76ceb13a9403da2456d3daa73f86b1","messageTitle":"Update code for calories calculator","messageBody":"","fileTypesAndContributionMap":{"functional-code":{"insertions":127,"deletions":69}}},{"hash":"0d2f28cb68706d26a9bc57403d5ad72b5d7325b5","messageTitle":"Fix error due to adding weight and calories calculator","messageBody":"","fileTypesAndContributionMap":{"functional-code":{"insertions":31,"deletions":31}}}]},{"date":"2022-10-25","commitResults":[{"hash":"6db6e645541521c0adbd21f374c36f19ff2ed707","messageTitle":"Update coding standard","messageBody":"","fileTypesAndContributionMap":{"functional-code":{"insertions":3,"deletions":2}}},{"hash":"007310d5e0c8e66af4b852d11a970d3bf39cc4ee","messageTitle":"Fix column spacing for viewing","messageBody":"","fileTypesAndContributionMap":{"functional-code":{"insertions":9,"deletions":9}}},{"hash":"e7b3c53b66cd315c7b3a1e039ee6b15793f8ed2f","messageTitle":"Add validation for input parameters for exercises","messageBody":"","fileTypesAndContributionMap":{"functional-code":{"insertions":76,"deletions":12}}},{"hash":"8328764ebe97add5ce519a08f62680db71a382e8","messageTitle":"Merged ExerciseCaloriesCalculator to calculator","messageBody":"","fileTypesAndContributionMap":{"functional-code":{"insertions":0,"deletions":14}}},{"hash":"d485c886a84a88d795148b29a1b1f5701b9f5b69","messageTitle":"Fix date validation for loading from storage","messageBody":"","fileTypesAndContributionMap":{"functional-code":{"insertions":20,"deletions":15}}},{"hash":"f41f318612298981b7c7a024ae80a1a44f63a85c","messageTitle":"Update sortDate in exerciseList","messageBody":"","fileTypesAndContributionMap":{"functional-code":{"insertions":1,"deletions":1}}},{"hash":"ca709f3b7c73bc9fbc401c118b0c944a1001cfa3","messageTitle":"Update coding standard and expected.txt","messageBody":"","fileTypesAndContributionMap":{"functional-code":{"insertions":6,"deletions":3}}},{"hash":"6f7fbc7d2ae7fee559c8585d7a791a5113842d11","messageTitle":"Update MarkCommandTest","messageBody":"","fileTypesAndContributionMap":{"test-code":{"insertions":8,"deletions":11}}}]}],"junhaoliu2468":[{"date":"2022-09-28","commitResults":[{"hash":"3e196a8e08200e68bd3750ac1c17562ceff33073","messageTitle":"name","messageBody":"","fileTypesAndContributionMap":{"docs":{"insertions":5,"deletions":5}}}]},{"date":"2022-10-08","commitResults":[{"hash":"af49d4d4ee4da4cb09322493d77430101d5bc940","messageTitle":"Add and view exercise","messageBody":"","fileTypesAndContributionMap":{"functional-code":{"insertions":111,"deletions":13},"other":{"insertions":3,"deletions":3}}},{"hash":"1419100c401d2730ba525baf9f621d476cfc3eaf","messageTitle":"fixed some bugs and errors","messageBody":"","fileTypesAndContributionMap":{"functional-code":{"insertions":16,"deletions":16}}}]},{"date":"2022-10-11","commitResults":[{"hash":"9727e159886725be47c799a0543dad72791cbe71","messageTitle":"Added remove exercise function","messageBody":"","fileTypesAndContributionMap":{"functional-code":{"insertions":47,"deletions":11}}}]},{"date":"2022-10-12","commitResults":[{"hash":"1ad44af443e54beaa5c19298296df0dfb499a223","messageTitle":"remove exercise added","messageBody":"","fileTypesAndContributionMap":{"functional-code":{"insertions":5,"deletions":12}}},{"hash":"500431911693dd3f242a8b74999e1ceb5932b529","messageTitle":"checkstyle fix","messageBody":"","fileTypesAndContributionMap":{"functional-code":{"insertions":22,"deletions":9}}},{"hash":"1d4564429ce5f090a387ee8c3d7a084de2297e6d","messageTitle":"more fixes","messageBody":"","fileTypesAndContributionMap":{"functional-code":{"insertions":1,"deletions":1}}},{"hash":"d510957d28493d3b8ffda4d8d98100ecc1dca033","messageTitle":"final fix","messageBody":"","fileTypesAndContributionMap":{"functional-code":{"insertions":1,"deletions":1}}},{"hash":"6fa2c552fff07765c9130ce88ef4fedf58813538","messageTitle":"exercise index out of bounds fix","messageBody":"","fileTypesAndContributionMap":{"functional-code":{"insertions":4,"deletions":0}}},{"hash":"bb967cb882261f7fb70e7efc5d11e8096bde7a17","messageTitle":"catch NumberFormatException","messageBody":"","fileTypesAndContributionMap":{"functional-code":{"insertions":2,"deletions":2}}}]},{"date":"2022-10-18","commitResults":[{"hash":"30f52b010b9fb1551ab0d30e6ffd2b103145e542","messageTitle":"split into cardio and added find cardio function","messageBody":"","fileTypesAndContributionMap":{"functional-code":{"insertions":116,"deletions":3}}}]},{"date":"2022-10-19","commitResults":[{"hash":"c70293a8dea78553b6888747ccdd42ce285f9889","messageTitle":"added CardioExercise","messageBody":"","fileTypesAndContributionMap":{"docs":{"insertions":28,"deletions":19}}}]},{"date":"2022-10-23","commitResults":[{"hash":"a297886de48fa55fb7468c2ba019195e26fea65f","messageTitle":"date and time + calculator","messageBody":"","fileTypesAndContributionMap":{"functional-code":{"insertions":290,"deletions":17}}}]},{"date":"2022-10-24","commitResults":[{"hash":"f535614d128ccd14afca85217b65f25a9a882252","messageTitle":"some fixes","messageBody":"","fileTypesAndContributionMap":{"functional-code":{"insertions":2,"deletions":2}}},{"hash":"0312087814bdc583af366c10b3b157d2fb1173c4","messageTitle":"small bug fix","messageBody":"","fileTypesAndContributionMap":{"functional-code":{"insertions":1,"deletions":1}}}]}]},"authorFileTypeContributionMap":{"NayChi-7":{"docs":287,"functional-code":804,"test-code":150},"maanyos":{"docs":168,"functional-code":704,"test-code":168,"other":1},"gaoyunfan":{"docs":109,"functional-code":907,"test-code":331},"junhaoliu2468":{"docs":18,"functional-code":457,"test-code":0}},"authorContributionVariance":{"NayChi-7":28465.818,"maanyos":9379.222,"gaoyunfan":20852.787,"junhaoliu2468":3229.4744},"authorDisplayNameMap":{"NayChi-7":"CS2113-W12-3 NAY ..AING","maanyos":"CS2113-W12-3 ZHOU..IWEN","gaoyunfan":"CS2113-W12-3 GAO .. FAN","junhaoliu2468":"CS2113-W12-3 LIU ..NHAO"}}
