{"authorDailyContributionsMap":{"NayChi-7":[{"date":"2022-09-28","commitResults":[{"hash":"da29a845ec6c0ac6639a84e459c31522e7422e90","messageTitle":"updated about myself","messageBody":"","fileTypesAndContributionMap":{"docs":{"insertions":5,"deletions":5}}}]},{"date":"2022-10-07","commitResults":[{"hash":"e9ee62cd6881ca0f67a41a503bc367d381725de1","messageTitle":"add and view food","messageBody":"","fileTypesAndContributionMap":{"functional-code":{"insertions":98,"deletions":0}}},{"hash":"8e53b6fa6015ef097b2fb7b2ce39768e377822c6","messageTitle":"Changes to comply coding standard","messageBody":"","fileTypesAndContributionMap":{"functional-code":{"insertions":6,"deletions":6}}}]},{"date":"2022-10-11","commitResults":[{"hash":"4c9066e823f0e04f34ba16236fb651fa1dac49aa","messageTitle":"Refactoring add command and adding remove food","messageBody":"","fileTypesAndContributionMap":{"functional-code":{"insertions":164,"deletions":117},"other":{"insertions":1,"deletions":1}}},{"hash":"e14eb7d002b20dbf9cbe43e592e8749fe41e692a","messageTitle":"Remove food","messageBody":"","fileTypesAndContributionMap":{"functional-code":{"insertions":3,"deletions":10}}},{"hash":"33c9f25d793dda112955fd4b5720e0b76327a539","messageTitle":"coding standard","messageBody":"","fileTypesAndContributionMap":{"functional-code":{"insertions":12,"deletions":1}}},{"hash":"ec9625a1acb18c676530797a0e64364129682f0e","messageTitle":"FoodList refactored","messageBody":"","fileTypesAndContributionMap":{"functional-code":{"insertions":104,"deletions":35},"test-code":{"insertions":16,"deletions":8}}},{"hash":"c973329f5eed0655ad06e4b347ac9eb7036c8871","messageTitle":"Create AddCommandTest.java","messageBody":"","fileTypesAndContributionMap":{"test-code":{"insertions":49,"deletions":0}}},{"hash":"7002246ce4e81da9f462278aca3424bea3b251ef","messageTitle":"Remove Command test","messageBody":"","fileTypesAndContributionMap":{"functional-code":{"insertions":7,"deletions":14},"test-code":{"insertions":60,"deletions":0}}},{"hash":"caf74072505c6587775ffec95e561d0bcfb4de97","messageTitle":"checkstyle","messageBody":"","fileTypesAndContributionMap":{"functional-code":{"insertions":5,"deletions":6},"test-code":{"insertions":1,"deletions":1}}},{"hash":"41d21ab3f95e07449e055eb3b0507e83112d0814","messageTitle":"checkstyle2","messageBody":"","fileTypesAndContributionMap":{"test-code":{"insertions":5,"deletions":4}}}]},{"date":"2022-10-12","commitResults":[{"hash":"36efa2e808fa6157107826ec97f56d890c266bc1","messageTitle":"Added assertions","messageBody":"","fileTypesAndContributionMap":{"functional-code":{"insertions":7,"deletions":3}}},{"hash":"b27f3fbd767366029c58751cfd94e5fed0549ae9","messageTitle":"checkstyle","messageBody":"","fileTypesAndContributionMap":{"functional-code":{"insertions":1,"deletions":1}}}]},{"date":"2022-10-18","commitResults":[{"hash":"4907ca68f7157b7145546875407be6381ef1aacc","messageTitle":"find and save food","messageBody":"","fileTypesAndContributionMap":{"functional-code":{"insertions":34,"deletions":6}}},{"hash":"7eab8d68eeb1e95af74e031db834a1d5ab14f43c","messageTitle":"checkstyle","messageBody":"","fileTypesAndContributionMap":{"functional-code":{"insertions":1,"deletions":1}}},{"hash":"05cadf602d654c1faaf1616a951e8c6f6e050b71","messageTitle":"Added food component to dg","messageBody":"","fileTypesAndContributionMap":{"functional-code":{"insertions":2,"deletions":2},"docs":{"insertions":97,"deletions":10}}}]},{"date":"2022-10-23","commitResults":[{"hash":"6dacdc54577aa17fbfab352cd8982210956820a5","messageTitle":"View food in table format","messageBody":"","fileTypesAndContributionMap":{"functional-code":{"insertions":61,"deletions":12}}},{"hash":"c5eb91f487c489704aa63d1d904e129860bdd738","messageTitle":"invalid view food command handled","messageBody":"","fileTypesAndContributionMap":{"functional-code":{"insertions":2,"deletions":2}}},{"hash":"d48444949fd0ced40c21da979b2c7a0b7f7041fe","messageTitle":"Added usage of food commands to user guide","messageBody":"","fileTypesAndContributionMap":{"docs":{"insertions":92,"deletions":0}}}]},{"date":"2022-10-24","commitResults":[{"hash":"c969b6d2a63d51fa072a0616a610db59f6667f01","messageTitle":"Sort food by date","messageBody":"","fileTypesAndContributionMap":{"functional-code":{"insertions":73,"deletions":15}}},{"hash":"eb4c93cc33b3e8218d5a669ebe07c2eaaa20be51","messageTitle":"Revert \"Sort food by date\"","messageBody":"This reverts commit c969b6d2a63d51fa072a0616a610db59f6667f01.\n","fileTypesAndContributionMap":{"functional-code":{"insertions":15,"deletions":73}}},{"hash":"6de101205110761e4c8f26d2bab5e721619960f7","messageTitle":"Sorting food by date","messageBody":"","fileTypesAndContributionMap":{"functional-code":{"insertions":73,"deletions":15}}},{"hash":"f9bc605f411122008f8636800a85764d75ba5265","messageTitle":"checkstyle","messageBody":"","fileTypesAndContributionMap":{"functional-code":{"insertions":2,"deletions":2}}}]},{"date":"2022-10-25","commitResults":[{"hash":"74a6905e9e7492c79809ebc15ea1b961c5cf968c","messageTitle":"Implemented view all","messageBody":"","fileTypesAndContributionMap":{"functional-code":{"insertions":383,"deletions":119},"other":{"insertions":29,"deletions":39},"test-code":{"insertions":21,"deletions":22}}},{"hash":"729c16449bbb4b070c1ab94d780618763f93837c","messageTitle":"aligning table space","messageBody":"","fileTypesAndContributionMap":{"functional-code":{"insertions":40,"deletions":18}}},{"hash":"fbd8d7a691f12202c66b92ed3de12a0170f3f557","messageTitle":"checkstyle fixes","messageBody":"","fileTypesAndContributionMap":{"functional-code":{"insertions":8,"deletions":8},"test-code":{"insertions":22,"deletions":11}}},{"hash":"f107482a005158ebba87e41649fdbb7d38e9d637","messageTitle":"checkstyle fixes","messageBody":"","fileTypesAndContributionMap":{"functional-code":{"insertions":3,"deletions":1}}},{"hash":"f9dc2c5a09496264e9ce102377bcbdd47df43b79","messageTitle":"Fixed add exercise command and view all","messageBody":"","fileTypesAndContributionMap":{"functional-code":{"insertions":12,"deletions":10}}},{"hash":"1c6c4575e93cd8b7c3d47317a06822e8d34ac06f","messageTitle":"Added sequence diagrams","messageBody":"","fileTypesAndContributionMap":{"functional-code":{"insertions":1,"deletions":1},"docs":{"insertions":106,"deletions":0}}},{"hash":"831ad8e004bc056ede2be9dabce94cba3dfb5839","messageTitle":"update help command","messageBody":"","fileTypesAndContributionMap":{"functional-code":{"insertions":1,"deletions":2}}},{"hash":"151aae02049276380e42f9c3df146b91b749ed90","messageTitle":"User Guide updated","messageBody":"","fileTypesAndContributionMap":{"functional-code":{"insertions":37,"deletions":0},"docs":{"insertions":121,"deletions":29}}},{"hash":"f3e4ede11bf634096e4f73b90bc4b903a918a872","messageTitle":"checkstyle fixes","messageBody":"","fileTypesAndContributionMap":{"functional-code":{"insertions":6,"deletions":6}}}]},{"date":"2022-11-01","commitResults":[{"hash":"9e3e20a4e53b3a998114848d11b984688a6f0430","messageTitle":"PPP drafted","messageBody":"","fileTypesAndContributionMap":{"docs":{"insertions":47,"deletions":0}}},{"hash":"b02d6218ce2f844fd8b936c0879fd631b6b72154","messageTitle":"Fixes some ped bugs","messageBody":"","fileTypesAndContributionMap":{"functional-code":{"insertions":20,"deletions":13},"docs":{"insertions":1,"deletions":1}}},{"hash":"f86b5a0b747e9d7f2f91328f6ec454fb8e6106e8","messageTitle":"checkstyle","messageBody":"","fileTypesAndContributionMap":{"functional-code":{"insertions":1,"deletions":1}}},{"hash":"bff2eb8418c6e38a24d8c55fe7325f1f9de11916","messageTitle":"Add food command related to date fixed","messageBody":"","fileTypesAndContributionMap":{"functional-code":{"insertions":3,"deletions":3}}}]},{"date":"2022-11-06","commitResults":[{"hash":"569ad64891711d7488d717a47ba8563cf7b00c00","messageTitle":"Bug fixes for food","messageBody":"","fileTypesAndContributionMap":{"functional-code":{"insertions":3,"deletions":3}}},{"hash":"099dd39e15ad42086073513a8c93df75e6d5ae23","messageTitle":"added valid food command test","messageBody":"","fileTypesAndContributionMap":{"test-code":{"insertions":13,"deletions":0}}},{"hash":"65ed4644edebad7484affc8537310d57e3858a4b","messageTitle":"Updated Food portion in user guide","messageBody":"","fileTypesAndContributionMap":{"docs":{"insertions":46,"deletions":64}}},{"hash":"be2a4287f14d3b6afa966b8368594acba018df54","messageTitle":"general intro","messageBody":"","fileTypesAndContributionMap":{"docs":{"insertions":2,"deletions":1}}},{"hash":"e605fac4cc08fd0843d3a35da4212380dff88a95","messageTitle":"Remove find date_f function","messageBody":"","fileTypesAndContributionMap":{"functional-code":{"insertions":1,"deletions":18},"docs":{"insertions":0,"deletions":27}}}]},{"date":"2022-11-07","commitResults":[{"hash":"35d65468a550a52306cdd78f429a74efdc55a170","messageTitle":"table abstracted for drawing tables","messageBody":"","fileTypesAndContributionMap":{"functional-code":{"insertions":386,"deletions":200}}},{"hash":"db1b6e2953c868d74f55c94d9ca937c225cb48f6","messageTitle":"checkstyle fixes","messageBody":"","fileTypesAndContributionMap":{"functional-code":{"insertions":32,"deletions":42}}},{"hash":"a472267dabf5187f99e47321368a9f7ef77cde6c","messageTitle":"another fix","messageBody":"","fileTypesAndContributionMap":{"functional-code":{"insertions":1,"deletions":1}}},{"hash":"48d8419c4eb0da39ff74c5c672c126450f68cb4a","messageTitle":"more checksytle identation","messageBody":"","fileTypesAndContributionMap":{"functional-code":{"insertions":11,"deletions":12}}},{"hash":"afe2a39b462b6df773292bc03fd6378f3f2d96e5","messageTitle":"aboutme","messageBody":"","fileTypesAndContributionMap":{"docs":{"insertions":1,"deletions":1}}},{"hash":"089a35502f92223eed14a35699ca2a27ef9fed87","messageTitle":"find command message updated","messageBody":"","fileTypesAndContributionMap":{"functional-code":{"insertions":12,"deletions":5}}},{"hash":"97a4dca1bc018a3a8b6914414173bf0306680a27","messageTitle":"PUMLS","messageBody":"","fileTypesAndContributionMap":{"docs":{"insertions":81,"deletions":4}}},{"hash":"b4384a3ef6c427180ec93078f2831a65ba4a5a71","messageTitle":"Sequence diagrams","messageBody":"","fileTypesAndContributionMap":{"docs":{"insertions":41,"deletions":21}}},{"hash":"e02adf0e7f85a62a97c7cd43011754db078bd1e0","messageTitle":"no message","messageBody":"","fileTypesAndContributionMap":{"docs":{"insertions":50,"deletions":12}}},{"hash":"2e459482c76e0a1f6fd329950f68578ffce8eead","messageTitle":"Developer guide + code quality","messageBody":"","fileTypesAndContributionMap":{"functional-code":{"insertions":258,"deletions":46},"docs":{"insertions":44,"deletions":27}}},{"hash":"2279966c7102c134ae1f409384c6a995d09d162c","messageTitle":"checkstyle fixes","messageBody":"","fileTypesAndContributionMap":{"functional-code":{"insertions":13,"deletions":13}}},{"hash":"e769cbe0990dc07852483a5361908d56aa98ba47","messageTitle":"Remove outdated class diagrams","messageBody":"","fileTypesAndContributionMap":{"docs":{"insertions":0,"deletions":35}}},{"hash":"617006628ab739bd9f723da37c06c6d64412e60f","messageTitle":"Destroy a bit later","messageBody":"","fileTypesAndContributionMap":{"docs":{"insertions":6,"deletions":9}}},{"hash":"cc7320e5a9e3b0dc720f13af05bce57ea0a0c0ea","messageTitle":"Updated sequence diagrams","messageBody":"","fileTypesAndContributionMap":{"docs":{"insertions":32,"deletions":32}}},{"hash":"31e5fc0129708129648d3c9d5aed42caf3293a30","messageTitle":"Final changes","messageBody":"","fileTypesAndContributionMap":{"functional-code":{"insertions":4,"deletions":4}}},{"hash":"10ca2462667ee392d5e6d8c17fdec9d739f5a18f","messageTitle":"Disply msgs","messageBody":"","fileTypesAndContributionMap":{"functional-code":{"insertions":7,"deletions":3}}},{"hash":"e59da08dd2035d99f73ef6ceee84e1daf4b3890d","messageTitle":"User guide","messageBody":"","fileTypesAndContributionMap":{"docs":{"insertions":17,"deletions":4}}},{"hash":"65c12fb653b4bf31062413fb79041c306e23bdc0","messageTitle":"table msg","messageBody":"","fileTypesAndContributionMap":{"docs":{"insertions":1,"deletions":0}}},{"hash":"bf10365d5373bf6fc0d4a12a60216ff939a05cc9","messageTitle":"identation checkstyle","messageBody":"","fileTypesAndContributionMap":{"functional-code":{"insertions":1,"deletions":1}}},{"hash":"2d39c7009512073719abfc7effbb7ffa97751fad","messageTitle":"Manual testing","messageBody":"","fileTypesAndContributionMap":{"docs":{"insertions":73,"deletions":23}}},{"hash":"73114643618bd14e0317d4c08e027972a6a26ae7","messageTitle":"Merge conflict resolved","messageBody":"","fileTypesAndContributionMap":{"docs":{"insertions":0,"deletions":7}}},{"hash":"eed9a4653dff412c8df9998097c77a21c42eb2e5","messageTitle":"PPP","messageBody":"","fileTypesAndContributionMap":{"docs":{"insertions":3,"deletions":3}}},{"hash":"ffdcb3acc98584987f6014fa5d9eac5aee3688c5","messageTitle":"dg","messageBody":"","fileTypesAndContributionMap":{"docs":{"insertions":3,"deletions":6}}}]}],"maanyos":[{"date":"2022-09-28","commitResults":[{"hash":"810dff227f09f79c4b73d6e907cca8f2d81a57aa","messageTitle":"add name into AboutUs","messageBody":"","fileTypesAndContributionMap":{"docs":{"insertions":7,"deletions":7}}}]},{"date":"2022-10-03","commitResults":[{"hash":"603d2ed373e0225ae8ea24adb869ea4f44efdf04","messageTitle":"Add Ui","messageBody":"","fileTypesAndContributionMap":{"functional-code":{"insertions":38,"deletions":0}}},{"hash":"ec15953df352205de435f1257be830ae61ca8bab","messageTitle":"Add Parser","messageBody":"","fileTypesAndContributionMap":{"functional-code":{"insertions":24,"deletions":0}}},{"hash":"6362cfcc3f825030ddd497c37a8ccd851f7eea57","messageTitle":"Add Command package and class","messageBody":"","fileTypesAndContributionMap":{"functional-code":{"insertions":10,"deletions":0}}},{"hash":"1614724981e8302b2d0c97d88f1634b070687a0b","messageTitle":"Add ExitCommand","messageBody":"","fileTypesAndContributionMap":{"functional-code":{"insertions":26,"deletions":0}}},{"hash":"39822455405605e7f0067329bc3f6fea93a7da8f","messageTitle":"Add GreetCommand","messageBody":"","fileTypesAndContributionMap":{"functional-code":{"insertions":27,"deletions":10}}},{"hash":"12b4a46c437b591ecc53c29f1687c642560ce346","messageTitle":"Add HelpCommand","messageBody":"","fileTypesAndContributionMap":{"functional-code":{"insertions":17,"deletions":0}}},{"hash":"6cdd37caec3fbf3bd8950c99873dc0a8d8ae4428","messageTitle":"Remove John Doe from AboutUs","messageBody":"","fileTypesAndContributionMap":{"docs":{"insertions":5,"deletions":6}}},{"hash":"878608cf14a51742955d4b5f894b0bb640a5195a","messageTitle":"Fix code style","messageBody":"","fileTypesAndContributionMap":{"functional-code":{"insertions":7,"deletions":7}}},{"hash":"cac5c39b0af2b00fb6a5e00ce2d77b629c747913","messageTitle":"Another fix code style","messageBody":"","fileTypesAndContributionMap":{"functional-code":{"insertions":5,"deletions":5}}}]},{"date":"2022-10-09","commitResults":[{"hash":"c1a7b50b5fbcc591b54d100e59afcd9a8038c2a6","messageTitle":"Fix some bugs with adding food and exercise","messageBody":"","fileTypesAndContributionMap":{"functional-code":{"insertions":7,"deletions":6}}},{"hash":"620c2b719e868051322e91ccf511adf159874934","messageTitle":"Fix bug in Parser","messageBody":"","fileTypesAndContributionMap":{"functional-code":{"insertions":1,"deletions":1}}},{"hash":"12dcc4d7a02098621a4c1588b271f7a4efb84dc5","messageTitle":"Create package for biometrics","messageBody":"","fileTypesAndContributionMap":{"other":{"insertions":1,"deletions":1}}},{"hash":"c56157dfe1a20d000a4c464ad6aa2536456d87c7","messageTitle":"Add Parser Tests","messageBody":"","fileTypesAndContributionMap":{"test-code":{"insertions":26,"deletions":0}}},{"hash":"b2a4cc31195deb70ed21412ed79c8ebbbd429b1a","messageTitle":"Add InvalidCommand","messageBody":"","fileTypesAndContributionMap":{"functional-code":{"insertions":22,"deletions":10}}},{"hash":"cee79c56bfc3621e8a8ecee7005fe22a3411a581","messageTitle":"Add more Parser Tests","messageBody":"","fileTypesAndContributionMap":{"test-code":{"insertions":13,"deletions":1}}}]},{"date":"2022-10-10","commitResults":[{"hash":"061704f3ab66c6454cd7087f5f4bb04d57f783cf","messageTitle":"Move setters for biometrics from setcommand to biometric class","messageBody":"","fileTypesAndContributionMap":{"functional-code":{"insertions":78,"deletions":37},"test-code":{"insertions":1,"deletions":1}}},{"hash":"65b64f7224065e0cfedcacfb33865b2a3dd995a5","messageTitle":"change Parser separator to \u0027/\u0027","messageBody":"","fileTypesAndContributionMap":{"functional-code":{"insertions":1,"deletions":2}}},{"hash":"8f90995c83fe3024074a17c4b1baf76757aa6866","messageTitle":"Fix some bugs in setcommand","messageBody":"","fileTypesAndContributionMap":{"functional-code":{"insertions":47,"deletions":41},"test-code":{"insertions":6,"deletions":3}}},{"hash":"a4f8b89c767985113c0891c3cab19e6cbdafe833","messageTitle":"Add logging and assertions","messageBody":"","fileTypesAndContributionMap":{"functional-code":{"insertions":16,"deletions":0}}},{"hash":"eecbed43a0015f548bf72f041535e8fe0d59186a","messageTitle":"Fix code style","messageBody":"","fileTypesAndContributionMap":{"functional-code":{"insertions":1,"deletions":1},"test-code":{"insertions":6,"deletions":6}}}]},{"date":"2022-10-11","commitResults":[{"hash":"3c2f02843229af7c6e67fcf49d2cb26155fdb6cd","messageTitle":"Fix gradle check fail tests","messageBody":"","fileTypesAndContributionMap":{"functional-code":{"insertions":1,"deletions":1},"test-code":{"insertions":21,"deletions":21}}}]},{"date":"2022-10-14","commitResults":[{"hash":"ddea68591a1f84e22801668b728c992078f151e6","messageTitle":"Change welcome logo","messageBody":"","fileTypesAndContributionMap":{"functional-code":{"insertions":6,"deletions":5},"other":{"insertions":1,"deletions":0}}}]},{"date":"2022-10-15","commitResults":[{"hash":"5b0e45a742ff898a46a404cb7066dec8671da68a","messageTitle":"Add auto save and load capability","messageBody":"","fileTypesAndContributionMap":{"functional-code":{"insertions":315,"deletions":13},"test-code":{"insertions":17,"deletions":9}}}]},{"date":"2022-10-16","commitResults":[{"hash":"0ea5ce5be68267f521feefd64954e631d2494253","messageTitle":"Fix welcome logo","messageBody":"","fileTypesAndContributionMap":{"functional-code":{"insertions":4,"deletions":4}}},{"hash":"08456f107dafaa27aa77e1cd170c2b06a5a54f58","messageTitle":"Refactor some biometrics","messageBody":"","fileTypesAndContributionMap":{"functional-code":{"insertions":54,"deletions":53}}},{"hash":"6df02cadc5a1e5e8aed3752ede25e19b9b0e5ab9","messageTitle":"Add display output condition for add and set commands","messageBody":"","fileTypesAndContributionMap":{"functional-code":{"insertions":21,"deletions":11}}},{"hash":"76050b4cd386bb746881a4eaff4cc052c390e8bd","messageTitle":"Add weight and fat class and list","messageBody":"","fileTypesAndContributionMap":{"functional-code":{"insertions":152,"deletions":31},"test-code":{"insertions":1,"deletions":1}}},{"hash":"fcb293be48d08591f04f64de36173ecebf2640bc","messageTitle":"add tests for biometrics","messageBody":"","fileTypesAndContributionMap":{"test-code":{"insertions":63,"deletions":0}}}]},{"date":"2022-10-18","commitResults":[{"hash":"82ed2190a49af976a7bf02268591676480629006","messageTitle":"Update Developer guide for biometrics","messageBody":"","fileTypesAndContributionMap":{"docs":{"insertions":83,"deletions":7}}}]},{"date":"2022-10-23","commitResults":[{"hash":"18c311f8127acab42a71cf8056f424714c6b7091","messageTitle":"Update user guide for biomtrcs","messageBody":"","fileTypesAndContributionMap":{"docs":{"insertions":27,"deletions":12}}},{"hash":"46e4e7a844a84d197366b13f5727a9dc65b3282e","messageTitle":"Add Sequence diagram in developer guide for add command and add weight fat","messageBody":"","fileTypesAndContributionMap":{"docs":{"insertions":67,"deletions":1}}},{"hash":"bc6c3ba7ca560858dbaaf3c7d512afda6841256b","messageTitle":"Add remove weight","messageBody":"","fileTypesAndContributionMap":{"functional-code":{"insertions":39,"deletions":20},"test-code":{"insertions":2,"deletions":2}}}]},{"date":"2022-10-24","commitResults":[{"hash":"726aecd32b11133c1db4f34c8b1bae7555a3bcd6","messageTitle":"Add table view for weight","messageBody":"","fileTypesAndContributionMap":{"functional-code":{"insertions":46,"deletions":3}}},{"hash":"be27318a8d561d8c66a2cd8e6e55714374d5e687","messageTitle":"Add date support for weight fat records","messageBody":"","fileTypesAndContributionMap":{"functional-code":{"insertions":45,"deletions":8}}},{"hash":"547f9cda69f808933349ca9e1da1ec1f96a38608","messageTitle":"Add more tests for addcommand and weight fat","messageBody":"","fileTypesAndContributionMap":{"functional-code":{"insertions":4,"deletions":6},"test-code":{"insertions":54,"deletions":5}}}]},{"date":"2022-10-30","commitResults":[{"hash":"7243ca7e20b4283f8d8f9c0fc0eafbf43f036e36","messageTitle":"ppp for zhou","messageBody":"","fileTypesAndContributionMap":{"docs":{"insertions":34,"deletions":0}}}]},{"date":"2022-10-31","commitResults":[{"hash":"ed104bee0f1fe5207ee879d5d8e90f8e8dc2c871","messageTitle":"refactored date parser","messageBody":"","fileTypesAndContributionMap":{"functional-code":{"insertions":24,"deletions":11},"test-code":{"insertions":1,"deletions":1}}},{"hash":"a8048fb13f495c048e5cb123ccd84c4063466485","messageTitle":"remove magic numbers","messageBody":"","fileTypesAndContributionMap":{"functional-code":{"insertions":10,"deletions":6}}},{"hash":"476475beb6ee53166a68c1402a458d618849c8c3","messageTitle":"fixes #141","messageBody":"","fileTypesAndContributionMap":{"functional-code":{"insertions":1,"deletions":1}}},{"hash":"bba5624fbf1a3fd88d52bd25bb58e9989393c11d","messageTitle":"fixes #123","messageBody":"","fileTypesAndContributionMap":{"functional-code":{"insertions":2,"deletions":2}}},{"hash":"364bb30573152e2dcdb7177274f8196d15886ce4","messageTitle":"fixes #106","messageBody":"","fileTypesAndContributionMap":{"functional-code":{"insertions":5,"deletions":5},"docs":{"insertions":1,"deletions":1}}},{"hash":"0bf05ed714dd274d7885f5cf08ecf7550b1d63e9","messageTitle":"fixes #101","messageBody":"","fileTypesAndContributionMap":{"functional-code":{"insertions":2,"deletions":1}}},{"hash":"123e232da527f9ac6a0a34afcb1385836bbf9071","messageTitle":"fixes #95","messageBody":"","fileTypesAndContributionMap":{"functional-code":{"insertions":9,"deletions":3}}}]},{"date":"2022-11-02","commitResults":[{"hash":"8b91bdf89232dbcae5681fa8dbf30589032f30ea","messageTitle":"fixes #140","messageBody":"","fileTypesAndContributionMap":{"functional-code":{"insertions":11,"deletions":4}}},{"hash":"dc1bc86323946f22753a34ae488fa113c99a6813","messageTitle":"refoactors user guide","messageBody":"","fileTypesAndContributionMap":{"docs":{"insertions":261,"deletions":229}}},{"hash":"594d1f5bd84a6ce797dd54ea2f65c1af20987149","messageTitle":"refactored weight and fat out of biometrics","messageBody":"","fileTypesAndContributionMap":{"functional-code":{"insertions":71,"deletions":89},"test-code":{"insertions":16,"deletions":20}}}]},{"date":"2022-11-04","commitResults":[{"hash":"4c0e19637aa11bdf33a9d932ab558fe8c4e2472d","messageTitle":"update photo for zhou","messageBody":"","fileTypesAndContributionMap":{"docs":{"insertions":4,"deletions":4}}},{"hash":"b1b9d18bf62de6d9c4c0ab6246aac51fb624bab7","messageTitle":"update some guides","messageBody":"","fileTypesAndContributionMap":{"docs":{"insertions":58,"deletions":67}}}]},{"date":"2022-11-06","commitResults":[{"hash":"41351f6d8ec192027f47242256fafc783d4ba398","messageTitle":"bug fixes update guides a bit lazy to split the commits tbh","messageBody":"","fileTypesAndContributionMap":{"functional-code":{"insertions":18,"deletions":19},"docs":{"insertions":80,"deletions":77}}}]},{"date":"2022-11-07","commitResults":[{"hash":"161864fe289d5802e5f07ec71346e54682a0dcac","messageTitle":"update storge companent of developer guide","messageBody":"","fileTypesAndContributionMap":{"functional-code":{"insertions":10,"deletions":4},"other":{"insertions":121,"deletions":115},"docs":{"insertions":96,"deletions":2}}},{"hash":"d1dda840b8a1a47aa1aa6d38a5fd0307e2c57fe9","messageTitle":"more final changes update user guide and developer guide","messageBody":"","fileTypesAndContributionMap":{"docs":{"insertions":173,"deletions":13}}},{"hash":"10e9b3ba7d993c43078628f821e0dcce5974898c","messageTitle":"update developer guide","messageBody":"","fileTypesAndContributionMap":{"docs":{"insertions":99,"deletions":86}}},{"hash":"77218abd8ec7a6fd46dcfd8c8b0443576c6613ce","messageTitle":"add some documentatin","messageBody":"","fileTypesAndContributionMap":{"functional-code":{"insertions":39,"deletions":0}}},{"hash":"f88a446f6114bda92fbe4aaff8995f611068efbf","messageTitle":"fx typo in dg","messageBody":"","fileTypesAndContributionMap":{"docs":{"insertions":7,"deletions":9}}},{"hash":"afe2a832a5751aae33b7f5a8a7910184609594c1","messageTitle":"yowie wowie! fixes about us","messageBody":"","fileTypesAndContributionMap":{"docs":{"insertions":6,"deletions":6}}}]}],"gaoyunfan":[{"date":"2022-09-28","commitResults":[{"hash":"287d906e1ecaafc8dd9f88fa4bb679c1293f9557","messageTitle":"Add name","messageBody":"","fileTypesAndContributionMap":{"docs":{"insertions":7,"deletions":7}}}]},{"date":"2022-10-04","commitResults":[{"hash":"cc9214a238d7738d96cd545d7330592aa7e2af51","messageTitle":"Add Biometrics","messageBody":"","fileTypesAndContributionMap":{"functional-code":{"insertions":55,"deletions":0}}},{"hash":"5f92e620065715587eb524a776333637a00466d9","messageTitle":"Add Parser","messageBody":"","fileTypesAndContributionMap":{"functional-code":{"insertions":76,"deletions":0}}},{"hash":"43c44bb44c8a050633249f6bbb1d0c0e34ac997e","messageTitle":"Add Ui","messageBody":"","fileTypesAndContributionMap":{"functional-code":{"insertions":25,"deletions":3}}},{"hash":"4a76534f95f05e6264342453a3d06e4470f4d643","messageTitle":"Add Duke Exception and IllegalValueException","messageBody":"","fileTypesAndContributionMap":{"functional-code":{"insertions":14,"deletions":0}}},{"hash":"e86dd92bcda964e9153673b6928bb4a9beda85c4","messageTitle":"Add ParserTest","messageBody":"","fileTypesAndContributionMap":{"test-code":{"insertions":41,"deletions":0}}},{"hash":"eb2fa5f51941b9b8c6b37505ab390670ead5c5c8","messageTitle":"Fix code style","messageBody":"","fileTypesAndContributionMap":{"functional-code":{"insertions":27,"deletions":27}}},{"hash":"2f96d988a16042787caa698d6ea12a0c77a3f65f","messageTitle":"Remove SetCommandTest","messageBody":"","fileTypesAndContributionMap":{"test-code":{"insertions":0,"deletions":54}}}]},{"date":"2022-10-05","commitResults":[{"hash":"6b4addf1d2306d8a974b2e44fa7a5a3853db9c16","messageTitle":"Add SetCommandTest","messageBody":"","fileTypesAndContributionMap":{"test-code":{"insertions":54,"deletions":0}}},{"hash":"138267b2f0778bb9e39283b9715f2c52a5e8a9f9","messageTitle":"Update SetCommandTest","messageBody":"","fileTypesAndContributionMap":{"test-code":{"insertions":36,"deletions":13}}}]},{"date":"2022-10-09","commitResults":[{"hash":"c5a06194a2f90558825620af651d1db44902a508","messageTitle":"Add mark command","messageBody":"","fileTypesAndContributionMap":{"functional-code":{"insertions":61,"deletions":0}}},{"hash":"b3bf8d0b343bc8d0ced151d94741d62810189e74","messageTitle":"Add ExerciseList Command","messageBody":"","fileTypesAndContributionMap":{"functional-code":{"insertions":242,"deletions":90},"test-code":{"insertions":3,"deletions":3}}}]},{"date":"2022-10-10","commitResults":[{"hash":"d1b2cb181ef2ce134533a35da74332fbd14fc29e","messageTitle":"Add exercise package","messageBody":"","fileTypesAndContributionMap":{"functional-code":{"insertions":85,"deletions":62},"other":{"insertions":1,"deletions":1}}},{"hash":"4fb99d296837856b34c6c632d0a2e034baf67b28","messageTitle":"Add markCommandTest","messageBody":"","fileTypesAndContributionMap":{"test-code":{"insertions":186,"deletions":0}}},{"hash":"61d6057d2cc6991eefce2be94fd1dd3aad53a932","messageTitle":"Add exerciseListTest","messageBody":"","fileTypesAndContributionMap":{"test-code":{"insertions":75,"deletions":0}}},{"hash":"813b2d21e0f030aca0a0cc523f5fe66eee4ebab7","messageTitle":"Update exception handling for classes","messageBody":"","fileTypesAndContributionMap":{"functional-code":{"insertions":18,"deletions":14},"test-code":{"insertions":21,"deletions":14}}},{"hash":"30e97f6ccb98fdab8ab28d18b017726e65fc250c","messageTitle":"Modify exercise task status display","messageBody":"","fileTypesAndContributionMap":{"functional-code":{"insertions":5,"deletions":2}}},{"hash":"06a1289a7105f55d77749d38eeb18d73a9089f33","messageTitle":"Fix coding style","messageBody":"","fileTypesAndContributionMap":{"functional-code":{"insertions":12,"deletions":3},"test-code":{"insertions":31,"deletions":13}}}]},{"date":"2022-10-11","commitResults":[{"hash":"ee5f4c627ebfda34f758a123918069e9a69ca6ed","messageTitle":"Fix ExerciseListTest","messageBody":"","fileTypesAndContributionMap":{"functional-code":{"insertions":2,"deletions":1},"test-code":{"insertions":3,"deletions":3}}},{"hash":"4fe67f02befc7d0de0e9c18bbec4fac2e2d5a8a3","messageTitle":"Add assertions for MarkCommand","messageBody":"","fileTypesAndContributionMap":{"functional-code":{"insertions":3,"deletions":1}}}]},{"date":"2022-10-17","commitResults":[{"hash":"40766bb915b8e68060a7e3e8937b58d9acee603b","messageTitle":"Add strength exercise class","messageBody":"","fileTypesAndContributionMap":{"functional-code":{"insertions":142,"deletions":74}}},{"hash":"35222e0c1fb9c02f3c28d6e3f0a475bf09daf59d","messageTitle":"Add findCommand","messageBody":"","fileTypesAndContributionMap":{"functional-code":{"insertions":143,"deletions":72}}},{"hash":"0c392df3df937e712db0d22fa05165e9f952a047","messageTitle":"Improve code quality","messageBody":"","fileTypesAndContributionMap":{"functional-code":{"insertions":14,"deletions":5}}},{"hash":"59b42aefbafa8f8c0d9008abbd6d0f4a39a5a95c","messageTitle":"Add save for strength exercise","messageBody":"","fileTypesAndContributionMap":{"functional-code":{"insertions":44,"deletions":15}}},{"hash":"3fe0e69ed9a35a2390f7e5f826e490b5f9e4b712","messageTitle":"Update MarkCommandTest and ExerciseListTest","messageBody":"","fileTypesAndContributionMap":{"test-code":{"insertions":6,"deletions":6}}}]},{"date":"2022-10-18","commitResults":[{"hash":"acd2cb621b0226b07bd5340de383062de8f5a9af","messageTitle":"Update ExerciseList","messageBody":"","fileTypesAndContributionMap":{"functional-code":{"insertions":2,"deletions":2}}},{"hash":"98efc91fc35bdac952ce801bcfbd3acd779aae82","messageTitle":"Add StrengthExercise uml","messageBody":"","fileTypesAndContributionMap":{"docs":{"insertions":122,"deletions":8}}}]},{"date":"2022-10-19","commitResults":[{"hash":"ca5ea90f6d37a0e65d1a1f3c7091248b7e88e261","messageTitle":"Modify removeCommand for exercise","messageBody":"","fileTypesAndContributionMap":{"functional-code":{"insertions":28,"deletions":59}}},{"hash":"556b00c75afed09fe7aec613dd22327ac0d48a72","messageTitle":"Modify view exercise for cardioExercise","messageBody":"","fileTypesAndContributionMap":{"functional-code":{"insertions":27,"deletions":12}}},{"hash":"1fc08962ba255f6c016cdf28e4971c205d3ca78c","messageTitle":"Add TrackNFitLogger","messageBody":"","fileTypesAndContributionMap":{"functional-code":{"insertions":50,"deletions":1}}}]},{"date":"2022-10-20","commitResults":[{"hash":"cb1a847c942adae19bdcf868ced4ed28da3c1b17","messageTitle":"Update code for checkstyle","messageBody":"","fileTypesAndContributionMap":{"functional-code":{"insertions":4,"deletions":2}}}]},{"date":"2022-10-24","commitResults":[{"hash":"18e70618e1f877af7f94e938bfba305497be09c2","messageTitle":"Add CaloriesCalculator","messageBody":"","fileTypesAndContributionMap":{"functional-code":{"insertions":13,"deletions":0}}},{"hash":"989edc7e3379d93b74f2d9230dae9c5900c4a7b7","messageTitle":"Add weight to strength exercise","messageBody":"","fileTypesAndContributionMap":{"functional-code":{"insertions":26,"deletions":11}}},{"hash":"38f1608b8a76ceb13a9403da2456d3daa73f86b1","messageTitle":"Update code for calories calculator","messageBody":"","fileTypesAndContributionMap":{"functional-code":{"insertions":127,"deletions":69}}},{"hash":"0d2f28cb68706d26a9bc57403d5ad72b5d7325b5","messageTitle":"Fix error due to adding weight and calories calculator","messageBody":"","fileTypesAndContributionMap":{"functional-code":{"insertions":31,"deletions":31}}}]},{"date":"2022-10-25","commitResults":[{"hash":"6db6e645541521c0adbd21f374c36f19ff2ed707","messageTitle":"Update coding standard","messageBody":"","fileTypesAndContributionMap":{"functional-code":{"insertions":3,"deletions":2}}},{"hash":"007310d5e0c8e66af4b852d11a970d3bf39cc4ee","messageTitle":"Fix column spacing for viewing","messageBody":"","fileTypesAndContributionMap":{"functional-code":{"insertions":9,"deletions":9}}},{"hash":"e7b3c53b66cd315c7b3a1e039ee6b15793f8ed2f","messageTitle":"Add validation for input parameters for exercises","messageBody":"","fileTypesAndContributionMap":{"functional-code":{"insertions":76,"deletions":12}}},{"hash":"8328764ebe97add5ce519a08f62680db71a382e8","messageTitle":"Merged ExerciseCaloriesCalculator to calculator","messageBody":"","fileTypesAndContributionMap":{"functional-code":{"insertions":0,"deletions":14}}},{"hash":"d485c886a84a88d795148b29a1b1f5701b9f5b69","messageTitle":"Fix date validation for loading from storage","messageBody":"","fileTypesAndContributionMap":{"functional-code":{"insertions":20,"deletions":15}}},{"hash":"f41f318612298981b7c7a024ae80a1a44f63a85c","messageTitle":"Update sortDate in exerciseList","messageBody":"","fileTypesAndContributionMap":{"functional-code":{"insertions":1,"deletions":1}}},{"hash":"ca709f3b7c73bc9fbc401c118b0c944a1001cfa3","messageTitle":"Update coding standard and expected.txt","messageBody":"","fileTypesAndContributionMap":{"functional-code":{"insertions":6,"deletions":3}}},{"hash":"6f7fbc7d2ae7fee559c8585d7a791a5113842d11","messageTitle":"Update MarkCommandTest","messageBody":"","fileTypesAndContributionMap":{"test-code":{"insertions":8,"deletions":11}}},{"hash":"8321c05e7df45203baada7dc03864c472cc7a642","messageTitle":"Update parameters validation","messageBody":"","fileTypesAndContributionMap":{"functional-code":{"insertions":6,"deletions":7}}},{"hash":"c470c48f7a2aca5ba17425588d4128069bcd15fd","messageTitle":"Add user guide for strength exercise, view and mark exercise","messageBody":"","fileTypesAndContributionMap":{"docs":{"insertions":191,"deletions":18}}},{"hash":"32e1d4e51533930821df0f0061389645628dae61","messageTitle":"Fix unable mark done when loading exercise","messageBody":"","fileTypesAndContributionMap":{"functional-code":{"insertions":3,"deletions":4}}}]},{"date":"2022-10-26","commitResults":[{"hash":"7432b2480612f40ff9e5ff428b6295752735c54f","messageTitle":"Add mark exercise and  add strength exercise to developer guide","messageBody":"","fileTypesAndContributionMap":{"functional-code":{"insertions":15,"deletions":14},"docs":{"insertions":117,"deletions":8}}},{"hash":"63aa3080fab40274524af816da4f0b4b45c32be5","messageTitle":"Remove duplicate calculator","messageBody":"","fileTypesAndContributionMap":{"functional-code":{"insertions":0,"deletions":110}}}]},{"date":"2022-10-30","commitResults":[{"hash":"56866ac45dd7405b628d60e71aecdee248226293","messageTitle":"Add gaoyunfan.md","messageBody":"","fileTypesAndContributionMap":{"docs":{"insertions":29,"deletions":6}}},{"hash":"47313d7549e3ccd2ac70dfd61e45c02e0923eecf","messageTitle":"Fix index out of range for loading data for food and exercise.","messageBody":"","fileTypesAndContributionMap":{"functional-code":{"insertions":4,"deletions":1}}},{"hash":"3be37f6934eddae59ee8c3230360dad1f7e67635","messageTitle":"Update PPP","messageBody":"","fileTypesAndContributionMap":{"docs":{"insertions":17,"deletions":3}}},{"hash":"6a55263920b88ae4a0ac58bf0fdc11adb741471b","messageTitle":"Update help command for mark","messageBody":"","fileTypesAndContributionMap":{"functional-code":{"insertions":1,"deletions":2}}}]},{"date":"2022-10-31","commitResults":[{"hash":"0197238097e14fbb728a121dbc61810f24cda1f4","messageTitle":"Update no matching feedback for finding exercise","messageBody":"","fileTypesAndContributionMap":{"functional-code":{"insertions":26,"deletions":13}}},{"hash":"dddb5671462174dbf3c6b7d0917b3dc6ae32cfd6","messageTitle":"Add error message for mark done command","messageBody":"","fileTypesAndContributionMap":{"functional-code":{"insertions":1,"deletions":0}}},{"hash":"7f6b41bf0faab6a9c30cf970c6f417943e11cffe","messageTitle":"Add check for 1d.p for double","messageBody":"","fileTypesAndContributionMap":{"functional-code":{"insertions":24,"deletions":6},"docs":{"insertions":14,"deletions":14}}},{"hash":"c9bf996f66d4203df4c99131cd6da80a81ff11d5","messageTitle":"Fix 0 calories not displayed after being mark done and fix rounding of caloires","messageBody":"","fileTypesAndContributionMap":{"functional-code":{"insertions":6,"deletions":6}}}]},{"date":"2022-11-01","commitResults":[{"hash":"c869146fec30cf31e628854dc3b2defb44380bea","messageTitle":"Remove unused function","messageBody":"","fileTypesAndContributionMap":{"functional-code":{"insertions":1,"deletions":17}}},{"hash":"4f91fb2cea14c833170bcfcbcf16ed57bc465e9c","messageTitle":"Change upper limit for sets and reps to 100","messageBody":"","fileTypesAndContributionMap":{"functional-code":{"insertions":1,"deletions":4},"docs":{"insertions":2,"deletions":2}}},{"hash":"4381a6a21a565aab659ca848b4da1162cec43947","messageTitle":"Add Validator class to detect extra slashes","messageBody":"","fileTypesAndContributionMap":{"functional-code":{"insertions":310,"deletions":215}}},{"hash":"7173a05c5bec906cf9a4a5614d86e986e5d3d363","messageTitle":"Update coding style and expected.txt","messageBody":"","fileTypesAndContributionMap":{"functional-code":{"insertions":20,"deletions":13}}},{"hash":"e63b28a15187e2fb23c3721051b63d4ae331526a","messageTitle":"Update coding style","messageBody":"","fileTypesAndContributionMap":{"functional-code":{"insertions":6,"deletions":4}}},{"hash":"f6d2640d4a3d39aecf9c84fab1ef1fd3395f2f30","messageTitle":"Update test","messageBody":"","fileTypesAndContributionMap":{"test-code":{"insertions":7,"deletions":21}}}]},{"date":"2022-11-05","commitResults":[{"hash":"ed62ca307a8cddbca548a7ee19adaf4df1016db9","messageTitle":"Add Table and ExerciseTable class","messageBody":"","fileTypesAndContributionMap":{"functional-code":{"insertions":169,"deletions":0},"other":{"insertions":0,"deletions":0}}},{"hash":"8464cd58f7beb05741fa06565d84d359e59bbdbb","messageTitle":"Improve code quality","messageBody":"","fileTypesAndContributionMap":{"functional-code":{"insertions":238,"deletions":182},"test-code":{"insertions":6,"deletions":5}}},{"hash":"958d08ddbfc0e75bc2d62ddca98d1cffece8299d","messageTitle":"Fix error in printing exercise in certain date","messageBody":"","fileTypesAndContributionMap":{"functional-code":{"insertions":4,"deletions":2}}},{"hash":"13358c3fe4c75b0cecac78ad3746dce2175fe800","messageTitle":"Remove duplicate setData method","messageBody":"","fileTypesAndContributionMap":{"functional-code":{"insertions":0,"deletions":2}}},{"hash":"a82d8af81f9866c64e705afe8b3c7428de39a506","messageTitle":"Fix error in viewing exercise","messageBody":"","fileTypesAndContributionMap":{"functional-code":{"insertions":10,"deletions":6}}},{"hash":"09d21ca416f1a7ee6735c6805649435578b1a5cd","messageTitle":"Update coding standard","messageBody":"","fileTypesAndContributionMap":{"functional-code":{"insertions":39,"deletions":24}}},{"hash":"072501c62c035e4a3598f8d5fd8a219486a0fa02","messageTitle":"Update RemoveCommandTest","messageBody":"","fileTypesAndContributionMap":{"test-code":{"insertions":4,"deletions":11}}}]},{"date":"2022-11-06","commitResults":[{"hash":"56269a4574c333805ff16f2d61d18ed04d8d5d54","messageTitle":"Add logic package","messageBody":"","fileTypesAndContributionMap":{"functional-code":{"insertions":17,"deletions":18},"other":{"insertions":58,"deletions":58},"test-code":{"insertions":20,"deletions":15}}},{"hash":"5e33ab7a1db6c64b39b2f4e821ac59678f48db97","messageTitle":"Update MarkExercise activity diagram","messageBody":"","fileTypesAndContributionMap":{"docs":{"insertions":0,"deletions":14}}},{"hash":"99a3cc77b8bbff62b79801ed1a119b76a3c87dd5","messageTitle":"Update example output for strength and view exercise","messageBody":"","fileTypesAndContributionMap":{"docs":{"insertions":20,"deletions":9}}},{"hash":"d7526aa2dd821b3dd49588bdc9180fa046d52852","messageTitle":"Change output line length","messageBody":"","fileTypesAndContributionMap":{"functional-code":{"insertions":1,"deletions":1}}},{"hash":"c0541ea173d4e3e7b120ae6e603b61d11b4a6a29","messageTitle":"Add architecture diagram","messageBody":"","fileTypesAndContributionMap":{"docs":{"insertions":22,"deletions":2}}},{"hash":"21bf11b02c95a8d3019436f633a97d9da4c2139c","messageTitle":"Fix help command","messageBody":"","fileTypesAndContributionMap":{"functional-code":{"insertions":1,"deletions":2}}},{"hash":"f16dd609d969e0612c9b1017ef71f54430317241","messageTitle":"Fix loading date error for add exercise","messageBody":"","fileTypesAndContributionMap":{"functional-code":{"insertions":3,"deletions":3}}},{"hash":"0c0368aff8d13d32ea00e2621c48291d6d45a6a3","messageTitle":"Move exception to logic package","messageBody":"","fileTypesAndContributionMap":{"functional-code":{"insertions":27,"deletions":28},"other":{"insertions":3,"deletions":3},"test-code":{"insertions":8,"deletions":8}}},{"hash":"c9a4ea82e9312f4657d5dfce4269acb067aed220","messageTitle":"Add overview for architecture diagram","messageBody":"","fileTypesAndContributionMap":{"docs":{"insertions":30,"deletions":3}}},{"hash":"dd3e8f7a7eab7d0f5c43acd9247722b072220b38","messageTitle":"Remove magic number from calculateExerciseCalories method","messageBody":"","fileTypesAndContributionMap":{"functional-code":{"insertions":4,"deletions":2}}},{"hash":"0f5fa3dc7d342750f637d0d90acab10b258d8be0","messageTitle":"Add check for valid day of the month of the year","messageBody":"","fileTypesAndContributionMap":{"functional-code":{"insertions":38,"deletions":7}}}]},{"date":"2022-11-07","commitResults":[{"hash":"265e58cca87b0b53703380fb2f2ad697503afef3","messageTitle":"Remove code duplication in ExerciseTable and TableFrame","messageBody":"","fileTypesAndContributionMap":{"functional-code":{"insertions":11,"deletions":23}}},{"hash":"378472254b219d45cfcbfdddf096a1ffbb9485fd","messageTitle":"Add optional bracket for find calories","messageBody":"","fileTypesAndContributionMap":{"functional-code":{"insertions":1,"deletions":1}}},{"hash":"96d208f1a0fb395482d05971d94f662f78279913","messageTitle":"Add storage component","messageBody":"","fileTypesAndContributionMap":{"docs":{"insertions":58,"deletions":20}}},{"hash":"1ae29a8eb4ef454fa9f68982ef3068108302d64f","messageTitle":"Add style","messageBody":"","fileTypesAndContributionMap":{"docs":{"insertions":75,"deletions":0}}},{"hash":"9bbce1f5978f16647c75df1c46b8b1034dc88edf","messageTitle":"Update record with umlstyle","messageBody":"","fileTypesAndContributionMap":{"functional-code":{"insertions":1,"deletions":1},"docs":{"insertions":48,"deletions":21}}},{"hash":"ff52c69918bc31228b6c6800acffaf03e6350170","messageTitle":"Fix coding standard","messageBody":"","fileTypesAndContributionMap":{"functional-code":{"insertions":9,"deletions":3}}},{"hash":"37fb94cf4fd76ff1fafc13e1aa5f4429dfe68ee2","messageTitle":"Overview of add","messageBody":"","fileTypesAndContributionMap":{"docs":{"insertions":54,"deletions":29}}},{"hash":"a74546fbb44561c87a43cd9c0b726c9160b71b05","messageTitle":"Update add for DG and update code for parse date in add command","messageBody":"","fileTypesAndContributionMap":{"functional-code":{"insertions":5,"deletions":13},"docs":{"insertions":83,"deletions":91}}},{"hash":"a102cedaf940824a730336227fa896d1928da746","messageTitle":"Add sequence diagrams for add","messageBody":"","fileTypesAndContributionMap":{"docs":{"insertions":47,"deletions":8}}},{"hash":"45e42d9798d82ff94cf60679736b26167fac6d98","messageTitle":"Update aboutus and ppp","messageBody":"","fileTypesAndContributionMap":{"docs":{"insertions":12,"deletions":7}}},{"hash":"e8c3115feefed262b1cf45a6a334072f7c65e81d","messageTitle":"Add page break to ppp","messageBody":"","fileTypesAndContributionMap":{"docs":{"insertions":3,"deletions":1}}},{"hash":"1d582989a9ddab3051dd1d130b2519d58b9b80fb","messageTitle":"Add user stories","messageBody":"","fileTypesAndContributionMap":{"functional-code":{"insertions":65,"deletions":24},"docs":{"insertions":37,"deletions":35}}},{"hash":"f233e01c79d05ec4ab7ddd7b04dc4fbb33386a64","messageTitle":"Update coding standard","messageBody":"","fileTypesAndContributionMap":{"functional-code":{"insertions":7,"deletions":7}}},{"hash":"d752137f44a7375122dee82d24b72f7d8dc38a16","messageTitle":"Add comments for the viewCommand","messageBody":"","fileTypesAndContributionMap":{"functional-code":{"insertions":44,"deletions":16}}},{"hash":"16118130739225c0a749683f899ee26ed306307c","messageTitle":"Update dg","messageBody":"","fileTypesAndContributionMap":{"docs":{"insertions":1,"deletions":9}}}]}],"junhaoliu2468":[{"date":"2022-09-28","commitResults":[{"hash":"3e196a8e08200e68bd3750ac1c17562ceff33073","messageTitle":"name","messageBody":"","fileTypesAndContributionMap":{"docs":{"insertions":5,"deletions":5}}}]},{"date":"2022-10-08","commitResults":[{"hash":"af49d4d4ee4da4cb09322493d77430101d5bc940","messageTitle":"Add and view exercise","messageBody":"","fileTypesAndContributionMap":{"functional-code":{"insertions":111,"deletions":13},"other":{"insertions":3,"deletions":3}}},{"hash":"1419100c401d2730ba525baf9f621d476cfc3eaf","messageTitle":"fixed some bugs and errors","messageBody":"","fileTypesAndContributionMap":{"functional-code":{"insertions":16,"deletions":16}}}]},{"date":"2022-10-11","commitResults":[{"hash":"9727e159886725be47c799a0543dad72791cbe71","messageTitle":"Added remove exercise function","messageBody":"","fileTypesAndContributionMap":{"functional-code":{"insertions":47,"deletions":11}}}]},{"date":"2022-10-12","commitResults":[{"hash":"1ad44af443e54beaa5c19298296df0dfb499a223","messageTitle":"remove exercise added","messageBody":"","fileTypesAndContributionMap":{"functional-code":{"insertions":5,"deletions":12}}},{"hash":"500431911693dd3f242a8b74999e1ceb5932b529","messageTitle":"checkstyle fix","messageBody":"","fileTypesAndContributionMap":{"functional-code":{"insertions":22,"deletions":9}}},{"hash":"1d4564429ce5f090a387ee8c3d7a084de2297e6d","messageTitle":"more fixes","messageBody":"","fileTypesAndContributionMap":{"functional-code":{"insertions":1,"deletions":1}}},{"hash":"d510957d28493d3b8ffda4d8d98100ecc1dca033","messageTitle":"final fix","messageBody":"","fileTypesAndContributionMap":{"functional-code":{"insertions":1,"deletions":1}}},{"hash":"6fa2c552fff07765c9130ce88ef4fedf58813538","messageTitle":"exercise index out of bounds fix","messageBody":"","fileTypesAndContributionMap":{"functional-code":{"insertions":4,"deletions":0}}},{"hash":"bb967cb882261f7fb70e7efc5d11e8096bde7a17","messageTitle":"catch NumberFormatException","messageBody":"","fileTypesAndContributionMap":{"functional-code":{"insertions":2,"deletions":2}}}]},{"date":"2022-10-18","commitResults":[{"hash":"30f52b010b9fb1551ab0d30e6ffd2b103145e542","messageTitle":"split into cardio and added find cardio function","messageBody":"","fileTypesAndContributionMap":{"functional-code":{"insertions":116,"deletions":3}}}]},{"date":"2022-10-19","commitResults":[{"hash":"c70293a8dea78553b6888747ccdd42ce285f9889","messageTitle":"added CardioExercise","messageBody":"","fileTypesAndContributionMap":{"docs":{"insertions":28,"deletions":19}}}]},{"date":"2022-10-23","commitResults":[{"hash":"a297886de48fa55fb7468c2ba019195e26fea65f","messageTitle":"date and time + calculator","messageBody":"","fileTypesAndContributionMap":{"functional-code":{"insertions":290,"deletions":17}}}]},{"date":"2022-10-24","commitResults":[{"hash":"f535614d128ccd14afca85217b65f25a9a882252","messageTitle":"some fixes","messageBody":"","fileTypesAndContributionMap":{"functional-code":{"insertions":2,"deletions":2}}},{"hash":"0312087814bdc583af366c10b3b157d2fb1173c4","messageTitle":"small bug fix","messageBody":"","fileTypesAndContributionMap":{"functional-code":{"insertions":1,"deletions":1}}},{"hash":"66507188a2789a83f24c5bb0223eee1e4baada50","messageTitle":"minor fix","messageBody":"","fileTypesAndContributionMap":{"functional-code":{"insertions":6,"deletions":3}}}]},{"date":"2022-10-25","commitResults":[{"hash":"81dd54e99603df27583eac5b8973126191b4b83d","messageTitle":"minor fixes","messageBody":"","fileTypesAndContributionMap":{"functional-code":{"insertions":2,"deletions":112}}}]},{"date":"2022-10-26","commitResults":[{"hash":"9f34e9140b8e57702c0ae91176ec504b2f7e3d84","messageTitle":"added activitylevel initialisation + user guide update","messageBody":"","fileTypesAndContributionMap":{"functional-code":{"insertions":44,"deletions":23},"docs":{"insertions":161,"deletions":2},"test-code":{"insertions":12,"deletions":9}}}]},{"date":"2022-10-29","commitResults":[{"hash":"f1832f9fc58c35af83b5f24f2a6a3e7fc687eb62","messageTitle":"added view calories function","messageBody":"","fileTypesAndContributionMap":{"functional-code":{"insertions":302,"deletions":4}}}]},{"date":"2022-10-30","commitResults":[{"hash":"02ef2a5441386abc7df998eb5d29ca89b9bce326","messageTitle":"added find calories by date command","messageBody":"","fileTypesAndContributionMap":{"functional-code":{"insertions":76,"deletions":4}}},{"hash":"a938ff030c249eab090caa1ae79240a34429174f","messageTitle":"Resolved some issues and fixed some commands in user guide","messageBody":"","fileTypesAndContributionMap":{"functional-code":{"insertions":30,"deletions":17},"docs":{"insertions":78,"deletions":87}}},{"hash":"4daf99ee6b048bddfcc83eb7a1b480a6d00c9839","messageTitle":"minor checkstyle fixes","messageBody":"","fileTypesAndContributionMap":{"functional-code":{"insertions":5,"deletions":5},"test-code":{"insertions":7,"deletions":7}}},{"hash":"855fb42d01e9a2bf238ce17685c47f1847a5607c","messageTitle":"minor argumentlist index fix","messageBody":"","fileTypesAndContributionMap":{"functional-code":{"insertions":9,"deletions":1}}}]},{"date":"2022-11-01","commitResults":[{"hash":"1579cc54cbb407be199cc73b2f267cc0a97f02cc","messageTitle":"PPP","messageBody":"","fileTypesAndContributionMap":{"functional-code":{"insertions":3,"deletions":11},"docs":{"insertions":40,"deletions":0}}}]},{"date":"2022-11-05","commitResults":[{"hash":"8ea45e7e28df41b31a37bf2a1b058d9ec2e3a473","messageTitle":"update UG + DG + added some tests + fix some bugs","messageBody":"","fileTypesAndContributionMap":{"functional-code":{"insertions":124,"deletions":209},"docs":{"insertions":191,"deletions":6},"test-code":{"insertions":100,"deletions":3}}}]},{"date":"2022-11-07","commitResults":[{"hash":"adc3fc47e57f5c82ddef8b666bec204c779c294e","messageTitle":"final fixes","messageBody":"","fileTypesAndContributionMap":{"functional-code":{"insertions":192,"deletions":82},"docs":{"insertions":89,"deletions":0}}},{"hash":"bbd401d2a778b755b957040d785c82751778a583","messageTitle":"fixes","messageBody":"","fileTypesAndContributionMap":{"functional-code":{"insertions":221,"deletions":41},"docs":{"insertions":13,"deletions":6}}},{"hash":"b0636ebc8833d7f31dab4c49d09f2fa5b31becee","messageTitle":"no message","messageBody":"","fileTypesAndContributionMap":{"docs":{"insertions":18,"deletions":7}}},{"hash":"da8f5ec277d24f5dbf7972e3d714b3fd120109c3","messageTitle":"fixes","messageBody":"","fileTypesAndContributionMap":{"functional-code":{"insertions":1,"deletions":1},"docs":{"insertions":84,"deletions":41}}},{"hash":"fbc75afe35ba264200cd930a8d96ad76f688ded9","messageTitle":"no message","messageBody":"","fileTypesAndContributionMap":{"docs":{"insertions":1,"deletions":9}}}]}]},"authorFileTypeContributionMap":{"NayChi-7":{"docs":526,"functional-code":1190,"test-code":154},"maanyos":{"docs":595,"functional-code":758,"test-code":159,"other":1},"gaoyunfan":{"docs":744,"functional-code":1442,"test-code":327},"junhaoliu2468":{"docs":471,"functional-code":943,"test-code":107}},"authorContributionVariance":{"NayChi-7":72831.94,"maanyos":25802.85,"gaoyunfan":44929.152,"junhaoliu2468":23996.148},"authorDisplayNameMap":{"NayChi-7":"CS2113-W12-3 NAY ..AING","maanyos":"CS2113-W12-3 ZHOU..IWEN","gaoyunfan":"CS2113-W12-3 GAO .. FAN","junhaoliu2468":"CS2113-W12-3 LIU ..NHAO"}}
