{"authorDailyContributionsMap":{"NayChi-7":[{"date":"2022-09-28","commitResults":[{"hash":"da29a845ec6c0ac6639a84e459c31522e7422e90","messageTitle":"updated about myself","messageBody":"","fileTypesAndContributionMap":{"docs":{"insertions":5,"deletions":5}}}]}],"maanyos":[{"date":"2022-09-28","commitResults":[{"hash":"810dff227f09f79c4b73d6e907cca8f2d81a57aa","messageTitle":"add name into AboutUs","messageBody":"","fileTypesAndContributionMap":{"docs":{"insertions":7,"deletions":7}}}]},{"date":"2022-10-03","commitResults":[{"hash":"603d2ed373e0225ae8ea24adb869ea4f44efdf04","messageTitle":"Add Ui","messageBody":"","fileTypesAndContributionMap":{"functional-code":{"insertions":38,"deletions":0}}},{"hash":"ec15953df352205de435f1257be830ae61ca8bab","messageTitle":"Add Parser","messageBody":"","fileTypesAndContributionMap":{"functional-code":{"insertions":24,"deletions":0}}},{"hash":"6362cfcc3f825030ddd497c37a8ccd851f7eea57","messageTitle":"Add Command package and class","messageBody":"","fileTypesAndContributionMap":{"functional-code":{"insertions":10,"deletions":0}}},{"hash":"1614724981e8302b2d0c97d88f1634b070687a0b","messageTitle":"Add ExitCommand","messageBody":"","fileTypesAndContributionMap":{"functional-code":{"insertions":26,"deletions":0}}},{"hash":"39822455405605e7f0067329bc3f6fea93a7da8f","messageTitle":"Add GreetCommand","messageBody":"","fileTypesAndContributionMap":{"functional-code":{"insertions":27,"deletions":10}}},{"hash":"12b4a46c437b591ecc53c29f1687c642560ce346","messageTitle":"Add HelpCommand","messageBody":"","fileTypesAndContributionMap":{"functional-code":{"insertions":17,"deletions":0}}},{"hash":"6cdd37caec3fbf3bd8950c99873dc0a8d8ae4428","messageTitle":"Remove John Doe from AboutUs","messageBody":"","fileTypesAndContributionMap":{"docs":{"insertions":5,"deletions":6}}},{"hash":"878608cf14a51742955d4b5f894b0bb640a5195a","messageTitle":"Fix code style","messageBody":"","fileTypesAndContributionMap":{"functional-code":{"insertions":7,"deletions":7}}},{"hash":"cac5c39b0af2b00fb6a5e00ce2d77b629c747913","messageTitle":"Another fix code style","messageBody":"","fileTypesAndContributionMap":{"functional-code":{"insertions":5,"deletions":5}}}]}],"gaoyunfan":[{"date":"2022-09-28","commitResults":[{"hash":"287d906e1ecaafc8dd9f88fa4bb679c1293f9557","messageTitle":"Add name","messageBody":"","fileTypesAndContributionMap":{"docs":{"insertions":7,"deletions":7}}}]}],"junhaoliu2468":[{"date":"2022-09-28","commitResults":[{"hash":"3e196a8e08200e68bd3750ac1c17562ceff33073","messageTitle":"name","messageBody":"","fileTypesAndContributionMap":{"docs":{"insertions":5,"deletions":5}}}]}]},"authorFileTypeContributionMap":{"NayChi-7":{"docs":2,"functional-code":0,"test-code":0},"maanyos":{"docs":3,"functional-code":142,"test-code":0},"gaoyunfan":{"docs":0,"functional-code":0,"test-code":0},"junhaoliu2468":{"docs":1,"functional-code":0,"test-code":0}},"authorContributionVariance":{"NayChi-7":5.246913,"maanyos":1828.9166,"gaoyunfan":10.28395,"junhaoliu2468":5.246913},"authorDisplayNameMap":{"NayChi-7":"CS2113-W12-3 NAY ..AING","maanyos":"CS2113-W12-3 ZHOU..IWEN","gaoyunfan":"CS2113-W12-3 GAO .. FAN","junhaoliu2468":"CS2113-W12-3 LIU ..NHAO"}}
