[{"path":"docs/AboutUs.md","fileType":"docs","lines":[{"lineNumber":1,"author":{"gitId":"-"},"content":"# About us","lastModifiedDate":"2020-05-24"},{"lineNumber":2,"author":{"gitId":"-"},"content":"","lastModifiedDate":"2020-05-24"},{"lineNumber":3,"author":{"gitId":"-"},"content":"Display |        Name         | Github Profile | Portfolio","lastModifiedDate":"2020-05-24"},{"lineNumber":4,"author":{"gitId":"Brandon-OS"},"content":"--------|:-------------------:|:--------------:|:---------:","lastModifiedDate":"2022-09-29"},{"lineNumber":5,"author":{"gitId":"insafhere"},"content":"![](https://via.placeholder.com/100.png?text\u003dPhoto) |        Insaf        | [Github](https://github.com/) | [Portfolio](docs/team/johndoe.md)","lastModifiedDate":"2022-09-29"},{"lineNumber":6,"author":{"gitId":"Zhai-Yuxin"},"content":"![](https://via.placeholder.com/100.png?text\u003dPhoto) |     Zhai Yuxin      | [Github](https://github.com/) | [Portfolio](docs/team/johndoe.md)","lastModifiedDate":"2022-09-29"},{"lineNumber":7,"author":{"gitId":"Brandon-OS"},"content":"![](https://via.placeholder.com/100.png?text\u003dPhoto) | Brandon Owen Sjarif | [Github](https://github.com/) | [Portfolio](docs/team/johndoe.md)","lastModifiedDate":"2022-09-29"}],"authorContributionMap":{"insafhere":1,"Brandon-OS":2,"-":3,"Zhai-Yuxin":1}},{"path":"src/main/java/seedu/duke/Add.java","fileType":"functional-code","lines":[{"lineNumber":1,"author":{"gitId":"ishitamandal06"},"content":"package seedu.duke;","lastModifiedDate":"2022-10-10"},{"lineNumber":2,"author":{"gitId":"ishitamandal06"},"content":"","lastModifiedDate":"2022-10-10"},{"lineNumber":3,"author":{"gitId":"ishitamandal06"},"content":"public class Add extends Command {","lastModifiedDate":"2022-10-10"},{"lineNumber":4,"author":{"gitId":"Brandon-OS"},"content":"    private static Module mod \u003d new Module();","lastModifiedDate":"2022-10-12"},{"lineNumber":5,"author":{"gitId":"ishitamandal06"},"content":"    public Add(String input) {","lastModifiedDate":"2022-10-10"},{"lineNumber":6,"author":{"gitId":"Brandon-OS"},"content":"        int courseIndex \u003d input.indexOf(\"m/\");","lastModifiedDate":"2022-10-12"},{"lineNumber":7,"author":{"gitId":"Brandon-OS"},"content":"        int semesterIndex \u003d input.indexOf(\"s/\");","lastModifiedDate":"2022-10-12"},{"lineNumber":8,"author":{"gitId":"Brandon-OS"},"content":"        int mcIndex \u003d input.indexOf(\"mc/\");","lastModifiedDate":"2022-10-12"},{"lineNumber":9,"author":{"gitId":"Brandon-OS"},"content":"        int gradeIndex \u003d input.indexOf(\"g/\");","lastModifiedDate":"2022-10-12"},{"lineNumber":10,"author":{"gitId":"Brandon-OS"},"content":"        String course \u003d input.substring(courseIndex + 2, courseIndex + 8);","lastModifiedDate":"2022-10-12"},{"lineNumber":11,"author":{"gitId":"Brandon-OS"},"content":"        String semester \u003d input.substring(semesterIndex + 2, semesterIndex + 6);","lastModifiedDate":"2022-10-12"},{"lineNumber":12,"author":{"gitId":"Brandon-OS"},"content":"        String mcString \u003d input.substring(mcIndex + 3, mcIndex + 4);","lastModifiedDate":"2022-10-12"},{"lineNumber":13,"author":{"gitId":"Brandon-OS"},"content":"        int mc \u003d Integer.parseInt(mcString);","lastModifiedDate":"2022-10-12"},{"lineNumber":14,"author":{"gitId":"Brandon-OS"},"content":"        int spaceIndex \u003d input.indexOf(\" \", gradeIndex);","lastModifiedDate":"2022-10-12"},{"lineNumber":15,"author":{"gitId":"Brandon-OS"},"content":"","lastModifiedDate":"2022-10-12"},{"lineNumber":16,"author":{"gitId":"Brandon-OS"},"content":"        String grade;","lastModifiedDate":"2022-10-12"},{"lineNumber":17,"author":{"gitId":"Brandon-OS"},"content":"        if (spaceIndex \u003d\u003d -1) {","lastModifiedDate":"2022-10-12"},{"lineNumber":18,"author":{"gitId":"Brandon-OS"},"content":"            grade \u003d input.substring(gradeIndex + 2);","lastModifiedDate":"2022-10-12"},{"lineNumber":19,"author":{"gitId":"Brandon-OS"},"content":"        } else {","lastModifiedDate":"2022-10-12"},{"lineNumber":20,"author":{"gitId":"Brandon-OS"},"content":"            grade \u003d input.substring(gradeIndex + 2, spaceIndex);","lastModifiedDate":"2022-10-12"},{"lineNumber":21,"author":{"gitId":"Brandon-OS"},"content":"        }","lastModifiedDate":"2022-10-12"},{"lineNumber":22,"author":{"gitId":"Brandon-OS"},"content":"        this.mod \u003d new Module(course, semester, grade, mc);","lastModifiedDate":"2022-10-12"},{"lineNumber":23,"author":{"gitId":"ishitamandal06"},"content":"    }","lastModifiedDate":"2022-10-10"},{"lineNumber":24,"author":{"gitId":"ishitamandal06"},"content":"","lastModifiedDate":"2022-10-10"},{"lineNumber":25,"author":{"gitId":"ishitamandal06"},"content":"    @Override","lastModifiedDate":"2022-10-10"},{"lineNumber":26,"author":{"gitId":"ishitamandal06"},"content":"    public void execute(UI ui, ModuleList modulelist) {","lastModifiedDate":"2022-10-10"},{"lineNumber":27,"author":{"gitId":"Brandon-OS"},"content":"        modulelist.add(this.mod);","lastModifiedDate":"2022-10-12"},{"lineNumber":28,"author":{"gitId":"ishitamandal06"},"content":"    }","lastModifiedDate":"2022-10-10"},{"lineNumber":29,"author":{"gitId":"ishitamandal06"},"content":"}","lastModifiedDate":"2022-10-10"}],"authorContributionMap":{"ishitamandal06":10,"Brandon-OS":19}},{"path":"src/main/java/seedu/duke/Command.java","fileType":"functional-code","lines":[{"lineNumber":1,"author":{"gitId":"ishitamandal06"},"content":"package seedu.duke;","lastModifiedDate":"2022-10-10"},{"lineNumber":2,"author":{"gitId":"ishitamandal06"},"content":"","lastModifiedDate":"2022-10-10"},{"lineNumber":3,"author":{"gitId":"ishitamandal06"},"content":"public class Command {","lastModifiedDate":"2022-10-10"},{"lineNumber":4,"author":{"gitId":"ishitamandal06"},"content":"","lastModifiedDate":"2022-10-10"},{"lineNumber":5,"author":{"gitId":"Brandon-OS"},"content":"    public Command() {}","lastModifiedDate":"2022-10-12"},{"lineNumber":6,"author":{"gitId":"Brandon-OS"},"content":"","lastModifiedDate":"2022-10-12"},{"lineNumber":7,"author":{"gitId":"ishitamandal06"},"content":"    public void execute(UI ui, ModuleList modulelist) {","lastModifiedDate":"2022-10-10"},{"lineNumber":8,"author":{"gitId":"ishitamandal06"},"content":"","lastModifiedDate":"2022-10-10"},{"lineNumber":9,"author":{"gitId":"ishitamandal06"},"content":"    }","lastModifiedDate":"2022-10-10"},{"lineNumber":10,"author":{"gitId":"ishitamandal06"},"content":"","lastModifiedDate":"2022-10-10"},{"lineNumber":11,"author":{"gitId":"ishitamandal06"},"content":"    public boolean checkExit() {","lastModifiedDate":"2022-10-10"},{"lineNumber":12,"author":{"gitId":"ishitamandal06"},"content":"        return false;","lastModifiedDate":"2022-10-10"},{"lineNumber":13,"author":{"gitId":"ishitamandal06"},"content":"    }","lastModifiedDate":"2022-10-10"},{"lineNumber":14,"author":{"gitId":"ishitamandal06"},"content":"","lastModifiedDate":"2022-10-10"},{"lineNumber":15,"author":{"gitId":"ishitamandal06"},"content":"}","lastModifiedDate":"2022-10-10"}],"authorContributionMap":{"ishitamandal06":13,"Brandon-OS":2}},{"path":"src/main/java/seedu/duke/Delete.java","fileType":"functional-code","lines":[{"lineNumber":1,"author":{"gitId":"ishitamandal06"},"content":"package seedu.duke;","lastModifiedDate":"2022-10-10"},{"lineNumber":2,"author":{"gitId":"ishitamandal06"},"content":"","lastModifiedDate":"2022-10-10"},{"lineNumber":3,"author":{"gitId":"ishitamandal06"},"content":"public class Delete extends Command {","lastModifiedDate":"2022-10-10"},{"lineNumber":4,"author":{"gitId":"Brandon-OS"},"content":"    private String modCode;","lastModifiedDate":"2022-10-12"},{"lineNumber":5,"author":{"gitId":"ishitamandal06"},"content":"    public Delete(String input) {","lastModifiedDate":"2022-10-10"},{"lineNumber":6,"author":{"gitId":"Brandon-OS"},"content":"        int modIndex \u003d input.indexOf(\"m/\");","lastModifiedDate":"2022-10-12"},{"lineNumber":7,"author":{"gitId":"Brandon-OS"},"content":"        this.modCode \u003d input.substring(modIndex + 2);","lastModifiedDate":"2022-10-12"},{"lineNumber":8,"author":{"gitId":"ishitamandal06"},"content":"    }","lastModifiedDate":"2022-10-10"},{"lineNumber":9,"author":{"gitId":"ishitamandal06"},"content":"","lastModifiedDate":"2022-10-10"},{"lineNumber":10,"author":{"gitId":"ishitamandal06"},"content":"    @Override","lastModifiedDate":"2022-10-10"},{"lineNumber":11,"author":{"gitId":"ishitamandal06"},"content":"    public void execute(UI ui, ModuleList modulelist) {","lastModifiedDate":"2022-10-10"},{"lineNumber":12,"author":{"gitId":"Brandon-OS"},"content":"        modulelist.delete(this.modCode);","lastModifiedDate":"2022-10-12"},{"lineNumber":13,"author":{"gitId":"ishitamandal06"},"content":"    }","lastModifiedDate":"2022-10-10"},{"lineNumber":14,"author":{"gitId":"ishitamandal06"},"content":"}","lastModifiedDate":"2022-10-10"}],"authorContributionMap":{"ishitamandal06":10,"Brandon-OS":4}},{"path":"src/main/java/seedu/duke/Duke.java","fileType":"functional-code","lines":[{"lineNumber":1,"author":{"gitId":"-"},"content":"package seedu.duke;","lastModifiedDate":"2020-05-24"},{"lineNumber":2,"author":{"gitId":"-"},"content":"","lastModifiedDate":"2020-05-24"},{"lineNumber":3,"author":{"gitId":"ishitamandal06"},"content":"","lastModifiedDate":"2022-10-10"},{"lineNumber":4,"author":{"gitId":"-"},"content":"","lastModifiedDate":"2020-05-24"},{"lineNumber":5,"author":{"gitId":"-"},"content":"public class Duke {","lastModifiedDate":"2019-07-29"},{"lineNumber":6,"author":{"gitId":"ishitamandal06"},"content":"    static UI ui \u003d new UI();","lastModifiedDate":"2022-10-10"},{"lineNumber":7,"author":{"gitId":"ishitamandal06"},"content":"    static ModuleList modulelist \u003d new ModuleList();","lastModifiedDate":"2022-10-10"},{"lineNumber":8,"author":{"gitId":"-"},"content":"    /**","lastModifiedDate":"2020-05-24"},{"lineNumber":9,"author":{"gitId":"-"},"content":"     * Main entry-point for the java.duke.Duke application.","lastModifiedDate":"2020-05-24"},{"lineNumber":10,"author":{"gitId":"-"},"content":"     */","lastModifiedDate":"2020-05-24"},{"lineNumber":11,"author":{"gitId":"-"},"content":"    public static void main(String[] args) {","lastModifiedDate":"2019-07-29"},{"lineNumber":12,"author":{"gitId":"ishitamandal06"},"content":"        run();","lastModifiedDate":"2022-10-10"},{"lineNumber":13,"author":{"gitId":"ishitamandal06"},"content":"    }","lastModifiedDate":"2022-10-10"},{"lineNumber":14,"author":{"gitId":"-"},"content":"","lastModifiedDate":"2022-10-10"},{"lineNumber":15,"author":{"gitId":"ishitamandal06"},"content":"    public static void run() {","lastModifiedDate":"2022-10-10"},{"lineNumber":16,"author":{"gitId":"ishitamandal06"},"content":"        boolean isExit \u003d false;","lastModifiedDate":"2022-10-10"},{"lineNumber":17,"author":{"gitId":"ishitamandal06"},"content":"        UI.helloMessage();","lastModifiedDate":"2022-10-10"},{"lineNumber":18,"author":{"gitId":"ishitamandal06"},"content":"        while (!isExit) {","lastModifiedDate":"2022-10-10"},{"lineNumber":19,"author":{"gitId":"ishitamandal06"},"content":"            String input \u003d UI.getInput();","lastModifiedDate":"2022-10-10"},{"lineNumber":20,"author":{"gitId":"ishitamandal06"},"content":"            Command c \u003d Parser.parse(input);","lastModifiedDate":"2022-10-10"},{"lineNumber":21,"author":{"gitId":"ishitamandal06"},"content":"            if (c !\u003d null) {","lastModifiedDate":"2022-10-10"},{"lineNumber":22,"author":{"gitId":"ishitamandal06"},"content":"                c.execute(ui, modulelist);","lastModifiedDate":"2022-10-10"},{"lineNumber":23,"author":{"gitId":"ishitamandal06"},"content":"                isExit \u003d c.checkExit();","lastModifiedDate":"2022-10-10"},{"lineNumber":24,"author":{"gitId":"ishitamandal06"},"content":"            }","lastModifiedDate":"2022-10-10"},{"lineNumber":25,"author":{"gitId":"ishitamandal06"},"content":"        }","lastModifiedDate":"2022-10-10"},{"lineNumber":26,"author":{"gitId":"-"},"content":"    }","lastModifiedDate":"2019-07-29"},{"lineNumber":27,"author":{"gitId":"-"},"content":"}","lastModifiedDate":"2019-07-29"}],"authorContributionMap":{"ishitamandal06":16,"-":11}},{"path":"src/main/java/seedu/duke/Exit.java","fileType":"functional-code","lines":[{"lineNumber":1,"author":{"gitId":"ishitamandal06"},"content":"package seedu.duke;","lastModifiedDate":"2022-10-10"},{"lineNumber":2,"author":{"gitId":"ishitamandal06"},"content":"","lastModifiedDate":"2022-10-10"},{"lineNumber":3,"author":{"gitId":"ishitamandal06"},"content":"public class Exit extends Command {","lastModifiedDate":"2022-10-10"},{"lineNumber":4,"author":{"gitId":"ishitamandal06"},"content":"    public Exit(String input) {","lastModifiedDate":"2022-10-10"},{"lineNumber":5,"author":{"gitId":"ishitamandal06"},"content":"        super();","lastModifiedDate":"2022-10-10"},{"lineNumber":6,"author":{"gitId":"ishitamandal06"},"content":"    }","lastModifiedDate":"2022-10-10"},{"lineNumber":7,"author":{"gitId":"ishitamandal06"},"content":"","lastModifiedDate":"2022-10-10"},{"lineNumber":8,"author":{"gitId":"ishitamandal06"},"content":"    @Override","lastModifiedDate":"2022-10-10"},{"lineNumber":9,"author":{"gitId":"ishitamandal06"},"content":"    public void execute(UI ui, ModuleList modulelist) {","lastModifiedDate":"2022-10-10"},{"lineNumber":10,"author":{"gitId":"ishitamandal06"},"content":"","lastModifiedDate":"2022-10-10"},{"lineNumber":11,"author":{"gitId":"ishitamandal06"},"content":"    }","lastModifiedDate":"2022-10-10"},{"lineNumber":12,"author":{"gitId":"ishitamandal06"},"content":"","lastModifiedDate":"2022-10-10"},{"lineNumber":13,"author":{"gitId":"ishitamandal06"},"content":"    @Override","lastModifiedDate":"2022-10-10"},{"lineNumber":14,"author":{"gitId":"ishitamandal06"},"content":"    public boolean checkExit() {","lastModifiedDate":"2022-10-10"},{"lineNumber":15,"author":{"gitId":"ishitamandal06"},"content":"        return true;","lastModifiedDate":"2022-10-10"},{"lineNumber":16,"author":{"gitId":"ishitamandal06"},"content":"    }","lastModifiedDate":"2022-10-10"},{"lineNumber":17,"author":{"gitId":"ishitamandal06"},"content":"}","lastModifiedDate":"2022-10-10"}],"authorContributionMap":{"ishitamandal06":17}},{"path":"src/main/java/seedu/duke/Mcs.java","fileType":"functional-code","lines":[{"lineNumber":1,"author":{"gitId":"ishitamandal06"},"content":"package seedu.duke;","lastModifiedDate":"2022-10-10"},{"lineNumber":2,"author":{"gitId":"ishitamandal06"},"content":"","lastModifiedDate":"2022-10-10"},{"lineNumber":3,"author":{"gitId":"ishitamandal06"},"content":"public class Mcs extends Command {","lastModifiedDate":"2022-10-10"},{"lineNumber":4,"author":{"gitId":"Brandon-OS"},"content":"    String semester;","lastModifiedDate":"2022-10-12"},{"lineNumber":5,"author":{"gitId":"ishitamandal06"},"content":"    public Mcs(String input) {","lastModifiedDate":"2022-10-10"},{"lineNumber":6,"author":{"gitId":"Brandon-OS"},"content":"        int semIndex \u003d input.indexOf(\"s/\");","lastModifiedDate":"2022-10-12"},{"lineNumber":7,"author":{"gitId":"Brandon-OS"},"content":"        this.semester \u003d input.substring(semIndex + 2);","lastModifiedDate":"2022-10-12"},{"lineNumber":8,"author":{"gitId":"ishitamandal06"},"content":"    }","lastModifiedDate":"2022-10-10"},{"lineNumber":9,"author":{"gitId":"ishitamandal06"},"content":"","lastModifiedDate":"2022-10-10"},{"lineNumber":10,"author":{"gitId":"ishitamandal06"},"content":"    @Override","lastModifiedDate":"2022-10-10"},{"lineNumber":11,"author":{"gitId":"ishitamandal06"},"content":"    public void execute(UI ui, ModuleList modulelist) {","lastModifiedDate":"2022-10-10"},{"lineNumber":12,"author":{"gitId":"Brandon-OS"},"content":"        modulelist.mc(this.semester);","lastModifiedDate":"2022-10-12"},{"lineNumber":13,"author":{"gitId":"ishitamandal06"},"content":"    }","lastModifiedDate":"2022-10-10"},{"lineNumber":14,"author":{"gitId":"ishitamandal06"},"content":"}","lastModifiedDate":"2022-10-10"}],"authorContributionMap":{"ishitamandal06":10,"Brandon-OS":4}},{"path":"src/main/java/seedu/duke/Module.java","fileType":"functional-code","lines":[{"lineNumber":1,"author":{"gitId":"ishitamandal06"},"content":"package seedu.duke;","lastModifiedDate":"2022-10-10"},{"lineNumber":2,"author":{"gitId":"ishitamandal06"},"content":"","lastModifiedDate":"2022-10-10"},{"lineNumber":3,"author":{"gitId":"ishitamandal06"},"content":"public class Module {","lastModifiedDate":"2022-10-10"},{"lineNumber":4,"author":{"gitId":"ishitamandal06"},"content":"","lastModifiedDate":"2022-10-10"},{"lineNumber":5,"author":{"gitId":"ishitamandal06"},"content":"    public String course;","lastModifiedDate":"2022-10-10"},{"lineNumber":6,"author":{"gitId":"ishitamandal06"},"content":"    public String semesterTaken;","lastModifiedDate":"2022-10-10"},{"lineNumber":7,"author":{"gitId":"ishitamandal06"},"content":"    public String grade;","lastModifiedDate":"2022-10-10"},{"lineNumber":8,"author":{"gitId":"ishitamandal06"},"content":"    public int mcs;","lastModifiedDate":"2022-10-10"},{"lineNumber":9,"author":{"gitId":"ishitamandal06"},"content":"","lastModifiedDate":"2022-10-10"},{"lineNumber":10,"author":{"gitId":"ishitamandal06"},"content":"    public Module(){","lastModifiedDate":"2022-10-10"},{"lineNumber":11,"author":{"gitId":"ishitamandal06"},"content":"","lastModifiedDate":"2022-10-10"},{"lineNumber":12,"author":{"gitId":"ishitamandal06"},"content":"    }","lastModifiedDate":"2022-10-10"},{"lineNumber":13,"author":{"gitId":"ishitamandal06"},"content":"    public Module(String course, String semesterTaken, String grade, int mcs) {","lastModifiedDate":"2022-10-10"},{"lineNumber":14,"author":{"gitId":"ishitamandal06"},"content":"        this.course \u003d course;","lastModifiedDate":"2022-10-10"},{"lineNumber":15,"author":{"gitId":"ishitamandal06"},"content":"        this.semesterTaken \u003d semesterTaken;","lastModifiedDate":"2022-10-10"},{"lineNumber":16,"author":{"gitId":"ishitamandal06"},"content":"        this.grade \u003d grade;","lastModifiedDate":"2022-10-10"},{"lineNumber":17,"author":{"gitId":"ishitamandal06"},"content":"        this.mcs \u003d mcs;","lastModifiedDate":"2022-10-10"},{"lineNumber":18,"author":{"gitId":"ishitamandal06"},"content":"    }","lastModifiedDate":"2022-10-10"},{"lineNumber":19,"author":{"gitId":"ishitamandal06"},"content":"","lastModifiedDate":"2022-10-10"},{"lineNumber":20,"author":{"gitId":"ishitamandal06"},"content":"    public String toString() {","lastModifiedDate":"2022-10-10"},{"lineNumber":21,"author":{"gitId":"Brandon-OS"},"content":"        String moduleInformation \u003d this.course + \" \" + this.semesterTaken + \u0027 \u0027","lastModifiedDate":"2022-10-12"},{"lineNumber":22,"author":{"gitId":"Brandon-OS"},"content":"                + this.grade + \u0027 \u0027 + this.mcs;","lastModifiedDate":"2022-10-12"},{"lineNumber":23,"author":{"gitId":"Brandon-OS"},"content":"        return moduleInformation;","lastModifiedDate":"2022-10-12"},{"lineNumber":24,"author":{"gitId":"ishitamandal06"},"content":"    }","lastModifiedDate":"2022-10-10"},{"lineNumber":25,"author":{"gitId":"ishitamandal06"},"content":"","lastModifiedDate":"2022-10-10"},{"lineNumber":26,"author":{"gitId":"Brandon-OS"},"content":"    public String getCourse() { return this.course; }","lastModifiedDate":"2022-10-12"},{"lineNumber":27,"author":{"gitId":"Brandon-OS"},"content":"    public String getSemesterTaken() { return this.semesterTaken; }","lastModifiedDate":"2022-10-12"},{"lineNumber":28,"author":{"gitId":"Brandon-OS"},"content":"    public String getGrade() { return this.grade; }","lastModifiedDate":"2022-10-12"},{"lineNumber":29,"author":{"gitId":"Brandon-OS"},"content":"    public int getMcs() { return this.mcs; }","lastModifiedDate":"2022-10-12"},{"lineNumber":30,"author":{"gitId":"ishitamandal06"},"content":"","lastModifiedDate":"2022-10-10"},{"lineNumber":31,"author":{"gitId":"ishitamandal06"},"content":"}","lastModifiedDate":"2022-10-10"}],"authorContributionMap":{"ishitamandal06":24,"Brandon-OS":7}},{"path":"src/main/java/seedu/duke/ModuleList.java","fileType":"functional-code","lines":[{"lineNumber":1,"author":{"gitId":"ishitamandal06"},"content":"package seedu.duke;","lastModifiedDate":"2022-10-10"},{"lineNumber":2,"author":{"gitId":"ishitamandal06"},"content":"","lastModifiedDate":"2022-10-10"},{"lineNumber":3,"author":{"gitId":"Brandon-OS"},"content":"import java.lang.reflect.Array;","lastModifiedDate":"2022-10-12"},{"lineNumber":4,"author":{"gitId":"ishitamandal06"},"content":"import java.util.ArrayList;","lastModifiedDate":"2022-10-10"},{"lineNumber":5,"author":{"gitId":"ishitamandal06"},"content":"","lastModifiedDate":"2022-10-10"},{"lineNumber":6,"author":{"gitId":"ishitamandal06"},"content":"public class ModuleList {","lastModifiedDate":"2022-10-10"},{"lineNumber":7,"author":{"gitId":"ishitamandal06"},"content":"    public static ArrayList\u003cModule\u003e modules \u003d new ArrayList\u003c\u003e();","lastModifiedDate":"2022-10-10"},{"lineNumber":8,"author":{"gitId":"insafhere"},"content":"    public static int viewCount;","lastModifiedDate":"2022-10-12"},{"lineNumber":9,"author":{"gitId":"insafhere"},"content":"    public static int mcsCount;","lastModifiedDate":"2022-10-12"},{"lineNumber":10,"author":{"gitId":"ishitamandal06"},"content":"","lastModifiedDate":"2022-10-10"},{"lineNumber":11,"author":{"gitId":"Brandon-OS"},"content":"    public static void add(Module mod) {","lastModifiedDate":"2022-10-12"},{"lineNumber":12,"author":{"gitId":"Brandon-OS"},"content":"        modules.add(mod);","lastModifiedDate":"2022-10-12"},{"lineNumber":13,"author":{"gitId":"Brandon-OS"},"content":"        UI.addMessage(mod.getCourse(), mod.getSemesterTaken(), mod.getGrade());","lastModifiedDate":"2022-10-12"},{"lineNumber":14,"author":{"gitId":"ishitamandal06"},"content":"    }","lastModifiedDate":"2022-10-10"},{"lineNumber":15,"author":{"gitId":"Brandon-OS"},"content":"    public static void delete(String modCode) {","lastModifiedDate":"2022-10-12"},{"lineNumber":16,"author":{"gitId":"Brandon-OS"},"content":"        int indexCounter \u003d 0;","lastModifiedDate":"2022-10-12"},{"lineNumber":17,"author":{"gitId":"Brandon-OS"},"content":"        for (Module mod : modules) {","lastModifiedDate":"2022-10-12"},{"lineNumber":18,"author":{"gitId":"Brandon-OS"},"content":"            if (mod.course.matches(modCode)) {","lastModifiedDate":"2022-10-12"},{"lineNumber":19,"author":{"gitId":"Brandon-OS"},"content":"                modules.remove(indexCounter);","lastModifiedDate":"2022-10-12"},{"lineNumber":20,"author":{"gitId":"Brandon-OS"},"content":"                UI.deleteMessage(modCode);","lastModifiedDate":"2022-10-12"},{"lineNumber":21,"author":{"gitId":"Brandon-OS"},"content":"                return;","lastModifiedDate":"2022-10-12"},{"lineNumber":22,"author":{"gitId":"ishitamandal06"},"content":"            }","lastModifiedDate":"2022-10-10"},{"lineNumber":23,"author":{"gitId":"Brandon-OS"},"content":"            indexCounter +\u003d 1;","lastModifiedDate":"2022-10-12"},{"lineNumber":24,"author":{"gitId":"ishitamandal06"},"content":"        }","lastModifiedDate":"2022-10-10"},{"lineNumber":25,"author":{"gitId":"Brandon-OS"},"content":"    }","lastModifiedDate":"2022-10-12"},{"lineNumber":26,"author":{"gitId":"Brandon-OS"},"content":"    public static void view(String semester) {","lastModifiedDate":"2022-10-12"},{"lineNumber":27,"author":{"gitId":"Brandon-OS"},"content":"        ArrayList\u003cModule\u003e matchingModules \u003d new ArrayList\u003cModule\u003e();","lastModifiedDate":"2022-10-12"},{"lineNumber":28,"author":{"gitId":"insafhere"},"content":"        viewCount \u003d 0;","lastModifiedDate":"2022-10-12"},{"lineNumber":29,"author":{"gitId":"Brandon-OS"},"content":"        for (Module mod : modules) {","lastModifiedDate":"2022-10-12"},{"lineNumber":30,"author":{"gitId":"Brandon-OS"},"content":"            if (mod.semesterTaken.matches(semester)) {","lastModifiedDate":"2022-10-12"},{"lineNumber":31,"author":{"gitId":"Brandon-OS"},"content":"                matchingModules.add(mod);","lastModifiedDate":"2022-10-12"},{"lineNumber":32,"author":{"gitId":"insafhere"},"content":"                viewCount++;  // increments the count for this particular semester (For JUnit Purpose)","lastModifiedDate":"2022-10-12"},{"lineNumber":33,"author":{"gitId":"Brandon-OS"},"content":"            }","lastModifiedDate":"2022-10-12"},{"lineNumber":34,"author":{"gitId":"Brandon-OS"},"content":"        }","lastModifiedDate":"2022-10-12"},{"lineNumber":35,"author":{"gitId":"Brandon-OS"},"content":"        UI.listMessage(matchingModules, semester);","lastModifiedDate":"2022-10-12"},{"lineNumber":36,"author":{"gitId":"Brandon-OS"},"content":"    }","lastModifiedDate":"2022-10-12"},{"lineNumber":37,"author":{"gitId":"Brandon-OS"},"content":"    public static void mc(String semester) {","lastModifiedDate":"2022-10-12"},{"lineNumber":38,"author":{"gitId":"Brandon-OS"},"content":"        ArrayList\u003cModule\u003e matchingModules \u003d new ArrayList\u003cModule\u003e();","lastModifiedDate":"2022-10-12"},{"lineNumber":39,"author":{"gitId":"insafhere"},"content":"        mcsCount \u003d 0;","lastModifiedDate":"2022-10-12"},{"lineNumber":40,"author":{"gitId":"Brandon-OS"},"content":"        for (Module mod : modules) {","lastModifiedDate":"2022-10-12"},{"lineNumber":41,"author":{"gitId":"Brandon-OS"},"content":"            if (mod.semesterTaken.matches(semester)) {","lastModifiedDate":"2022-10-12"},{"lineNumber":42,"author":{"gitId":"insafhere"},"content":"                System.out.println(\"mcsCount from screeeen?? \" + mcsCount);","lastModifiedDate":"2022-10-12"},{"lineNumber":43,"author":{"gitId":"insafhere"},"content":"                System.out.println(\"mod.mcs from screeeen?? \" + mod.mcs);","lastModifiedDate":"2022-10-12"},{"lineNumber":44,"author":{"gitId":"insafhere"},"content":"                mcsCount \u003d  mcsCount + mod.mcs;","lastModifiedDate":"2022-10-12"},{"lineNumber":45,"author":{"gitId":"Brandon-OS"},"content":"            }","lastModifiedDate":"2022-10-12"},{"lineNumber":46,"author":{"gitId":"Brandon-OS"},"content":"        }","lastModifiedDate":"2022-10-12"},{"lineNumber":47,"author":{"gitId":"insafhere"},"content":"        System.out.println(\"mcsCount from screeeen \" + mcsCount);","lastModifiedDate":"2022-10-12"},{"lineNumber":48,"author":{"gitId":"insafhere"},"content":"        UI.mcMessage(semester, mcsCount);","lastModifiedDate":"2022-10-12"},{"lineNumber":49,"author":{"gitId":"ishitamandal06"},"content":"    }","lastModifiedDate":"2022-10-10"},{"lineNumber":50,"author":{"gitId":"insafhere"},"content":"","lastModifiedDate":"2022-10-12"},{"lineNumber":51,"author":{"gitId":"insafhere"},"content":"    // Returns total number of Modules in modules Array","lastModifiedDate":"2022-10-12"},{"lineNumber":52,"author":{"gitId":"insafhere"},"content":"    public int getCount() {","lastModifiedDate":"2022-10-12"},{"lineNumber":53,"author":{"gitId":"insafhere"},"content":"        return modules.size();","lastModifiedDate":"2022-10-12"},{"lineNumber":54,"author":{"gitId":"insafhere"},"content":"    }","lastModifiedDate":"2022-10-12"},{"lineNumber":55,"author":{"gitId":"insafhere"},"content":"","lastModifiedDate":"2022-10-12"},{"lineNumber":56,"author":{"gitId":"insafhere"},"content":"    // Returns total number of Modules for the recent View command executed","lastModifiedDate":"2022-10-12"},{"lineNumber":57,"author":{"gitId":"insafhere"},"content":"    public int getViewCount() {","lastModifiedDate":"2022-10-12"},{"lineNumber":58,"author":{"gitId":"insafhere"},"content":"        return viewCount;","lastModifiedDate":"2022-10-12"},{"lineNumber":59,"author":{"gitId":"insafhere"},"content":"    }","lastModifiedDate":"2022-10-12"},{"lineNumber":60,"author":{"gitId":"insafhere"},"content":"","lastModifiedDate":"2022-10-12"},{"lineNumber":61,"author":{"gitId":"insafhere"},"content":"    // Returns total number of MCs for the recent mcs command executed","lastModifiedDate":"2022-10-12"},{"lineNumber":62,"author":{"gitId":"insafhere"},"content":"    public int getMcsCount() {","lastModifiedDate":"2022-10-12"},{"lineNumber":63,"author":{"gitId":"insafhere"},"content":"        return mcsCount;","lastModifiedDate":"2022-10-12"},{"lineNumber":64,"author":{"gitId":"insafhere"},"content":"    }","lastModifiedDate":"2022-10-12"},{"lineNumber":65,"author":{"gitId":"insafhere"},"content":"","lastModifiedDate":"2022-10-12"},{"lineNumber":66,"author":{"gitId":"insafhere"},"content":"","lastModifiedDate":"2022-10-12"},{"lineNumber":67,"author":{"gitId":"ishitamandal06"},"content":"}","lastModifiedDate":"2022-10-10"}],"authorContributionMap":{"insafhere":27,"ishitamandal06":12,"Brandon-OS":28}},{"path":"src/main/java/seedu/duke/Parser.java","fileType":"functional-code","lines":[{"lineNumber":1,"author":{"gitId":"ishitamandal06"},"content":"","lastModifiedDate":"2022-10-10"},{"lineNumber":2,"author":{"gitId":"ishitamandal06"},"content":"package seedu.duke;","lastModifiedDate":"2022-10-10"},{"lineNumber":3,"author":{"gitId":"ishitamandal06"},"content":"","lastModifiedDate":"2022-10-10"},{"lineNumber":4,"author":{"gitId":"ishitamandal06"},"content":"public class Parser {","lastModifiedDate":"2022-10-10"},{"lineNumber":5,"author":{"gitId":"ishitamandal06"},"content":"","lastModifiedDate":"2022-10-10"},{"lineNumber":6,"author":{"gitId":"ishitamandal06"},"content":"    public static Command parse(String input) {","lastModifiedDate":"2022-10-10"},{"lineNumber":7,"author":{"gitId":"ishitamandal06"},"content":"        String[] splitText \u003d input.split(\" \");","lastModifiedDate":"2022-10-10"},{"lineNumber":8,"author":{"gitId":"ishitamandal06"},"content":"        switch (splitText[0]) {","lastModifiedDate":"2022-10-10"},{"lineNumber":9,"author":{"gitId":"ishitamandal06"},"content":"            case \"add\":","lastModifiedDate":"2022-10-10"},{"lineNumber":10,"author":{"gitId":"ishitamandal06"},"content":"                return new Add(input);","lastModifiedDate":"2022-10-10"},{"lineNumber":11,"author":{"gitId":"ishitamandal06"},"content":"            case \"delete\":","lastModifiedDate":"2022-10-10"},{"lineNumber":12,"author":{"gitId":"ishitamandal06"},"content":"                return new Delete(input);","lastModifiedDate":"2022-10-10"},{"lineNumber":13,"author":{"gitId":"ishitamandal06"},"content":"            case \"view\":","lastModifiedDate":"2022-10-10"},{"lineNumber":14,"author":{"gitId":"ishitamandal06"},"content":"                return new View(input);","lastModifiedDate":"2022-10-10"},{"lineNumber":15,"author":{"gitId":"ishitamandal06"},"content":"            case \"mcs\":","lastModifiedDate":"2022-10-10"},{"lineNumber":16,"author":{"gitId":"ishitamandal06"},"content":"                return new Mcs(input);","lastModifiedDate":"2022-10-10"},{"lineNumber":17,"author":{"gitId":"ishitamandal06"},"content":"            case \"exit\":","lastModifiedDate":"2022-10-10"},{"lineNumber":18,"author":{"gitId":"ishitamandal06"},"content":"                return new Exit(input);","lastModifiedDate":"2022-10-10"},{"lineNumber":19,"author":{"gitId":"ishitamandal06"},"content":"            default:","lastModifiedDate":"2022-10-10"},{"lineNumber":20,"author":{"gitId":"ishitamandal06"},"content":"                return null;","lastModifiedDate":"2022-10-10"},{"lineNumber":21,"author":{"gitId":"ishitamandal06"},"content":"","lastModifiedDate":"2022-10-10"},{"lineNumber":22,"author":{"gitId":"ishitamandal06"},"content":"        }","lastModifiedDate":"2022-10-10"},{"lineNumber":23,"author":{"gitId":"ishitamandal06"},"content":"    }","lastModifiedDate":"2022-10-10"},{"lineNumber":24,"author":{"gitId":"ishitamandal06"},"content":"","lastModifiedDate":"2022-10-10"},{"lineNumber":25,"author":{"gitId":"ishitamandal06"},"content":"}","lastModifiedDate":"2022-10-10"}],"authorContributionMap":{"ishitamandal06":25}},{"path":"src/main/java/seedu/duke/UI.java","fileType":"functional-code","lines":[{"lineNumber":1,"author":{"gitId":"ishitamandal06"},"content":"package seedu.duke;","lastModifiedDate":"2022-10-10"},{"lineNumber":2,"author":{"gitId":"ishitamandal06"},"content":"","lastModifiedDate":"2022-10-10"},{"lineNumber":3,"author":{"gitId":"Brandon-OS"},"content":"import java.util.ArrayList;","lastModifiedDate":"2022-10-12"},{"lineNumber":4,"author":{"gitId":"ishitamandal06"},"content":"import java.util.Scanner;","lastModifiedDate":"2022-10-10"},{"lineNumber":5,"author":{"gitId":"ishitamandal06"},"content":"","lastModifiedDate":"2022-10-10"},{"lineNumber":6,"author":{"gitId":"ishitamandal06"},"content":"","lastModifiedDate":"2022-10-10"},{"lineNumber":7,"author":{"gitId":"ishitamandal06"},"content":"public class UI {","lastModifiedDate":"2022-10-10"},{"lineNumber":8,"author":{"gitId":"ishitamandal06"},"content":"","lastModifiedDate":"2022-10-10"},{"lineNumber":9,"author":{"gitId":"ishitamandal06"},"content":"    public static String getInput() {","lastModifiedDate":"2022-10-10"},{"lineNumber":10,"author":{"gitId":"ishitamandal06"},"content":"        Scanner in \u003d new Scanner(System.in);","lastModifiedDate":"2022-10-10"},{"lineNumber":11,"author":{"gitId":"ishitamandal06"},"content":"        String input \u003d in.nextLine();","lastModifiedDate":"2022-10-10"},{"lineNumber":12,"author":{"gitId":"ishitamandal06"},"content":"        return input;","lastModifiedDate":"2022-10-10"},{"lineNumber":13,"author":{"gitId":"ishitamandal06"},"content":"    }","lastModifiedDate":"2022-10-10"},{"lineNumber":14,"author":{"gitId":"ishitamandal06"},"content":"","lastModifiedDate":"2022-10-10"},{"lineNumber":15,"author":{"gitId":"ishitamandal06"},"content":"    public static void helloMessage() {","lastModifiedDate":"2022-10-10"},{"lineNumber":16,"author":{"gitId":"Brandon-OS"},"content":"        System.out.println(\"Welcome to PlanIT!\");","lastModifiedDate":"2022-10-12"},{"lineNumber":17,"author":{"gitId":"Brandon-OS"},"content":"        System.out.println(\"Start planning out your 4 years in NUS with us!\");","lastModifiedDate":"2022-10-12"},{"lineNumber":18,"author":{"gitId":"ishitamandal06"},"content":"    }","lastModifiedDate":"2022-10-10"},{"lineNumber":19,"author":{"gitId":"ishitamandal06"},"content":"","lastModifiedDate":"2022-10-10"},{"lineNumber":20,"author":{"gitId":"ishitamandal06"},"content":"    public static void endMessage(){","lastModifiedDate":"2022-10-10"},{"lineNumber":21,"author":{"gitId":"Brandon-OS"},"content":"        System.out.println(\"Thank you for using PlanIT!\");","lastModifiedDate":"2022-10-12"},{"lineNumber":22,"author":{"gitId":"Brandon-OS"},"content":"        System.out.println(\"See you again next time!\");","lastModifiedDate":"2022-10-12"},{"lineNumber":23,"author":{"gitId":"ishitamandal06"},"content":"    }","lastModifiedDate":"2022-10-10"},{"lineNumber":24,"author":{"gitId":"ishitamandal06"},"content":"","lastModifiedDate":"2022-10-10"},{"lineNumber":25,"author":{"gitId":"Brandon-OS"},"content":"    public static void addMessage(String modCode, String semester, String grade) {","lastModifiedDate":"2022-10-12"},{"lineNumber":26,"author":{"gitId":"Brandon-OS"},"content":"        System.out.print(modCode + \" has been added to \" + semester);","lastModifiedDate":"2022-10-12"},{"lineNumber":27,"author":{"gitId":"Brandon-OS"},"content":"        if (grade.matches(\"-\")) {","lastModifiedDate":"2022-10-12"},{"lineNumber":28,"author":{"gitId":"Brandon-OS"},"content":"            System.out.println(\" as incomplete!\");","lastModifiedDate":"2022-10-12"},{"lineNumber":29,"author":{"gitId":"Brandon-OS"},"content":"        } else {","lastModifiedDate":"2022-10-12"},{"lineNumber":30,"author":{"gitId":"Brandon-OS"},"content":"            System.out.println(\" as completed\");","lastModifiedDate":"2022-10-12"},{"lineNumber":31,"author":{"gitId":"ishitamandal06"},"content":"        }","lastModifiedDate":"2022-10-10"},{"lineNumber":32,"author":{"gitId":"ishitamandal06"},"content":"    }","lastModifiedDate":"2022-10-10"},{"lineNumber":33,"author":{"gitId":"Brandon-OS"},"content":"    public static void deleteMessage(String modCode){","lastModifiedDate":"2022-10-12"},{"lineNumber":34,"author":{"gitId":"Brandon-OS"},"content":"        System.out.println(modCode + \" has been deleted from your plan\");","lastModifiedDate":"2022-10-12"},{"lineNumber":35,"author":{"gitId":"ishitamandal06"},"content":"    }","lastModifiedDate":"2022-10-10"},{"lineNumber":36,"author":{"gitId":"Brandon-OS"},"content":"    public static void listMessage(ArrayList\u003cModule\u003e modules, String semester){","lastModifiedDate":"2022-10-12"},{"lineNumber":37,"author":{"gitId":"Brandon-OS"},"content":"        System.out.println(\"These are your mods for \" + semester);","lastModifiedDate":"2022-10-12"},{"lineNumber":38,"author":{"gitId":"Brandon-OS"},"content":"        int counter \u003d 1;","lastModifiedDate":"2022-10-12"},{"lineNumber":39,"author":{"gitId":"Brandon-OS"},"content":"        for (Module mod : modules) {","lastModifiedDate":"2022-10-12"},{"lineNumber":40,"author":{"gitId":"Brandon-OS"},"content":"            System.out.println(counter + \". \" + mod.toString());","lastModifiedDate":"2022-10-12"},{"lineNumber":41,"author":{"gitId":"Brandon-OS"},"content":"            counter +\u003d 1;","lastModifiedDate":"2022-10-12"},{"lineNumber":42,"author":{"gitId":"Brandon-OS"},"content":"        }","lastModifiedDate":"2022-10-12"},{"lineNumber":43,"author":{"gitId":"Brandon-OS"},"content":"    }","lastModifiedDate":"2022-10-12"},{"lineNumber":44,"author":{"gitId":"Brandon-OS"},"content":"    public static void mcMessage(String semester, int mcs){","lastModifiedDate":"2022-10-12"},{"lineNumber":45,"author":{"gitId":"Brandon-OS"},"content":"        System.out.println(\"You have \" + mcs + \" mcs for \" + semester);","lastModifiedDate":"2022-10-12"},{"lineNumber":46,"author":{"gitId":"ishitamandal06"},"content":"    }","lastModifiedDate":"2022-10-10"},{"lineNumber":47,"author":{"gitId":"ishitamandal06"},"content":"","lastModifiedDate":"2022-10-10"},{"lineNumber":48,"author":{"gitId":"ishitamandal06"},"content":"}","lastModifiedDate":"2022-10-10"}],"authorContributionMap":{"ishitamandal06":25,"Brandon-OS":23}},{"path":"src/main/java/seedu/duke/View.java","fileType":"functional-code","lines":[{"lineNumber":1,"author":{"gitId":"ishitamandal06"},"content":"package seedu.duke;","lastModifiedDate":"2022-10-10"},{"lineNumber":2,"author":{"gitId":"ishitamandal06"},"content":"","lastModifiedDate":"2022-10-10"},{"lineNumber":3,"author":{"gitId":"ishitamandal06"},"content":"public class View extends Command {","lastModifiedDate":"2022-10-10"},{"lineNumber":4,"author":{"gitId":"Brandon-OS"},"content":"    String semester;","lastModifiedDate":"2022-10-12"},{"lineNumber":5,"author":{"gitId":"ishitamandal06"},"content":"    public View(String input) {","lastModifiedDate":"2022-10-10"},{"lineNumber":6,"author":{"gitId":"Brandon-OS"},"content":"        int semIndex \u003d input.indexOf(\"s/\");","lastModifiedDate":"2022-10-12"},{"lineNumber":7,"author":{"gitId":"Brandon-OS"},"content":"        this.semester \u003d input.substring(semIndex + 2);","lastModifiedDate":"2022-10-12"},{"lineNumber":8,"author":{"gitId":"ishitamandal06"},"content":"    }","lastModifiedDate":"2022-10-10"},{"lineNumber":9,"author":{"gitId":"ishitamandal06"},"content":"","lastModifiedDate":"2022-10-10"},{"lineNumber":10,"author":{"gitId":"ishitamandal06"},"content":"    @Override","lastModifiedDate":"2022-10-10"},{"lineNumber":11,"author":{"gitId":"ishitamandal06"},"content":"    public void execute(UI ui, ModuleList modulelist) {","lastModifiedDate":"2022-10-10"},{"lineNumber":12,"author":{"gitId":"Brandon-OS"},"content":"        modulelist.view(this.semester);","lastModifiedDate":"2022-10-12"},{"lineNumber":13,"author":{"gitId":"ishitamandal06"},"content":"    }","lastModifiedDate":"2022-10-10"},{"lineNumber":14,"author":{"gitId":"ishitamandal06"},"content":"}","lastModifiedDate":"2022-10-10"}],"authorContributionMap":{"ishitamandal06":10,"Brandon-OS":4}},{"path":"src/test/java/seedu/duke/DukeTest.java","fileType":"test-code","lines":[{"lineNumber":1,"author":{"gitId":"-"},"content":"package seedu.duke;","lastModifiedDate":"2020-05-24"},{"lineNumber":2,"author":{"gitId":"-"},"content":"","lastModifiedDate":"2020-05-24"},{"lineNumber":3,"author":{"gitId":"insafhere"},"content":"import static org.junit.jupiter.api.Assertions.assertEquals;","lastModifiedDate":"2022-10-12"},{"lineNumber":4,"author":{"gitId":"-"},"content":"import static org.junit.jupiter.api.Assertions.assertTrue;","lastModifiedDate":"2020-05-24"},{"lineNumber":5,"author":{"gitId":"-"},"content":"","lastModifiedDate":"2020-05-24"},{"lineNumber":6,"author":{"gitId":"-"},"content":"import org.junit.jupiter.api.Test;","lastModifiedDate":"2020-05-24"},{"lineNumber":7,"author":{"gitId":"-"},"content":"","lastModifiedDate":"2020-05-24"},{"lineNumber":8,"author":{"gitId":"-"},"content":"class DukeTest {","lastModifiedDate":"2020-05-24"},{"lineNumber":9,"author":{"gitId":"insafhere"},"content":"","lastModifiedDate":"2022-10-12"},{"lineNumber":10,"author":{"gitId":"insafhere"},"content":"    @Test","lastModifiedDate":"2022-10-12"},{"lineNumber":11,"author":{"gitId":"insafhere"},"content":"    public void testAdd() {","lastModifiedDate":"2022-10-12"},{"lineNumber":12,"author":{"gitId":"insafhere"},"content":"        System.out.println(\"Running JUnit Test for Add\");","lastModifiedDate":"2022-10-12"},{"lineNumber":13,"author":{"gitId":"insafhere"},"content":"","lastModifiedDate":"2022-10-12"},{"lineNumber":14,"author":{"gitId":"insafhere"},"content":"        // Add - Checks whether a module is being added","lastModifiedDate":"2022-10-12"},{"lineNumber":15,"author":{"gitId":"insafhere"},"content":"","lastModifiedDate":"2022-10-12"},{"lineNumber":16,"author":{"gitId":"insafhere"},"content":"        String input \u003d \"add m/cs2113 s/y1s1 mc/4 g/A+\";","lastModifiedDate":"2022-10-12"},{"lineNumber":17,"author":{"gitId":"insafhere"},"content":"        UI ui \u003d new UI();","lastModifiedDate":"2022-10-12"},{"lineNumber":18,"author":{"gitId":"insafhere"},"content":"        ModuleList modulelist \u003d new ModuleList();","lastModifiedDate":"2022-10-12"},{"lineNumber":19,"author":{"gitId":"insafhere"},"content":"        int initialCount \u003d modulelist.getCount();","lastModifiedDate":"2022-10-12"},{"lineNumber":20,"author":{"gitId":"insafhere"},"content":"","lastModifiedDate":"2022-10-12"},{"lineNumber":21,"author":{"gitId":"insafhere"},"content":"        // Adds a new module","lastModifiedDate":"2022-10-12"},{"lineNumber":22,"author":{"gitId":"insafhere"},"content":"        Command c \u003d Parser.parse(input);","lastModifiedDate":"2022-10-12"},{"lineNumber":23,"author":{"gitId":"insafhere"},"content":"        c.execute(ui, modulelist);","lastModifiedDate":"2022-10-12"},{"lineNumber":24,"author":{"gitId":"insafhere"},"content":"","lastModifiedDate":"2022-10-12"},{"lineNumber":25,"author":{"gitId":"insafhere"},"content":"        // Gets updated count in module list","lastModifiedDate":"2022-10-12"},{"lineNumber":26,"author":{"gitId":"insafhere"},"content":"        int finalCount \u003d modulelist.getCount();","lastModifiedDate":"2022-10-12"},{"lineNumber":27,"author":{"gitId":"insafhere"},"content":"","lastModifiedDate":"2022-10-12"},{"lineNumber":28,"author":{"gitId":"insafhere"},"content":"        // finalCount is supposed to be 1 more than initialCount since 1 module is added","lastModifiedDate":"2022-10-12"},{"lineNumber":29,"author":{"gitId":"insafhere"},"content":"        assertEquals(initialCount + 1,finalCount);","lastModifiedDate":"2022-10-12"},{"lineNumber":30,"author":{"gitId":"insafhere"},"content":"","lastModifiedDate":"2022-10-12"},{"lineNumber":31,"author":{"gitId":"insafhere"},"content":"        // Deletes the module","lastModifiedDate":"2022-10-12"},{"lineNumber":32,"author":{"gitId":"insafhere"},"content":"        String inputDelete \u003d \"delete m/cs2113\";","lastModifiedDate":"2022-10-12"},{"lineNumber":33,"author":{"gitId":"insafhere"},"content":"        c \u003d Parser.parse(inputDelete);","lastModifiedDate":"2022-10-12"},{"lineNumber":34,"author":{"gitId":"insafhere"},"content":"        c.execute(ui, modulelist);","lastModifiedDate":"2022-10-12"},{"lineNumber":35,"author":{"gitId":"insafhere"},"content":"","lastModifiedDate":"2022-10-12"},{"lineNumber":36,"author":{"gitId":"insafhere"},"content":"    }","lastModifiedDate":"2022-10-12"},{"lineNumber":37,"author":{"gitId":"insafhere"},"content":"","lastModifiedDate":"2022-10-12"},{"lineNumber":38,"author":{"gitId":"insafhere"},"content":"    @Test","lastModifiedDate":"2022-10-12"},{"lineNumber":39,"author":{"gitId":"insafhere"},"content":"    public void testDelete() {","lastModifiedDate":"2022-10-12"},{"lineNumber":40,"author":{"gitId":"insafhere"},"content":"        System.out.println(\"Running JUnit Test for Delete\");","lastModifiedDate":"2022-10-12"},{"lineNumber":41,"author":{"gitId":"insafhere"},"content":"","lastModifiedDate":"2022-10-12"},{"lineNumber":42,"author":{"gitId":"insafhere"},"content":"        // Delete - Checks whether a module is being being deleted after being added","lastModifiedDate":"2022-10-12"},{"lineNumber":43,"author":{"gitId":"insafhere"},"content":"","lastModifiedDate":"2022-10-12"},{"lineNumber":44,"author":{"gitId":"insafhere"},"content":"        String inputAdd \u003d \"add m/cs2113 s/y1s1 mc/4 g/A+\";","lastModifiedDate":"2022-10-12"},{"lineNumber":45,"author":{"gitId":"insafhere"},"content":"        String inputDelete \u003d \"delete m/cs2113\";","lastModifiedDate":"2022-10-12"},{"lineNumber":46,"author":{"gitId":"insafhere"},"content":"        UI ui \u003d new UI();","lastModifiedDate":"2022-10-12"},{"lineNumber":47,"author":{"gitId":"insafhere"},"content":"        ModuleList modulelist \u003d new ModuleList();","lastModifiedDate":"2022-10-12"},{"lineNumber":48,"author":{"gitId":"insafhere"},"content":"        int initialCount \u003d modulelist.getCount();","lastModifiedDate":"2022-10-12"},{"lineNumber":49,"author":{"gitId":"insafhere"},"content":"","lastModifiedDate":"2022-10-12"},{"lineNumber":50,"author":{"gitId":"insafhere"},"content":"        // Adds a new module","lastModifiedDate":"2022-10-12"},{"lineNumber":51,"author":{"gitId":"insafhere"},"content":"        Command c \u003d Parser.parse(inputAdd);","lastModifiedDate":"2022-10-12"},{"lineNumber":52,"author":{"gitId":"insafhere"},"content":"        c.execute(ui, modulelist);","lastModifiedDate":"2022-10-12"},{"lineNumber":53,"author":{"gitId":"insafhere"},"content":"","lastModifiedDate":"2022-10-12"},{"lineNumber":54,"author":{"gitId":"insafhere"},"content":"        // Deletes a new module","lastModifiedDate":"2022-10-12"},{"lineNumber":55,"author":{"gitId":"insafhere"},"content":"        c \u003d Parser.parse(inputDelete);","lastModifiedDate":"2022-10-12"},{"lineNumber":56,"author":{"gitId":"insafhere"},"content":"        c.execute(ui, modulelist);","lastModifiedDate":"2022-10-12"},{"lineNumber":57,"author":{"gitId":"insafhere"},"content":"","lastModifiedDate":"2022-10-12"},{"lineNumber":58,"author":{"gitId":"insafhere"},"content":"        // Gets updated count in module list","lastModifiedDate":"2022-10-12"},{"lineNumber":59,"author":{"gitId":"insafhere"},"content":"        int finalCount \u003d modulelist.getCount();","lastModifiedDate":"2022-10-12"},{"lineNumber":60,"author":{"gitId":"insafhere"},"content":"","lastModifiedDate":"2022-10-12"},{"lineNumber":61,"author":{"gitId":"insafhere"},"content":"        // finalCount and initialCount supposed to be same count","lastModifiedDate":"2022-10-12"},{"lineNumber":62,"author":{"gitId":"insafhere"},"content":"        assertEquals(initialCount,finalCount);","lastModifiedDate":"2022-10-12"},{"lineNumber":63,"author":{"gitId":"insafhere"},"content":"    }","lastModifiedDate":"2022-10-12"},{"lineNumber":64,"author":{"gitId":"insafhere"},"content":"","lastModifiedDate":"2022-10-12"},{"lineNumber":65,"author":{"gitId":"-"},"content":"    @Test","lastModifiedDate":"2020-05-24"},{"lineNumber":66,"author":{"gitId":"insafhere"},"content":"    public void testView() {","lastModifiedDate":"2022-10-12"},{"lineNumber":67,"author":{"gitId":"insafhere"},"content":"        System.out.println(\"Running JUnit Test for view\");","lastModifiedDate":"2022-10-12"},{"lineNumber":68,"author":{"gitId":"insafhere"},"content":"","lastModifiedDate":"2022-10-12"},{"lineNumber":69,"author":{"gitId":"insafhere"},"content":"        // View - Checks whether we are able to view the modules taken for semester after adding something","lastModifiedDate":"2022-10-12"},{"lineNumber":70,"author":{"gitId":"insafhere"},"content":"","lastModifiedDate":"2022-10-12"},{"lineNumber":71,"author":{"gitId":"insafhere"},"content":"        String inputAdd \u003d \"add m/cs2113 s/y1s1 mc/4 g/A+\";","lastModifiedDate":"2022-10-12"},{"lineNumber":72,"author":{"gitId":"insafhere"},"content":"        String inputView \u003d \"view s/y1s1\";","lastModifiedDate":"2022-10-12"},{"lineNumber":73,"author":{"gitId":"insafhere"},"content":"        UI ui \u003d new UI();","lastModifiedDate":"2022-10-12"},{"lineNumber":74,"author":{"gitId":"insafhere"},"content":"        ModuleList modulelist \u003d new ModuleList();","lastModifiedDate":"2022-10-12"},{"lineNumber":75,"author":{"gitId":"insafhere"},"content":"","lastModifiedDate":"2022-10-12"},{"lineNumber":76,"author":{"gitId":"insafhere"},"content":"        // Adds a new module","lastModifiedDate":"2022-10-12"},{"lineNumber":77,"author":{"gitId":"insafhere"},"content":"        Command c \u003d Parser.parse(inputAdd);","lastModifiedDate":"2022-10-12"},{"lineNumber":78,"author":{"gitId":"insafhere"},"content":"        c.execute(ui, modulelist);","lastModifiedDate":"2022-10-12"},{"lineNumber":79,"author":{"gitId":"insafhere"},"content":"","lastModifiedDate":"2022-10-12"},{"lineNumber":80,"author":{"gitId":"insafhere"},"content":"        // View modules for semester","lastModifiedDate":"2022-10-12"},{"lineNumber":81,"author":{"gitId":"insafhere"},"content":"        c \u003d Parser.parse(inputView);","lastModifiedDate":"2022-10-12"},{"lineNumber":82,"author":{"gitId":"insafhere"},"content":"        c.execute(ui, modulelist);","lastModifiedDate":"2022-10-12"},{"lineNumber":83,"author":{"gitId":"insafhere"},"content":"","lastModifiedDate":"2022-10-12"},{"lineNumber":84,"author":{"gitId":"insafhere"},"content":"        // Gets updated count in module list","lastModifiedDate":"2022-10-12"},{"lineNumber":85,"author":{"gitId":"insafhere"},"content":"        int viewCount \u003d modulelist.getViewCount();","lastModifiedDate":"2022-10-12"},{"lineNumber":86,"author":{"gitId":"insafhere"},"content":"","lastModifiedDate":"2022-10-12"},{"lineNumber":87,"author":{"gitId":"insafhere"},"content":"        // viewCount should have 1 module","lastModifiedDate":"2022-10-12"},{"lineNumber":88,"author":{"gitId":"insafhere"},"content":"        assertEquals(1, viewCount);","lastModifiedDate":"2022-10-12"},{"lineNumber":89,"author":{"gitId":"insafhere"},"content":"","lastModifiedDate":"2022-10-12"},{"lineNumber":90,"author":{"gitId":"insafhere"},"content":"        // Deletes the module","lastModifiedDate":"2022-10-12"},{"lineNumber":91,"author":{"gitId":"insafhere"},"content":"        String inputDelete \u003d \"delete m/cs2113\";","lastModifiedDate":"2022-10-12"},{"lineNumber":92,"author":{"gitId":"insafhere"},"content":"        c \u003d Parser.parse(inputDelete);","lastModifiedDate":"2022-10-12"},{"lineNumber":93,"author":{"gitId":"insafhere"},"content":"        c.execute(ui, modulelist);","lastModifiedDate":"2022-10-12"},{"lineNumber":94,"author":{"gitId":"insafhere"},"content":"","lastModifiedDate":"2022-10-12"},{"lineNumber":95,"author":{"gitId":"insafhere"},"content":"    }","lastModifiedDate":"2022-10-12"},{"lineNumber":96,"author":{"gitId":"insafhere"},"content":"","lastModifiedDate":"2022-10-12"},{"lineNumber":97,"author":{"gitId":"insafhere"},"content":"    @Test","lastModifiedDate":"2022-10-12"},{"lineNumber":98,"author":{"gitId":"insafhere"},"content":"    public void testMcs() {","lastModifiedDate":"2022-10-12"},{"lineNumber":99,"author":{"gitId":"insafhere"},"content":"        System.out.println(\"Running JUnit Test for mcs\");","lastModifiedDate":"2022-10-12"},{"lineNumber":100,"author":{"gitId":"insafhere"},"content":"","lastModifiedDate":"2022-10-12"},{"lineNumber":101,"author":{"gitId":"insafhere"},"content":"        // mcs - Test whether we are able to view mcs taken for semester after adding something","lastModifiedDate":"2022-10-12"},{"lineNumber":102,"author":{"gitId":"insafhere"},"content":"","lastModifiedDate":"2022-10-12"},{"lineNumber":103,"author":{"gitId":"insafhere"},"content":"        String inputAdd \u003d \"add m/cs2030 s/y2s1 mc/4 g/A+\";","lastModifiedDate":"2022-10-12"},{"lineNumber":104,"author":{"gitId":"insafhere"},"content":"        String inputMcs \u003d \"mcs s/y2s1\";","lastModifiedDate":"2022-10-12"},{"lineNumber":105,"author":{"gitId":"insafhere"},"content":"        UI ui \u003d new UI();","lastModifiedDate":"2022-10-12"},{"lineNumber":106,"author":{"gitId":"insafhere"},"content":"        ModuleList modulelist \u003d new ModuleList();","lastModifiedDate":"2022-10-12"},{"lineNumber":107,"author":{"gitId":"insafhere"},"content":"        int initialMcsCount \u003d modulelist.getMcsCount();","lastModifiedDate":"2022-10-12"},{"lineNumber":108,"author":{"gitId":"insafhere"},"content":"","lastModifiedDate":"2022-10-12"},{"lineNumber":109,"author":{"gitId":"insafhere"},"content":"        // Adds a new module","lastModifiedDate":"2022-10-12"},{"lineNumber":110,"author":{"gitId":"insafhere"},"content":"        Command c \u003d Parser.parse(inputAdd);","lastModifiedDate":"2022-10-12"},{"lineNumber":111,"author":{"gitId":"insafhere"},"content":"        c.execute(ui, modulelist);","lastModifiedDate":"2022-10-12"},{"lineNumber":112,"author":{"gitId":"insafhere"},"content":"","lastModifiedDate":"2022-10-12"},{"lineNumber":113,"author":{"gitId":"insafhere"},"content":"        // View mcs for the module","lastModifiedDate":"2022-10-12"},{"lineNumber":114,"author":{"gitId":"insafhere"},"content":"        c \u003d Parser.parse(inputMcs);","lastModifiedDate":"2022-10-12"},{"lineNumber":115,"author":{"gitId":"insafhere"},"content":"        c.execute(ui, modulelist);","lastModifiedDate":"2022-10-12"},{"lineNumber":116,"author":{"gitId":"insafhere"},"content":"","lastModifiedDate":"2022-10-12"},{"lineNumber":117,"author":{"gitId":"insafhere"},"content":"        // Gets updated MCs count in module list","lastModifiedDate":"2022-10-12"},{"lineNumber":118,"author":{"gitId":"insafhere"},"content":"        int finalMcsCount \u003d modulelist.getMcsCount();","lastModifiedDate":"2022-10-12"},{"lineNumber":119,"author":{"gitId":"insafhere"},"content":"","lastModifiedDate":"2022-10-12"},{"lineNumber":120,"author":{"gitId":"insafhere"},"content":"        // mcsCount supposed to be 4","lastModifiedDate":"2022-10-12"},{"lineNumber":121,"author":{"gitId":"insafhere"},"content":"        assertEquals(4, finalMcsCount);","lastModifiedDate":"2022-10-12"},{"lineNumber":122,"author":{"gitId":"insafhere"},"content":"","lastModifiedDate":"2022-10-12"},{"lineNumber":123,"author":{"gitId":"insafhere"},"content":"        // Deletes the module","lastModifiedDate":"2022-10-12"},{"lineNumber":124,"author":{"gitId":"insafhere"},"content":"        String inputDelete \u003d \"delete m/cs2030\";","lastModifiedDate":"2022-10-12"},{"lineNumber":125,"author":{"gitId":"insafhere"},"content":"        c \u003d Parser.parse(inputDelete);","lastModifiedDate":"2022-10-12"},{"lineNumber":126,"author":{"gitId":"insafhere"},"content":"        c.execute(ui, modulelist);","lastModifiedDate":"2022-10-12"},{"lineNumber":127,"author":{"gitId":"insafhere"},"content":"","lastModifiedDate":"2022-10-12"},{"lineNumber":128,"author":{"gitId":"-"},"content":"    }","lastModifiedDate":"2020-05-24"},{"lineNumber":129,"author":{"gitId":"insafhere"},"content":"","lastModifiedDate":"2022-10-12"},{"lineNumber":130,"author":{"gitId":"-"},"content":"}","lastModifiedDate":"2020-05-24"}],"authorContributionMap":{"insafhere":120,"-":10}}]
