{"authorDailyContributionsMap":{"insafhere":[{"date":"2022-09-29","commitResults":[{"hash":"086c8144fdf74d9c806b47affdda679789b39403","messageTitle":"Changed Line 2","messageBody":"","fileTypesAndContributionMap":{"docs":{"insertions":4,"deletions":4}}}]},{"date":"2022-10-12","commitResults":[{"hash":"78c5685c48826de91debda503e7f1904c781cbf0","messageTitle":"Added JUnit Test","messageBody":"","fileTypesAndContributionMap":{"functional-code":{"insertions":27,"deletions":10},"test-code":{"insertions":120,"deletions":2}}}]},{"date":"2022-10-13","commitResults":[{"hash":"74431abd0e24c448d845cb5e6f6433ba832471ca","messageTitle":"remove random messages","messageBody":"","fileTypesAndContributionMap":{"functional-code":{"insertions":0,"deletions":3}}}]},{"date":"2022-10-20","commitResults":[{"hash":"1593298162b8a2a1e81ceb530d1e594fac274835","messageTitle":"added View in Developer Guide","messageBody":"","fileTypesAndContributionMap":{"docs":{"insertions":44,"deletions":4}}}]},{"date":"2022-10-26","commitResults":[{"hash":"2f689055e022ef31e8063f130afa8318b14b1157","messageTitle":"Added UserGuide","messageBody":"","fileTypesAndContributionMap":{"docs":{"insertions":176,"deletions":18}}}]}],"ishitamandal06":[{"date":"2022-10-10","commitResults":[{"hash":"35831d121ac72319a37bbc60c8216624d200e588","messageTitle":"basic structure","messageBody":"","fileTypesAndContributionMap":{"functional-code":{"insertions":208,"deletions":11}}}]},{"date":"2022-10-13","commitResults":[{"hash":"5637fb6255a3bd9f0f4920f3bd4e3e72ea49cdda","messageTitle":"updated v1","messageBody":"","fileTypesAndContributionMap":{"functional-code":{"insertions":20,"deletions":9}}}]},{"date":"2022-10-17","commitResults":[{"hash":"8f8deb821c334f8ce3bd4f63095f01dbf821a517","messageTitle":"tests","messageBody":"","fileTypesAndContributionMap":{"test-code":{"insertions":29,"deletions":0}}}]},{"date":"2022-10-20","commitResults":[{"hash":"b586b21fa559956af82040f1b27002910f2935f8","messageTitle":"developer guide mcs","messageBody":"","fileTypesAndContributionMap":{"docs":{"insertions":47,"deletions":3}}},{"hash":"6bab83e860d239a167940c5fb6f47f0db1733002","messageTitle":"partial javadoc and uml","messageBody":"","fileTypesAndContributionMap":{"functional-code":{"insertions":130,"deletions":2},"docs":{"insertions":1,"deletions":0}}}]},{"date":"2022-10-23","commitResults":[{"hash":"2cecb45c755738c3d4dcd400b13fea887943519f","messageTitle":"JAVADOC comments","messageBody":"","fileTypesAndContributionMap":{"functional-code":{"insertions":99,"deletions":5}}}]},{"date":"2022-10-28","commitResults":[{"hash":"c0adbcf019e4daeb82fa7c8a818f0048d0deea81","messageTitle":"storage class with javadoc","messageBody":"","fileTypesAndContributionMap":{"functional-code":{"insertions":121,"deletions":4}}}]},{"date":"2022-10-30","commitResults":[{"hash":"e4f288f05c1c04fbb99e28c7dae3c057e57ccc57","messageTitle":"Invalid Mcs","messageBody":"","fileTypesAndContributionMap":{"functional-code":{"insertions":31,"deletions":4}}},{"hash":"b984c21e8ae50033af9bf21fe18725e3d62925b2","messageTitle":"only numeric MC accepted","messageBody":"","fileTypesAndContributionMap":{"functional-code":{"insertions":7,"deletions":0}}}]}],"Brandon-OS":[{"date":"2022-09-29","commitResults":[{"hash":"7fc5103c04396e7fd5c1176831a504d3a9dc82b5","messageTitle":"changed about us","messageBody":"","fileTypesAndContributionMap":{"docs":{"insertions":7,"deletions":7}}}]},{"date":"2022-10-12","commitResults":[{"hash":"eb5ab3326ec31a22b39c8d462bf78509c04591f7","messageTitle":"Finished all functions","messageBody":"","fileTypesAndContributionMap":{"functional-code":{"insertions":94,"deletions":28}}}]},{"date":"2022-10-20","commitResults":[{"hash":"ac592dd69b8a3653458e57978d5f7dfb2da86858","messageTitle":"Added Clss Diagram and delete method paragraph","messageBody":"","fileTypesAndContributionMap":{"docs":{"insertions":120,"deletions":5}}}]},{"date":"2022-10-25","commitResults":[{"hash":"cb1ef0d66dcb4fe8f2488269e197357a6a113fc7","messageTitle":"Added find function","messageBody":"","fileTypesAndContributionMap":{"functional-code":{"insertions":2,"deletions":0}}}]},{"date":"2022-10-26","commitResults":[{"hash":"2e23aa2baf49a942e53d35ea0b45b034b53dbd5d","messageTitle":"added exceptions into find function","messageBody":"","fileTypesAndContributionMap":{"functional-code":{"insertions":60,"deletions":7}}},{"hash":"e1c5d45b224a7fb8ec61f0719542ee4cade12e59","messageTitle":"added checks for NOC and SEP eligibility","messageBody":"","fileTypesAndContributionMap":{"functional-code":{"insertions":2,"deletions":0}}},{"hash":"b8ef50fe590f03919718de37b293714cd990cfc3","messageTitle":"Finished Check Function","messageBody":"","fileTypesAndContributionMap":{"functional-code":{"insertions":174,"deletions":1}}},{"hash":"cdb4c4293aa95db9b214e594c37788277256d14a","messageTitle":"added javadoc comments to find and check commands","messageBody":"","fileTypesAndContributionMap":{"functional-code":{"insertions":58,"deletions":1}}},{"hash":"18bbe39299d8c676c6e0c5ac088d7119948f67f2","messageTitle":"Fixed error with find function","messageBody":"","fileTypesAndContributionMap":{"functional-code":{"insertions":6,"deletions":2}}}]},{"date":"2022-10-27","commitResults":[{"hash":"5b34db4db66414d02cb9401bdcc3653bd780d6b1","messageTitle":"Added lines in DG an changed Class Diagram","messageBody":"","fileTypesAndContributionMap":{"docs":{"insertions":16,"deletions":10}}}]}],"Zhai-Yuxin":[{"date":"2022-09-29","commitResults":[{"hash":"e22ebc6f9b9a7f01c1da20968a4e5d93e1646d96","messageTitle":"change to AboutUs","messageBody":"","fileTypesAndContributionMap":{"docs":{"insertions":7,"deletions":7}}}]},{"date":"2022-10-16","commitResults":[{"hash":"e34d8f2ba9bb427d0f8ff4426755c7e33b983857","messageTitle":"Added exceptions, corrected coding standards and errors, improved logic flow","messageBody":"","fileTypesAndContributionMap":{"functional-code":{"insertions":479,"deletions":155},"other":{"insertions":4,"deletions":4},"test-code":{"insertions":11,"deletions":14}}},{"hash":"3c9428ba6a8ad684ccbe1a3f3dd5c62e28817ccd","messageTitle":"minor edits","messageBody":"","fileTypesAndContributionMap":{"functional-code":{"insertions":18,"deletions":6}}}]},{"date":"2022-10-18","commitResults":[{"hash":"b6acd6debeb979f57b1f174ef61f8501a7daeb25","messageTitle":"updated Junit tests","messageBody":"","fileTypesAndContributionMap":{"functional-code":{"insertions":7,"deletions":1},"test-code":{"insertions":70,"deletions":28}}},{"hash":"e670b468a2e018fb5410d5b4fe004827747e266c","messageTitle":"minor changes in tests","messageBody":"","fileTypesAndContributionMap":{"test-code":{"insertions":3,"deletions":3}}},{"hash":"256e2a6f522ee85ed14bd11568e674a6840b9b4c","messageTitle":"minor edits","messageBody":"","fileTypesAndContributionMap":{"test-code":{"insertions":2,"deletions":2}}},{"hash":"a0193b8c653ad010d887c80d61ea5250fdf391df","messageTitle":"exception to scanner","messageBody":"","fileTypesAndContributionMap":{"functional-code":{"insertions":7,"deletions":1}}}]},{"date":"2022-10-19","commitResults":[{"hash":"7e780a6b1b35b02816b268d78490562eaa674f3e","messageTitle":"Added assertions","messageBody":"","fileTypesAndContributionMap":{"functional-code":{"insertions":15,"deletions":0},"other":{"insertions":1,"deletions":0}}},{"hash":"280e368299c9b09cc6997cd3784b4a78ad39bb31","messageTitle":"Added add feature in DG","messageBody":"","fileTypesAndContributionMap":{"docs":{"insertions":48,"deletions":0}}},{"hash":"2bdea05c4dd234db01a663acac4b18a0f3de8a92","messageTitle":"Added deletion sequence diagram","messageBody":"","fileTypesAndContributionMap":{"docs":{"insertions":48,"deletions":0}}}]},{"date":"2022-10-26","commitResults":[{"hash":"494cfc609c6a9d74ebe7dbd298518d30cdfc22a2","messageTitle":"Added help feature","messageBody":"","fileTypesAndContributionMap":{"functional-code":{"insertions":31,"deletions":0}}},{"hash":"4f66117906b452925cc7625a31edb77b8ad1b336","messageTitle":"edits to find and some javadoc","messageBody":"","fileTypesAndContributionMap":{"functional-code":{"insertions":41,"deletions":28}}},{"hash":"beb02c7d460a64ef45b748cd51ad6175c3464c82","messageTitle":"minor edits","messageBody":"","fileTypesAndContributionMap":{"functional-code":{"insertions":2,"deletions":2}}}]},{"date":"2022-10-27","commitResults":[{"hash":"4fb3007c4c9bdff692740006a4b0b2ba406e08b0","messageTitle":"Updated DG and edited check feature","messageBody":"","fileTypesAndContributionMap":{"functional-code":{"insertions":28,"deletions":37},"docs":{"insertions":169,"deletions":5}}},{"hash":"89668c19c33060bc83de476f81edcf94f48ef1db","messageTitle":"Updates to example i/o in UG","messageBody":"","fileTypesAndContributionMap":{"docs":{"insertions":50,"deletions":0}}}]}]},"authorFileTypeContributionMap":{"insafhere":{"docs":219,"functional-code":22,"test-code":98},"ishitamandal06":{"docs":47,"functional-code":478,"test-code":10},"Brandon-OS":{"docs":129,"functional-code":277,"test-code":0},"Zhai-Yuxin":{"docs":300,"functional-code":586,"test-code":81,"other":1}},"authorContributionVariance":{"insafhere":1367.1537,"ishitamandal06":2210.274,"Brandon-OS":2669.0222,"Zhai-Yuxin":12453.072},"authorDisplayNameMap":{"insafhere":"CS2113-T17-2 MUHA..UDIN","ishitamandal06":"CS2113-T17-2 ISHI..NDAL","Brandon-OS":"CS2113-T17-2 BRAN..ARIF","Zhai-Yuxin":"CS2113-T17-2 ZHAI..UXIN"}}
