[{"path":"build.gradle","fileType":"other","lines":[{"lineNumber":1,"author":{"gitId":"-"},"content":"plugins {","lastModifiedDate":"2020-05-25"},{"lineNumber":2,"author":{"gitId":"-"},"content":"    id \u0027java\u0027","lastModifiedDate":"2020-05-25"},{"lineNumber":3,"author":{"gitId":"-"},"content":"    id \u0027application\u0027","lastModifiedDate":"2020-05-25"},{"lineNumber":4,"author":{"gitId":"-"},"content":"    id \u0027checkstyle\u0027","lastModifiedDate":"2020-05-25"},{"lineNumber":5,"author":{"gitId":"-"},"content":"    id \u0027com.github.johnrengelman.shadow\u0027 version \u00275.1.0\u0027","lastModifiedDate":"2020-05-25"},{"lineNumber":6,"author":{"gitId":"-"},"content":"}","lastModifiedDate":"2020-05-25"},{"lineNumber":7,"author":{"gitId":"-"},"content":"","lastModifiedDate":"2020-05-25"},{"lineNumber":8,"author":{"gitId":"-"},"content":"repositories {","lastModifiedDate":"2020-05-25"},{"lineNumber":9,"author":{"gitId":"-"},"content":"    mavenCentral()","lastModifiedDate":"2020-05-25"},{"lineNumber":10,"author":{"gitId":"-"},"content":"}","lastModifiedDate":"2020-05-25"},{"lineNumber":11,"author":{"gitId":"-"},"content":"","lastModifiedDate":"2020-05-25"},{"lineNumber":12,"author":{"gitId":"-"},"content":"dependencies {","lastModifiedDate":"2020-05-25"},{"lineNumber":13,"author":{"gitId":"matthewphua"},"content":"    implementation \u0027junit:junit:4.13.1\u0027","lastModifiedDate":"2022-10-06"},{"lineNumber":14,"author":{"gitId":"matthewphua"},"content":"    implementation \u0027junit:junit:4.13.1\u0027","lastModifiedDate":"2022-10-06"},{"lineNumber":15,"author":{"gitId":"matthewphua"},"content":"    implementation \u0027junit:junit:4.13.1\u0027","lastModifiedDate":"2022-10-06"},{"lineNumber":16,"author":{"gitId":"-"},"content":"    testImplementation group: \u0027org.junit.jupiter\u0027, name: \u0027junit-jupiter-api\u0027, version: \u00275.5.0\u0027","lastModifiedDate":"2020-05-25"},{"lineNumber":17,"author":{"gitId":"-"},"content":"    testRuntimeOnly group: \u0027org.junit.jupiter\u0027, name: \u0027junit-jupiter-engine\u0027, version: \u00275.5.0\u0027","lastModifiedDate":"2020-05-25"},{"lineNumber":18,"author":{"gitId":"-"},"content":"}","lastModifiedDate":"2020-05-25"},{"lineNumber":19,"author":{"gitId":"-"},"content":"","lastModifiedDate":"2020-05-25"},{"lineNumber":20,"author":{"gitId":"-"},"content":"test {","lastModifiedDate":"2020-05-25"},{"lineNumber":21,"author":{"gitId":"-"},"content":"    useJUnitPlatform()","lastModifiedDate":"2020-05-25"},{"lineNumber":22,"author":{"gitId":"-"},"content":"","lastModifiedDate":"2020-05-25"},{"lineNumber":23,"author":{"gitId":"-"},"content":"    testLogging {","lastModifiedDate":"2020-05-25"},{"lineNumber":24,"author":{"gitId":"-"},"content":"        events \"passed\", \"skipped\", \"failed\"","lastModifiedDate":"2020-05-25"},{"lineNumber":25,"author":{"gitId":"-"},"content":"","lastModifiedDate":"2020-05-25"},{"lineNumber":26,"author":{"gitId":"-"},"content":"        showExceptions true","lastModifiedDate":"2020-05-25"},{"lineNumber":27,"author":{"gitId":"-"},"content":"        exceptionFormat \"full\"","lastModifiedDate":"2020-05-25"},{"lineNumber":28,"author":{"gitId":"-"},"content":"        showCauses true","lastModifiedDate":"2020-05-25"},{"lineNumber":29,"author":{"gitId":"-"},"content":"        showStackTraces true","lastModifiedDate":"2020-05-25"},{"lineNumber":30,"author":{"gitId":"-"},"content":"        showStandardStreams \u003d false","lastModifiedDate":"2020-05-25"},{"lineNumber":31,"author":{"gitId":"-"},"content":"    }","lastModifiedDate":"2020-05-25"},{"lineNumber":32,"author":{"gitId":"-"},"content":"}","lastModifiedDate":"2020-05-25"},{"lineNumber":33,"author":{"gitId":"-"},"content":"","lastModifiedDate":"2020-05-25"},{"lineNumber":34,"author":{"gitId":"-"},"content":"application {","lastModifiedDate":"2020-05-25"},{"lineNumber":35,"author":{"gitId":"-"},"content":"    mainClassName \u003d \"seedu.duke.Duke\"","lastModifiedDate":"2020-05-25"},{"lineNumber":36,"author":{"gitId":"-"},"content":"}","lastModifiedDate":"2020-05-25"},{"lineNumber":37,"author":{"gitId":"-"},"content":"","lastModifiedDate":"2020-05-25"},{"lineNumber":38,"author":{"gitId":"-"},"content":"shadowJar {","lastModifiedDate":"2020-05-25"},{"lineNumber":39,"author":{"gitId":"-"},"content":"    archiveBaseName \u003d \"duke\"","lastModifiedDate":"2020-05-25"},{"lineNumber":40,"author":{"gitId":"-"},"content":"    archiveClassifier \u003d null","lastModifiedDate":"2020-05-25"},{"lineNumber":41,"author":{"gitId":"-"},"content":"}","lastModifiedDate":"2020-05-25"},{"lineNumber":42,"author":{"gitId":"-"},"content":"","lastModifiedDate":"2020-05-25"},{"lineNumber":43,"author":{"gitId":"-"},"content":"checkstyle {","lastModifiedDate":"2020-05-25"},{"lineNumber":44,"author":{"gitId":"-"},"content":"    toolVersion \u003d \u00278.23\u0027","lastModifiedDate":"2020-05-25"},{"lineNumber":45,"author":{"gitId":"-"},"content":"}","lastModifiedDate":"2020-05-25"},{"lineNumber":46,"author":{"gitId":"-"},"content":"","lastModifiedDate":"2020-05-25"},{"lineNumber":47,"author":{"gitId":"-"},"content":"run{","lastModifiedDate":"2020-05-25"},{"lineNumber":48,"author":{"gitId":"-"},"content":"    standardInput \u003d System.in","lastModifiedDate":"2020-05-25"},{"lineNumber":49,"author":{"gitId":"nazrul0"},"content":"    enableAssertions \u003d true","lastModifiedDate":"2022-10-12"},{"lineNumber":50,"author":{"gitId":"-"},"content":"}","lastModifiedDate":"2020-05-25"}],"authorContributionMap":{"matthewphua":3,"-":46,"nazrul0":1}},{"path":"docs/AboutUs.md","fileType":"docs","lines":[{"lineNumber":1,"author":{"gitId":"-"},"content":"# About us","lastModifiedDate":"2020-05-24"},{"lineNumber":2,"author":{"gitId":"-"},"content":"","lastModifiedDate":"2020-05-24"},{"lineNumber":3,"author":{"gitId":"-"},"content":"Display |     Name      |            Github Profile             | Portfolio ","lastModifiedDate":"2020-05-24"},{"lineNumber":4,"author":{"gitId":"-"},"content":"--------|:-------------:|:-------------------------------------:|:---------:","lastModifiedDate":"2022-10-06"},{"lineNumber":5,"author":{"gitId":"nazrul0"},"content":"![](https://via.placeholder.com/100.png?text\u003dPhoto) | Matthew Phua  | [Github](https://github.com/matthewphua) | [Portfolio](docs/team/johndoe.md)","lastModifiedDate":"2022-10-06"},{"lineNumber":6,"author":{"gitId":"nazrul0"},"content":"![](https://via.placeholder.com/100.png?text\u003dPhoto) | Ong Shao Yong | [Github](https://github.com/redders7) | [Portfolio](docs/team/johndoe.md)","lastModifiedDate":"2022-10-06"},{"lineNumber":7,"author":{"gitId":"-"},"content":"![](https://via.placeholder.com/100.png?text\u003dPhoto) |    Jon Joe    |     [Github](https://github.com/)     | [Portfolio](docs/team/johndoe.md)","lastModifiedDate":"2022-10-06"},{"lineNumber":8,"author":{"gitId":"-"},"content":"![](https://via.placeholder.com/100.png?text\u003dPhoto) |   Ron John    |     [Github](https://github.com/)     | [Portfolio](docs/team/johndoe.md)","lastModifiedDate":"2020-05-24"},{"lineNumber":9,"author":{"gitId":"-"},"content":"![](https://via.placeholder.com/100.png?text\u003dPhoto) |   John Roe    |     [Github](https://github.com/)     | [Portfolio](docs/team/johndoe.md)","lastModifiedDate":"2020-05-24"},{"lineNumber":10,"author":{"gitId":"-"},"content":"![](https://via.placeholder.com/100.png?text\u003dPhoto) |    Don Roe    |     [Github](https://github.com/)     | [Portfolio](docs/team/johndoe.md)","lastModifiedDate":"2020-05-24"}],"authorContributionMap":{"-":8,"nazrul0":2}},{"path":"docs/UserGuide.md","fileType":"docs","lines":[{"lineNumber":1,"author":{"gitId":"-"},"content":"# User Guide","lastModifiedDate":"2020-05-24"},{"lineNumber":2,"author":{"gitId":"-"},"content":"","lastModifiedDate":"2020-05-24"},{"lineNumber":3,"author":{"gitId":"-"},"content":"## Introduction","lastModifiedDate":"2020-05-24"},{"lineNumber":4,"author":{"gitId":"-"},"content":"","lastModifiedDate":"2020-05-24"},{"lineNumber":5,"author":{"gitId":"redders7"},"content":"Duke is a movie review allowing you to keep track of movies you have watched!","lastModifiedDate":"2022-10-13"},{"lineNumber":6,"author":{"gitId":"-"},"content":"","lastModifiedDate":"2020-05-24"},{"lineNumber":7,"author":{"gitId":"-"},"content":"## Quick Start","lastModifiedDate":"2020-05-24"},{"lineNumber":8,"author":{"gitId":"-"},"content":"","lastModifiedDate":"2020-05-24"},{"lineNumber":9,"author":{"gitId":"-"},"content":"1. Ensure that you have Java 11 or above installed.","lastModifiedDate":"2020-05-24"},{"lineNumber":10,"author":{"gitId":"redders7"},"content":"2. Down the latest version of `Duke` from [here](https://github.com/AY2223S1-CS2113-T18-1/tp/releases/tag/v1.0).","lastModifiedDate":"2022-10-13"},{"lineNumber":11,"author":{"gitId":"redders7"},"content":"3. Copy the jar file into the folder you want to store your reviews.","lastModifiedDate":"2022-10-13"},{"lineNumber":12,"author":{"gitId":"redders7"},"content":"4. Open terminal application and change directory to the above folder","lastModifiedDate":"2022-10-13"},{"lineNumber":13,"author":{"gitId":"redders7"},"content":"5. Run the jar file by entering java -jar tp.jar into the terminal.","lastModifiedDate":"2022-10-13"},{"lineNumber":14,"author":{"gitId":"-"},"content":"","lastModifiedDate":"2020-05-24"},{"lineNumber":15,"author":{"gitId":"-"},"content":"## Features ","lastModifiedDate":"2020-05-24"},{"lineNumber":16,"author":{"gitId":"-"},"content":"","lastModifiedDate":"2020-05-24"},{"lineNumber":17,"author":{"gitId":"redders7"},"content":"The following features are supported by Duke.","lastModifiedDate":"2022-10-13"},{"lineNumber":18,"author":{"gitId":"-"},"content":"","lastModifiedDate":"2020-05-24"},{"lineNumber":19,"author":{"gitId":"redders7"},"content":"### Adding a movie: `add`","lastModifiedDate":"2022-10-13"},{"lineNumber":20,"author":{"gitId":"redders7"},"content":"Adds a new movie review to your list.","lastModifiedDate":"2022-10-13"},{"lineNumber":21,"author":{"gitId":"-"},"content":"","lastModifiedDate":"2020-05-24"},{"lineNumber":22,"author":{"gitId":"redders7"},"content":"Format: `add /movie \u003ctitle\u003e /review \u003crating\u003e /date \u003cdateWatched\u003e`","lastModifiedDate":"2022-10-13"},{"lineNumber":23,"author":{"gitId":"-"},"content":"","lastModifiedDate":"2020-05-24"},{"lineNumber":24,"author":{"gitId":"-"},"content":"Example of usage: ","lastModifiedDate":"2020-05-24"},{"lineNumber":25,"author":{"gitId":"-"},"content":"","lastModifiedDate":"2020-05-24"},{"lineNumber":26,"author":{"gitId":"redders7"},"content":"`add /movie Harry Potter /review 5.0 /date 10 Oct 2022`","lastModifiedDate":"2022-10-13"},{"lineNumber":27,"author":{"gitId":"redders7"},"content":"","lastModifiedDate":"2022-10-13"},{"lineNumber":28,"author":{"gitId":"redders7"},"content":"### Display movie reviews: `list`","lastModifiedDate":"2022-10-13"},{"lineNumber":29,"author":{"gitId":"redders7"},"content":"Displays all movies you have reviewed.","lastModifiedDate":"2022-10-13"},{"lineNumber":30,"author":{"gitId":"redders7"},"content":"","lastModifiedDate":"2022-10-13"},{"lineNumber":31,"author":{"gitId":"redders7"},"content":"Format: `list`","lastModifiedDate":"2022-10-13"},{"lineNumber":32,"author":{"gitId":"-"},"content":"","lastModifiedDate":"2020-05-24"},{"lineNumber":33,"author":{"gitId":"redders7"},"content":"### Delete a movie: `delete`","lastModifiedDate":"2022-10-13"},{"lineNumber":34,"author":{"gitId":"redders7"},"content":"Removes a movie review from your list.","lastModifiedDate":"2022-10-13"},{"lineNumber":35,"author":{"gitId":"redders7"},"content":"","lastModifiedDate":"2022-10-13"},{"lineNumber":36,"author":{"gitId":"redders7"},"content":"Format: `delete \u003cindex\u003e`","lastModifiedDate":"2022-10-13"},{"lineNumber":37,"author":{"gitId":"-"},"content":"","lastModifiedDate":"2022-10-13"},{"lineNumber":38,"author":{"gitId":"redders7"},"content":"Example of usage:","lastModifiedDate":"2022-10-13"},{"lineNumber":39,"author":{"gitId":"-"},"content":"","lastModifiedDate":"2020-05-24"},{"lineNumber":40,"author":{"gitId":"redders7"},"content":"`delete 1`","lastModifiedDate":"2022-10-13"},{"lineNumber":41,"author":{"gitId":"-"},"content":"","lastModifiedDate":"2020-05-24"},{"lineNumber":42,"author":{"gitId":"redders7"},"content":"### Clear all movie reviews: \u0027clear\u0027","lastModifiedDate":"2022-10-13"},{"lineNumber":43,"author":{"gitId":"redders7"},"content":"Deletes all movie reviews in your list.","lastModifiedDate":"2022-10-13"},{"lineNumber":44,"author":{"gitId":"-"},"content":"","lastModifiedDate":"2020-05-24"},{"lineNumber":45,"author":{"gitId":"redders7"},"content":"Format: `clear`","lastModifiedDate":"2022-10-13"},{"lineNumber":46,"author":{"gitId":"-"},"content":"","lastModifiedDate":"2020-05-24"},{"lineNumber":47,"author":{"gitId":"redders7"},"content":"[//]: # (## Command Summary)","lastModifiedDate":"2022-10-13"},{"lineNumber":48,"author":{"gitId":"-"},"content":"","lastModifiedDate":"2020-05-24"},{"lineNumber":49,"author":{"gitId":"redders7"},"content":"[//]: # ()","lastModifiedDate":"2022-10-13"},{"lineNumber":50,"author":{"gitId":"redders7"},"content":"[//]: # ({Give a \u0027cheat sheet\u0027 of commands here})","lastModifiedDate":"2022-10-13"},{"lineNumber":51,"author":{"gitId":"-"},"content":"","lastModifiedDate":"2020-05-24"},{"lineNumber":52,"author":{"gitId":"redders7"},"content":"[//]: # ()","lastModifiedDate":"2022-10-13"},{"lineNumber":53,"author":{"gitId":"redders7"},"content":"[//]: # (* Add todo `todo n/TODO_NAME d/DEADLINE`)","lastModifiedDate":"2022-10-13"}],"authorContributionMap":{"redders7":29,"-":24}},{"path":"src/main/java/seedu/duke/AddCommand.java","fileType":"functional-code","lines":[{"lineNumber":1,"author":{"gitId":"matthewphua"},"content":"package seedu.duke;","lastModifiedDate":"2022-10-11"},{"lineNumber":2,"author":{"gitId":"matthewphua"},"content":"","lastModifiedDate":"2022-10-11"},{"lineNumber":3,"author":{"gitId":"matthewphua"},"content":"public class AddCommand extends Commands {","lastModifiedDate":"2022-10-11"},{"lineNumber":4,"author":{"gitId":"matthewphua"},"content":"    Media media;","lastModifiedDate":"2022-10-11"},{"lineNumber":5,"author":{"gitId":"matthewphua"},"content":"","lastModifiedDate":"2022-10-11"},{"lineNumber":6,"author":{"gitId":"matthewphua"},"content":"    public AddCommand(ReviewList reviews, Media media) {","lastModifiedDate":"2022-10-11"},{"lineNumber":7,"author":{"gitId":"matthewphua"},"content":"        super(reviews);","lastModifiedDate":"2022-10-11"},{"lineNumber":8,"author":{"gitId":"matthewphua"},"content":"        this.media \u003d media;","lastModifiedDate":"2022-10-11"},{"lineNumber":9,"author":{"gitId":"matthewphua"},"content":"    }","lastModifiedDate":"2022-10-11"},{"lineNumber":10,"author":{"gitId":"matthewphua"},"content":"","lastModifiedDate":"2022-10-11"},{"lineNumber":11,"author":{"gitId":"matthewphua"},"content":"    @Override","lastModifiedDate":"2022-10-11"},{"lineNumber":12,"author":{"gitId":"matthewphua"},"content":"    public String execute() {","lastModifiedDate":"2022-10-11"},{"lineNumber":13,"author":{"gitId":"matthewphua"},"content":"        this.reviewList.add(this.media);","lastModifiedDate":"2022-10-11"},{"lineNumber":14,"author":{"gitId":"matthewphua"},"content":"        return \"\\tGot it. I\u0027ve added the following item to the list:\\n\\t\" + media.toString()","lastModifiedDate":"2022-10-11"},{"lineNumber":15,"author":{"gitId":"matthewphua"},"content":"                + \"\\n\\n\\tNow you have \" + reviewList.inputs.size() + \" reviews in the list.\";","lastModifiedDate":"2022-10-11"},{"lineNumber":16,"author":{"gitId":"matthewphua"},"content":"    }","lastModifiedDate":"2022-10-11"},{"lineNumber":17,"author":{"gitId":"matthewphua"},"content":"","lastModifiedDate":"2022-10-11"},{"lineNumber":18,"author":{"gitId":"matthewphua"},"content":"}","lastModifiedDate":"2022-10-11"}],"authorContributionMap":{"matthewphua":18}},{"path":"src/main/java/seedu/duke/ClearCommand.java","fileType":"functional-code","lines":[{"lineNumber":1,"author":{"gitId":"matthewphua"},"content":"package seedu.duke;","lastModifiedDate":"2022-10-11"},{"lineNumber":2,"author":{"gitId":"matthewphua"},"content":"","lastModifiedDate":"2022-10-11"},{"lineNumber":3,"author":{"gitId":"matthewphua"},"content":"import java.util.ArrayList;","lastModifiedDate":"2022-10-11"},{"lineNumber":4,"author":{"gitId":"matthewphua"},"content":"","lastModifiedDate":"2022-10-11"},{"lineNumber":5,"author":{"gitId":"matthewphua"},"content":"public class ClearCommand extends Commands {","lastModifiedDate":"2022-10-11"},{"lineNumber":6,"author":{"gitId":"matthewphua"},"content":"","lastModifiedDate":"2022-10-11"},{"lineNumber":7,"author":{"gitId":"matthewphua"},"content":"    public ClearCommand(ReviewList reviews) {","lastModifiedDate":"2022-10-11"},{"lineNumber":8,"author":{"gitId":"matthewphua"},"content":"        super(reviews);","lastModifiedDate":"2022-10-11"},{"lineNumber":9,"author":{"gitId":"matthewphua"},"content":"    }","lastModifiedDate":"2022-10-11"},{"lineNumber":10,"author":{"gitId":"matthewphua"},"content":"","lastModifiedDate":"2022-10-11"},{"lineNumber":11,"author":{"gitId":"matthewphua"},"content":"    @Override","lastModifiedDate":"2022-10-11"},{"lineNumber":12,"author":{"gitId":"matthewphua"},"content":"    public String execute() {","lastModifiedDate":"2022-10-11"},{"lineNumber":13,"author":{"gitId":"matthewphua"},"content":"        reviewList.inputs.clear();","lastModifiedDate":"2022-10-11"},{"lineNumber":14,"author":{"gitId":"matthewphua"},"content":"        return \"Your list is now cleared.\";","lastModifiedDate":"2022-10-11"},{"lineNumber":15,"author":{"gitId":"matthewphua"},"content":"    }","lastModifiedDate":"2022-10-11"},{"lineNumber":16,"author":{"gitId":"matthewphua"},"content":"}","lastModifiedDate":"2022-10-11"}],"authorContributionMap":{"matthewphua":16}},{"path":"src/main/java/seedu/duke/Commands.java","fileType":"functional-code","lines":[{"lineNumber":1,"author":{"gitId":"redders7"},"content":"package seedu.duke;","lastModifiedDate":"2022-10-06"},{"lineNumber":2,"author":{"gitId":"redders7"},"content":"","lastModifiedDate":"2022-10-06"},{"lineNumber":3,"author":{"gitId":"nazrul0"},"content":"import java.util.ArrayList;","lastModifiedDate":"2022-10-09"},{"lineNumber":4,"author":{"gitId":"nazrul0"},"content":"","lastModifiedDate":"2022-10-09"},{"lineNumber":5,"author":{"gitId":"redders7"},"content":"public class Commands {","lastModifiedDate":"2022-10-06"},{"lineNumber":6,"author":{"gitId":"matthewphua"},"content":"    protected ReviewList reviewList;","lastModifiedDate":"2022-10-06"},{"lineNumber":7,"author":{"gitId":"matthewphua"},"content":"","lastModifiedDate":"2022-10-06"},{"lineNumber":8,"author":{"gitId":"matthewphua"},"content":"    public Commands(ReviewList reviews) {","lastModifiedDate":"2022-10-06"},{"lineNumber":9,"author":{"gitId":"matthewphua"},"content":"        this.reviewList \u003d reviews;","lastModifiedDate":"2022-10-06"},{"lineNumber":10,"author":{"gitId":"matthewphua"},"content":"    }","lastModifiedDate":"2022-10-06"},{"lineNumber":11,"author":{"gitId":"matthewphua"},"content":"","lastModifiedDate":"2022-10-06"},{"lineNumber":12,"author":{"gitId":"matthewphua"},"content":"    /**","lastModifiedDate":"2022-10-06"},{"lineNumber":13,"author":{"gitId":"matthewphua"},"content":"     * Executes the command and returns the result.","lastModifiedDate":"2022-10-06"},{"lineNumber":14,"author":{"gitId":"matthewphua"},"content":"     *","lastModifiedDate":"2022-10-06"},{"lineNumber":15,"author":{"gitId":"matthewphua"},"content":"     * @return the output message from the command","lastModifiedDate":"2022-10-06"},{"lineNumber":16,"author":{"gitId":"matthewphua"},"content":"     */","lastModifiedDate":"2022-10-06"},{"lineNumber":17,"author":{"gitId":"matthewphua"},"content":"    public String execute() {","lastModifiedDate":"2022-10-06"},{"lineNumber":18,"author":{"gitId":"matthewphua"},"content":"        throw new UnsupportedOperationException(\"This method is to be implemented by child classes\");","lastModifiedDate":"2022-10-06"},{"lineNumber":19,"author":{"gitId":"matthewphua"},"content":"    }","lastModifiedDate":"2022-10-06"},{"lineNumber":20,"author":{"gitId":"matthewphua"},"content":"","lastModifiedDate":"2022-10-06"},{"lineNumber":21,"author":{"gitId":"redders7"},"content":"}","lastModifiedDate":"2022-10-06"}],"authorContributionMap":{"redders7":4,"matthewphua":15,"nazrul0":2}},{"path":"src/main/java/seedu/duke/Duke.java","fileType":"functional-code","lines":[{"lineNumber":1,"author":{"gitId":"-"},"content":"package seedu.duke;","lastModifiedDate":"2020-05-24"},{"lineNumber":2,"author":{"gitId":"-"},"content":"","lastModifiedDate":"2020-05-24"},{"lineNumber":3,"author":{"gitId":"-"},"content":"import java.util.Scanner;","lastModifiedDate":"2020-05-24"},{"lineNumber":4,"author":{"gitId":"-"},"content":"","lastModifiedDate":"2020-05-24"},{"lineNumber":5,"author":{"gitId":"-"},"content":"public class Duke {","lastModifiedDate":"2019-07-29"},{"lineNumber":6,"author":{"gitId":"redders7"},"content":"    private Storage storage;","lastModifiedDate":"2022-10-09"},{"lineNumber":7,"author":{"gitId":"nazrul0"},"content":"    private Ui ui;","lastModifiedDate":"2022-10-12"},{"lineNumber":8,"author":{"gitId":"indraneelrp"},"content":"    private Parser parser;","lastModifiedDate":"2022-10-10"},{"lineNumber":9,"author":{"gitId":"redders7"},"content":"    private ReviewList reviewList;","lastModifiedDate":"2022-10-09"},{"lineNumber":10,"author":{"gitId":"redders7"},"content":"    private String filepath \u003d \"data/reviews.txt\";","lastModifiedDate":"2022-10-09"},{"lineNumber":11,"author":{"gitId":"redders7"},"content":"    ","lastModifiedDate":"2022-10-06"},{"lineNumber":12,"author":{"gitId":"indraneelrp"},"content":"    public Duke() {","lastModifiedDate":"2022-10-10"},{"lineNumber":13,"author":{"gitId":"indraneelrp"},"content":"        // Creating the helper objects that the Duke instance will need","lastModifiedDate":"2022-10-10"},{"lineNumber":14,"author":{"gitId":"nazrul0"},"content":"        ui \u003d new Ui();","lastModifiedDate":"2022-10-12"},{"lineNumber":15,"author":{"gitId":"indraneelrp"},"content":"        reviewList \u003d new ReviewList();","lastModifiedDate":"2022-10-10"},{"lineNumber":16,"author":{"gitId":"indraneelrp"},"content":"        parser \u003d new Parser(reviewList);","lastModifiedDate":"2022-10-10"},{"lineNumber":17,"author":{"gitId":"indraneelrp"},"content":"    }","lastModifiedDate":"2022-10-10"},{"lineNumber":18,"author":{"gitId":"-"},"content":"","lastModifiedDate":"2022-10-10"},{"lineNumber":19,"author":{"gitId":"indraneelrp"},"content":"    public void run() {","lastModifiedDate":"2022-10-10"},{"lineNumber":20,"author":{"gitId":"indraneelrp"},"content":"        ui.greetUser();","lastModifiedDate":"2022-10-10"},{"lineNumber":21,"author":{"gitId":"indraneelrp"},"content":"        Scanner userInputScanner \u003d new Scanner(System.in);         ","lastModifiedDate":"2022-10-10"},{"lineNumber":22,"author":{"gitId":"indraneelrp"},"content":"        ","lastModifiedDate":"2022-10-10"},{"lineNumber":23,"author":{"gitId":"indraneelrp"},"content":"        while (ui.isExit \u003d\u003d false) {","lastModifiedDate":"2022-10-10"},{"lineNumber":24,"author":{"gitId":"indraneelrp"},"content":"            parser.processUserInput(ui.getInput(userInputScanner));","lastModifiedDate":"2022-10-10"},{"lineNumber":25,"author":{"gitId":"indraneelrp"},"content":"        }","lastModifiedDate":"2022-10-10"},{"lineNumber":26,"author":{"gitId":"indraneelrp"},"content":"        ","lastModifiedDate":"2022-10-10"},{"lineNumber":27,"author":{"gitId":"indraneelrp"},"content":"        userInputScanner.close();","lastModifiedDate":"2022-10-10"},{"lineNumber":28,"author":{"gitId":"indraneelrp"},"content":"        ui.printExitGreeting();","lastModifiedDate":"2022-10-10"},{"lineNumber":29,"author":{"gitId":"indraneelrp"},"content":"    }","lastModifiedDate":"2022-10-10"},{"lineNumber":30,"author":{"gitId":"indraneelrp"},"content":"","lastModifiedDate":"2022-10-10"},{"lineNumber":31,"author":{"gitId":"-"},"content":"    public static void main(String[] args) {","lastModifiedDate":"2019-07-29"},{"lineNumber":32,"author":{"gitId":"indraneelrp"},"content":"        new Duke().run();","lastModifiedDate":"2022-10-10"},{"lineNumber":33,"author":{"gitId":"-"},"content":"    }","lastModifiedDate":"2019-07-29"},{"lineNumber":34,"author":{"gitId":"-"},"content":"}","lastModifiedDate":"2019-07-29"}],"authorContributionMap":{"redders7":4,"indraneelrp":19,"-":9,"nazrul0":2}},{"path":"src/main/java/seedu/duke/ListCommand.java","fileType":"functional-code","lines":[{"lineNumber":1,"author":{"gitId":"matthewphua"},"content":"package seedu.duke;","lastModifiedDate":"2022-10-11"},{"lineNumber":2,"author":{"gitId":"matthewphua"},"content":"","lastModifiedDate":"2022-10-11"},{"lineNumber":3,"author":{"gitId":"matthewphua"},"content":"public class ListCommand extends Commands {","lastModifiedDate":"2022-10-11"},{"lineNumber":4,"author":{"gitId":"matthewphua"},"content":"","lastModifiedDate":"2022-10-11"},{"lineNumber":5,"author":{"gitId":"matthewphua"},"content":"    public ListCommand(ReviewList reviews) {","lastModifiedDate":"2022-10-11"},{"lineNumber":6,"author":{"gitId":"matthewphua"},"content":"        super(reviews);","lastModifiedDate":"2022-10-11"},{"lineNumber":7,"author":{"gitId":"matthewphua"},"content":"    }","lastModifiedDate":"2022-10-11"},{"lineNumber":8,"author":{"gitId":"matthewphua"},"content":"","lastModifiedDate":"2022-10-11"},{"lineNumber":9,"author":{"gitId":"matthewphua"},"content":"    @Override","lastModifiedDate":"2022-10-11"},{"lineNumber":10,"author":{"gitId":"matthewphua"},"content":"    public String execute() {","lastModifiedDate":"2022-10-11"},{"lineNumber":11,"author":{"gitId":"matthewphua"},"content":"        String output \u003d \"Here are the reviews in your list:\\n\";","lastModifiedDate":"2022-10-11"},{"lineNumber":12,"author":{"gitId":"matthewphua"},"content":"        for (int i \u003d 0; i \u003c reviewList.inputs.size(); i++) {","lastModifiedDate":"2022-10-11"},{"lineNumber":13,"author":{"gitId":"matthewphua"},"content":"            output +\u003d (i + 1) + \". \" + reviewList.inputs.get(i).toString() + \"\\n\";","lastModifiedDate":"2022-10-11"},{"lineNumber":14,"author":{"gitId":"matthewphua"},"content":"        }","lastModifiedDate":"2022-10-11"},{"lineNumber":15,"author":{"gitId":"matthewphua"},"content":"        output.strip();","lastModifiedDate":"2022-10-11"},{"lineNumber":16,"author":{"gitId":"matthewphua"},"content":"        return output;","lastModifiedDate":"2022-10-11"},{"lineNumber":17,"author":{"gitId":"matthewphua"},"content":"    }","lastModifiedDate":"2022-10-11"},{"lineNumber":18,"author":{"gitId":"matthewphua"},"content":"","lastModifiedDate":"2022-10-11"},{"lineNumber":19,"author":{"gitId":"matthewphua"},"content":"}","lastModifiedDate":"2022-10-11"}],"authorContributionMap":{"matthewphua":19}},{"path":"src/main/java/seedu/duke/Media.java","fileType":"functional-code","lines":[{"lineNumber":1,"author":{"gitId":"redders7"},"content":"package seedu.duke;","lastModifiedDate":"2022-10-06"},{"lineNumber":2,"author":{"gitId":"redders7"},"content":"","lastModifiedDate":"2022-10-06"},{"lineNumber":3,"author":{"gitId":"redders7"},"content":"import java.util.logging.Level;","lastModifiedDate":"2022-10-13"},{"lineNumber":4,"author":{"gitId":"redders7"},"content":"import java.util.logging.Logger;","lastModifiedDate":"2022-10-13"},{"lineNumber":5,"author":{"gitId":"redders7"},"content":"","lastModifiedDate":"2022-10-13"},{"lineNumber":6,"author":{"gitId":"redders7"},"content":"public class Media {","lastModifiedDate":"2022-10-06"},{"lineNumber":7,"author":{"gitId":"redders7"},"content":"    private final Logger logger \u003d Logger.getLogger(\"mediaLog\");","lastModifiedDate":"2022-10-13"},{"lineNumber":8,"author":{"gitId":"redders7"},"content":"    public String title;","lastModifiedDate":"2022-10-09"},{"lineNumber":9,"author":{"gitId":"redders7"},"content":"    public double rating;","lastModifiedDate":"2022-10-09"},{"lineNumber":10,"author":{"gitId":"redders7"},"content":"","lastModifiedDate":"2022-10-09"},{"lineNumber":11,"author":{"gitId":"redders7"},"content":"    /**.","lastModifiedDate":"2022-10-09"},{"lineNumber":12,"author":{"gitId":"redders7"},"content":"     * Creates a new review","lastModifiedDate":"2022-10-09"},{"lineNumber":13,"author":{"gitId":"redders7"},"content":"     * @param title Title of media","lastModifiedDate":"2022-10-09"},{"lineNumber":14,"author":{"gitId":"redders7"},"content":"     * @param rating Rating of media","lastModifiedDate":"2022-10-09"},{"lineNumber":15,"author":{"gitId":"redders7"},"content":"     */","lastModifiedDate":"2022-10-09"},{"lineNumber":16,"author":{"gitId":"redders7"},"content":"    public Media(String title, double rating) {","lastModifiedDate":"2022-10-09"},{"lineNumber":17,"author":{"gitId":"redders7"},"content":"        assert title.length() \u003e 0 : \"Movie title length must be more than 0\";","lastModifiedDate":"2022-10-13"},{"lineNumber":18,"author":{"gitId":"redders7"},"content":"        assert rating \u003e\u003d 0 : \"Minimum rating must be 0\";","lastModifiedDate":"2022-10-13"},{"lineNumber":19,"author":{"gitId":"redders7"},"content":"        this.title \u003d title;","lastModifiedDate":"2022-10-09"},{"lineNumber":20,"author":{"gitId":"redders7"},"content":"        this.rating \u003d rating;","lastModifiedDate":"2022-10-09"},{"lineNumber":21,"author":{"gitId":"redders7"},"content":"        logger.log(Level.INFO,\"Added new Media to list\");","lastModifiedDate":"2022-10-13"},{"lineNumber":22,"author":{"gitId":"redders7"},"content":"    }","lastModifiedDate":"2022-10-09"},{"lineNumber":23,"author":{"gitId":"redders7"},"content":"","lastModifiedDate":"2022-10-09"},{"lineNumber":24,"author":{"gitId":"redders7"},"content":"    /**.","lastModifiedDate":"2022-10-09"},{"lineNumber":25,"author":{"gitId":"redders7"},"content":"     * Formats the review to display as output","lastModifiedDate":"2022-10-09"},{"lineNumber":26,"author":{"gitId":"redders7"},"content":"     * @return Formatted media review","lastModifiedDate":"2022-10-09"},{"lineNumber":27,"author":{"gitId":"redders7"},"content":"     */","lastModifiedDate":"2022-10-09"},{"lineNumber":28,"author":{"gitId":"redders7"},"content":"    public String toString() {","lastModifiedDate":"2022-10-09"},{"lineNumber":29,"author":{"gitId":"redders7"},"content":"        return this.title + \"Rating: \" + this.rating;","lastModifiedDate":"2022-10-09"},{"lineNumber":30,"author":{"gitId":"redders7"},"content":"    }","lastModifiedDate":"2022-10-09"},{"lineNumber":31,"author":{"gitId":"redders7"},"content":"","lastModifiedDate":"2022-10-09"},{"lineNumber":32,"author":{"gitId":"redders7"},"content":"}","lastModifiedDate":"2022-10-06"}],"authorContributionMap":{"redders7":32}},{"path":"src/main/java/seedu/duke/Movie.java","fileType":"functional-code","lines":[{"lineNumber":1,"author":{"gitId":"redders7"},"content":"package seedu.duke;","lastModifiedDate":"2022-10-09"},{"lineNumber":2,"author":{"gitId":"redders7"},"content":"","lastModifiedDate":"2022-10-09"},{"lineNumber":3,"author":{"gitId":"redders7"},"content":"import java.util.logging.Level;","lastModifiedDate":"2022-10-13"},{"lineNumber":4,"author":{"gitId":"redders7"},"content":"import java.util.logging.Logger;","lastModifiedDate":"2022-10-13"},{"lineNumber":5,"author":{"gitId":"redders7"},"content":"","lastModifiedDate":"2022-10-13"},{"lineNumber":6,"author":{"gitId":"redders7"},"content":"public class Movie extends Media {","lastModifiedDate":"2022-10-09"},{"lineNumber":7,"author":{"gitId":"redders7"},"content":"    private static Logger logger \u003d Logger.getLogger(\"MovieLogger\");","lastModifiedDate":"2022-10-13"},{"lineNumber":8,"author":{"gitId":"redders7"},"content":"    public String dateWatched;","lastModifiedDate":"2022-10-09"},{"lineNumber":9,"author":{"gitId":"redders7"},"content":"","lastModifiedDate":"2022-10-09"},{"lineNumber":10,"author":{"gitId":"redders7"},"content":"    /**.","lastModifiedDate":"2022-10-09"},{"lineNumber":11,"author":{"gitId":"redders7"},"content":"     * Creates a new movie review","lastModifiedDate":"2022-10-09"},{"lineNumber":12,"author":{"gitId":"redders7"},"content":"     * @param title Title of movie being reviewed","lastModifiedDate":"2022-10-09"},{"lineNumber":13,"author":{"gitId":"redders7"},"content":"     * @param rating Rating of the movie watched","lastModifiedDate":"2022-10-09"},{"lineNumber":14,"author":{"gitId":"redders7"},"content":"     * @param dateWatched Date movie was watched","lastModifiedDate":"2022-10-09"},{"lineNumber":15,"author":{"gitId":"redders7"},"content":"     */","lastModifiedDate":"2022-10-09"},{"lineNumber":16,"author":{"gitId":"redders7"},"content":"    public Movie(String title, double rating, String dateWatched) {","lastModifiedDate":"2022-10-09"},{"lineNumber":17,"author":{"gitId":"redders7"},"content":"        super(title,rating);","lastModifiedDate":"2022-10-09"},{"lineNumber":18,"author":{"gitId":"redders7"},"content":"        assert title.length() \u003e 0 : \"Movie title length must be more than 0\";","lastModifiedDate":"2022-10-13"},{"lineNumber":19,"author":{"gitId":"redders7"},"content":"        assert rating \u003e\u003d 0 : \"Minimum rating must be 0\";","lastModifiedDate":"2022-10-13"},{"lineNumber":20,"author":{"gitId":"redders7"},"content":"        assert dateWatched.length() \u003e 0 : \"Length of date must be more than 0\";","lastModifiedDate":"2022-10-13"},{"lineNumber":21,"author":{"gitId":"redders7"},"content":"        this.dateWatched \u003d dateWatched;","lastModifiedDate":"2022-10-09"},{"lineNumber":22,"author":{"gitId":"redders7"},"content":"        logger.log(Level.INFO, \"Added movie to list\");","lastModifiedDate":"2022-10-13"},{"lineNumber":23,"author":{"gitId":"redders7"},"content":"    }","lastModifiedDate":"2022-10-09"},{"lineNumber":24,"author":{"gitId":"redders7"},"content":"","lastModifiedDate":"2022-10-09"},{"lineNumber":25,"author":{"gitId":"redders7"},"content":"    @Override","lastModifiedDate":"2022-10-09"},{"lineNumber":26,"author":{"gitId":"redders7"},"content":"    /**","lastModifiedDate":"2022-10-09"},{"lineNumber":27,"author":{"gitId":"redders7"},"content":"     * Formats the movie review to display as output","lastModifiedDate":"2022-10-09"},{"lineNumber":28,"author":{"gitId":"redders7"},"content":"     */","lastModifiedDate":"2022-10-09"},{"lineNumber":29,"author":{"gitId":"redders7"},"content":"    public String toString() {","lastModifiedDate":"2022-10-09"},{"lineNumber":30,"author":{"gitId":"redders7"},"content":"        return \"[Movie] \" + super.toString() + \" Date watched: \" + this.dateWatched;","lastModifiedDate":"2022-10-09"},{"lineNumber":31,"author":{"gitId":"redders7"},"content":"    }","lastModifiedDate":"2022-10-09"},{"lineNumber":32,"author":{"gitId":"redders7"},"content":"","lastModifiedDate":"2022-10-09"},{"lineNumber":33,"author":{"gitId":"redders7"},"content":"}","lastModifiedDate":"2022-10-09"}],"authorContributionMap":{"redders7":33}},{"path":"src/main/java/seedu/duke/Parser.java","fileType":"functional-code","lines":[{"lineNumber":1,"author":{"gitId":"redders7"},"content":"package seedu.duke;","lastModifiedDate":"2022-10-06"},{"lineNumber":2,"author":{"gitId":"redders7"},"content":"","lastModifiedDate":"2022-10-06"},{"lineNumber":3,"author":{"gitId":"nazrul0"},"content":"import java.util.logging.Level;","lastModifiedDate":"2022-10-12"},{"lineNumber":4,"author":{"gitId":"nazrul0"},"content":"import java.util.logging.Logger;","lastModifiedDate":"2022-10-12"},{"lineNumber":5,"author":{"gitId":"nazrul0"},"content":"","lastModifiedDate":"2022-10-12"},{"lineNumber":6,"author":{"gitId":"indraneelrp"},"content":"/*","lastModifiedDate":"2022-10-10"},{"lineNumber":7,"author":{"gitId":"indraneelrp"},"content":" * Resolves the user input into a command to execute","lastModifiedDate":"2022-10-10"},{"lineNumber":8,"author":{"gitId":"indraneelrp"},"content":" */","lastModifiedDate":"2022-10-10"},{"lineNumber":9,"author":{"gitId":"redders7"},"content":"public class Parser {","lastModifiedDate":"2022-10-06"},{"lineNumber":10,"author":{"gitId":"indraneelrp"},"content":"    private Commands executor;","lastModifiedDate":"2022-10-10"},{"lineNumber":11,"author":{"gitId":"matthewphua"},"content":"    private ReviewList mediaList;","lastModifiedDate":"2022-10-11"},{"lineNumber":12,"author":{"gitId":"indraneelrp"},"content":"","lastModifiedDate":"2022-10-10"},{"lineNumber":13,"author":{"gitId":"nazrul0"},"content":"    private static Logger logger \u003d Logger.getLogger(\"ParserClass\");","lastModifiedDate":"2022-10-12"},{"lineNumber":14,"author":{"gitId":"nazrul0"},"content":"","lastModifiedDate":"2022-10-12"},{"lineNumber":15,"author":{"gitId":"indraneelrp"},"content":"    public Parser(ReviewList reviewList) {","lastModifiedDate":"2022-10-10"},{"lineNumber":16,"author":{"gitId":"matthewphua"},"content":"        this.mediaList \u003d reviewList;","lastModifiedDate":"2022-10-11"},{"lineNumber":17,"author":{"gitId":"indraneelrp"},"content":"    }","lastModifiedDate":"2022-10-10"},{"lineNumber":18,"author":{"gitId":"indraneelrp"},"content":"","lastModifiedDate":"2022-10-10"},{"lineNumber":19,"author":{"gitId":"indraneelrp"},"content":"    public void processUserInput(String userInput) {","lastModifiedDate":"2022-10-10"},{"lineNumber":20,"author":{"gitId":"matthewphua"},"content":"        final String listCommand \u003d \"list\";","lastModifiedDate":"2022-10-11"},{"lineNumber":21,"author":{"gitId":"matthewphua"},"content":"        final String addCommand \u003d \"add\";","lastModifiedDate":"2022-10-11"},{"lineNumber":22,"author":{"gitId":"matthewphua"},"content":"        final String deleteCommand \u003d \"delete\";","lastModifiedDate":"2022-10-11"},{"lineNumber":23,"author":{"gitId":"matthewphua"},"content":"        final String clearCommand \u003d \"clear\";","lastModifiedDate":"2022-10-11"},{"lineNumber":24,"author":{"gitId":"matthewphua"},"content":"        final String endCommand \u003d \"bye\";","lastModifiedDate":"2022-10-11"},{"lineNumber":25,"author":{"gitId":"indraneelrp"},"content":"        final String NT \u003d \"\";","lastModifiedDate":"2022-10-10"},{"lineNumber":26,"author":{"gitId":"indraneelrp"},"content":"        ","lastModifiedDate":"2022-10-10"},{"lineNumber":27,"author":{"gitId":"indraneelrp"},"content":"        String[] words \u003d userInput.split(\" \");","lastModifiedDate":"2022-10-10"},{"lineNumber":28,"author":{"gitId":"indraneelrp"},"content":"","lastModifiedDate":"2022-10-10"},{"lineNumber":29,"author":{"gitId":"nazrul0"},"content":"        assert words[0] !\u003d null : \"words[0] is supposed to contain user command\";","lastModifiedDate":"2022-10-12"},{"lineNumber":30,"author":{"gitId":"nazrul0"},"content":"","lastModifiedDate":"2022-10-12"},{"lineNumber":31,"author":{"gitId":"indraneelrp"},"content":"        switch (words[0]) {","lastModifiedDate":"2022-10-10"},{"lineNumber":32,"author":{"gitId":"matthewphua"},"content":"        case endCommand:","lastModifiedDate":"2022-10-11"},{"lineNumber":33,"author":{"gitId":"indraneelrp"},"content":"            break;","lastModifiedDate":"2022-10-10"},{"lineNumber":34,"author":{"gitId":"indraneelrp"},"content":"            ","lastModifiedDate":"2022-10-10"},{"lineNumber":35,"author":{"gitId":"matthewphua"},"content":"        case listCommand:","lastModifiedDate":"2022-10-11"},{"lineNumber":36,"author":{"gitId":"indraneelrp"},"content":"            executeList();","lastModifiedDate":"2022-10-10"},{"lineNumber":37,"author":{"gitId":"indraneelrp"},"content":"            break;","lastModifiedDate":"2022-10-10"},{"lineNumber":38,"author":{"gitId":"indraneelrp"},"content":"    ","lastModifiedDate":"2022-10-10"},{"lineNumber":39,"author":{"gitId":"matthewphua"},"content":"        case addCommand:","lastModifiedDate":"2022-10-11"},{"lineNumber":40,"author":{"gitId":"indraneelrp"},"content":"            executeAdd(userInput);","lastModifiedDate":"2022-10-10"},{"lineNumber":41,"author":{"gitId":"indraneelrp"},"content":"            break;","lastModifiedDate":"2022-10-10"},{"lineNumber":42,"author":{"gitId":"indraneelrp"},"content":"    ","lastModifiedDate":"2022-10-10"},{"lineNumber":43,"author":{"gitId":"matthewphua"},"content":"        case deleteCommand:","lastModifiedDate":"2022-10-11"},{"lineNumber":44,"author":{"gitId":"indraneelrp"},"content":"            executeDelete(words);","lastModifiedDate":"2022-10-10"},{"lineNumber":45,"author":{"gitId":"indraneelrp"},"content":"            break;","lastModifiedDate":"2022-10-10"},{"lineNumber":46,"author":{"gitId":"indraneelrp"},"content":"        ","lastModifiedDate":"2022-10-10"},{"lineNumber":47,"author":{"gitId":"matthewphua"},"content":"        case clearCommand:","lastModifiedDate":"2022-10-11"},{"lineNumber":48,"author":{"gitId":"indraneelrp"},"content":"            executeClear();","lastModifiedDate":"2022-10-10"},{"lineNumber":49,"author":{"gitId":"indraneelrp"},"content":"            break;","lastModifiedDate":"2022-10-10"},{"lineNumber":50,"author":{"gitId":"indraneelrp"},"content":"        ","lastModifiedDate":"2022-10-10"},{"lineNumber":51,"author":{"gitId":"indraneelrp"},"content":"        case NT:","lastModifiedDate":"2022-10-10"},{"lineNumber":52,"author":{"gitId":"indraneelrp"},"content":"        ","lastModifiedDate":"2022-10-10"},{"lineNumber":53,"author":{"gitId":"indraneelrp"},"content":"        default:","lastModifiedDate":"2022-10-10"},{"lineNumber":54,"author":{"gitId":"nazrul0"},"content":"            logger.log(Level.WARNING, \"An unrecognised command was given by the user.\");","lastModifiedDate":"2022-10-12"},{"lineNumber":55,"author":{"gitId":"indraneelrp"},"content":"            System.out.println(\"Unrecognised command\");","lastModifiedDate":"2022-10-10"},{"lineNumber":56,"author":{"gitId":"indraneelrp"},"content":"            break;","lastModifiedDate":"2022-10-10"},{"lineNumber":57,"author":{"gitId":"indraneelrp"},"content":"        }","lastModifiedDate":"2022-10-10"},{"lineNumber":58,"author":{"gitId":"indraneelrp"},"content":"    }","lastModifiedDate":"2022-10-10"},{"lineNumber":59,"author":{"gitId":"indraneelrp"},"content":"","lastModifiedDate":"2022-10-10"},{"lineNumber":60,"author":{"gitId":"indraneelrp"},"content":"    public void executeList() {","lastModifiedDate":"2022-10-10"},{"lineNumber":61,"author":{"gitId":"matthewphua"},"content":"        executor \u003d new ListCommand(mediaList);","lastModifiedDate":"2022-10-11"},{"lineNumber":62,"author":{"gitId":"matthewphua"},"content":"        String output \u003d executor.execute();","lastModifiedDate":"2022-10-11"},{"lineNumber":63,"author":{"gitId":"nazrul0"},"content":"        Ui.print(output);","lastModifiedDate":"2022-10-12"},{"lineNumber":64,"author":{"gitId":"indraneelrp"},"content":"    }","lastModifiedDate":"2022-10-10"},{"lineNumber":65,"author":{"gitId":"indraneelrp"},"content":"","lastModifiedDate":"2022-10-10"},{"lineNumber":66,"author":{"gitId":"indraneelrp"},"content":"    public void executeAdd(String userInput) {","lastModifiedDate":"2022-10-10"},{"lineNumber":67,"author":{"gitId":"indraneelrp"},"content":"        final String movieKeyword \u003d \"/movie\";","lastModifiedDate":"2022-10-10"},{"lineNumber":68,"author":{"gitId":"indraneelrp"},"content":"        final int movieSpacing \u003d 5;","lastModifiedDate":"2022-10-10"},{"lineNumber":69,"author":{"gitId":"indraneelrp"},"content":"        final String ratingKeyword \u003d \"/rating\";","lastModifiedDate":"2022-10-10"},{"lineNumber":70,"author":{"gitId":"indraneelrp"},"content":"        final int ratingSpacing \u003d 6;","lastModifiedDate":"2022-10-10"},{"lineNumber":71,"author":{"gitId":"indraneelrp"},"content":"        final String dateKeyword \u003d \"/date\";","lastModifiedDate":"2022-10-10"},{"lineNumber":72,"author":{"gitId":"indraneelrp"},"content":"        final int dateSpacing \u003d 4;","lastModifiedDate":"2022-10-10"},{"lineNumber":73,"author":{"gitId":"indraneelrp"},"content":"","lastModifiedDate":"2022-10-10"},{"lineNumber":74,"author":{"gitId":"indraneelrp"},"content":"        String[] fields \u003d userInput.split(\"/\");","lastModifiedDate":"2022-10-10"},{"lineNumber":75,"author":{"gitId":"indraneelrp"},"content":"","lastModifiedDate":"2022-10-10"},{"lineNumber":76,"author":{"gitId":"indraneelrp"},"content":"        try {","lastModifiedDate":"2022-10-10"},{"lineNumber":77,"author":{"gitId":"indraneelrp"},"content":"            if (!userInput.contains(movieKeyword)","lastModifiedDate":"2022-10-10"},{"lineNumber":78,"author":{"gitId":"indraneelrp"},"content":"                    || !userInput.contains(ratingKeyword)","lastModifiedDate":"2022-10-10"},{"lineNumber":79,"author":{"gitId":"indraneelrp"},"content":"                    || !userInput.contains(dateKeyword)","lastModifiedDate":"2022-10-10"},{"lineNumber":80,"author":{"gitId":"indraneelrp"},"content":"            ) {","lastModifiedDate":"2022-10-10"},{"lineNumber":81,"author":{"gitId":"indraneelrp"},"content":"                throw new Exception();","lastModifiedDate":"2022-10-10"},{"lineNumber":82,"author":{"gitId":"indraneelrp"},"content":"            } else {","lastModifiedDate":"2022-10-10"},{"lineNumber":83,"author":{"gitId":"indraneelrp"},"content":"                String name \u003d fields[1].substring(movieSpacing);","lastModifiedDate":"2022-10-10"},{"lineNumber":84,"author":{"gitId":"indraneelrp"},"content":"                double rating \u003d Double.parseDouble(fields[2].substring(ratingSpacing));","lastModifiedDate":"2022-10-10"},{"lineNumber":85,"author":{"gitId":"indraneelrp"},"content":"                String date \u003d fields[3].substring(dateSpacing);","lastModifiedDate":"2022-10-10"},{"lineNumber":86,"author":{"gitId":"indraneelrp"},"content":"                ","lastModifiedDate":"2022-10-10"},{"lineNumber":87,"author":{"gitId":"indraneelrp"},"content":"                Movie toAdd \u003d new Movie(name, rating, date);","lastModifiedDate":"2022-10-10"},{"lineNumber":88,"author":{"gitId":"matthewphua"},"content":"                executor \u003d new AddCommand(mediaList, toAdd);","lastModifiedDate":"2022-10-11"},{"lineNumber":89,"author":{"gitId":"matthewphua"},"content":"                String output \u003d executor.execute();","lastModifiedDate":"2022-10-11"},{"lineNumber":90,"author":{"gitId":"nazrul0"},"content":"                Ui.print(output);","lastModifiedDate":"2022-10-12"},{"lineNumber":91,"author":{"gitId":"indraneelrp"},"content":"            }","lastModifiedDate":"2022-10-10"},{"lineNumber":92,"author":{"gitId":"indraneelrp"},"content":"        } catch (Exception e) {","lastModifiedDate":"2022-10-10"},{"lineNumber":93,"author":{"gitId":"indraneelrp"},"content":"            System.out.println(\"\\nIncomplete or wrongly formatted command, try again.\\n\");","lastModifiedDate":"2022-10-10"},{"lineNumber":94,"author":{"gitId":"indraneelrp"},"content":"        }","lastModifiedDate":"2022-10-10"},{"lineNumber":95,"author":{"gitId":"indraneelrp"},"content":"    }","lastModifiedDate":"2022-10-10"},{"lineNumber":96,"author":{"gitId":"indraneelrp"},"content":"","lastModifiedDate":"2022-10-10"},{"lineNumber":97,"author":{"gitId":"indraneelrp"},"content":"    public void executeClear() {","lastModifiedDate":"2022-10-10"},{"lineNumber":98,"author":{"gitId":"matthewphua"},"content":"        executor \u003d new ClearCommand(mediaList);","lastModifiedDate":"2022-10-11"},{"lineNumber":99,"author":{"gitId":"matthewphua"},"content":"        String output \u003d executor.execute();","lastModifiedDate":"2022-10-11"},{"lineNumber":100,"author":{"gitId":"nazrul0"},"content":"        Ui.print(output);","lastModifiedDate":"2022-10-12"},{"lineNumber":101,"author":{"gitId":"indraneelrp"},"content":"    }","lastModifiedDate":"2022-10-10"},{"lineNumber":102,"author":{"gitId":"indraneelrp"},"content":"","lastModifiedDate":"2022-10-10"},{"lineNumber":103,"author":{"gitId":"indraneelrp"},"content":"    public void executeDelete(String[] words) {","lastModifiedDate":"2022-10-10"},{"lineNumber":104,"author":{"gitId":"indraneelrp"},"content":"        try {","lastModifiedDate":"2022-10-10"},{"lineNumber":105,"author":{"gitId":"indraneelrp"},"content":"            if (words.length \u003c\u003d 1) {","lastModifiedDate":"2022-10-10"},{"lineNumber":106,"author":{"gitId":"indraneelrp"},"content":"                throw new Exception();","lastModifiedDate":"2022-10-10"},{"lineNumber":107,"author":{"gitId":"indraneelrp"},"content":"            } else {","lastModifiedDate":"2022-10-10"},{"lineNumber":108,"author":{"gitId":"matthewphua"},"content":"                String index \u003d words[1];","lastModifiedDate":"2022-10-11"},{"lineNumber":109,"author":{"gitId":"matthewphua"},"content":"                int deleteIndex \u003d Integer.parseInt(index) - 1;","lastModifiedDate":"2022-10-11"},{"lineNumber":110,"author":{"gitId":"matthewphua"},"content":"                executor \u003d new RemoveCommand(mediaList, deleteIndex);","lastModifiedDate":"2022-10-11"},{"lineNumber":111,"author":{"gitId":"matthewphua"},"content":"                String output \u003d executor.execute();","lastModifiedDate":"2022-10-11"},{"lineNumber":112,"author":{"gitId":"nazrul0"},"content":"                Ui.print(output);","lastModifiedDate":"2022-10-12"},{"lineNumber":113,"author":{"gitId":"indraneelrp"},"content":"            }","lastModifiedDate":"2022-10-10"},{"lineNumber":114,"author":{"gitId":"indraneelrp"},"content":"        } catch (Exception e) {","lastModifiedDate":"2022-10-10"},{"lineNumber":115,"author":{"gitId":"indraneelrp"},"content":"            System.out.println(\"Wrong Command\\n\");","lastModifiedDate":"2022-10-10"},{"lineNumber":116,"author":{"gitId":"indraneelrp"},"content":"        }","lastModifiedDate":"2022-10-10"},{"lineNumber":117,"author":{"gitId":"indraneelrp"},"content":"","lastModifiedDate":"2022-10-10"},{"lineNumber":118,"author":{"gitId":"indraneelrp"},"content":"    }","lastModifiedDate":"2022-10-10"},{"lineNumber":119,"author":{"gitId":"redders7"},"content":"}","lastModifiedDate":"2022-10-06"}],"authorContributionMap":{"redders7":4,"indraneelrp":81,"matthewphua":22,"nazrul0":12}},{"path":"src/main/java/seedu/duke/RemoveCommand.java","fileType":"functional-code","lines":[{"lineNumber":1,"author":{"gitId":"matthewphua"},"content":"package seedu.duke;","lastModifiedDate":"2022-10-11"},{"lineNumber":2,"author":{"gitId":"matthewphua"},"content":"","lastModifiedDate":"2022-10-11"},{"lineNumber":3,"author":{"gitId":"matthewphua"},"content":"public class RemoveCommand extends Commands {","lastModifiedDate":"2022-10-11"},{"lineNumber":4,"author":{"gitId":"matthewphua"},"content":"    int index;","lastModifiedDate":"2022-10-11"},{"lineNumber":5,"author":{"gitId":"matthewphua"},"content":"","lastModifiedDate":"2022-10-11"},{"lineNumber":6,"author":{"gitId":"matthewphua"},"content":"    public RemoveCommand(ReviewList reviews, int index) {","lastModifiedDate":"2022-10-11"},{"lineNumber":7,"author":{"gitId":"matthewphua"},"content":"        super(reviews);","lastModifiedDate":"2022-10-11"},{"lineNumber":8,"author":{"gitId":"matthewphua"},"content":"        this.index \u003d index;","lastModifiedDate":"2022-10-11"},{"lineNumber":9,"author":{"gitId":"matthewphua"},"content":"    }","lastModifiedDate":"2022-10-11"},{"lineNumber":10,"author":{"gitId":"matthewphua"},"content":"","lastModifiedDate":"2022-10-11"},{"lineNumber":11,"author":{"gitId":"matthewphua"},"content":"    @Override","lastModifiedDate":"2022-10-11"},{"lineNumber":12,"author":{"gitId":"matthewphua"},"content":"    public String execute() {","lastModifiedDate":"2022-10-11"},{"lineNumber":13,"author":{"gitId":"matthewphua"},"content":"        Media deleteMedia \u003d reviewList.inputs.get(index);","lastModifiedDate":"2022-10-11"},{"lineNumber":14,"author":{"gitId":"matthewphua"},"content":"        reviewList.remove(index);","lastModifiedDate":"2022-10-11"},{"lineNumber":15,"author":{"gitId":"matthewphua"},"content":"        return \"Noted. I\u0027ve deleted the following media:\" + \u0027\\n\u0027 + \u0027\\t\u0027 + deleteMedia.toString()","lastModifiedDate":"2022-10-11"},{"lineNumber":16,"author":{"gitId":"matthewphua"},"content":"                + \"\\nNow you have \" + reviewList.inputs.size() + \" reviews in the list.\";","lastModifiedDate":"2022-10-11"},{"lineNumber":17,"author":{"gitId":"matthewphua"},"content":"    }","lastModifiedDate":"2022-10-11"},{"lineNumber":18,"author":{"gitId":"matthewphua"},"content":"","lastModifiedDate":"2022-10-11"},{"lineNumber":19,"author":{"gitId":"matthewphua"},"content":"}","lastModifiedDate":"2022-10-11"}],"authorContributionMap":{"matthewphua":19}},{"path":"src/main/java/seedu/duke/ReviewList.java","fileType":"functional-code","lines":[{"lineNumber":1,"author":{"gitId":"redders7"},"content":"package seedu.duke;","lastModifiedDate":"2022-10-06"},{"lineNumber":2,"author":{"gitId":"redders7"},"content":"","lastModifiedDate":"2022-10-06"},{"lineNumber":3,"author":{"gitId":"matthewphua"},"content":"import java.util.ArrayList;","lastModifiedDate":"2022-10-06"},{"lineNumber":4,"author":{"gitId":"matthewphua"},"content":"","lastModifiedDate":"2022-10-06"},{"lineNumber":5,"author":{"gitId":"redders7"},"content":"public class ReviewList {","lastModifiedDate":"2022-10-06"},{"lineNumber":6,"author":{"gitId":"matthewphua"},"content":"    protected ArrayList\u003cMedia\u003e inputs;","lastModifiedDate":"2022-10-06"},{"lineNumber":7,"author":{"gitId":"matthewphua"},"content":"","lastModifiedDate":"2022-10-06"},{"lineNumber":8,"author":{"gitId":"matthewphua"},"content":"    public ReviewList() {","lastModifiedDate":"2022-10-06"},{"lineNumber":9,"author":{"gitId":"indraneelrp"},"content":"        this.inputs \u003d new ArrayList\u003cMedia\u003e();","lastModifiedDate":"2022-10-10"},{"lineNumber":10,"author":{"gitId":"matthewphua"},"content":"    }","lastModifiedDate":"2022-10-06"},{"lineNumber":11,"author":{"gitId":"matthewphua"},"content":"","lastModifiedDate":"2022-10-06"},{"lineNumber":12,"author":{"gitId":"matthewphua"},"content":"    public ReviewList(ArrayList\u003cMedia\u003e inputs) {","lastModifiedDate":"2022-10-06"},{"lineNumber":13,"author":{"gitId":"matthewphua"},"content":"        this.inputs \u003d inputs;","lastModifiedDate":"2022-10-06"},{"lineNumber":14,"author":{"gitId":"matthewphua"},"content":"    }","lastModifiedDate":"2022-10-06"},{"lineNumber":15,"author":{"gitId":"matthewphua"},"content":"","lastModifiedDate":"2022-10-06"},{"lineNumber":16,"author":{"gitId":"matthewphua"},"content":"    public void add(Media media) {","lastModifiedDate":"2022-10-06"},{"lineNumber":17,"author":{"gitId":"matthewphua"},"content":"        this.inputs.add(media);","lastModifiedDate":"2022-10-06"},{"lineNumber":18,"author":{"gitId":"matthewphua"},"content":"    }","lastModifiedDate":"2022-10-06"},{"lineNumber":19,"author":{"gitId":"matthewphua"},"content":"","lastModifiedDate":"2022-10-06"},{"lineNumber":20,"author":{"gitId":"matthewphua"},"content":"    public void remove(int index) {","lastModifiedDate":"2022-10-11"},{"lineNumber":21,"author":{"gitId":"matthewphua"},"content":"        this.inputs.remove(index);","lastModifiedDate":"2022-10-11"},{"lineNumber":22,"author":{"gitId":"matthewphua"},"content":"    }","lastModifiedDate":"2022-10-06"},{"lineNumber":23,"author":{"gitId":"matthewphua"},"content":"","lastModifiedDate":"2022-10-06"},{"lineNumber":24,"author":{"gitId":"matthewphua"},"content":"    @Override","lastModifiedDate":"2022-10-06"},{"lineNumber":25,"author":{"gitId":"matthewphua"},"content":"    public String toString() {","lastModifiedDate":"2022-10-06"},{"lineNumber":26,"author":{"gitId":"matthewphua"},"content":"        String output \u003d \"\";","lastModifiedDate":"2022-10-06"},{"lineNumber":27,"author":{"gitId":"matthewphua"},"content":"        for (int i \u003d 0; i \u003c inputs.size(); i++) {","lastModifiedDate":"2022-10-06"},{"lineNumber":28,"author":{"gitId":"matthewphua"},"content":"            output +\u003d (i + 1) + \". \" + inputs.get(i).toString();","lastModifiedDate":"2022-10-06"},{"lineNumber":29,"author":{"gitId":"matthewphua"},"content":"        }","lastModifiedDate":"2022-10-06"},{"lineNumber":30,"author":{"gitId":"matthewphua"},"content":"        return output;","lastModifiedDate":"2022-10-06"},{"lineNumber":31,"author":{"gitId":"matthewphua"},"content":"    }","lastModifiedDate":"2022-10-06"},{"lineNumber":32,"author":{"gitId":"matthewphua"},"content":"","lastModifiedDate":"2022-10-06"},{"lineNumber":33,"author":{"gitId":"redders7"},"content":"}","lastModifiedDate":"2022-10-06"}],"authorContributionMap":{"redders7":4,"indraneelrp":1,"matthewphua":28}},{"path":"src/main/java/seedu/duke/Storage.java","fileType":"functional-code","lines":[{"lineNumber":1,"author":{"gitId":"redders7"},"content":"package seedu.duke;","lastModifiedDate":"2022-10-06"},{"lineNumber":2,"author":{"gitId":"redders7"},"content":"","lastModifiedDate":"2022-10-06"},{"lineNumber":3,"author":{"gitId":"redders7"},"content":"public class Storage {","lastModifiedDate":"2022-10-06"},{"lineNumber":4,"author":{"gitId":"redders7"},"content":"}","lastModifiedDate":"2022-10-06"}],"authorContributionMap":{"redders7":4}},{"path":"src/main/java/seedu/duke/Ui.java","fileType":"functional-code","lines":[{"lineNumber":1,"author":{"gitId":"redders7"},"content":"package seedu.duke;","lastModifiedDate":"2022-10-06"},{"lineNumber":2,"author":{"gitId":"indraneelrp"},"content":"","lastModifiedDate":"2022-10-10"},{"lineNumber":3,"author":{"gitId":"indraneelrp"},"content":"import java.util.Scanner;","lastModifiedDate":"2022-10-10"},{"lineNumber":4,"author":{"gitId":"redders7"},"content":"import java.util.logging.Logger;","lastModifiedDate":"2022-10-13"},{"lineNumber":5,"author":{"gitId":"redders7"},"content":"import java.util.logging.Level;","lastModifiedDate":"2022-10-13"},{"lineNumber":6,"author":{"gitId":"redders7"},"content":"","lastModifiedDate":"2022-10-06"},{"lineNumber":7,"author":{"gitId":"nazrul0"},"content":"public class Ui {","lastModifiedDate":"2022-10-12"},{"lineNumber":8,"author":{"gitId":"redders7"},"content":"    private final Logger logger \u003d Logger.getLogger(\"UILog\");","lastModifiedDate":"2022-10-13"},{"lineNumber":9,"author":{"gitId":"indraneelrp"},"content":"    final String exitTrigger \u003d \"bye\";","lastModifiedDate":"2022-10-10"},{"lineNumber":10,"author":{"gitId":"indraneelrp"},"content":"    protected boolean isExit;","lastModifiedDate":"2022-10-10"},{"lineNumber":11,"author":{"gitId":"indraneelrp"},"content":"    ","lastModifiedDate":"2022-10-10"},{"lineNumber":12,"author":{"gitId":"indraneelrp"},"content":"    public void greetUser() {","lastModifiedDate":"2022-10-10"},{"lineNumber":13,"author":{"gitId":"indraneelrp"},"content":"        String logo \u003d \" ____        _        \\n\"","lastModifiedDate":"2022-10-10"},{"lineNumber":14,"author":{"gitId":"indraneelrp"},"content":"                + \"|  _ \\\\ _   _| | _____ \\n\"","lastModifiedDate":"2022-10-10"},{"lineNumber":15,"author":{"gitId":"indraneelrp"},"content":"                + \"| | | | | | | |/ / _ \\\\\\n\"","lastModifiedDate":"2022-10-10"},{"lineNumber":16,"author":{"gitId":"indraneelrp"},"content":"                + \"| |_| | |_| |   \u003c  __/\\n\"","lastModifiedDate":"2022-10-10"},{"lineNumber":17,"author":{"gitId":"indraneelrp"},"content":"                + \"|____/ \\\\__,_|_|\\\\_\\\\___|\\n\";","lastModifiedDate":"2022-10-10"},{"lineNumber":18,"author":{"gitId":"indraneelrp"},"content":"        System.out.println(\"Welcome to your Movie Reviews bot,\\n\" + logo);","lastModifiedDate":"2022-10-10"},{"lineNumber":19,"author":{"gitId":"redders7"},"content":"        logger.log(Level.INFO, \"Greeted User\");","lastModifiedDate":"2022-10-13"},{"lineNumber":20,"author":{"gitId":"indraneelrp"},"content":"    }","lastModifiedDate":"2022-10-10"},{"lineNumber":21,"author":{"gitId":"indraneelrp"},"content":"","lastModifiedDate":"2022-10-10"},{"lineNumber":22,"author":{"gitId":"indraneelrp"},"content":"    public String getInput(Scanner userInputScanner) {","lastModifiedDate":"2022-10-10"},{"lineNumber":23,"author":{"gitId":"indraneelrp"},"content":"        String userInput \u003d \"\";","lastModifiedDate":"2022-10-10"},{"lineNumber":24,"author":{"gitId":"indraneelrp"},"content":"        ","lastModifiedDate":"2022-10-10"},{"lineNumber":25,"author":{"gitId":"indraneelrp"},"content":"        if (userInputScanner.hasNextLine()) {","lastModifiedDate":"2022-10-10"},{"lineNumber":26,"author":{"gitId":"indraneelrp"},"content":"            userInput \u003d userInputScanner.nextLine();","lastModifiedDate":"2022-10-10"},{"lineNumber":27,"author":{"gitId":"redders7"},"content":"            logger.log(Level.INFO, \"Added new command\");","lastModifiedDate":"2022-10-13"},{"lineNumber":28,"author":{"gitId":"indraneelrp"},"content":"        }","lastModifiedDate":"2022-10-10"},{"lineNumber":29,"author":{"gitId":"indraneelrp"},"content":"","lastModifiedDate":"2022-10-10"},{"lineNumber":30,"author":{"gitId":"indraneelrp"},"content":"        if (userInput.equals(exitTrigger)) {","lastModifiedDate":"2022-10-10"},{"lineNumber":31,"author":{"gitId":"indraneelrp"},"content":"            isExit \u003d true;","lastModifiedDate":"2022-10-10"},{"lineNumber":32,"author":{"gitId":"redders7"},"content":"            logger.log(Level.INFO, \"Exit command given\");","lastModifiedDate":"2022-10-13"},{"lineNumber":33,"author":{"gitId":"indraneelrp"},"content":"        }","lastModifiedDate":"2022-10-10"},{"lineNumber":34,"author":{"gitId":"indraneelrp"},"content":"        ","lastModifiedDate":"2022-10-10"},{"lineNumber":35,"author":{"gitId":"indraneelrp"},"content":"        return userInput;","lastModifiedDate":"2022-10-10"},{"lineNumber":36,"author":{"gitId":"indraneelrp"},"content":"    }","lastModifiedDate":"2022-10-10"},{"lineNumber":37,"author":{"gitId":"indraneelrp"},"content":"","lastModifiedDate":"2022-10-10"},{"lineNumber":38,"author":{"gitId":"nazrul0"},"content":"    public static void print(String toPrint) {","lastModifiedDate":"2022-10-11"},{"lineNumber":39,"author":{"gitId":"nazrul0"},"content":"        System.out.println(toPrint);","lastModifiedDate":"2022-10-11"},{"lineNumber":40,"author":{"gitId":"nazrul0"},"content":"    }","lastModifiedDate":"2022-10-11"},{"lineNumber":41,"author":{"gitId":"nazrul0"},"content":"","lastModifiedDate":"2022-10-11"},{"lineNumber":42,"author":{"gitId":"indraneelrp"},"content":"    public void printExitGreeting() {","lastModifiedDate":"2022-10-10"},{"lineNumber":43,"author":{"gitId":"indraneelrp"},"content":"        System.out.println(\"\\n---------------\\nSee you again!\");","lastModifiedDate":"2022-10-10"},{"lineNumber":44,"author":{"gitId":"indraneelrp"},"content":"    }","lastModifiedDate":"2022-10-10"},{"lineNumber":45,"author":{"gitId":"redders7"},"content":"}","lastModifiedDate":"2022-10-06"}],"authorContributionMap":{"redders7":9,"indraneelrp":31,"nazrul0":5}},{"path":"src/test/java/seedu/duke/AddCommandTest.java","fileType":"test-code","lines":[{"lineNumber":1,"author":{"gitId":"nazrul0"},"content":"package seedu.duke;","lastModifiedDate":"2022-10-12"},{"lineNumber":2,"author":{"gitId":"nazrul0"},"content":"","lastModifiedDate":"2022-10-12"},{"lineNumber":3,"author":{"gitId":"nazrul0"},"content":"import static org.junit.jupiter.api.Assertions.assertEquals;","lastModifiedDate":"2022-10-12"},{"lineNumber":4,"author":{"gitId":"nazrul0"},"content":"","lastModifiedDate":"2022-10-12"},{"lineNumber":5,"author":{"gitId":"nazrul0"},"content":"class AddCommandTest {","lastModifiedDate":"2022-10-12"},{"lineNumber":6,"author":{"gitId":"nazrul0"},"content":"","lastModifiedDate":"2022-10-12"},{"lineNumber":7,"author":{"gitId":"nazrul0"},"content":"}","lastModifiedDate":"2022-10-12"}],"authorContributionMap":{"nazrul0":7}},{"path":"src/test/java/seedu/duke/ClearCommandTest.java","fileType":"test-code","lines":[{"lineNumber":1,"author":{"gitId":"nazrul0"},"content":"package seedu.duke;","lastModifiedDate":"2022-10-12"},{"lineNumber":2,"author":{"gitId":"nazrul0"},"content":"","lastModifiedDate":"2022-10-12"},{"lineNumber":3,"author":{"gitId":"nazrul0"},"content":"import static org.junit.jupiter.api.Assertions.assertEquals;","lastModifiedDate":"2022-10-12"},{"lineNumber":4,"author":{"gitId":"nazrul0"},"content":"","lastModifiedDate":"2022-10-12"},{"lineNumber":5,"author":{"gitId":"nazrul0"},"content":"class ClearCommandTest {","lastModifiedDate":"2022-10-12"},{"lineNumber":6,"author":{"gitId":"nazrul0"},"content":"","lastModifiedDate":"2022-10-12"},{"lineNumber":7,"author":{"gitId":"nazrul0"},"content":"}","lastModifiedDate":"2022-10-12"}],"authorContributionMap":{"nazrul0":7}},{"path":"src/test/java/seedu/duke/CommandsTest.java","fileType":"test-code","lines":[{"lineNumber":1,"author":{"gitId":"nazrul0"},"content":"package seedu.duke;","lastModifiedDate":"2022-10-12"},{"lineNumber":2,"author":{"gitId":"nazrul0"},"content":"","lastModifiedDate":"2022-10-12"},{"lineNumber":3,"author":{"gitId":"nazrul0"},"content":"import static org.junit.jupiter.api.Assertions.assertEquals;","lastModifiedDate":"2022-10-12"},{"lineNumber":4,"author":{"gitId":"nazrul0"},"content":"","lastModifiedDate":"2022-10-12"},{"lineNumber":5,"author":{"gitId":"nazrul0"},"content":"class CommandsTest {","lastModifiedDate":"2022-10-12"},{"lineNumber":6,"author":{"gitId":"nazrul0"},"content":"","lastModifiedDate":"2022-10-12"},{"lineNumber":7,"author":{"gitId":"nazrul0"},"content":"}","lastModifiedDate":"2022-10-12"}],"authorContributionMap":{"nazrul0":7}},{"path":"src/test/java/seedu/duke/ListCommandTest.java","fileType":"test-code","lines":[{"lineNumber":1,"author":{"gitId":"nazrul0"},"content":"package seedu.duke;","lastModifiedDate":"2022-10-12"},{"lineNumber":2,"author":{"gitId":"nazrul0"},"content":"","lastModifiedDate":"2022-10-12"},{"lineNumber":3,"author":{"gitId":"nazrul0"},"content":"import static org.junit.jupiter.api.Assertions.assertEquals;","lastModifiedDate":"2022-10-12"},{"lineNumber":4,"author":{"gitId":"nazrul0"},"content":"","lastModifiedDate":"2022-10-12"},{"lineNumber":5,"author":{"gitId":"nazrul0"},"content":"class ListCommandTest {","lastModifiedDate":"2022-10-12"},{"lineNumber":6,"author":{"gitId":"nazrul0"},"content":"","lastModifiedDate":"2022-10-12"},{"lineNumber":7,"author":{"gitId":"nazrul0"},"content":"}","lastModifiedDate":"2022-10-12"}],"authorContributionMap":{"nazrul0":7}},{"path":"src/test/java/seedu/duke/MediaTest.java","fileType":"test-code","lines":[{"lineNumber":1,"author":{"gitId":"nazrul0"},"content":"package seedu.duke;","lastModifiedDate":"2022-10-12"},{"lineNumber":2,"author":{"gitId":"nazrul0"},"content":"","lastModifiedDate":"2022-10-12"},{"lineNumber":3,"author":{"gitId":"nazrul0"},"content":"import static org.junit.jupiter.api.Assertions.assertEquals;","lastModifiedDate":"2022-10-12"},{"lineNumber":4,"author":{"gitId":"nazrul0"},"content":"","lastModifiedDate":"2022-10-12"},{"lineNumber":5,"author":{"gitId":"nazrul0"},"content":"class MediaTest {","lastModifiedDate":"2022-10-12"},{"lineNumber":6,"author":{"gitId":"nazrul0"},"content":"","lastModifiedDate":"2022-10-12"},{"lineNumber":7,"author":{"gitId":"nazrul0"},"content":"}","lastModifiedDate":"2022-10-12"}],"authorContributionMap":{"nazrul0":7}},{"path":"src/test/java/seedu/duke/MovieTest.java","fileType":"test-code","lines":[{"lineNumber":1,"author":{"gitId":"nazrul0"},"content":"package seedu.duke;","lastModifiedDate":"2022-10-12"},{"lineNumber":2,"author":{"gitId":"nazrul0"},"content":"","lastModifiedDate":"2022-10-12"},{"lineNumber":3,"author":{"gitId":"redders7"},"content":"import org.junit.Test;","lastModifiedDate":"2022-10-13"},{"lineNumber":4,"author":{"gitId":"redders7"},"content":"","lastModifiedDate":"2022-10-13"},{"lineNumber":5,"author":{"gitId":"nazrul0"},"content":"import static org.junit.jupiter.api.Assertions.assertEquals;","lastModifiedDate":"2022-10-12"},{"lineNumber":6,"author":{"gitId":"nazrul0"},"content":"","lastModifiedDate":"2022-10-12"},{"lineNumber":7,"author":{"gitId":"nazrul0"},"content":"class MovieTest {","lastModifiedDate":"2022-10-12"},{"lineNumber":8,"author":{"gitId":"redders7"},"content":"    ReviewList storedReviews \u003d new ReviewList();","lastModifiedDate":"2022-10-13"},{"lineNumber":9,"author":{"gitId":"redders7"},"content":"","lastModifiedDate":"2022-10-13"},{"lineNumber":10,"author":{"gitId":"redders7"},"content":"    @Test","lastModifiedDate":"2022-10-13"},{"lineNumber":11,"author":{"gitId":"redders7"},"content":"    void addMovie_HarryPotter() {","lastModifiedDate":"2022-10-13"},{"lineNumber":12,"author":{"gitId":"redders7"},"content":"        Movie harryPotter \u003d new Movie(\"Harry Potter\",5.0,\"5 Sep 2022\");","lastModifiedDate":"2022-10-13"},{"lineNumber":13,"author":{"gitId":"redders7"},"content":"        storedReviews.add(harryPotter);","lastModifiedDate":"2022-10-13"},{"lineNumber":14,"author":{"gitId":"redders7"},"content":"        Movie assertMovie \u003d (Movie) storedReviews.inputs.get(0);","lastModifiedDate":"2022-10-13"},{"lineNumber":15,"author":{"gitId":"redders7"},"content":"        assertEquals(1,storedReviews.inputs.size());","lastModifiedDate":"2022-10-13"},{"lineNumber":16,"author":{"gitId":"redders7"},"content":"        assertEquals(\"Harry Potter\",assertMovie.title);","lastModifiedDate":"2022-10-13"},{"lineNumber":17,"author":{"gitId":"redders7"},"content":"        assertEquals(\"5.0\",assertMovie.rating);","lastModifiedDate":"2022-10-13"},{"lineNumber":18,"author":{"gitId":"redders7"},"content":"        assertEquals(\"5 Sep 2022\",assertMovie.dateWatched);","lastModifiedDate":"2022-10-13"},{"lineNumber":19,"author":{"gitId":"redders7"},"content":"    }","lastModifiedDate":"2022-10-13"},{"lineNumber":20,"author":{"gitId":"nazrul0"},"content":"}","lastModifiedDate":"2022-10-12"}],"authorContributionMap":{"redders7":14,"nazrul0":6}},{"path":"src/test/java/seedu/duke/ParserTest.java","fileType":"test-code","lines":[{"lineNumber":1,"author":{"gitId":"nazrul0"},"content":"package seedu.duke;","lastModifiedDate":"2022-10-12"},{"lineNumber":2,"author":{"gitId":"nazrul0"},"content":"","lastModifiedDate":"2022-10-12"},{"lineNumber":3,"author":{"gitId":"nazrul0"},"content":"import static org.junit.jupiter.api.Assertions.assertEquals;","lastModifiedDate":"2022-10-12"},{"lineNumber":4,"author":{"gitId":"nazrul0"},"content":"","lastModifiedDate":"2022-10-12"},{"lineNumber":5,"author":{"gitId":"nazrul0"},"content":"class ParserTest {","lastModifiedDate":"2022-10-12"},{"lineNumber":6,"author":{"gitId":"nazrul0"},"content":"","lastModifiedDate":"2022-10-12"},{"lineNumber":7,"author":{"gitId":"nazrul0"},"content":"}","lastModifiedDate":"2022-10-12"}],"authorContributionMap":{"nazrul0":7}},{"path":"src/test/java/seedu/duke/RemoveCommandTest.java","fileType":"test-code","lines":[{"lineNumber":1,"author":{"gitId":"nazrul0"},"content":"package seedu.duke;","lastModifiedDate":"2022-10-12"},{"lineNumber":2,"author":{"gitId":"nazrul0"},"content":"","lastModifiedDate":"2022-10-12"},{"lineNumber":3,"author":{"gitId":"nazrul0"},"content":"import static org.junit.jupiter.api.Assertions.assertEquals;","lastModifiedDate":"2022-10-12"},{"lineNumber":4,"author":{"gitId":"nazrul0"},"content":"","lastModifiedDate":"2022-10-12"},{"lineNumber":5,"author":{"gitId":"nazrul0"},"content":"class RemoveCommandTest {","lastModifiedDate":"2022-10-12"},{"lineNumber":6,"author":{"gitId":"nazrul0"},"content":"","lastModifiedDate":"2022-10-12"},{"lineNumber":7,"author":{"gitId":"nazrul0"},"content":"}","lastModifiedDate":"2022-10-12"}],"authorContributionMap":{"nazrul0":7}},{"path":"src/test/java/seedu/duke/UiTest.java","fileType":"test-code","lines":[{"lineNumber":1,"author":{"gitId":"nazrul0"},"content":"package seedu.duke;","lastModifiedDate":"2022-10-12"},{"lineNumber":2,"author":{"gitId":"nazrul0"},"content":"","lastModifiedDate":"2022-10-12"},{"lineNumber":3,"author":{"gitId":"nazrul0"},"content":"import static org.junit.jupiter.api.Assertions.assertEquals;","lastModifiedDate":"2022-10-12"},{"lineNumber":4,"author":{"gitId":"nazrul0"},"content":"","lastModifiedDate":"2022-10-12"},{"lineNumber":5,"author":{"gitId":"nazrul0"},"content":"@SuppressWarnings(\"checkstyle:AbbreviationAsWordInName\")","lastModifiedDate":"2022-10-12"},{"lineNumber":6,"author":{"gitId":"nazrul0"},"content":"class UiTest {","lastModifiedDate":"2022-10-12"},{"lineNumber":7,"author":{"gitId":"nazrul0"},"content":"","lastModifiedDate":"2022-10-12"},{"lineNumber":8,"author":{"gitId":"nazrul0"},"content":"}","lastModifiedDate":"2022-10-12"}],"authorContributionMap":{"nazrul0":8}}]
