{"authorDailyContributionsMap":{"winston-lim":[{"date":"2022-09-28","commitResults":[{"hash":"78f014ec0392b38e7754256020a349e0a93f1732","messageTitle":"Update README.md","messageBody":"","fileTypesAndContributionMap":{"docs":{"insertions":1,"deletions":1}}}]},{"date":"2022-10-04","commitResults":[{"hash":"7d5972c84e0f6d861582fa97c080ef05052840e5","messageTitle":"Update AboutUs docs","messageBody":"","fileTypesAndContributionMap":{"docs":{"insertions":7,"deletions":7}}},{"hash":"87d8b5742bdcde56453b4381a22a92acf01a35f6","messageTitle":"Revert \"Update AboutUs docs\"","messageBody":"This reverts commit 7d5972c84e0f6d861582fa97c080ef05052840e5.\n","fileTypesAndContributionMap":{"docs":{"insertions":7,"deletions":7}}},{"hash":"4573a92ea33aa836cb51b2e530057eed2d56ac9e","messageTitle":"Update AboutUs docs","messageBody":"","fileTypesAndContributionMap":{"docs":{"insertions":1,"deletions":1}}},{"hash":"9c7c2ddac6d0a4068c5175fe0c3e2342cc074fe6","messageTitle":"Update Portfolio section in AboutUs docs","messageBody":"","fileTypesAndContributionMap":{"docs":{"insertions":7,"deletions":7}}},{"hash":"810c256a03b3970b23b1c207778d65c106987778","messageTitle":"Update profile photo in AboutUs docs","messageBody":"","fileTypesAndContributionMap":{"docs":{"insertions":1,"deletions":1}}}]}],"jorellesee":[{"date":"2022-10-04","commitResults":[{"hash":"a83ddc5976a66df0cc371fec2d465baea06c6f59","messageTitle":"Updated 3rd line of AboutUs.md","messageBody":"","fileTypesAndContributionMap":{"docs":{"insertions":7,"deletions":7}}}]}],"jingwei55":[{"date":"2022-10-04","commitResults":[{"hash":"753307334302b802db4904d340af4c74e9e0df2a","messageTitle":"changed line 1 of About Us","messageBody":"","fileTypesAndContributionMap":{"docs":{"insertions":7,"deletions":7}}}]}],"chiewyx":[{"date":"2022-10-04","commitResults":[{"hash":"75cef591e235101515daf5682243425f0690674e","messageTitle":"updated AboutUs","messageBody":"","fileTypesAndContributionMap":{"docs":{"insertions":7,"deletions":7}}}]}],"bdthanh":[{"date":"2022-10-04","commitResults":[{"hash":"1575bfbfd27eaf39d22e3a4d6b14600f7a75c4a4","messageTitle":"Update bdthanh-AboutUs.md","messageBody":"","fileTypesAndContributionMap":{"docs":{"insertions":7,"deletions":7}}},{"hash":"9d21abef2b4b4aab127a2568e322bc3a9c9830b8","messageTitle":"Update bdthanh-AboutUs.md","messageBody":"","fileTypesAndContributionMap":{"docs":{"insertions":6,"deletions":6}}}]}]},"authorFileTypeContributionMap":{"winston-lim":{"docs":3,"functional-code":0,"test-code":0},"jorellesee":{"docs":2,"functional-code":0,"test-code":0},"jingwei55":{"docs":2,"functional-code":0,"test-code":0},"chiewyx":{"docs":1,"functional-code":0,"test-code":0},"bdthanh":{"docs":0,"functional-code":0,"test-code":0}},"authorContributionVariance":{"winston-lim":105.196686,"jorellesee":9.772853,"jingwei55":9.772853,"chiewyx":9.772853,"bdthanh":33.70637},"authorDisplayNameMap":{"winston-lim":"CS2113-W12-1 WINS..HONG","jorellesee":"CS2113-W12-1 SEE ..ELLE","jingwei55":"CS2113-W12-1 CHIE.. WEI","chiewyx":"CS2113-W12-1 CHIE..IANG","bdthanh":"CS2113-W12-1 BUI ..HANH"}}
