{"authorDailyContributionsMap":{"winston-lim":[{"date":"2022-09-28","commitResults":[{"hash":"78f014ec0392b38e7754256020a349e0a93f1732","messageTitle":"Update README.md","messageBody":"","fileTypesAndContributionMap":{"docs":{"insertions":1,"deletions":1}}}]},{"date":"2022-10-04","commitResults":[{"hash":"7d5972c84e0f6d861582fa97c080ef05052840e5","messageTitle":"Update AboutUs docs","messageBody":"","fileTypesAndContributionMap":{"docs":{"insertions":7,"deletions":7}}},{"hash":"87d8b5742bdcde56453b4381a22a92acf01a35f6","messageTitle":"Revert \"Update AboutUs docs\"","messageBody":"This reverts commit 7d5972c84e0f6d861582fa97c080ef05052840e5.\n","fileTypesAndContributionMap":{"docs":{"insertions":7,"deletions":7}}},{"hash":"4573a92ea33aa836cb51b2e530057eed2d56ac9e","messageTitle":"Update AboutUs docs","messageBody":"","fileTypesAndContributionMap":{"docs":{"insertions":1,"deletions":1}}},{"hash":"9c7c2ddac6d0a4068c5175fe0c3e2342cc074fe6","messageTitle":"Update Portfolio section in AboutUs docs","messageBody":"","fileTypesAndContributionMap":{"docs":{"insertions":7,"deletions":7}}},{"hash":"810c256a03b3970b23b1c207778d65c106987778","messageTitle":"Update profile photo in AboutUs docs","messageBody":"","fileTypesAndContributionMap":{"docs":{"insertions":1,"deletions":1}}}]},{"date":"2022-10-09","commitResults":[{"hash":"aa7ba531019955e5241826182565d33558a36392","messageTitle":"Update to latest","messageBody":"","fileTypesAndContributionMap":{"functional-code":{"insertions":533,"deletions":65},"other":{"insertions":0,"deletions":1},"test-code":{"insertions":1,"deletions":1}}},{"hash":"dda43a750e617318c08c6c7e3582f064ed186590","messageTitle":"Refactor spacing","messageBody":"","fileTypesAndContributionMap":{"test-code":{"insertions":1,"deletions":0}}},{"hash":"470ef1b2a3551cdf9a542b3c1ca5c35bbdd4912a","messageTitle":"Refactor to fix checkstyle checks","messageBody":"","fileTypesAndContributionMap":{"functional-code":{"insertions":5,"deletions":4},"test-code":{"insertions":1,"deletions":0}}},{"hash":"2ac92777ddaa58fb8f664b63e752ffe40d66a392","messageTitle":"Update tests","messageBody":"","fileTypesAndContributionMap":{"test-code":{"insertions":4,"deletions":4}}}]},{"date":"2022-10-16","commitResults":[{"hash":"a31ac06df63fde24a62ac0ec0a0047f19fe1174a","messageTitle":"Refactor various style errors and add 2 update commands","messageBody":"","fileTypesAndContributionMap":{"functional-code":{"insertions":417,"deletions":107},"test-code":{"insertions":17,"deletions":15}}}]},{"date":"2022-10-21","commitResults":[{"hash":"b3b1b7a93f703588bb2d771ba28d22a3bcbd2f0f","messageTitle":"Update DG and add CommandDesign UML diagram","messageBody":"","fileTypesAndContributionMap":{"docs":{"insertions":60,"deletions":2}}}]},{"date":"2022-10-24","commitResults":[{"hash":"3c0c84e8a1a302434a028cdfd3613c54aa7f49d8","messageTitle":"Fix CommandDesign uml","messageBody":"","fileTypesAndContributionMap":{"docs":{"insertions":51,"deletions":33}}},{"hash":"551202c9e48aec54808310b1db764e1583ad30db","messageTitle":"Update Image and UML","messageBody":"","fileTypesAndContributionMap":{"docs":{"insertions":14,"deletions":14}}}]},{"date":"2022-10-25","commitResults":[{"hash":"b66d5e60d43019a984adce7116eeaf4601e1f3c6","messageTitle":"Add UG/DG text and diagrams for update related commands\u0027","messageBody":"","fileTypesAndContributionMap":{"docs":{"insertions":202,"deletions":4}}},{"hash":"75afa4ee5ad4f00af130de5573543a34d796cc61","messageTitle":"Fix FindItemCommand bug which uses Object::toString()","messageBody":"","fileTypesAndContributionMap":{"functional-code":{"insertions":10,"deletions":7}}},{"hash":"c5d320143385c9ec4e1a75e55b7769065b5b5939","messageTitle":"Update find commands to be more loose","messageBody":"","fileTypesAndContributionMap":{"functional-code":{"insertions":8,"deletions":6}}},{"hash":"2b05acbbf95c25ac820c80ccc2139d0056037085","messageTitle":"Fix checkstyle errors","messageBody":"","fileTypesAndContributionMap":{"functional-code":{"insertions":43,"deletions":39},"test-code":{"insertions":2,"deletions":1}}},{"hash":"7c725aa4e6e834ac7de778de8ff40711c6cc8385","messageTitle":"Update UG/DG with diagrams/text for List related commands","messageBody":"","fileTypesAndContributionMap":{"docs":{"insertions":168,"deletions":5}}},{"hash":"7ee44efb6841619921ef2f111ed37f43cb71de95","messageTitle":"Add CTA and update HelpCommand","messageBody":"","fileTypesAndContributionMap":{"functional-code":{"insertions":40,"deletions":20}}},{"hash":"0bdef7f56747a2eccf8998e5df0fb7c2a5939f1a","messageTitle":"Update DG with HelpCommand","messageBody":"","fileTypesAndContributionMap":{"docs":{"insertions":53,"deletions":10}}},{"hash":"3727844060e82a7257c377f6b8229e68f2e64554","messageTitle":"Update DG for Ui","messageBody":"","fileTypesAndContributionMap":{"docs":{"insertions":37,"deletions":1}}}]}],"jorellesee":[{"date":"2022-10-04","commitResults":[{"hash":"a83ddc5976a66df0cc371fec2d465baea06c6f59","messageTitle":"Updated 3rd line of AboutUs.md","messageBody":"","fileTypesAndContributionMap":{"docs":{"insertions":7,"deletions":7}}}]},{"date":"2022-10-06","commitResults":[{"hash":"a291fa1e02bf9d708803b1e83d66c0233ffcbcb4","messageTitle":"Added Ui class","messageBody":"","fileTypesAndContributionMap":{"functional-code":{"insertions":36,"deletions":0}}}]},{"date":"2022-10-09","commitResults":[{"hash":"36fcbe7984d6de48d27e57464abf939eabff092b","messageTitle":"Added Ui class","messageBody":"","fileTypesAndContributionMap":{"functional-code":{"insertions":54,"deletions":35}}},{"hash":"c92c4d481a25186a7808123ac4798a172f90c88f","messageTitle":"Added Ui class","messageBody":"","fileTypesAndContributionMap":{"functional-code":{"insertions":26,"deletions":5}}},{"hash":"704a8152d3e962d408405bb150f7aa42629126fe","messageTitle":"Added Ui class","messageBody":"","fileTypesAndContributionMap":{"functional-code":{"insertions":3,"deletions":2}}},{"hash":"cfa832d6465d42d45cb24d018d8f5e7c2663de81","messageTitle":"Added Ui class","messageBody":"","fileTypesAndContributionMap":{"functional-code":{"insertions":4,"deletions":2}}},{"hash":"207b54d94ba7cd97f4ed449ea684340f1b0e2268","messageTitle":"Added Ui class","messageBody":"","fileTypesAndContributionMap":{"functional-code":{"insertions":2,"deletions":1}}},{"hash":"c14b2d996ad931e0faa02f6eacc69a1c0f0a0e48","messageTitle":"Added Ui class","messageBody":"","fileTypesAndContributionMap":{"functional-code":{"insertions":6,"deletions":0}}},{"hash":"7e80f600759d2a38a7f1efe2e70da1e5749d1ff1","messageTitle":"Included Logger","messageBody":"","fileTypesAndContributionMap":{"functional-code":{"insertions":2,"deletions":0}}}]},{"date":"2022-10-10","commitResults":[{"hash":"04d1bce172acac7b9ea266465f8fd68227eda585","messageTitle":"Included Logger","messageBody":"","fileTypesAndContributionMap":{"functional-code":{"insertions":66,"deletions":20}}},{"hash":"e8caef3203a4a7a2e92e49677590b95d185faad0","messageTitle":"Included Logger","messageBody":"","fileTypesAndContributionMap":{"functional-code":{"insertions":1,"deletions":1}}}]},{"date":"2022-10-16","commitResults":[{"hash":"2e20a09f44da64052d9d9c86615dc38bba01250a","messageTitle":"Included Logger","messageBody":"","fileTypesAndContributionMap":{"functional-code":{"insertions":1,"deletions":0}}},{"hash":"c80e370c7a6f156c32de38d650e80627cc26b2a3","messageTitle":"Added FindUser and FindItem functions. Unhandled case when [keyword] is longer than one word","messageBody":"","fileTypesAndContributionMap":{"functional-code":{"insertions":105,"deletions":0}}},{"hash":"8976d9edc42370aa89aa00853e1074bab03d6b18","messageTitle":"edited minor problem with FindItemsByKeyword","messageBody":"","fileTypesAndContributionMap":{"functional-code":{"insertions":1,"deletions":1}}},{"hash":"ce59ce2e6a87ba2f10b9e9874b4cbb2f5fe45c47","messageTitle":"Made some diagrams","messageBody":"","fileTypesAndContributionMap":{"docs":{"insertions":43,"deletions":0}}},{"hash":"dac2ed9502aacbfd7d81c4d3a787a9bf751e77ca","messageTitle":"Some refactoring","messageBody":"","fileTypesAndContributionMap":{"docs":{"insertions":30,"deletions":0}}}]},{"date":"2022-10-17","commitResults":[{"hash":"402558f2f765554ec5ba82aeb0d0b12646ada1e7","messageTitle":"more diagrams","messageBody":"","fileTypesAndContributionMap":{"docs":{"insertions":11,"deletions":0}}},{"hash":"11a4926591ff9d055bdd84dbc859be98f433b4cd","messageTitle":"no message","messageBody":"","fileTypesAndContributionMap":{"functional-code":{"insertions":0,"deletions":5}}},{"hash":"f2137932edec8118e4d28d0340c0214d9437e57d","messageTitle":"removed unnecessary headers in dg","messageBody":"","fileTypesAndContributionMap":{"docs":{"insertions":0,"deletions":1}}},{"hash":"c2982811ced6b899c90db8435f957e1f436e2ee3","messageTitle":"Edited diagram","messageBody":"","fileTypesAndContributionMap":{"docs":{"insertions":12,"deletions":13}}}]},{"date":"2022-10-18","commitResults":[{"hash":"cb75be7273c3fd2dcc8261000c78616a3a288e05","messageTitle":"Sequence diagram for FindItem","messageBody":"","fileTypesAndContributionMap":{"docs":{"insertions":18,"deletions":10}}},{"hash":"6a7733627033fa0513dcb1e74608f86c6096a935","messageTitle":"Inserted diagrams into dg","messageBody":"","fileTypesAndContributionMap":{"docs":{"insertions":4,"deletions":4}}}]},{"date":"2022-10-26","commitResults":[{"hash":"110d94e78b9329420eb84842af61dd969ce0b06d","messageTitle":"Updated Sequence diagram for FindItemCommand","messageBody":"","fileTypesAndContributionMap":{"docs":{"insertions":51,"deletions":18}}},{"hash":"89d8b5d24ff8560aca8b2db92d2c092b3b6b3812","messageTitle":"Added find-item to UG","messageBody":"","fileTypesAndContributionMap":{"docs":{"insertions":15,"deletions":2}}}]},{"date":"2022-10-28","commitResults":[{"hash":"55b919896ba934848097deaed1b1120da781bafe","messageTitle":"Added new methods for ViewUserDebt and to FindTransactionsByUser","messageBody":"","fileTypesAndContributionMap":{"functional-code":{"insertions":214,"deletions":21},"docs":{"insertions":4,"deletions":5}}}]}],"jingwei55":[{"date":"2022-10-04","commitResults":[{"hash":"753307334302b802db4904d340af4c74e9e0df2a","messageTitle":"changed line 1 of About Us","messageBody":"","fileTypesAndContributionMap":{"docs":{"insertions":7,"deletions":7}}}]},{"date":"2022-10-06","commitResults":[{"hash":"e2cb3c2e77986d3521346412d2022cc8749b5828","messageTitle":"created base item class","messageBody":"","fileTypesAndContributionMap":{"functional-code":{"insertions":46,"deletions":0}}},{"hash":"29263781f9c9a2c7c68c184baa36856f5e83d6d5","messageTitle":"Added more item functions and created ItemList class \u0026 Ui class","messageBody":"","fileTypesAndContributionMap":{"functional-code":{"insertions":66,"deletions":5}}},{"hash":"e2c7a5ca4efca8ce1108c2ecbe1dfc6af7602638","messageTitle":"idk what","messageBody":"","fileTypesAndContributionMap":{"functional-code":{"insertions":9,"deletions":0}}},{"hash":"34b5dfd6df23b3b61a706a562bcb1e6c58db1496","messageTitle":"Troubleshoot compile error","messageBody":"","fileTypesAndContributionMap":{"functional-code":{"insertions":3,"deletions":11}}}]},{"date":"2022-10-07","commitResults":[{"hash":"5998a57b5484df9fc65131453d4bd11a3b2494fc","messageTitle":"Changed code based on comments and added Category class","messageBody":"","fileTypesAndContributionMap":{"functional-code":{"insertions":36,"deletions":32}}},{"hash":"736c4d52bad940a47b24c41d23235f99df27caf9","messageTitle":"create item package","messageBody":"","fileTypesAndContributionMap":{"functional-code":{"insertions":2,"deletions":0},"other":{"insertions":8,"deletions":3}}}]},{"date":"2022-10-09","commitResults":[{"hash":"2de89e93ac71f07c1d004a64f6e63ccc19ca0f15","messageTitle":"modify Item classes","messageBody":"","fileTypesAndContributionMap":{"functional-code":{"insertions":41,"deletions":16}}},{"hash":"c594b3cbf6f184f8e3102146b8bca005985a5d0c","messageTitle":"added getItem by Id method","messageBody":"","fileTypesAndContributionMap":{"functional-code":{"insertions":14,"deletions":4}}},{"hash":"e50a5f2c83dceabfbfb1ac93510abbb22d6559f9","messageTitle":"Find item by id method","messageBody":"","fileTypesAndContributionMap":{"functional-code":{"insertions":5,"deletions":11}}},{"hash":"d8c6ca83a61a5a77554b5f91b1d11080ff74ed1c","messageTitle":"Junit and assert","messageBody":"","fileTypesAndContributionMap":{"functional-code":{"insertions":4,"deletions":2},"test-code":{"insertions":32,"deletions":1}}},{"hash":"b16998fb7ecee3213dd07637fb7852089d1fde0c","messageTitle":"logging","messageBody":"","fileTypesAndContributionMap":{"functional-code":{"insertions":5,"deletions":0}}}]},{"date":"2022-10-11","commitResults":[{"hash":"6638ebee962c541e6b8ed712bc6ade8d77405dc6","messageTitle":"Finished viewUser command","messageBody":"","fileTypesAndContributionMap":{"functional-code":{"insertions":48,"deletions":10}}},{"hash":"220e3798363996d444cd9aa35853247202e96685","messageTitle":"viewTxCmd done","messageBody":"","fileTypesAndContributionMap":{"functional-code":{"insertions":41,"deletions":9}}},{"hash":"e84a909263d4031211f8876b2972852c9622f385","messageTitle":"viewUserCmd done","messageBody":"","fileTypesAndContributionMap":{"functional-code":{"insertions":38,"deletions":8}}},{"hash":"270ef6b482fb3a7c973c09f5e81146032bc10050","messageTitle":"settle checkstyle","messageBody":"","fileTypesAndContributionMap":{"functional-code":{"insertions":2,"deletions":0}}}]},{"date":"2022-10-14","commitResults":[{"hash":"ca18c37bd8b88792d208e2b18a54aceac75a3d97","messageTitle":"assertion setup","messageBody":"","fileTypesAndContributionMap":{"other":{"insertions":1,"deletions":0}}},{"hash":"d8e3d27fb6ebe206297e7e0ad4c669d723ed0405","messageTitle":"minor fixes to UI, added find tx by status command","messageBody":"","fileTypesAndContributionMap":{"functional-code":{"insertions":122,"deletions":9}}},{"hash":"712fafd6d784791361b77ef1a800fb30f42a7f8a","messageTitle":"minor tweaks to ui messages + adding itemID","messageBody":"","fileTypesAndContributionMap":{"functional-code":{"insertions":61,"deletions":36}}},{"hash":"8fb9b4436395f731662ad83aecf09c39387909b4","messageTitle":"added itemID, changes to add/remove item and add-tx","messageBody":"","fileTypesAndContributionMap":{"functional-code":{"insertions":29,"deletions":26}}},{"hash":"d3709c314e3f550cb62b04136ffc4b814a2765b3","messageTitle":"Item id now part of transaction, fixed deleteitemmessage issue","messageBody":"","fileTypesAndContributionMap":{"functional-code":{"insertions":22,"deletions":14},"test-code":{"insertions":18,"deletions":12}}}]},{"date":"2022-10-17","commitResults":[{"hash":"c470c0dec6a18cdb26c3c0e985734fb1a554807c","messageTitle":"Update DeveloperGuide.md","messageBody":"","fileTypesAndContributionMap":{"docs":{"insertions":17,"deletions":0}}},{"hash":"92f1c3be4c55d7d1d1ddcbb3a04acf16c085dc0b","messageTitle":"added UML diagram","messageBody":"","fileTypesAndContributionMap":{"functional-code":{"insertions":23,"deletions":0}}},{"hash":"980b29015a64b751f31fc0722606c90fa5e7deae","messageTitle":"Update DeveloperGuide.md","messageBody":"","fileTypesAndContributionMap":{"docs":{"insertions":3,"deletions":3}}},{"hash":"208593ef57889904b65abb1d3ac9ab0920d62b35","messageTitle":"Update DeveloperGuide.md","messageBody":"","fileTypesAndContributionMap":{"docs":{"insertions":1,"deletions":0}}},{"hash":"099ce003f4f922a8128c2fc1d3c7ec6743cbcd33","messageTitle":"some javadoc","messageBody":"","fileTypesAndContributionMap":{"functional-code":{"insertions":29,"deletions":1}}}]},{"date":"2022-10-22","commitResults":[{"hash":"6d6d4ce7d7bddc361791c531581587eaceb7d154","messageTitle":"Added view commands","messageBody":"","fileTypesAndContributionMap":{"docs":{"insertions":59,"deletions":3}}},{"hash":"fb7449b0a95cad91ed994c2569474e2b3c1543dc","messageTitle":"viewUser DG","messageBody":"","fileTypesAndContributionMap":{"docs":{"insertions":44,"deletions":0}}},{"hash":"301551b6ded71a478b399dae12cdcccd2918995e","messageTitle":"Update DeveloperGuide.md","messageBody":"","fileTypesAndContributionMap":{"docs":{"insertions":21,"deletions":2}}},{"hash":"dcbc6b520743443eb0f2d00f361ee54165261462","messageTitle":"viewItem DG","messageBody":"","fileTypesAndContributionMap":{"docs":{"insertions":45,"deletions":1}}},{"hash":"5bfd26bed03c660ce861e49dccc3e67cd7a07d77","messageTitle":"Update DeveloperGuide.md","messageBody":"","fileTypesAndContributionMap":{"docs":{"insertions":19,"deletions":0}}},{"hash":"96f48320b67f3ab91febb4732c52680dfe967d04","messageTitle":"viewTx DG","messageBody":"","fileTypesAndContributionMap":{"docs":{"insertions":44,"deletions":0}}},{"hash":"087898f4eca600f77bfb058dbdb6fe4d34362d09","messageTitle":"Update DeveloperGuide.md","messageBody":"","fileTypesAndContributionMap":{"docs":{"insertions":21,"deletions":2}}}]},{"date":"2022-10-27","commitResults":[{"hash":"cabc4e4a0d7830e4c4df1e33760c8d14399687f3","messageTitle":"Update UserGuide.md","messageBody":"","fileTypesAndContributionMap":{"docs":{"insertions":18,"deletions":5}}}]}],"chiewyx":[{"date":"2022-10-04","commitResults":[{"hash":"75cef591e235101515daf5682243425f0690674e","messageTitle":"updated AboutUs","messageBody":"","fileTypesAndContributionMap":{"docs":{"insertions":7,"deletions":7}}}]},{"date":"2022-10-06","commitResults":[{"hash":"84ea036a9257cdc6a7c34e3eec944aaacf2578bc","messageTitle":"added user and userlist class","messageBody":"","fileTypesAndContributionMap":{"functional-code":{"insertions":85,"deletions":0}}},{"hash":"111bd66f8924f38cce6b86cf6f38a938c24d99f4","messageTitle":"added JUnit test for user and userList","messageBody":"","fileTypesAndContributionMap":{"functional-code":{"insertions":8,"deletions":4},"test-code":{"insertions":46,"deletions":0}}},{"hash":"4820e683dcd49ce3eaecadf5940d69fd78a64694","messageTitle":"updated code","messageBody":"","fileTypesAndContributionMap":{"functional-code":{"insertions":1,"deletions":3}}}]},{"date":"2022-10-09","commitResults":[{"hash":"d02d4ef8f7cfe7913867e1088e996f55b02587f6","messageTitle":"updated code to find user based on user name","messageBody":"","fileTypesAndContributionMap":{"functional-code":{"insertions":24,"deletions":8}}},{"hash":"e6f2942598a6487ff62b118ff8ccc46bfc0848d9","messageTitle":"update code","messageBody":"","fileTypesAndContributionMap":{"functional-code":{"insertions":5,"deletions":0}}},{"hash":"9a45fa23654e40e8d6a28e4c0b59c630e750f17b","messageTitle":"added JUnit tests for userlist","messageBody":"","fileTypesAndContributionMap":{"functional-code":{"insertions":1,"deletions":1},"test-code":{"insertions":14,"deletions":3}}},{"hash":"5dcaae2cdd2582cbac02e5219f11a653d0a2e829","messageTitle":"added assertion and logging for UserList class","messageBody":"","fileTypesAndContributionMap":{"functional-code":{"insertions":11,"deletions":1}}},{"hash":"1d5fd7c9b69c8f5564bc87af5b1aa644bb78c00e","messageTitle":"updated listUser function","messageBody":"","fileTypesAndContributionMap":{"functional-code":{"insertions":1,"deletions":0}}},{"hash":"91c5b3904b9b38b688400ec0a9312a08ffd07c52","messageTitle":"updated code for checkstyle","messageBody":"","fileTypesAndContributionMap":{"functional-code":{"insertions":10,"deletions":6}}},{"hash":"4859f0e8285a01898c7ca39d31747e91ef26a93c","messageTitle":"updated code for checkstyle","messageBody":"","fileTypesAndContributionMap":{"functional-code":{"insertions":1,"deletions":1}}},{"hash":"64897e4c9c070e02e6881389bd41980dd81f0b26","messageTitle":"refactored packaged name from ItemTest to item","messageBody":"","fileTypesAndContributionMap":{"other":{"insertions":2,"deletions":5}}}]},{"date":"2022-10-14","commitResults":[{"hash":"2a50c16104c81e25faa19c020e95538f25f0ca75","messageTitle":"added sort feature for items","messageBody":"","fileTypesAndContributionMap":{"functional-code":{"insertions":179,"deletions":5}}},{"hash":"1d1705a5b0eb5065f2a231b590389c3ecfa5073b","messageTitle":"allows for optional arguments (/min \u0026 /max)","messageBody":"","fileTypesAndContributionMap":{"functional-code":{"insertions":17,"deletions":4}}},{"hash":"ce82570c9b8517e520e25b1840cc783e3968fca7","messageTitle":"updated code for checkstyle","messageBody":"","fileTypesAndContributionMap":{"functional-code":{"insertions":5,"deletions":1}}}]},{"date":"2022-10-17","commitResults":[{"hash":"bf979f37a52d02c75c71140220f5e2079ea26435","messageTitle":"added some javaDoc","messageBody":"","fileTypesAndContributionMap":{"functional-code":{"insertions":128,"deletions":1}}}]},{"date":"2022-10-18","commitResults":[{"hash":"f5197e8037810ac144d99d1179ec9592540b6834","messageTitle":"updated DG for sortItems feature","messageBody":"","fileTypesAndContributionMap":{"docs":{"insertions":50,"deletions":0}}}]},{"date":"2022-10-19","commitResults":[{"hash":"f94f3ddbacf0d553d85f727d872aba28d9f7dace","messageTitle":"updated DG for user class","messageBody":"","fileTypesAndContributionMap":{"docs":{"insertions":63,"deletions":7}}}]},{"date":"2022-10-23","commitResults":[{"hash":"4057f384d11cec9af335b34d1d242b8967fa4287","messageTitle":"updated UG and fixed bug in sort items","messageBody":"","fileTypesAndContributionMap":{"functional-code":{"insertions":3,"deletions":3},"docs":{"insertions":25,"deletions":0}}}]},{"date":"2022-10-24","commitResults":[{"hash":"1fb23cd2fe6141c03a9417492a5001a17a5baf6a","messageTitle":"added user stories","messageBody":"","fileTypesAndContributionMap":{"docs":{"insertions":19,"deletions":4}}}]},{"date":"2022-10-25","commitResults":[{"hash":"37530ec7c6adf4b56faf887a3bcba96985805204","messageTitle":"updated target user and value proposition","messageBody":"","fileTypesAndContributionMap":{"docs":{"insertions":9,"deletions":2}}},{"hash":"f99d1370b10d991150b102c2b9dbb54758e009dd","messageTitle":"updated dg","messageBody":"","fileTypesAndContributionMap":{"docs":{"insertions":1,"deletions":1}}},{"hash":"61fe3fde8b2b389cd0108bb5036e756813470392","messageTitle":"updated target user based on comments","messageBody":"","fileTypesAndContributionMap":{"docs":{"insertions":2,"deletions":7}}},{"hash":"853d39c2051f727651396428e2d1de82e6ac038b","messageTitle":"added feature to filter by categories","messageBody":"","fileTypesAndContributionMap":{"functional-code":{"insertions":39,"deletions":3}}},{"hash":"bf3ad701e1aa418fc3c705fea8c2d36541140ef3","messageTitle":"updated DG and UG for sort-items","messageBody":"","fileTypesAndContributionMap":{"docs":{"insertions":27,"deletions":27}}}]}],"bdthanh":[{"date":"2022-10-04","commitResults":[{"hash":"1575bfbfd27eaf39d22e3a4d6b14600f7a75c4a4","messageTitle":"Update bdthanh-AboutUs.md","messageBody":"","fileTypesAndContributionMap":{"docs":{"insertions":7,"deletions":7}}},{"hash":"9d21abef2b4b4aab127a2568e322bc3a9c9830b8","messageTitle":"Update bdthanh-AboutUs.md","messageBody":"","fileTypesAndContributionMap":{"docs":{"insertions":6,"deletions":6}}}]},{"date":"2022-10-05","commitResults":[{"hash":"63e46cd0f32f77f984a4425e8e6906f1ab1cf67d","messageTitle":"Add base class for DukeException","messageBody":"","fileTypesAndContributionMap":{"functional-code":{"insertions":7,"deletions":0}}},{"hash":"9e0464279abec73b3e5da24898988b47dcb2bec2","messageTitle":"Delete DukeException","messageBody":"","fileTypesAndContributionMap":{"functional-code":{"insertions":0,"deletions":7}}},{"hash":"4919ad354e79f7cfd1008273fd21fbc7220d546e","messageTitle":"Add 3 base class to be used in the future","messageBody":"","fileTypesAndContributionMap":{"functional-code":{"insertions":58,"deletions":0}}}]},{"date":"2022-10-06","commitResults":[{"hash":"c9bcff714d5fba99eda0611b235a6d17752fbaa9","messageTitle":"Add Transaction class","messageBody":"","fileTypesAndContributionMap":{"functional-code":{"insertions":54,"deletions":0}}},{"hash":"2d2dd1f07cb4dacdd65ba916f2755be612437a69","messageTitle":"Update toString() method for Transaction","messageBody":"","fileTypesAndContributionMap":{"functional-code":{"insertions":12,"deletions":0}}},{"hash":"b3f20209ee8a03d4c5bb9b4343013a060f487d3d","messageTitle":"TransactionList","messageBody":"","fileTypesAndContributionMap":{"functional-code":{"insertions":49,"deletions":0}}},{"hash":"ee5e450cceaa0ff6bcd7bc4cb500a1141819cc17","messageTitle":"Add markFinished and unmarkFinished methods","messageBody":"","fileTypesAndContributionMap":{"functional-code":{"insertions":8,"deletions":0}}},{"hash":"fde93108885fb9f30112ebb1c6288de1d2bc1b7a","messageTitle":"Modify methods in Transaction class (toString, setAsFinished, setAsNotFinished)","messageBody":"","fileTypesAndContributionMap":{"functional-code":{"insertions":19,"deletions":6}}},{"hash":"735358aa183800479bf7bdc87d4560ab7fe02da7","messageTitle":"Add JUnit tests for 2 transaction classes","messageBody":"","fileTypesAndContributionMap":{"test-code":{"insertions":129,"deletions":0}}},{"hash":"96bae1ee4936d12b417a72c5f98102cf3da6d7f0","messageTitle":"Fix checkstyle","messageBody":"","fileTypesAndContributionMap":{"test-code":{"insertions":0,"deletions":1}}},{"hash":"a41a4154cd6ec840d0a98efb71514d782182842e","messageTitle":"Fix checkstyle","messageBody":"","fileTypesAndContributionMap":{"test-code":{"insertions":2,"deletions":3}}},{"hash":"b8f51de692b64d13d0d968ae13cb66569b4147be","messageTitle":"Fix checkstyle","messageBody":"","fileTypesAndContributionMap":{"functional-code":{"insertions":2,"deletions":2}}}]},{"date":"2022-10-07","commitResults":[{"hash":"99ba06c53f6d3d99c570537887866650ec5b602c","messageTitle":"Enhance Item and Category class","messageBody":"","fileTypesAndContributionMap":{"functional-code":{"insertions":49,"deletions":17}}},{"hash":"e6c9442d014e1a5ae3b395601fef895973f0eb6f","messageTitle":"Fix Transaction (integrate User and Item to it)","messageBody":"","fileTypesAndContributionMap":{"functional-code":{"insertions":21,"deletions":16},"test-code":{"insertions":48,"deletions":29}}},{"hash":"6258fd08e05affbf44b1938adcf31a374d870852","messageTitle":"Delete unused imports","messageBody":"","fileTypesAndContributionMap":{"test-code":{"insertions":0,"deletions":2}}},{"hash":"4819087af612facb200856ade01b0471f7bae27a","messageTitle":"Add markAvailable and markUnavailable methods in ItemList","messageBody":"","fileTypesAndContributionMap":{"functional-code":{"insertions":22,"deletions":12}}}]},{"date":"2022-10-09","commitResults":[{"hash":"76fede29a8cb40af1363336d4428658dfb6747e5","messageTitle":"Change all attributes of item to private and add setters","messageBody":"","fileTypesAndContributionMap":{"functional-code":{"insertions":17,"deletions":8}}},{"hash":"fda727b19d89dc88938041ce1d2ba76a69f1ce0f","messageTitle":"Remove lender in constructor (get it from Item\u0027s owner)","messageBody":"","fileTypesAndContributionMap":{"functional-code":{"insertions":2,"deletions":2},"test-code":{"insertions":11,"deletions":11}}},{"hash":"6885311e74832ffb2787406529fd744b17a520c1","messageTitle":"...","messageBody":"","fileTypesAndContributionMap":{"functional-code":{"insertions":19,"deletions":2}}},{"hash":"4aef3e2e511176b27168336646a4cf08a99babf7","messageTitle":"Modify Transaction","messageBody":"","fileTypesAndContributionMap":{"functional-code":{"insertions":8,"deletions":13},"test-code":{"insertions":16,"deletions":50}}},{"hash":"ee7306f933d42b6f0d9596b7e3e11bd66527d564","messageTitle":"Add delete transaction method","messageBody":"","fileTypesAndContributionMap":{"functional-code":{"insertions":29,"deletions":4}}},{"hash":"87b344f847e9c454453ba86b785827d4f41b9ca4","messageTitle":"Edit markFinshed transaction","messageBody":"","fileTypesAndContributionMap":{"functional-code":{"insertions":10,"deletions":15}}}]},{"date":"2022-10-10","commitResults":[{"hash":"eeacfe6f3a1cdaf35507f98a80078a09b4e3350a","messageTitle":"Handle error AddUser, AddItem, AddTransaction","messageBody":"","fileTypesAndContributionMap":{"functional-code":{"insertions":395,"deletions":89},"test-code":{"insertions":17,"deletions":14}}},{"hash":"95bdce49207fe08bda6345938be547884435a710","messageTitle":"Update UserList.java","messageBody":"","fileTypesAndContributionMap":{"functional-code":{"insertions":2,"deletions":1}}},{"hash":"dc3fba54dfada2ddb292864ce75fcf0e506fd591","messageTitle":"Update InvalidBorrowerException.java","messageBody":"","fileTypesAndContributionMap":{"functional-code":{"insertions":1,"deletions":1}}},{"hash":"4186ffd172142192900ce57a7e5af817b069fe8f","messageTitle":"Update CommandInterface.java","messageBody":"","fileTypesAndContributionMap":{"functional-code":{"insertions":10,"deletions":1}}},{"hash":"68f854750bc128919d08d74d4de69d69b6a977a8","messageTitle":"Update UserListTest.java","messageBody":"","fileTypesAndContributionMap":{"test-code":{"insertions":1,"deletions":1}}},{"hash":"ddfb58ff72d8eac6ae90b8e441adb58bbb59f112","messageTitle":"Update UserListTest.java","messageBody":"","fileTypesAndContributionMap":{"test-code":{"insertions":1,"deletions":1}}},{"hash":"fef0b50bde9296f0be56d0b7226ef93c69b8a7ff","messageTitle":"Edit user toString method","messageBody":"","fileTypesAndContributionMap":{"functional-code":{"insertions":4,"deletions":1}}},{"hash":"c23c9bd2417a0966f306acafe2a880578403db69","messageTitle":"Fix test failed","messageBody":"","fileTypesAndContributionMap":{"test-code":{"insertions":1,"deletions":1}}},{"hash":"76c23dbac115776d4e53a5389921307691217b93","messageTitle":"Fix text-ui-test (hardcode)","messageBody":"","fileTypesAndContributionMap":{"functional-code":{"insertions":11,"deletions":13}}},{"hash":"d4c1765ce6b4f8779969d1fad527b357fa11a236","messageTitle":"Fix imports","messageBody":"","fileTypesAndContributionMap":{"functional-code":{"insertions":16,"deletions":3}}},{"hash":"ad002d7b5a90b0ba6c8be0e071d5610481cfcf06","messageTitle":"Update list commands for add features","messageBody":"","fileTypesAndContributionMap":{"functional-code":{"insertions":11,"deletions":4}}},{"hash":"9b602c1fb15548120cfeb564f933eec7933256c4","messageTitle":"Modify DeleteUser/Item/TransactionCommand + ListCommandsCommand","messageBody":"","fileTypesAndContributionMap":{"functional-code":{"insertions":203,"deletions":101},"test-code":{"insertions":7,"deletions":6}}},{"hash":"a9a279028157d25a0b0ecf87ee80fe11f66762a2","messageTitle":"Clean code (remove unused imports)","messageBody":"","fileTypesAndContributionMap":{"functional-code":{"insertions":11,"deletions":15}}},{"hash":"bf0e828945e25e8a62a110a1bdddbedbc6fe8158","messageTitle":"Modify abit","messageBody":"","fileTypesAndContributionMap":{"functional-code":{"insertions":12,"deletions":0}}}]},{"date":"2022-10-11","commitResults":[{"hash":"4f64c5dae941d6bbf10213b8f87a3d604d1f9445","messageTitle":"Update AddUserCommand.java","messageBody":"","fileTypesAndContributionMap":{"functional-code":{"insertions":1,"deletions":1}}},{"hash":"6e8a63c4351fbb9130b82e73a32c5a89d7c7fba3","messageTitle":"Update Ui.java","messageBody":"","fileTypesAndContributionMap":{"functional-code":{"insertions":3,"deletions":4}}},{"hash":"62373979792eb4141b996d30d994bed562c3ed98","messageTitle":"Combine Ui and Command, remove Logger (cause errors)","messageBody":"","fileTypesAndContributionMap":{"functional-code":{"insertions":61,"deletions":41}}},{"hash":"531eb53761a6494b39f290336443599e69ebb6c1","messageTitle":"Fix text-ui-test","messageBody":"","fileTypesAndContributionMap":{"functional-code":{"insertions":4,"deletions":4}}},{"hash":"ab6e9496f29836f4a6de0a8f86b249394afaaea2","messageTitle":"Clean code","messageBody":"","fileTypesAndContributionMap":{"functional-code":{"insertions":13,"deletions":22}}},{"hash":"3a0712ebf29d6c98b05f1edba2e6b8ac92148602","messageTitle":"Rename listSize in Ui to avoid confusion","messageBody":"","fileTypesAndContributionMap":{"functional-code":{"insertions":18,"deletions":39}}},{"hash":"c0eedba9382bd26b957df85c29e7abda5762fba1","messageTitle":"Rename ListCommandsCommand to HelpCommand","messageBody":"","fileTypesAndContributionMap":{"functional-code":{"insertions":4,"deletions":4},"other":{"insertions":1,"deletions":1}}},{"hash":"600ec1a6800d850aaecfe0cdbc55adc094deac69","messageTitle":"Minor changes","messageBody":"","fileTypesAndContributionMap":{"functional-code":{"insertions":1,"deletions":1}}},{"hash":"d466051a7807e1bcc2477fc7df97738514323de6","messageTitle":"Fix logic of Transaction","messageBody":"","fileTypesAndContributionMap":{"functional-code":{"insertions":83,"deletions":168},"test-code":{"insertions":11,"deletions":27}}},{"hash":"03da2c10a2e6927541b5f86a81db0b09f94f1cc5","messageTitle":"typo","messageBody":"","fileTypesAndContributionMap":{"functional-code":{"insertions":2,"deletions":2}}},{"hash":"af8a4b9fcebd288a2eced35bea0ca11d6a12a63c","messageTitle":"Edit help","messageBody":"","tags":["v1.0"],"fileTypesAndContributionMap":{"functional-code":{"insertions":6,"deletions":6}}}]},{"date":"2022-10-13","commitResults":[{"hash":"28e627cf415ba88144f1d06f8c571b5956f314d8","messageTitle":"Divide into smaller packages + add ExceptionMessages files","messageBody":"","fileTypesAndContributionMap":{"functional-code":{"insertions":73,"deletions":28},"other":{"insertions":128,"deletions":70}}},{"hash":"9e17f8193a256f56a16ed97dd44d20485ef5c904","messageTitle":".","messageBody":"","fileTypesAndContributionMap":{"functional-code":{"insertions":5,"deletions":2}}},{"hash":"1dc460c3a00596502efb09683e7f769f61a8dc1c","messageTitle":"Add Storage feature for transaction","messageBody":"","fileTypesAndContributionMap":{"functional-code":{"insertions":169,"deletions":9}}},{"hash":"ae9c3bd3e0b4aee55e283b3622b60102d7d2f860","messageTitle":"Fix typo","messageBody":"","fileTypesAndContributionMap":{"functional-code":{"insertions":1,"deletions":1}}}]},{"date":"2022-10-14","commitResults":[{"hash":"47b0042ce329b38d56548fb239389ef8c9a37d4e","messageTitle":"Some minor changes","messageBody":"","fileTypesAndContributionMap":{"functional-code":{"insertions":89,"deletions":88},"other":{"insertions":2,"deletions":1}}},{"hash":"1d61d952f42b627a0471c7576fe619044098ecbc","messageTitle":"Minor bug for transaction storage","messageBody":"","fileTypesAndContributionMap":{"functional-code":{"insertions":1,"deletions":1}}},{"hash":"fc925e2799a5982d16e4a8a920c257ee9df4a920","messageTitle":"Checkstyle fixed","messageBody":"","fileTypesAndContributionMap":{"functional-code":{"insertions":22,"deletions":21},"other":{"insertions":1,"deletions":1}}},{"hash":"4e5b892b6c8925a74322d5a1c53f64ff9457fa60","messageTitle":"Typo","messageBody":"","fileTypesAndContributionMap":{"functional-code":{"insertions":1,"deletions":1}}}]},{"date":"2022-10-15","commitResults":[{"hash":"5ca6672468e18e2e822a553193c2dc5f4f934ff7","messageTitle":"Remove redundant try catch","messageBody":"","fileTypesAndContributionMap":{"functional-code":{"insertions":3,"deletions":7}}},{"hash":"d5e9936767fecf784031ad63139cadcb255abc15","messageTitle":"Add JavaDoc to my files","messageBody":"","fileTypesAndContributionMap":{"functional-code":{"insertions":605,"deletions":54}}},{"hash":"1e76a19b89dbc4d8e1109806dd59824ba5a149c6","messageTitle":"Fix checkstyle","messageBody":"","fileTypesAndContributionMap":{"functional-code":{"insertions":3,"deletions":3}}}]},{"date":"2022-10-16","commitResults":[{"hash":"381a0fe3980932f42b24239c6be59e1fcbf7c167","messageTitle":"Fix checkstyle","messageBody":"","fileTypesAndContributionMap":{"functional-code":{"insertions":48,"deletions":31}}},{"hash":"2011ac224f769c6d7b1cb569fcf96be1839441c4","messageTitle":"Fix checkstyle","messageBody":"","fileTypesAndContributionMap":{"test-code":{"insertions":1,"deletions":2}}}]},{"date":"2022-10-17","commitResults":[{"hash":"f9f32c4edd4268a5ab6b6a75a3d4c7541c7b97e0","messageTitle":"Add User and Item Storage","messageBody":"","fileTypesAndContributionMap":{"functional-code":{"insertions":271,"deletions":20}}},{"hash":"fe3d4147aaac08455dcdf96904aca9653dd3d014","messageTitle":"Resolve conflicts","messageBody":"","fileTypesAndContributionMap":{"functional-code":{"insertions":0,"deletions":5}}},{"hash":"e5f92654ba1664025eb09db2b19a98da0ab430ec","messageTitle":"Modifiy abit","messageBody":"","fileTypesAndContributionMap":{"functional-code":{"insertions":2,"deletions":2},"docs":{"insertions":0,"deletions":0}}}]},{"date":"2022-10-18","commitResults":[{"hash":"fabaf4098af7775e9c4cca5408b6d9f84d325d07","messageTitle":"Add sequence diagrams","messageBody":"","fileTypesAndContributionMap":{"docs":{"insertions":285,"deletions":0}}},{"hash":"33223411a264c68b22546f3c298d3f5f56c0f871","messageTitle":"Add DG Implementation for Add/Remove User/Item/Transaction feature and UMLs","messageBody":"","fileTypesAndContributionMap":{"functional-code":{"insertions":2,"deletions":29},"docs":{"insertions":233,"deletions":14},"test-code":{"insertions":6,"deletions":6}}},{"hash":"cf579e721e39b0f409c7d23a362d57b98a56477d","messageTitle":"Update DG","messageBody":"","fileTypesAndContributionMap":{"docs":{"insertions":9,"deletions":2}}},{"hash":"4bf091bc51545f8e8aab607e255a80afce8ca666","messageTitle":"Rearrange file in docs","messageBody":"","fileTypesAndContributionMap":{"docs":{"insertions":8,"deletions":31}}},{"hash":"2159068588346a03dd28a2ff76638398d3d16b8f","messageTitle":"Update diagrams","messageBody":"","fileTypesAndContributionMap":{"docs":{"insertions":10,"deletions":14}}}]},{"date":"2022-10-19","commitResults":[{"hash":"8abe23c1574db0df2117b3059c0577105368f373","messageTitle":"Update diagrams","messageBody":"","fileTypesAndContributionMap":{"docs":{"insertions":56,"deletions":55}}},{"hash":"532fca4322db7dadabfaafcdc5f86f75b602bec7","messageTitle":"Update diagrams","messageBody":"","fileTypesAndContributionMap":{"docs":{"insertions":69,"deletions":50}}},{"hash":"34112dab7bfbd9361528e351a9fe890876d9c55a","messageTitle":"Fix bugs in all commands has /","messageBody":"","fileTypesAndContributionMap":{"functional-code":{"insertions":27,"deletions":27}}},{"hash":"6cc25b614d59bba41253fdfc4f8ceffd901b21e2","messageTitle":"Fix bugs","messageBody":"","fileTypesAndContributionMap":{"functional-code":{"insertions":52,"deletions":30}}}]},{"date":"2022-10-22","commitResults":[{"hash":"081d53776c5ab808cab9d2cbc9e5a0f09b3db0c9","messageTitle":"Update User Guide","messageBody":"","fileTypesAndContributionMap":{"docs":{"insertions":198,"deletions":23}}},{"hash":"5d69ebaf1ab8597407e8730963397d6c8a14bc47","messageTitle":"Update UG","messageBody":"","fileTypesAndContributionMap":{"docs":{"insertions":2,"deletions":8}}}]},{"date":"2022-10-23","commitResults":[{"hash":"421189296c030630efb6bf9ad3eb34f48708156e","messageTitle":"Add author and reformat minor things in docs","messageBody":"","fileTypesAndContributionMap":{"functional-code":{"insertions":55,"deletions":39},"docs":{"insertions":15,"deletions":17}}},{"hash":"82745402fb2eb3d345591b55c5fa0db165980c01","messageTitle":"Add authors","messageBody":"","fileTypesAndContributionMap":{"functional-code":{"insertions":19,"deletions":2}}}]},{"date":"2022-10-24","commitResults":[{"hash":"17ce0351f50422a62d2384a5096541beda2afb79","messageTitle":"Updete UG","messageBody":"","fileTypesAndContributionMap":{"docs":{"insertions":29,"deletions":7}}},{"hash":"b779d258ac79bf43a1e704e9a38c1d422b8c477e","messageTitle":"Add update command to CommandPaser","messageBody":"","fileTypesAndContributionMap":{"functional-code":{"insertions":15,"deletions":5}}},{"hash":"6f9a509eb552336270d55d93d35d2bda3fb8c211","messageTitle":"Improve SLAP in storage files","messageBody":"","fileTypesAndContributionMap":{"functional-code":{"insertions":39,"deletions":27}}}]},{"date":"2022-10-25","commitResults":[{"hash":"f7788d4e9417dabe8b87e6a21a07a04a1715241f","messageTitle":"Reformat docs and add introduction","messageBody":"","fileTypesAndContributionMap":{"docs":{"insertions":130,"deletions":49}}},{"hash":"715affe494f191b0cca013ea3819e0dfe1bd4583","messageTitle":"Add ExitCommand and ListCategories to UG, DG","messageBody":"","fileTypesAndContributionMap":{"docs":{"insertions":77,"deletions":21}}},{"hash":"ed74e18a6b982768333f991381242b95b6cefb2d","messageTitle":"Add list categories command to command summary","messageBody":"","fileTypesAndContributionMap":{"docs":{"insertions":1,"deletions":0}}},{"hash":"0308eab8a4e173fec7455bd05b2436039482575e","messageTitle":"Edit exception message for ViewTransactionByStatusCommand","messageBody":"","fileTypesAndContributionMap":{"functional-code":{"insertions":4,"deletions":2}}},{"hash":"1722c8249d10bfc79e3ff599fe9a50bbbbf295b8","messageTitle":"Update command summary in UG and number the feature in DG","messageBody":"","fileTypesAndContributionMap":{"docs":{"insertions":29,"deletions":23}}},{"hash":"78141574ade551021251819574802e270d1956b6","messageTitle":"Renumber commands in UG","messageBody":"","fileTypesAndContributionMap":{"docs":{"insertions":2,"deletions":2}}},{"hash":"19006c630605fc0a6e5cece90a453f033d9295d8","messageTitle":"Remove empty line in greeting message","messageBody":"","fileTypesAndContributionMap":{"functional-code":{"insertions":11,"deletions":12}}},{"hash":"4d910478c61a02a267e08ec1184872c94ed4cc47","messageTitle":"Update UG","messageBody":"","fileTypesAndContributionMap":{"docs":{"insertions":12,"deletions":12}}},{"hash":"c132015a6762d1cff13e7364f7fc601fb3e779d0","messageTitle":"Clean code for v2.0","messageBody":"","fileTypesAndContributionMap":{"functional-code":{"insertions":141,"deletions":104},"test-code":{"insertions":214,"deletions":26}}},{"hash":"6303a99ae2ba860c08d2268faaa2dcdded2972e2","messageTitle":"Fix checkstyle","messageBody":"","fileTypesAndContributionMap":{"functional-code":{"insertions":1,"deletions":2}}},{"hash":"32acf5f68bb3cffe942e6bd29623b1e7b1b14632","messageTitle":"Fix UserGuide","messageBody":"","fileTypesAndContributionMap":{"docs":{"insertions":0,"deletions":1}}},{"hash":"c75f286c969fd9d0ac6df2d0efb478b896248507","messageTitle":"Fix DeveloperGuige","messageBody":"","fileTypesAndContributionMap":{"docs":{"insertions":3,"deletions":3}}},{"hash":"174a1f1dc59a155db656d17ef6202737f4caaa53","messageTitle":"Fix DeveloperGuide","messageBody":"","fileTypesAndContributionMap":{"docs":{"insertions":2,"deletions":2}}},{"hash":"041d6326e338acde1941d46a9bdf7e82dfa7638e","messageTitle":"Fix DeveloperGuide","messageBody":"","fileTypesAndContributionMap":{"docs":{"insertions":2,"deletions":1}}},{"hash":"51521974cc1b53dea1c8b600e22dab5e2ab0afb6","messageTitle":"v2.0 final","messageBody":"","fileTypesAndContributionMap":{"docs":{"insertions":1,"deletions":1}}}]},{"date":"2022-10-26","commitResults":[{"hash":"fb46c68e17b63dcc705570c658eaef6b170facbf","messageTitle":"Handle exception when files are edited","messageBody":"","fileTypesAndContributionMap":{"functional-code":{"insertions":28,"deletions":6}}},{"hash":"fac157e068e3dc34adfbe61d21d37036522bb1c0","messageTitle":"Edit Class Diagrams (remove notations)","messageBody":"","fileTypesAndContributionMap":{"functional-code":{"insertions":3,"deletions":3},"docs":{"insertions":138,"deletions":53}}}]},{"date":"2022-10-27","commitResults":[{"hash":"91f8c93c5d476e91c8891c705a365484949c047c","messageTitle":"Fix bugs","messageBody":"","fileTypesAndContributionMap":{"functional-code":{"insertions":27,"deletions":13}}},{"hash":"63b96698d81b0fc9cdcffff45cdecb8de35405cd","messageTitle":"Fix bug when price \u003e 99999999999 (limit range 0-10000)","messageBody":"","fileTypesAndContributionMap":{"functional-code":{"insertions":12,"deletions":12},"docs":{"insertions":3,"deletions":3}}},{"hash":"e04b993cfc2b88b4735120d342c85fe2ab5fadc1","messageTitle":"Update UG","messageBody":"","fileTypesAndContributionMap":{"docs":{"insertions":6,"deletions":2}}},{"hash":"e000ba7a3bcf08bd4deb63be110581a8b0572345","messageTitle":"Limit range of price, duration, createdDate, itemname, username length, category index,","messageBody":"","fileTypesAndContributionMap":{"functional-code":{"insertions":70,"deletions":34},"docs":{"insertions":12,"deletions":10},"test-code":{"insertions":6,"deletions":3}}},{"hash":"b654ecfb2ce0c45b08518a051b92cd959ebbafdc","messageTitle":"Fix checkstyle","messageBody":"","fileTypesAndContributionMap":{"functional-code":{"insertions":8,"deletions":1}}}]},{"date":"2022-10-28","commitResults":[{"hash":"63c56f9d38d688454dc8d55c5aed36e070f0a246","messageTitle":"Clean code","messageBody":"","fileTypesAndContributionMap":{"functional-code":{"insertions":50,"deletions":56},"docs":{"insertions":21,"deletions":1},"test-code":{"insertions":14,"deletions":14}}},{"hash":"c57e4f354455a538404c97a61232b48f81fd10a8","messageTitle":"Fix UG","messageBody":"","fileTypesAndContributionMap":{"functional-code":{"insertions":1,"deletions":1},"docs":{"insertions":19,"deletions":17}}}]}]},"authorFileTypeContributionMap":{"winston-lim":{"docs":504,"functional-code":618,"test-code":3},"jorellesee":{"docs":122,"functional-code":437,"test-code":0},"jingwei55":{"docs":286,"functional-code":564,"test-code":24},"chiewyx":{"docs":139,"functional-code":447,"test-code":53},"bdthanh":{"docs":1058,"functional-code":2031,"test-code":305,"other":1}},"authorContributionVariance":{"winston-lim":24285.25,"jorellesee":2664.9094,"jingwei55":5358.41,"chiewyx":2240.0002,"bdthanh":60744.523},"authorDisplayNameMap":{"winston-lim":"CS2113-W12-1 WINS..HONG","jorellesee":"CS2113-W12-1 SEE ..ELLE","jingwei55":"CS2113-W12-1 CHIE.. WEI","chiewyx":"CS2113-W12-1 CHIE..IANG","bdthanh":"CS2113-W12-1 BUI ..HANH"}}
