{"authorDailyContributionsMap":{"winston-lim":[{"date":"2022-09-28","commitResults":[{"hash":"78f014ec0392b38e7754256020a349e0a93f1732","messageTitle":"Update README.md","messageBody":"","fileTypesAndContributionMap":{"docs":{"insertions":1,"deletions":1}}}]},{"date":"2022-10-04","commitResults":[{"hash":"7d5972c84e0f6d861582fa97c080ef05052840e5","messageTitle":"Update AboutUs docs","messageBody":"","fileTypesAndContributionMap":{"docs":{"insertions":7,"deletions":7}}},{"hash":"87d8b5742bdcde56453b4381a22a92acf01a35f6","messageTitle":"Revert \"Update AboutUs docs\"","messageBody":"This reverts commit 7d5972c84e0f6d861582fa97c080ef05052840e5.\n","fileTypesAndContributionMap":{"docs":{"insertions":7,"deletions":7}}},{"hash":"4573a92ea33aa836cb51b2e530057eed2d56ac9e","messageTitle":"Update AboutUs docs","messageBody":"","fileTypesAndContributionMap":{"docs":{"insertions":1,"deletions":1}}},{"hash":"9c7c2ddac6d0a4068c5175fe0c3e2342cc074fe6","messageTitle":"Update Portfolio section in AboutUs docs","messageBody":"","fileTypesAndContributionMap":{"docs":{"insertions":7,"deletions":7}}},{"hash":"810c256a03b3970b23b1c207778d65c106987778","messageTitle":"Update profile photo in AboutUs docs","messageBody":"","fileTypesAndContributionMap":{"docs":{"insertions":1,"deletions":1}}}]},{"date":"2022-10-09","commitResults":[{"hash":"aa7ba531019955e5241826182565d33558a36392","messageTitle":"Update to latest","messageBody":"","fileTypesAndContributionMap":{"functional-code":{"insertions":533,"deletions":65},"other":{"insertions":0,"deletions":1},"test-code":{"insertions":1,"deletions":1}}},{"hash":"dda43a750e617318c08c6c7e3582f064ed186590","messageTitle":"Refactor spacing","messageBody":"","fileTypesAndContributionMap":{"test-code":{"insertions":1,"deletions":0}}},{"hash":"470ef1b2a3551cdf9a542b3c1ca5c35bbdd4912a","messageTitle":"Refactor to fix checkstyle checks","messageBody":"","fileTypesAndContributionMap":{"functional-code":{"insertions":5,"deletions":4},"test-code":{"insertions":1,"deletions":0}}},{"hash":"2ac92777ddaa58fb8f664b63e752ffe40d66a392","messageTitle":"Update tests","messageBody":"","fileTypesAndContributionMap":{"test-code":{"insertions":4,"deletions":4}}}]},{"date":"2022-10-16","commitResults":[{"hash":"a31ac06df63fde24a62ac0ec0a0047f19fe1174a","messageTitle":"Refactor various style errors and add 2 update commands","messageBody":"","fileTypesAndContributionMap":{"functional-code":{"insertions":417,"deletions":107},"test-code":{"insertions":17,"deletions":15}}}]},{"date":"2022-10-21","commitResults":[{"hash":"b3b1b7a93f703588bb2d771ba28d22a3bcbd2f0f","messageTitle":"Update DG and add CommandDesign UML diagram","messageBody":"","fileTypesAndContributionMap":{"docs":{"insertions":60,"deletions":2}}}]},{"date":"2022-10-24","commitResults":[{"hash":"3c0c84e8a1a302434a028cdfd3613c54aa7f49d8","messageTitle":"Fix CommandDesign uml","messageBody":"","fileTypesAndContributionMap":{"docs":{"insertions":51,"deletions":33}}},{"hash":"551202c9e48aec54808310b1db764e1583ad30db","messageTitle":"Update Image and UML","messageBody":"","fileTypesAndContributionMap":{"docs":{"insertions":14,"deletions":14}}}]},{"date":"2022-10-25","commitResults":[{"hash":"b66d5e60d43019a984adce7116eeaf4601e1f3c6","messageTitle":"Add UG/DG text and diagrams for update related commands\u0027","messageBody":"","fileTypesAndContributionMap":{"docs":{"insertions":202,"deletions":4}}},{"hash":"75afa4ee5ad4f00af130de5573543a34d796cc61","messageTitle":"Fix FindItemCommand bug which uses Object::toString()","messageBody":"","fileTypesAndContributionMap":{"functional-code":{"insertions":10,"deletions":7}}},{"hash":"c5d320143385c9ec4e1a75e55b7769065b5b5939","messageTitle":"Update find commands to be more loose","messageBody":"","fileTypesAndContributionMap":{"functional-code":{"insertions":8,"deletions":6}}},{"hash":"2b05acbbf95c25ac820c80ccc2139d0056037085","messageTitle":"Fix checkstyle errors","messageBody":"","fileTypesAndContributionMap":{"functional-code":{"insertions":43,"deletions":39},"test-code":{"insertions":2,"deletions":1}}},{"hash":"7c725aa4e6e834ac7de778de8ff40711c6cc8385","messageTitle":"Update UG/DG with diagrams/text for List related commands","messageBody":"","fileTypesAndContributionMap":{"docs":{"insertions":168,"deletions":5}}},{"hash":"7ee44efb6841619921ef2f111ed37f43cb71de95","messageTitle":"Add CTA and update HelpCommand","messageBody":"","fileTypesAndContributionMap":{"functional-code":{"insertions":40,"deletions":20}}},{"hash":"0bdef7f56747a2eccf8998e5df0fb7c2a5939f1a","messageTitle":"Update DG with HelpCommand","messageBody":"","fileTypesAndContributionMap":{"docs":{"insertions":53,"deletions":10}}},{"hash":"3727844060e82a7257c377f6b8229e68f2e64554","messageTitle":"Update DG for Ui","messageBody":"","fileTypesAndContributionMap":{"docs":{"insertions":37,"deletions":1}}}]},{"date":"2022-10-31","commitResults":[{"hash":"1b7e9985febc185384b3ed1721a76396ef9e672a","messageTitle":"Remove magic literals and System.println","messageBody":"","fileTypesAndContributionMap":{"functional-code":{"insertions":120,"deletions":46}}},{"hash":"6defced2ad4add12137ba7d7da1998318db0f7d4","messageTitle":"Add HelpCommand test","messageBody":"","fileTypesAndContributionMap":{"test-code":{"insertions":17,"deletions":0}}}]},{"date":"2022-11-01","commitResults":[{"hash":"01f44ef3dc0ccc1ebe11bb88a9e61f6c0478c435","messageTitle":"Refactor all files with javadocs and fix all checkstyle checks","messageBody":"","fileTypesAndContributionMap":{"functional-code":{"insertions":719,"deletions":245},"test-code":{"insertions":25,"deletions":21}}}]},{"date":"2022-11-02","commitResults":[{"hash":"e40816e353a2dd9c3180c6e4bdbd88ab86767684","messageTitle":"Add architecture","messageBody":"","fileTypesAndContributionMap":{"docs":{"insertions":47,"deletions":0}}}]},{"date":"2022-11-05","commitResults":[{"hash":"ecd72863c1de958f280b53f41c55c5c28d1ee95e","messageTitle":"Add PPP for winston","messageBody":"","fileTypesAndContributionMap":{"docs":{"insertions":56,"deletions":0}}},{"hash":"0f936c73be4645ef93409c57144610c5531431e8","messageTitle":"Fix PPP","messageBody":"","fileTypesAndContributionMap":{"docs":{"insertions":1,"deletions":1}}}]}],"jorellesee":[{"date":"2022-10-04","commitResults":[{"hash":"a83ddc5976a66df0cc371fec2d465baea06c6f59","messageTitle":"Updated 3rd line of AboutUs.md","messageBody":"","fileTypesAndContributionMap":{"docs":{"insertions":7,"deletions":7}}}]},{"date":"2022-10-06","commitResults":[{"hash":"a291fa1e02bf9d708803b1e83d66c0233ffcbcb4","messageTitle":"Added Ui class","messageBody":"","fileTypesAndContributionMap":{"functional-code":{"insertions":36,"deletions":0}}}]},{"date":"2022-10-09","commitResults":[{"hash":"36fcbe7984d6de48d27e57464abf939eabff092b","messageTitle":"Added Ui class","messageBody":"","fileTypesAndContributionMap":{"functional-code":{"insertions":54,"deletions":35}}},{"hash":"c92c4d481a25186a7808123ac4798a172f90c88f","messageTitle":"Added Ui class","messageBody":"","fileTypesAndContributionMap":{"functional-code":{"insertions":26,"deletions":5}}},{"hash":"704a8152d3e962d408405bb150f7aa42629126fe","messageTitle":"Added Ui class","messageBody":"","fileTypesAndContributionMap":{"functional-code":{"insertions":3,"deletions":2}}},{"hash":"cfa832d6465d42d45cb24d018d8f5e7c2663de81","messageTitle":"Added Ui class","messageBody":"","fileTypesAndContributionMap":{"functional-code":{"insertions":4,"deletions":2}}},{"hash":"207b54d94ba7cd97f4ed449ea684340f1b0e2268","messageTitle":"Added Ui class","messageBody":"","fileTypesAndContributionMap":{"functional-code":{"insertions":2,"deletions":1}}},{"hash":"c14b2d996ad931e0faa02f6eacc69a1c0f0a0e48","messageTitle":"Added Ui class","messageBody":"","fileTypesAndContributionMap":{"functional-code":{"insertions":6,"deletions":0}}},{"hash":"7e80f600759d2a38a7f1efe2e70da1e5749d1ff1","messageTitle":"Included Logger","messageBody":"","fileTypesAndContributionMap":{"functional-code":{"insertions":2,"deletions":0}}}]},{"date":"2022-10-10","commitResults":[{"hash":"04d1bce172acac7b9ea266465f8fd68227eda585","messageTitle":"Included Logger","messageBody":"","fileTypesAndContributionMap":{"functional-code":{"insertions":66,"deletions":20}}},{"hash":"e8caef3203a4a7a2e92e49677590b95d185faad0","messageTitle":"Included Logger","messageBody":"","fileTypesAndContributionMap":{"functional-code":{"insertions":1,"deletions":1}}}]},{"date":"2022-10-16","commitResults":[{"hash":"2e20a09f44da64052d9d9c86615dc38bba01250a","messageTitle":"Included Logger","messageBody":"","fileTypesAndContributionMap":{"functional-code":{"insertions":1,"deletions":0}}},{"hash":"c80e370c7a6f156c32de38d650e80627cc26b2a3","messageTitle":"Added FindUser and FindItem functions. Unhandled case when [keyword] is longer than one word","messageBody":"","fileTypesAndContributionMap":{"functional-code":{"insertions":105,"deletions":0}}},{"hash":"8976d9edc42370aa89aa00853e1074bab03d6b18","messageTitle":"edited minor problem with FindItemsByKeyword","messageBody":"","fileTypesAndContributionMap":{"functional-code":{"insertions":1,"deletions":1}}},{"hash":"ce59ce2e6a87ba2f10b9e9874b4cbb2f5fe45c47","messageTitle":"Made some diagrams","messageBody":"","fileTypesAndContributionMap":{"docs":{"insertions":43,"deletions":0}}},{"hash":"dac2ed9502aacbfd7d81c4d3a787a9bf751e77ca","messageTitle":"Some refactoring","messageBody":"","fileTypesAndContributionMap":{"docs":{"insertions":30,"deletions":0}}}]},{"date":"2022-10-17","commitResults":[{"hash":"402558f2f765554ec5ba82aeb0d0b12646ada1e7","messageTitle":"more diagrams","messageBody":"","fileTypesAndContributionMap":{"docs":{"insertions":11,"deletions":0}}},{"hash":"11a4926591ff9d055bdd84dbc859be98f433b4cd","messageTitle":"no message","messageBody":"","fileTypesAndContributionMap":{"functional-code":{"insertions":0,"deletions":5}}},{"hash":"f2137932edec8118e4d28d0340c0214d9437e57d","messageTitle":"removed unnecessary headers in dg","messageBody":"","fileTypesAndContributionMap":{"docs":{"insertions":0,"deletions":1}}},{"hash":"c2982811ced6b899c90db8435f957e1f436e2ee3","messageTitle":"Edited diagram","messageBody":"","fileTypesAndContributionMap":{"docs":{"insertions":12,"deletions":13}}}]},{"date":"2022-10-18","commitResults":[{"hash":"cb75be7273c3fd2dcc8261000c78616a3a288e05","messageTitle":"Sequence diagram for FindItem","messageBody":"","fileTypesAndContributionMap":{"docs":{"insertions":18,"deletions":10}}},{"hash":"6a7733627033fa0513dcb1e74608f86c6096a935","messageTitle":"Inserted diagrams into dg","messageBody":"","fileTypesAndContributionMap":{"docs":{"insertions":4,"deletions":4}}}]},{"date":"2022-10-26","commitResults":[{"hash":"110d94e78b9329420eb84842af61dd969ce0b06d","messageTitle":"Updated Sequence diagram for FindItemCommand","messageBody":"","fileTypesAndContributionMap":{"docs":{"insertions":51,"deletions":18}}},{"hash":"89d8b5d24ff8560aca8b2db92d2c092b3b6b3812","messageTitle":"Added find-item to UG","messageBody":"","fileTypesAndContributionMap":{"docs":{"insertions":15,"deletions":2}}}]},{"date":"2022-10-28","commitResults":[{"hash":"55b919896ba934848097deaed1b1120da781bafe","messageTitle":"Added new methods for ViewUserDebt and to FindTransactionsByUser","messageBody":"","fileTypesAndContributionMap":{"functional-code":{"insertions":214,"deletions":21},"docs":{"insertions":4,"deletions":5}}}]},{"date":"2022-10-31","commitResults":[{"hash":"ea9ba95c8aad0a815462e4825fa082b68074a9ef","messageTitle":"Added Command to find profit of user. Also added extra field in transaction to specify lender","messageBody":"","fileTypesAndContributionMap":{"functional-code":{"insertions":168,"deletions":11},"other":{"insertions":4,"deletions":2},"docs":{"insertions":62,"deletions":30}}},{"hash":"526d04211d58ca052226cc675089b7b8c42c51cd","messageTitle":"edited TransactionStorage to accomodate lenderId","messageBody":"","fileTypesAndContributionMap":{"functional-code":{"insertions":5,"deletions":4},"docs":{"insertions":26,"deletions":25},"test-code":{"insertions":12,"deletions":12}}}]},{"date":"2022-11-03","commitResults":[{"hash":"d0b77217da81683ebb5e11f447c768f695c062fa","messageTitle":"Updated UG and DG for user gain/loss and borrow/lend transactions","messageBody":"","fileTypesAndContributionMap":{"functional-code":{"insertions":2,"deletions":2},"docs":{"insertions":166,"deletions":12}}}]},{"date":"2022-11-05","commitResults":[{"hash":"8ad52595c57e8aab72e6eed04aea9ebb31b6068c","messageTitle":"Refactor magic literals","messageBody":"","fileTypesAndContributionMap":{"functional-code":{"insertions":15,"deletions":7}}},{"hash":"bec7bb01e71867b40cabc58f64f2c0a44ccc1296","messageTitle":"more refactoring of magic literals","messageBody":"","fileTypesAndContributionMap":{"functional-code":{"insertions":6,"deletions":2}}}]},{"date":"2022-11-06","commitResults":[{"hash":"a5d9f7ee029426528ccfbceb9418576a1a1fc8aa","messageTitle":"no message","messageBody":"","fileTypesAndContributionMap":{"docs":{"insertions":43,"deletions":7}}},{"hash":"21929ef72f0a354619150c504a84e1dcaa81887c","messageTitle":"updated PPP","messageBody":"","fileTypesAndContributionMap":{"docs":{"insertions":8,"deletions":7}}},{"hash":"f07d90de3905f9565ecfb243f46aa84b2e653e2f","messageTitle":"updated diagrams in DG","messageBody":"","fileTypesAndContributionMap":{"docs":{"insertions":61,"deletions":36},"test-code":{"insertions":69,"deletions":13}}},{"hash":"79986d861f6dc9bba5541c9d2f55299ab514c3a9","messageTitle":"Increased Tseting for ItemList and Item","messageBody":"","fileTypesAndContributionMap":{"test-code":{"insertions":4,"deletions":2}}}]}],"jingwei55":[{"date":"2022-10-04","commitResults":[{"hash":"753307334302b802db4904d340af4c74e9e0df2a","messageTitle":"changed line 1 of About Us","messageBody":"","fileTypesAndContributionMap":{"docs":{"insertions":7,"deletions":7}}}]},{"date":"2022-10-06","commitResults":[{"hash":"e2cb3c2e77986d3521346412d2022cc8749b5828","messageTitle":"created base item class","messageBody":"","fileTypesAndContributionMap":{"functional-code":{"insertions":46,"deletions":0}}},{"hash":"29263781f9c9a2c7c68c184baa36856f5e83d6d5","messageTitle":"Added more item functions and created ItemList class \u0026 Ui class","messageBody":"","fileTypesAndContributionMap":{"functional-code":{"insertions":66,"deletions":5}}},{"hash":"e2c7a5ca4efca8ce1108c2ecbe1dfc6af7602638","messageTitle":"idk what","messageBody":"","fileTypesAndContributionMap":{"functional-code":{"insertions":9,"deletions":0}}},{"hash":"34b5dfd6df23b3b61a706a562bcb1e6c58db1496","messageTitle":"Troubleshoot compile error","messageBody":"","fileTypesAndContributionMap":{"functional-code":{"insertions":3,"deletions":11}}}]},{"date":"2022-10-07","commitResults":[{"hash":"5998a57b5484df9fc65131453d4bd11a3b2494fc","messageTitle":"Changed code based on comments and added Category class","messageBody":"","fileTypesAndContributionMap":{"functional-code":{"insertions":36,"deletions":32}}},{"hash":"736c4d52bad940a47b24c41d23235f99df27caf9","messageTitle":"create item package","messageBody":"","fileTypesAndContributionMap":{"functional-code":{"insertions":2,"deletions":0},"other":{"insertions":8,"deletions":3}}}]},{"date":"2022-10-09","commitResults":[{"hash":"2de89e93ac71f07c1d004a64f6e63ccc19ca0f15","messageTitle":"modify Item classes","messageBody":"","fileTypesAndContributionMap":{"functional-code":{"insertions":41,"deletions":16}}},{"hash":"c594b3cbf6f184f8e3102146b8bca005985a5d0c","messageTitle":"added getItem by Id method","messageBody":"","fileTypesAndContributionMap":{"functional-code":{"insertions":14,"deletions":4}}},{"hash":"e50a5f2c83dceabfbfb1ac93510abbb22d6559f9","messageTitle":"Find item by id method","messageBody":"","fileTypesAndContributionMap":{"functional-code":{"insertions":5,"deletions":11}}},{"hash":"d8c6ca83a61a5a77554b5f91b1d11080ff74ed1c","messageTitle":"Junit and assert","messageBody":"","fileTypesAndContributionMap":{"functional-code":{"insertions":4,"deletions":2},"test-code":{"insertions":32,"deletions":1}}},{"hash":"b16998fb7ecee3213dd07637fb7852089d1fde0c","messageTitle":"logging","messageBody":"","fileTypesAndContributionMap":{"functional-code":{"insertions":5,"deletions":0}}}]},{"date":"2022-10-11","commitResults":[{"hash":"6638ebee962c541e6b8ed712bc6ade8d77405dc6","messageTitle":"Finished viewUser command","messageBody":"","fileTypesAndContributionMap":{"functional-code":{"insertions":48,"deletions":10}}},{"hash":"220e3798363996d444cd9aa35853247202e96685","messageTitle":"viewTxCmd done","messageBody":"","fileTypesAndContributionMap":{"functional-code":{"insertions":41,"deletions":9}}},{"hash":"e84a909263d4031211f8876b2972852c9622f385","messageTitle":"viewUserCmd done","messageBody":"","fileTypesAndContributionMap":{"functional-code":{"insertions":38,"deletions":8}}},{"hash":"270ef6b482fb3a7c973c09f5e81146032bc10050","messageTitle":"settle checkstyle","messageBody":"","fileTypesAndContributionMap":{"functional-code":{"insertions":2,"deletions":0}}}]},{"date":"2022-10-14","commitResults":[{"hash":"ca18c37bd8b88792d208e2b18a54aceac75a3d97","messageTitle":"assertion setup","messageBody":"","fileTypesAndContributionMap":{"other":{"insertions":1,"deletions":0}}},{"hash":"d8e3d27fb6ebe206297e7e0ad4c669d723ed0405","messageTitle":"minor fixes to UI, added find tx by status command","messageBody":"","fileTypesAndContributionMap":{"functional-code":{"insertions":122,"deletions":9}}},{"hash":"712fafd6d784791361b77ef1a800fb30f42a7f8a","messageTitle":"minor tweaks to ui messages + adding itemID","messageBody":"","fileTypesAndContributionMap":{"functional-code":{"insertions":61,"deletions":36}}},{"hash":"8fb9b4436395f731662ad83aecf09c39387909b4","messageTitle":"added itemID, changes to add/remove item and add-tx","messageBody":"","fileTypesAndContributionMap":{"functional-code":{"insertions":29,"deletions":26}}},{"hash":"d3709c314e3f550cb62b04136ffc4b814a2765b3","messageTitle":"Item id now part of transaction, fixed deleteitemmessage issue","messageBody":"","fileTypesAndContributionMap":{"functional-code":{"insertions":22,"deletions":14},"test-code":{"insertions":18,"deletions":12}}}]},{"date":"2022-10-17","commitResults":[{"hash":"c470c0dec6a18cdb26c3c0e985734fb1a554807c","messageTitle":"Update DeveloperGuide.md","messageBody":"","fileTypesAndContributionMap":{"docs":{"insertions":17,"deletions":0}}},{"hash":"92f1c3be4c55d7d1d1ddcbb3a04acf16c085dc0b","messageTitle":"added UML diagram","messageBody":"","fileTypesAndContributionMap":{"functional-code":{"insertions":23,"deletions":0}}},{"hash":"980b29015a64b751f31fc0722606c90fa5e7deae","messageTitle":"Update DeveloperGuide.md","messageBody":"","fileTypesAndContributionMap":{"docs":{"insertions":3,"deletions":3}}},{"hash":"208593ef57889904b65abb1d3ac9ab0920d62b35","messageTitle":"Update DeveloperGuide.md","messageBody":"","fileTypesAndContributionMap":{"docs":{"insertions":1,"deletions":0}}},{"hash":"099ce003f4f922a8128c2fc1d3c7ec6743cbcd33","messageTitle":"some javadoc","messageBody":"","fileTypesAndContributionMap":{"functional-code":{"insertions":29,"deletions":1}}}]},{"date":"2022-10-22","commitResults":[{"hash":"6d6d4ce7d7bddc361791c531581587eaceb7d154","messageTitle":"Added view commands","messageBody":"","fileTypesAndContributionMap":{"docs":{"insertions":59,"deletions":3}}},{"hash":"fb7449b0a95cad91ed994c2569474e2b3c1543dc","messageTitle":"viewUser DG","messageBody":"","fileTypesAndContributionMap":{"docs":{"insertions":44,"deletions":0}}},{"hash":"301551b6ded71a478b399dae12cdcccd2918995e","messageTitle":"Update DeveloperGuide.md","messageBody":"","fileTypesAndContributionMap":{"docs":{"insertions":21,"deletions":2}}},{"hash":"dcbc6b520743443eb0f2d00f361ee54165261462","messageTitle":"viewItem DG","messageBody":"","fileTypesAndContributionMap":{"docs":{"insertions":45,"deletions":1}}},{"hash":"5bfd26bed03c660ce861e49dccc3e67cd7a07d77","messageTitle":"Update DeveloperGuide.md","messageBody":"","fileTypesAndContributionMap":{"docs":{"insertions":19,"deletions":0}}},{"hash":"96f48320b67f3ab91febb4732c52680dfe967d04","messageTitle":"viewTx DG","messageBody":"","fileTypesAndContributionMap":{"docs":{"insertions":44,"deletions":0}}},{"hash":"087898f4eca600f77bfb058dbdb6fe4d34362d09","messageTitle":"Update DeveloperGuide.md","messageBody":"","fileTypesAndContributionMap":{"docs":{"insertions":21,"deletions":2}}}]},{"date":"2022-10-27","commitResults":[{"hash":"cabc4e4a0d7830e4c4df1e33760c8d14399687f3","messageTitle":"Update UserGuide.md","messageBody":"","fileTypesAndContributionMap":{"docs":{"insertions":18,"deletions":5}}}]},{"date":"2022-10-29","commitResults":[{"hash":"070b5b4d2fc7f13aa372e53f46edce37bc32091d","messageTitle":"Added reminders in help command","messageBody":"","fileTypesAndContributionMap":{"functional-code":{"insertions":6,"deletions":0}}},{"hash":"b971a3219c0bbd8d15f3b86a24ed797ccb5679a3","messageTitle":"Troubleshoot display","messageBody":"","fileTypesAndContributionMap":{"functional-code":{"insertions":2,"deletions":1}}},{"hash":"964e568a3bdafbfc932000b8c7368b7dc3921edd","messageTitle":"Modified to add item of same name BUT different price","messageBody":"","fileTypesAndContributionMap":{"functional-code":{"insertions":17,"deletions":15}}},{"hash":"7ea6a87a0c3c863aa7399d42ad83dd0945facf25","messageTitle":"Update UserGuide.md","messageBody":"","fileTypesAndContributionMap":{"docs":{"insertions":8,"deletions":1}}},{"hash":"f152ec677cd7f27d4224eeeabd63b3ff06533149","messageTitle":"Update UserGuide.md","messageBody":"","fileTypesAndContributionMap":{"docs":{"insertions":1,"deletions":1}}},{"hash":"23bcab04a00ce2137248065c6a3b7106a18d5fae","messageTitle":"Change transactions to use BigDecimal instead, for proper double arithmetic","messageBody":"","fileTypesAndContributionMap":{"functional-code":{"insertions":20,"deletions":11},"test-code":{"insertions":14,"deletions":11}}},{"hash":"a742c7eaee6516f8df91709bf2d1575f119d37c5","messageTitle":"Update UserGuide.md","messageBody":"","fileTypesAndContributionMap":{"docs":{"insertions":1,"deletions":0}}},{"hash":"144c3a4b07372a53b1d63a0f5640ffe23748a3ea","messageTitle":"Modified addUser to prevent duplicate contact number","messageBody":"","fileTypesAndContributionMap":{"functional-code":{"insertions":27,"deletions":6}}},{"hash":"e144f83772776ca5e79794303c037e3372438161","messageTitle":"Some display changes, not sure why double arithmetic not solved with BigDecimal","messageBody":"","fileTypesAndContributionMap":{"functional-code":{"insertions":12,"deletions":11}}},{"hash":"8bb8803e03225091473212d4486faf9fb09bc22f","messageTitle":"Fixed bigdecimal, made price format be 2dp to look nicer","messageBody":"","fileTypesAndContributionMap":{"functional-code":{"insertions":16,"deletions":17},"test-code":{"insertions":11,"deletions":11}}},{"hash":"a0115310bb78812731edd7aae706aa9dbb75eb3a","messageTitle":"troubleshoot checkstyle","messageBody":"","fileTypesAndContributionMap":{"test-code":{"insertions":1,"deletions":1}}},{"hash":"65e4b34c823b136b948f207804ff405b8b69b48d","messageTitle":"troubleshoot checkstyle","messageBody":"","fileTypesAndContributionMap":{"test-code":{"insertions":1,"deletions":1}}},{"hash":"04b3df3dfb3cfda90e5cca9113405752a6206dad","messageTitle":"wtf Intellij say they are identical","messageBody":"","fileTypesAndContributionMap":{"test-code":{"insertions":1,"deletions":1}}},{"hash":"85b992c6d07760473cb0c751661e6fd3893ec9b5","messageTitle":"commented out the error","messageBody":"","fileTypesAndContributionMap":{"test-code":{"insertions":7,"deletions":7}}},{"hash":"ee8a5cd683b17020666794ea0e5c689420fbd5fb","messageTitle":"pls","messageBody":"","fileTypesAndContributionMap":{"test-code":{"insertions":6,"deletions":6}}}]},{"date":"2022-10-30","commitResults":[{"hash":"d4e659d7c3c80b38bfae94053ae425a770fdb4d1","messageTitle":"Update DeveloperGuide.md","messageBody":"","fileTypesAndContributionMap":{"docs":{"insertions":1,"deletions":1}}},{"hash":"af43a24c8437528dcfb7ed104cb3685d6c56bfa6","messageTitle":"Create JingWei.md","messageBody":"","fileTypesAndContributionMap":{"docs":{"insertions":45,"deletions":0}}},{"hash":"7f4d4f73fc22e539a6391e5b2cb5068c0463bfa2","messageTitle":"Added ItemClassDiagram","messageBody":"","fileTypesAndContributionMap":{"docs":{"insertions":81,"deletions":0}}},{"hash":"4a6912addd069df0be5ce6d7de5cb98fbfcb589e","messageTitle":"Update and rename JingWei.md to jingwei.md","messageBody":"","fileTypesAndContributionMap":{"docs":{"insertions":3,"deletions":0}}},{"hash":"4f1ff4f40e1e05c8bd6d2f09b6d93b9860a55deb","messageTitle":"Update DeveloperGuide.md","messageBody":"","fileTypesAndContributionMap":{"docs":{"insertions":26,"deletions":7}}},{"hash":"93383844deb0f8fea6d850b729faee8ab556eec9","messageTitle":"Update DeveloperGuide.md","messageBody":"","fileTypesAndContributionMap":{"docs":{"insertions":1,"deletions":0}}},{"hash":"f61d6f96d47d2a1350b00c0f37eca36e8688d08c","messageTitle":"Update jingwei.md","messageBody":"","fileTypesAndContributionMap":{"docs":{"insertions":1,"deletions":0}}},{"hash":"f898ab01f92698e7446cd21cfef7b933efb82492","messageTitle":"Update DeveloperGuide.md","messageBody":"","fileTypesAndContributionMap":{"docs":{"insertions":1,"deletions":0}}},{"hash":"594ca3655d9d8fdbf5d0fc3a6cd120181f92d40c","messageTitle":"Rename jingwei.md to jingwei55.md","messageBody":"","fileTypesAndContributionMap":{"docs":{"insertions":0,"deletions":0}}}]},{"date":"2022-10-31","commitResults":[{"hash":"692bc59ee7aafbd518dbf35e557e4abccc361ad5","messageTitle":"modified Sequence digram and deleted useless methods","messageBody":"","fileTypesAndContributionMap":{"functional-code":{"insertions":10,"deletions":5},"docs":{"insertions":50,"deletions":37}}}]},{"date":"2022-11-02","commitResults":[{"hash":"7e2f37e0d7a5cf1b75cb1dcca6a9c0b3b3e3ebb0","messageTitle":"edit class diagram","messageBody":"","fileTypesAndContributionMap":{"docs":{"insertions":11,"deletions":11}}}]},{"date":"2022-11-06","commitResults":[{"hash":"7dc05c65341760b51e5e394b44472345ebb75ef8","messageTitle":"fix formatting","messageBody":"","fileTypesAndContributionMap":{"docs":{"insertions":2,"deletions":2}}},{"hash":"f448402e97d75f7893d17fa0cfb84b72d52feaa4","messageTitle":"standardize keywords","messageBody":"","fileTypesAndContributionMap":{"docs":{"insertions":12,"deletions":12}}},{"hash":"1d9a9f6d8e855eb5567bcb88554b6716858b562c","messageTitle":"Update jingwei55.md","messageBody":"","fileTypesAndContributionMap":{"docs":{"insertions":5,"deletions":3}}},{"hash":"884d684f2e09d1f1341d4bc2d521b97c09095a38","messageTitle":"Update AboutUs.md","messageBody":"","fileTypesAndContributionMap":{"docs":{"insertions":1,"deletions":1}}},{"hash":"8e7de43a649827ab334165e12ac3324680e7d95c","messageTitle":"standardise 2dp for price","messageBody":"","fileTypesAndContributionMap":{"docs":{"insertions":22,"deletions":21}}},{"hash":"05d71e303efe6a44e924b00ecefe32eb9b4adf06","messageTitle":"ensure smallest unit of price i1 cent","messageBody":"","fileTypesAndContributionMap":{"functional-code":{"insertions":14,"deletions":18}}},{"hash":"a03c95d449b288a4ad7517a35b28519aeba15f55","messageTitle":"added exception messages for too many decimal places in price","messageBody":"","fileTypesAndContributionMap":{"functional-code":{"insertions":24,"deletions":2}}},{"hash":"727a2872a3da852957d1e75e857d5155a12195b6","messageTitle":"solve merge conflict","messageBody":"","fileTypesAndContributionMap":{"functional-code":{"insertions":1,"deletions":1}}},{"hash":"e6a44056f826bc486b393798b9e936f09a40c8a9","messageTitle":"update UG for price decimal reminder","messageBody":"","fileTypesAndContributionMap":{"docs":{"insertions":10,"deletions":3}}},{"hash":"c62cbe6760d0c39a07551b032e2ec4976a6859f8","messageTitle":"format nicely","messageBody":"","fileTypesAndContributionMap":{"docs":{"insertions":4,"deletions":4}}},{"hash":"fce49f7319f9e802fe01637a03cb19cfe210a86b","messageTitle":"finishing touches","messageBody":"","fileTypesAndContributionMap":{"functional-code":{"insertions":5,"deletions":2}}},{"hash":"27f20ad33ac9fe6965f9d7fed192fbba865918f9","messageTitle":"for test","messageBody":"","fileTypesAndContributionMap":{"test-code":{"insertions":1,"deletions":1}}},{"hash":"404003149db07fb8c175aedb08c56c05db5114dc","messageTitle":"add days after duration","messageBody":"","fileTypesAndContributionMap":{"functional-code":{"insertions":1,"deletions":1}}},{"hash":"530bbda7564b8da8abea36601bee0e15e4aad53a","messageTitle":"fix formatting + add FAQ","messageBody":"","fileTypesAndContributionMap":{"docs":{"insertions":35,"deletions":21}}},{"hash":"51e926cdabb62c6ee10eb21bfe9951cd8afc624e","messageTitle":"Update jingwei55.md","messageBody":"","fileTypesAndContributionMap":{"docs":{"insertions":3,"deletions":0}}},{"hash":"4b174a724af78e3ca47f60483d8023cfb833bdd2","messageTitle":"edited store failure message","messageBody":"","fileTypesAndContributionMap":{"functional-code":{"insertions":3,"deletions":2},"test-code":{"insertions":10,"deletions":0}}},{"hash":"f11706a07a723db29449cb955902affb652ff9a5","messageTitle":"settle error","messageBody":"","fileTypesAndContributionMap":{"test-code":{"insertions":0,"deletions":6}}},{"hash":"bcd808cb69dad069baa351acafe66d12c80c0e3a","messageTitle":"final","messageBody":"","fileTypesAndContributionMap":{"test-code":{"insertions":0,"deletions":3}}}]}],"chiewyx":[{"date":"2022-10-04","commitResults":[{"hash":"75cef591e235101515daf5682243425f0690674e","messageTitle":"updated AboutUs","messageBody":"","fileTypesAndContributionMap":{"docs":{"insertions":7,"deletions":7}}}]},{"date":"2022-10-06","commitResults":[{"hash":"84ea036a9257cdc6a7c34e3eec944aaacf2578bc","messageTitle":"added user and userlist class","messageBody":"","fileTypesAndContributionMap":{"functional-code":{"insertions":85,"deletions":0}}},{"hash":"111bd66f8924f38cce6b86cf6f38a938c24d99f4","messageTitle":"added JUnit test for user and userList","messageBody":"","fileTypesAndContributionMap":{"functional-code":{"insertions":8,"deletions":4},"test-code":{"insertions":46,"deletions":0}}},{"hash":"4820e683dcd49ce3eaecadf5940d69fd78a64694","messageTitle":"updated code","messageBody":"","fileTypesAndContributionMap":{"functional-code":{"insertions":1,"deletions":3}}}]},{"date":"2022-10-09","commitResults":[{"hash":"d02d4ef8f7cfe7913867e1088e996f55b02587f6","messageTitle":"updated code to find user based on user name","messageBody":"","fileTypesAndContributionMap":{"functional-code":{"insertions":24,"deletions":8}}},{"hash":"e6f2942598a6487ff62b118ff8ccc46bfc0848d9","messageTitle":"update code","messageBody":"","fileTypesAndContributionMap":{"functional-code":{"insertions":5,"deletions":0}}},{"hash":"9a45fa23654e40e8d6a28e4c0b59c630e750f17b","messageTitle":"added JUnit tests for userlist","messageBody":"","fileTypesAndContributionMap":{"functional-code":{"insertions":1,"deletions":1},"test-code":{"insertions":14,"deletions":3}}},{"hash":"5dcaae2cdd2582cbac02e5219f11a653d0a2e829","messageTitle":"added assertion and logging for UserList class","messageBody":"","fileTypesAndContributionMap":{"functional-code":{"insertions":11,"deletions":1}}},{"hash":"1d5fd7c9b69c8f5564bc87af5b1aa644bb78c00e","messageTitle":"updated listUser function","messageBody":"","fileTypesAndContributionMap":{"functional-code":{"insertions":1,"deletions":0}}},{"hash":"91c5b3904b9b38b688400ec0a9312a08ffd07c52","messageTitle":"updated code for checkstyle","messageBody":"","fileTypesAndContributionMap":{"functional-code":{"insertions":10,"deletions":6}}},{"hash":"4859f0e8285a01898c7ca39d31747e91ef26a93c","messageTitle":"updated code for checkstyle","messageBody":"","fileTypesAndContributionMap":{"functional-code":{"insertions":1,"deletions":1}}},{"hash":"64897e4c9c070e02e6881389bd41980dd81f0b26","messageTitle":"refactored packaged name from ItemTest to item","messageBody":"","fileTypesAndContributionMap":{"other":{"insertions":2,"deletions":5}}}]},{"date":"2022-10-14","commitResults":[{"hash":"2a50c16104c81e25faa19c020e95538f25f0ca75","messageTitle":"added sort feature for items","messageBody":"","fileTypesAndContributionMap":{"functional-code":{"insertions":179,"deletions":5}}},{"hash":"1d1705a5b0eb5065f2a231b590389c3ecfa5073b","messageTitle":"allows for optional arguments (/min \u0026 /max)","messageBody":"","fileTypesAndContributionMap":{"functional-code":{"insertions":17,"deletions":4}}},{"hash":"ce82570c9b8517e520e25b1840cc783e3968fca7","messageTitle":"updated code for checkstyle","messageBody":"","fileTypesAndContributionMap":{"functional-code":{"insertions":5,"deletions":1}}}]},{"date":"2022-10-17","commitResults":[{"hash":"bf979f37a52d02c75c71140220f5e2079ea26435","messageTitle":"added some javaDoc","messageBody":"","fileTypesAndContributionMap":{"functional-code":{"insertions":128,"deletions":1}}}]},{"date":"2022-10-18","commitResults":[{"hash":"f5197e8037810ac144d99d1179ec9592540b6834","messageTitle":"updated DG for sortItems feature","messageBody":"","fileTypesAndContributionMap":{"docs":{"insertions":50,"deletions":0}}}]},{"date":"2022-10-19","commitResults":[{"hash":"f94f3ddbacf0d553d85f727d872aba28d9f7dace","messageTitle":"updated DG for user class","messageBody":"","fileTypesAndContributionMap":{"docs":{"insertions":63,"deletions":7}}}]},{"date":"2022-10-23","commitResults":[{"hash":"4057f384d11cec9af335b34d1d242b8967fa4287","messageTitle":"updated UG and fixed bug in sort items","messageBody":"","fileTypesAndContributionMap":{"functional-code":{"insertions":3,"deletions":3},"docs":{"insertions":25,"deletions":0}}}]},{"date":"2022-10-24","commitResults":[{"hash":"1fb23cd2fe6141c03a9417492a5001a17a5baf6a","messageTitle":"added user stories","messageBody":"","fileTypesAndContributionMap":{"docs":{"insertions":19,"deletions":4}}}]},{"date":"2022-10-25","commitResults":[{"hash":"37530ec7c6adf4b56faf887a3bcba96985805204","messageTitle":"updated target user and value proposition","messageBody":"","fileTypesAndContributionMap":{"docs":{"insertions":9,"deletions":2}}},{"hash":"f99d1370b10d991150b102c2b9dbb54758e009dd","messageTitle":"updated dg","messageBody":"","fileTypesAndContributionMap":{"docs":{"insertions":1,"deletions":1}}},{"hash":"61fe3fde8b2b389cd0108bb5036e756813470392","messageTitle":"updated target user based on comments","messageBody":"","fileTypesAndContributionMap":{"docs":{"insertions":2,"deletions":7}}},{"hash":"853d39c2051f727651396428e2d1de82e6ac038b","messageTitle":"added feature to filter by categories","messageBody":"","fileTypesAndContributionMap":{"functional-code":{"insertions":39,"deletions":3}}},{"hash":"bf3ad701e1aa418fc3c705fea8c2d36541140ef3","messageTitle":"updated DG and UG for sort-items","messageBody":"","fileTypesAndContributionMap":{"docs":{"insertions":27,"deletions":27}}}]},{"date":"2022-10-28","commitResults":[{"hash":"f20cf03d29fa2d93812a46e4d451430b313d4f5f","messageTitle":"added more JUnit tests for User and UserList class","messageBody":"","fileTypesAndContributionMap":{"test-code":{"insertions":54,"deletions":16}}}]},{"date":"2022-10-29","commitResults":[{"hash":"4eaaaa11a5f3dc2ed30e0c2f1bc84309ab2e2c51","messageTitle":"added more javadoc for user and userlist class","messageBody":"","fileTypesAndContributionMap":{"functional-code":{"insertions":22,"deletions":0}}},{"hash":"8328b619a871f27760c049166f62f0ad1a5e8876","messageTitle":"fix code for checkstyle","messageBody":"","fileTypesAndContributionMap":{"test-code":{"insertions":1,"deletions":0}}},{"hash":"c6568bb2aea31f605aa5a6fc71f563e9a2dab604","messageTitle":"added feature to view user items","messageBody":"","fileTypesAndContributionMap":{"functional-code":{"insertions":94,"deletions":11}}},{"hash":"c1fb4f1d9b514383b873c5d150a2a8646121fe06","messageTitle":"fix code for checkstyle","messageBody":"","fileTypesAndContributionMap":{"functional-code":{"insertions":7,"deletions":2}}},{"hash":"c6d07bc50444575a133124bf125c25177c6c5f81","messageTitle":"updated DG and UG for view-user and view-user-items command","messageBody":"","fileTypesAndContributionMap":{"functional-code":{"insertions":2,"deletions":2},"docs":{"insertions":99,"deletions":3}}}]},{"date":"2022-10-30","commitResults":[{"hash":"96f8d04f5aec436b567868f5375a5f9844d67361","messageTitle":"updated UG for view-user and view-user items","messageBody":"","fileTypesAndContributionMap":{"docs":{"insertions":26,"deletions":7}}},{"hash":"45329de43adc7291459f66a8145d23c52ac394be","messageTitle":"updated user stories","messageBody":"","fileTypesAndContributionMap":{"docs":{"insertions":2,"deletions":1}}},{"hash":"559ef2739e1102ca0377db3dfb6816b4ef39ec72","messageTitle":"updated help command to include view-user-items","messageBody":"","fileTypesAndContributionMap":{"functional-code":{"insertions":3,"deletions":0}}}]},{"date":"2022-10-31","commitResults":[{"hash":"1295839597ac2c8f2c25cf757060749324c082a4","messageTitle":"added javadoc for ViewUserItemsCommand","messageBody":"","fileTypesAndContributionMap":{"functional-code":{"insertions":39,"deletions":0}}},{"hash":"3cdd1cb4e37d579275c9ac4470bbc169ec190143","messageTitle":"added PPP","messageBody":"","fileTypesAndContributionMap":{"docs":{"insertions":46,"deletions":2}}},{"hash":"7ca71fecec43743f39093dda981b4214803df7ad","messageTitle":"tweaks to DG","messageBody":"","fileTypesAndContributionMap":{"functional-code":{"insertions":1,"deletions":0},"docs":{"insertions":5,"deletions":4}}},{"hash":"b20bbc106e84d8897eff38410e46f662807de448","messageTitle":"updated user stories","messageBody":"","fileTypesAndContributionMap":{"docs":{"insertions":1,"deletions":0}}},{"hash":"9ae89a8f5fa3db85429a1d5c62d862977e69d365","messageTitle":"updated DG to include view user\u0027s loss in view user sequence diagram","messageBody":"","fileTypesAndContributionMap":{"docs":{"insertions":9,"deletions":3}}},{"hash":"8d24a6816d940b5400f551ef6791f5f6529f4904","messageTitle":"refactor code based on comments","messageBody":"","fileTypesAndContributionMap":{"functional-code":{"insertions":38,"deletions":15},"docs":{"insertions":1,"deletions":1}}},{"hash":"ce6556fa035df26b3a2374504d7f6aa3264257c7","messageTitle":"refactored code based on comments","messageBody":"","fileTypesAndContributionMap":{"functional-code":{"insertions":3,"deletions":1},"docs":{"insertions":1,"deletions":1}}}]},{"date":"2022-11-02","commitResults":[{"hash":"3085cfb280ef8ab7b8b8d72c0cf3dd8f303c79a1","messageTitle":"added instructions for manual testing","messageBody":"","fileTypesAndContributionMap":{"docs":{"insertions":68,"deletions":0}}}]},{"date":"2022-11-05","commitResults":[{"hash":"1c78863483eecb5d3d4c55624f46be8dd5d696ac","messageTitle":"updated PPP","messageBody":"","fileTypesAndContributionMap":{"docs":{"insertions":4,"deletions":3}}}]},{"date":"2022-11-06","commitResults":[{"hash":"f720ae60425eebf11133026c7ecda024523caad7","messageTitle":"updated PPP and cleaned  UG","messageBody":"","fileTypesAndContributionMap":{"functional-code":{"insertions":2,"deletions":0},"docs":{"insertions":20,"deletions":16}}},{"hash":"2eb1c74b18f3404c7c40561ecfce1c6f1331162f","messageTitle":"added more tests","messageBody":"","fileTypesAndContributionMap":{"test-code":{"insertions":40,"deletions":0}}},{"hash":"e5443710448a24ee2ba57a25285c2e60bb3d5101","messageTitle":"fix PPP links","messageBody":"","fileTypesAndContributionMap":{"docs":{"insertions":6,"deletions":5}}}]}],"bdthanh":[{"date":"2022-10-04","commitResults":[{"hash":"1575bfbfd27eaf39d22e3a4d6b14600f7a75c4a4","messageTitle":"Update bdthanh-AboutUs.md","messageBody":"","fileTypesAndContributionMap":{"docs":{"insertions":7,"deletions":7}}},{"hash":"9d21abef2b4b4aab127a2568e322bc3a9c9830b8","messageTitle":"Update bdthanh-AboutUs.md","messageBody":"","fileTypesAndContributionMap":{"docs":{"insertions":6,"deletions":6}}}]},{"date":"2022-10-05","commitResults":[{"hash":"63e46cd0f32f77f984a4425e8e6906f1ab1cf67d","messageTitle":"Add base class for DukeException","messageBody":"","fileTypesAndContributionMap":{"functional-code":{"insertions":7,"deletions":0}}},{"hash":"9e0464279abec73b3e5da24898988b47dcb2bec2","messageTitle":"Delete DukeException","messageBody":"","fileTypesAndContributionMap":{"functional-code":{"insertions":0,"deletions":7}}},{"hash":"4919ad354e79f7cfd1008273fd21fbc7220d546e","messageTitle":"Add 3 base class to be used in the future","messageBody":"","fileTypesAndContributionMap":{"functional-code":{"insertions":58,"deletions":0}}}]},{"date":"2022-10-06","commitResults":[{"hash":"c9bcff714d5fba99eda0611b235a6d17752fbaa9","messageTitle":"Add Transaction class","messageBody":"","fileTypesAndContributionMap":{"functional-code":{"insertions":54,"deletions":0}}},{"hash":"2d2dd1f07cb4dacdd65ba916f2755be612437a69","messageTitle":"Update toString() method for Transaction","messageBody":"","fileTypesAndContributionMap":{"functional-code":{"insertions":12,"deletions":0}}},{"hash":"b3f20209ee8a03d4c5bb9b4343013a060f487d3d","messageTitle":"TransactionList","messageBody":"","fileTypesAndContributionMap":{"functional-code":{"insertions":49,"deletions":0}}},{"hash":"ee5e450cceaa0ff6bcd7bc4cb500a1141819cc17","messageTitle":"Add markFinished and unmarkFinished methods","messageBody":"","fileTypesAndContributionMap":{"functional-code":{"insertions":8,"deletions":0}}},{"hash":"fde93108885fb9f30112ebb1c6288de1d2bc1b7a","messageTitle":"Modify methods in Transaction class (toString, setAsFinished, setAsNotFinished)","messageBody":"","fileTypesAndContributionMap":{"functional-code":{"insertions":19,"deletions":6}}},{"hash":"735358aa183800479bf7bdc87d4560ab7fe02da7","messageTitle":"Add JUnit tests for 2 transaction classes","messageBody":"","fileTypesAndContributionMap":{"test-code":{"insertions":129,"deletions":0}}},{"hash":"96bae1ee4936d12b417a72c5f98102cf3da6d7f0","messageTitle":"Fix checkstyle","messageBody":"","fileTypesAndContributionMap":{"test-code":{"insertions":0,"deletions":1}}},{"hash":"a41a4154cd6ec840d0a98efb71514d782182842e","messageTitle":"Fix checkstyle","messageBody":"","fileTypesAndContributionMap":{"test-code":{"insertions":2,"deletions":3}}},{"hash":"b8f51de692b64d13d0d968ae13cb66569b4147be","messageTitle":"Fix checkstyle","messageBody":"","fileTypesAndContributionMap":{"functional-code":{"insertions":2,"deletions":2}}}]},{"date":"2022-10-07","commitResults":[{"hash":"99ba06c53f6d3d99c570537887866650ec5b602c","messageTitle":"Enhance Item and Category class","messageBody":"","fileTypesAndContributionMap":{"functional-code":{"insertions":49,"deletions":17}}},{"hash":"e6c9442d014e1a5ae3b395601fef895973f0eb6f","messageTitle":"Fix Transaction (integrate User and Item to it)","messageBody":"","fileTypesAndContributionMap":{"functional-code":{"insertions":21,"deletions":16},"test-code":{"insertions":48,"deletions":29}}},{"hash":"6258fd08e05affbf44b1938adcf31a374d870852","messageTitle":"Delete unused imports","messageBody":"","fileTypesAndContributionMap":{"test-code":{"insertions":0,"deletions":2}}},{"hash":"4819087af612facb200856ade01b0471f7bae27a","messageTitle":"Add markAvailable and markUnavailable methods in ItemList","messageBody":"","fileTypesAndContributionMap":{"functional-code":{"insertions":22,"deletions":12}}}]},{"date":"2022-10-09","commitResults":[{"hash":"76fede29a8cb40af1363336d4428658dfb6747e5","messageTitle":"Change all attributes of item to private and add setters","messageBody":"","fileTypesAndContributionMap":{"functional-code":{"insertions":17,"deletions":8}}},{"hash":"fda727b19d89dc88938041ce1d2ba76a69f1ce0f","messageTitle":"Remove lender in constructor (get it from Item\u0027s owner)","messageBody":"","fileTypesAndContributionMap":{"functional-code":{"insertions":2,"deletions":2},"test-code":{"insertions":11,"deletions":11}}},{"hash":"6885311e74832ffb2787406529fd744b17a520c1","messageTitle":"...","messageBody":"","fileTypesAndContributionMap":{"functional-code":{"insertions":19,"deletions":2}}},{"hash":"4aef3e2e511176b27168336646a4cf08a99babf7","messageTitle":"Modify Transaction","messageBody":"","fileTypesAndContributionMap":{"functional-code":{"insertions":8,"deletions":13},"test-code":{"insertions":16,"deletions":50}}},{"hash":"ee7306f933d42b6f0d9596b7e3e11bd66527d564","messageTitle":"Add delete transaction method","messageBody":"","fileTypesAndContributionMap":{"functional-code":{"insertions":29,"deletions":4}}},{"hash":"87b344f847e9c454453ba86b785827d4f41b9ca4","messageTitle":"Edit markFinshed transaction","messageBody":"","fileTypesAndContributionMap":{"functional-code":{"insertions":10,"deletions":15}}}]},{"date":"2022-10-10","commitResults":[{"hash":"eeacfe6f3a1cdaf35507f98a80078a09b4e3350a","messageTitle":"Handle error AddUser, AddItem, AddTransaction","messageBody":"","fileTypesAndContributionMap":{"functional-code":{"insertions":395,"deletions":89},"test-code":{"insertions":17,"deletions":14}}},{"hash":"95bdce49207fe08bda6345938be547884435a710","messageTitle":"Update UserList.java","messageBody":"","fileTypesAndContributionMap":{"functional-code":{"insertions":2,"deletions":1}}},{"hash":"dc3fba54dfada2ddb292864ce75fcf0e506fd591","messageTitle":"Update InvalidBorrowerException.java","messageBody":"","fileTypesAndContributionMap":{"functional-code":{"insertions":1,"deletions":1}}},{"hash":"4186ffd172142192900ce57a7e5af817b069fe8f","messageTitle":"Update CommandInterface.java","messageBody":"","fileTypesAndContributionMap":{"functional-code":{"insertions":10,"deletions":1}}},{"hash":"68f854750bc128919d08d74d4de69d69b6a977a8","messageTitle":"Update UserListTest.java","messageBody":"","fileTypesAndContributionMap":{"test-code":{"insertions":1,"deletions":1}}},{"hash":"ddfb58ff72d8eac6ae90b8e441adb58bbb59f112","messageTitle":"Update UserListTest.java","messageBody":"","fileTypesAndContributionMap":{"test-code":{"insertions":1,"deletions":1}}},{"hash":"fef0b50bde9296f0be56d0b7226ef93c69b8a7ff","messageTitle":"Edit user toString method","messageBody":"","fileTypesAndContributionMap":{"functional-code":{"insertions":4,"deletions":1}}},{"hash":"c23c9bd2417a0966f306acafe2a880578403db69","messageTitle":"Fix test failed","messageBody":"","fileTypesAndContributionMap":{"test-code":{"insertions":1,"deletions":1}}},{"hash":"76c23dbac115776d4e53a5389921307691217b93","messageTitle":"Fix text-ui-test (hardcode)","messageBody":"","fileTypesAndContributionMap":{"functional-code":{"insertions":11,"deletions":13}}},{"hash":"d4c1765ce6b4f8779969d1fad527b357fa11a236","messageTitle":"Fix imports","messageBody":"","fileTypesAndContributionMap":{"functional-code":{"insertions":16,"deletions":3}}},{"hash":"ad002d7b5a90b0ba6c8be0e071d5610481cfcf06","messageTitle":"Update list commands for add features","messageBody":"","fileTypesAndContributionMap":{"functional-code":{"insertions":11,"deletions":4}}},{"hash":"9b602c1fb15548120cfeb564f933eec7933256c4","messageTitle":"Modify DeleteUser/Item/TransactionCommand + ListCommandsCommand","messageBody":"","fileTypesAndContributionMap":{"functional-code":{"insertions":203,"deletions":101},"test-code":{"insertions":7,"deletions":6}}},{"hash":"a9a279028157d25a0b0ecf87ee80fe11f66762a2","messageTitle":"Clean code (remove unused imports)","messageBody":"","fileTypesAndContributionMap":{"functional-code":{"insertions":11,"deletions":15}}},{"hash":"bf0e828945e25e8a62a110a1bdddbedbc6fe8158","messageTitle":"Modify abit","messageBody":"","fileTypesAndContributionMap":{"functional-code":{"insertions":12,"deletions":0}}}]},{"date":"2022-10-11","commitResults":[{"hash":"4f64c5dae941d6bbf10213b8f87a3d604d1f9445","messageTitle":"Update AddUserCommand.java","messageBody":"","fileTypesAndContributionMap":{"functional-code":{"insertions":1,"deletions":1}}},{"hash":"6e8a63c4351fbb9130b82e73a32c5a89d7c7fba3","messageTitle":"Update Ui.java","messageBody":"","fileTypesAndContributionMap":{"functional-code":{"insertions":3,"deletions":4}}},{"hash":"62373979792eb4141b996d30d994bed562c3ed98","messageTitle":"Combine Ui and Command, remove Logger (cause errors)","messageBody":"","fileTypesAndContributionMap":{"functional-code":{"insertions":61,"deletions":41}}},{"hash":"531eb53761a6494b39f290336443599e69ebb6c1","messageTitle":"Fix text-ui-test","messageBody":"","fileTypesAndContributionMap":{"functional-code":{"insertions":4,"deletions":4}}},{"hash":"ab6e9496f29836f4a6de0a8f86b249394afaaea2","messageTitle":"Clean code","messageBody":"","fileTypesAndContributionMap":{"functional-code":{"insertions":13,"deletions":22}}},{"hash":"3a0712ebf29d6c98b05f1edba2e6b8ac92148602","messageTitle":"Rename listSize in Ui to avoid confusion","messageBody":"","fileTypesAndContributionMap":{"functional-code":{"insertions":18,"deletions":39}}},{"hash":"c0eedba9382bd26b957df85c29e7abda5762fba1","messageTitle":"Rename ListCommandsCommand to HelpCommand","messageBody":"","fileTypesAndContributionMap":{"functional-code":{"insertions":4,"deletions":4},"other":{"insertions":1,"deletions":1}}},{"hash":"600ec1a6800d850aaecfe0cdbc55adc094deac69","messageTitle":"Minor changes","messageBody":"","fileTypesAndContributionMap":{"functional-code":{"insertions":1,"deletions":1}}},{"hash":"d466051a7807e1bcc2477fc7df97738514323de6","messageTitle":"Fix logic of Transaction","messageBody":"","fileTypesAndContributionMap":{"functional-code":{"insertions":83,"deletions":168},"test-code":{"insertions":11,"deletions":27}}},{"hash":"03da2c10a2e6927541b5f86a81db0b09f94f1cc5","messageTitle":"typo","messageBody":"","fileTypesAndContributionMap":{"functional-code":{"insertions":2,"deletions":2}}},{"hash":"af8a4b9fcebd288a2eced35bea0ca11d6a12a63c","messageTitle":"Edit help","messageBody":"","tags":["v1.0"],"fileTypesAndContributionMap":{"functional-code":{"insertions":6,"deletions":6}}}]},{"date":"2022-10-13","commitResults":[{"hash":"28e627cf415ba88144f1d06f8c571b5956f314d8","messageTitle":"Divide into smaller packages + add ExceptionMessages files","messageBody":"","fileTypesAndContributionMap":{"functional-code":{"insertions":73,"deletions":28},"other":{"insertions":128,"deletions":70}}},{"hash":"9e17f8193a256f56a16ed97dd44d20485ef5c904","messageTitle":".","messageBody":"","fileTypesAndContributionMap":{"functional-code":{"insertions":5,"deletions":2}}},{"hash":"1dc460c3a00596502efb09683e7f769f61a8dc1c","messageTitle":"Add Storage feature for transaction","messageBody":"","fileTypesAndContributionMap":{"functional-code":{"insertions":169,"deletions":9}}},{"hash":"ae9c3bd3e0b4aee55e283b3622b60102d7d2f860","messageTitle":"Fix typo","messageBody":"","fileTypesAndContributionMap":{"functional-code":{"insertions":1,"deletions":1}}}]},{"date":"2022-10-14","commitResults":[{"hash":"47b0042ce329b38d56548fb239389ef8c9a37d4e","messageTitle":"Some minor changes","messageBody":"","fileTypesAndContributionMap":{"functional-code":{"insertions":89,"deletions":88},"other":{"insertions":2,"deletions":1}}},{"hash":"1d61d952f42b627a0471c7576fe619044098ecbc","messageTitle":"Minor bug for transaction storage","messageBody":"","fileTypesAndContributionMap":{"functional-code":{"insertions":1,"deletions":1}}},{"hash":"fc925e2799a5982d16e4a8a920c257ee9df4a920","messageTitle":"Checkstyle fixed","messageBody":"","fileTypesAndContributionMap":{"functional-code":{"insertions":22,"deletions":21},"other":{"insertions":1,"deletions":1}}},{"hash":"4e5b892b6c8925a74322d5a1c53f64ff9457fa60","messageTitle":"Typo","messageBody":"","fileTypesAndContributionMap":{"functional-code":{"insertions":1,"deletions":1}}}]},{"date":"2022-10-15","commitResults":[{"hash":"5ca6672468e18e2e822a553193c2dc5f4f934ff7","messageTitle":"Remove redundant try catch","messageBody":"","fileTypesAndContributionMap":{"functional-code":{"insertions":3,"deletions":7}}},{"hash":"d5e9936767fecf784031ad63139cadcb255abc15","messageTitle":"Add JavaDoc to my files","messageBody":"","fileTypesAndContributionMap":{"functional-code":{"insertions":605,"deletions":54}}},{"hash":"1e76a19b89dbc4d8e1109806dd59824ba5a149c6","messageTitle":"Fix checkstyle","messageBody":"","fileTypesAndContributionMap":{"functional-code":{"insertions":3,"deletions":3}}}]},{"date":"2022-10-16","commitResults":[{"hash":"381a0fe3980932f42b24239c6be59e1fcbf7c167","messageTitle":"Fix checkstyle","messageBody":"","fileTypesAndContributionMap":{"functional-code":{"insertions":48,"deletions":31}}},{"hash":"2011ac224f769c6d7b1cb569fcf96be1839441c4","messageTitle":"Fix checkstyle","messageBody":"","fileTypesAndContributionMap":{"test-code":{"insertions":1,"deletions":2}}}]},{"date":"2022-10-17","commitResults":[{"hash":"f9f32c4edd4268a5ab6b6a75a3d4c7541c7b97e0","messageTitle":"Add User and Item Storage","messageBody":"","fileTypesAndContributionMap":{"functional-code":{"insertions":271,"deletions":20}}},{"hash":"fe3d4147aaac08455dcdf96904aca9653dd3d014","messageTitle":"Resolve conflicts","messageBody":"","fileTypesAndContributionMap":{"functional-code":{"insertions":0,"deletions":5}}},{"hash":"e5f92654ba1664025eb09db2b19a98da0ab430ec","messageTitle":"Modifiy abit","messageBody":"","fileTypesAndContributionMap":{"functional-code":{"insertions":2,"deletions":2},"docs":{"insertions":0,"deletions":0}}}]},{"date":"2022-10-18","commitResults":[{"hash":"fabaf4098af7775e9c4cca5408b6d9f84d325d07","messageTitle":"Add sequence diagrams","messageBody":"","fileTypesAndContributionMap":{"docs":{"insertions":285,"deletions":0}}},{"hash":"33223411a264c68b22546f3c298d3f5f56c0f871","messageTitle":"Add DG Implementation for Add/Remove User/Item/Transaction feature and UMLs","messageBody":"","fileTypesAndContributionMap":{"functional-code":{"insertions":2,"deletions":29},"docs":{"insertions":233,"deletions":14},"test-code":{"insertions":6,"deletions":6}}},{"hash":"cf579e721e39b0f409c7d23a362d57b98a56477d","messageTitle":"Update DG","messageBody":"","fileTypesAndContributionMap":{"docs":{"insertions":9,"deletions":2}}},{"hash":"4bf091bc51545f8e8aab607e255a80afce8ca666","messageTitle":"Rearrange file in docs","messageBody":"","fileTypesAndContributionMap":{"docs":{"insertions":8,"deletions":31}}},{"hash":"2159068588346a03dd28a2ff76638398d3d16b8f","messageTitle":"Update diagrams","messageBody":"","fileTypesAndContributionMap":{"docs":{"insertions":10,"deletions":14}}}]},{"date":"2022-10-19","commitResults":[{"hash":"8abe23c1574db0df2117b3059c0577105368f373","messageTitle":"Update diagrams","messageBody":"","fileTypesAndContributionMap":{"docs":{"insertions":56,"deletions":55}}},{"hash":"532fca4322db7dadabfaafcdc5f86f75b602bec7","messageTitle":"Update diagrams","messageBody":"","fileTypesAndContributionMap":{"docs":{"insertions":69,"deletions":50}}},{"hash":"34112dab7bfbd9361528e351a9fe890876d9c55a","messageTitle":"Fix bugs in all commands has /","messageBody":"","fileTypesAndContributionMap":{"functional-code":{"insertions":27,"deletions":27}}},{"hash":"6cc25b614d59bba41253fdfc4f8ceffd901b21e2","messageTitle":"Fix bugs","messageBody":"","fileTypesAndContributionMap":{"functional-code":{"insertions":52,"deletions":30}}}]},{"date":"2022-10-22","commitResults":[{"hash":"081d53776c5ab808cab9d2cbc9e5a0f09b3db0c9","messageTitle":"Update User Guide","messageBody":"","fileTypesAndContributionMap":{"docs":{"insertions":198,"deletions":23}}},{"hash":"5d69ebaf1ab8597407e8730963397d6c8a14bc47","messageTitle":"Update UG","messageBody":"","fileTypesAndContributionMap":{"docs":{"insertions":2,"deletions":8}}}]},{"date":"2022-10-23","commitResults":[{"hash":"421189296c030630efb6bf9ad3eb34f48708156e","messageTitle":"Add author and reformat minor things in docs","messageBody":"","fileTypesAndContributionMap":{"functional-code":{"insertions":55,"deletions":39},"docs":{"insertions":15,"deletions":17}}},{"hash":"82745402fb2eb3d345591b55c5fa0db165980c01","messageTitle":"Add authors","messageBody":"","fileTypesAndContributionMap":{"functional-code":{"insertions":19,"deletions":2}}}]},{"date":"2022-10-24","commitResults":[{"hash":"17ce0351f50422a62d2384a5096541beda2afb79","messageTitle":"Updete UG","messageBody":"","fileTypesAndContributionMap":{"docs":{"insertions":29,"deletions":7}}},{"hash":"b779d258ac79bf43a1e704e9a38c1d422b8c477e","messageTitle":"Add update command to CommandPaser","messageBody":"","fileTypesAndContributionMap":{"functional-code":{"insertions":15,"deletions":5}}},{"hash":"6f9a509eb552336270d55d93d35d2bda3fb8c211","messageTitle":"Improve SLAP in storage files","messageBody":"","fileTypesAndContributionMap":{"functional-code":{"insertions":39,"deletions":27}}}]},{"date":"2022-10-25","commitResults":[{"hash":"f7788d4e9417dabe8b87e6a21a07a04a1715241f","messageTitle":"Reformat docs and add introduction","messageBody":"","fileTypesAndContributionMap":{"docs":{"insertions":130,"deletions":49}}},{"hash":"715affe494f191b0cca013ea3819e0dfe1bd4583","messageTitle":"Add ExitCommand and ListCategories to UG, DG","messageBody":"","fileTypesAndContributionMap":{"docs":{"insertions":77,"deletions":21}}},{"hash":"ed74e18a6b982768333f991381242b95b6cefb2d","messageTitle":"Add list categories command to command summary","messageBody":"","fileTypesAndContributionMap":{"docs":{"insertions":1,"deletions":0}}},{"hash":"0308eab8a4e173fec7455bd05b2436039482575e","messageTitle":"Edit exception message for ViewTransactionByStatusCommand","messageBody":"","fileTypesAndContributionMap":{"functional-code":{"insertions":4,"deletions":2}}},{"hash":"1722c8249d10bfc79e3ff599fe9a50bbbbf295b8","messageTitle":"Update command summary in UG and number the feature in DG","messageBody":"","fileTypesAndContributionMap":{"docs":{"insertions":29,"deletions":23}}},{"hash":"78141574ade551021251819574802e270d1956b6","messageTitle":"Renumber commands in UG","messageBody":"","fileTypesAndContributionMap":{"docs":{"insertions":2,"deletions":2}}},{"hash":"19006c630605fc0a6e5cece90a453f033d9295d8","messageTitle":"Remove empty line in greeting message","messageBody":"","fileTypesAndContributionMap":{"functional-code":{"insertions":11,"deletions":12}}},{"hash":"4d910478c61a02a267e08ec1184872c94ed4cc47","messageTitle":"Update UG","messageBody":"","fileTypesAndContributionMap":{"docs":{"insertions":12,"deletions":12}}},{"hash":"c132015a6762d1cff13e7364f7fc601fb3e779d0","messageTitle":"Clean code for v2.0","messageBody":"","fileTypesAndContributionMap":{"functional-code":{"insertions":141,"deletions":104},"test-code":{"insertions":214,"deletions":26}}},{"hash":"6303a99ae2ba860c08d2268faaa2dcdded2972e2","messageTitle":"Fix checkstyle","messageBody":"","fileTypesAndContributionMap":{"functional-code":{"insertions":1,"deletions":2}}},{"hash":"32acf5f68bb3cffe942e6bd29623b1e7b1b14632","messageTitle":"Fix UserGuide","messageBody":"","fileTypesAndContributionMap":{"docs":{"insertions":0,"deletions":1}}},{"hash":"c75f286c969fd9d0ac6df2d0efb478b896248507","messageTitle":"Fix DeveloperGuige","messageBody":"","fileTypesAndContributionMap":{"docs":{"insertions":3,"deletions":3}}},{"hash":"174a1f1dc59a155db656d17ef6202737f4caaa53","messageTitle":"Fix DeveloperGuide","messageBody":"","fileTypesAndContributionMap":{"docs":{"insertions":2,"deletions":2}}},{"hash":"041d6326e338acde1941d46a9bdf7e82dfa7638e","messageTitle":"Fix DeveloperGuide","messageBody":"","fileTypesAndContributionMap":{"docs":{"insertions":2,"deletions":1}}},{"hash":"51521974cc1b53dea1c8b600e22dab5e2ab0afb6","messageTitle":"v2.0 final","messageBody":"","fileTypesAndContributionMap":{"docs":{"insertions":1,"deletions":1}}}]},{"date":"2022-10-26","commitResults":[{"hash":"fb46c68e17b63dcc705570c658eaef6b170facbf","messageTitle":"Handle exception when files are edited","messageBody":"","fileTypesAndContributionMap":{"functional-code":{"insertions":28,"deletions":6}}},{"hash":"fac157e068e3dc34adfbe61d21d37036522bb1c0","messageTitle":"Edit Class Diagrams (remove notations)","messageBody":"","fileTypesAndContributionMap":{"functional-code":{"insertions":3,"deletions":3},"docs":{"insertions":138,"deletions":53}}}]},{"date":"2022-10-27","commitResults":[{"hash":"91f8c93c5d476e91c8891c705a365484949c047c","messageTitle":"Fix bugs","messageBody":"","fileTypesAndContributionMap":{"functional-code":{"insertions":27,"deletions":13}}},{"hash":"63b96698d81b0fc9cdcffff45cdecb8de35405cd","messageTitle":"Fix bug when price \u003e 99999999999 (limit range 0-10000)","messageBody":"","fileTypesAndContributionMap":{"functional-code":{"insertions":12,"deletions":12},"docs":{"insertions":3,"deletions":3}}},{"hash":"e04b993cfc2b88b4735120d342c85fe2ab5fadc1","messageTitle":"Update UG","messageBody":"","fileTypesAndContributionMap":{"docs":{"insertions":6,"deletions":2}}},{"hash":"e000ba7a3bcf08bd4deb63be110581a8b0572345","messageTitle":"Limit range of price, duration, createdDate, itemname, username length, category index,","messageBody":"","fileTypesAndContributionMap":{"functional-code":{"insertions":70,"deletions":34},"docs":{"insertions":12,"deletions":10},"test-code":{"insertions":6,"deletions":3}}},{"hash":"b654ecfb2ce0c45b08518a051b92cd959ebbafdc","messageTitle":"Fix checkstyle","messageBody":"","fileTypesAndContributionMap":{"functional-code":{"insertions":8,"deletions":1}}}]},{"date":"2022-10-28","commitResults":[{"hash":"63c56f9d38d688454dc8d55c5aed36e070f0a246","messageTitle":"Clean code","messageBody":"","fileTypesAndContributionMap":{"functional-code":{"insertions":50,"deletions":56},"docs":{"insertions":21,"deletions":1},"test-code":{"insertions":14,"deletions":14}}},{"hash":"c57e4f354455a538404c97a61232b48f81fd10a8","messageTitle":"Fix UG","messageBody":"","fileTypesAndContributionMap":{"functional-code":{"insertions":1,"deletions":1},"docs":{"insertions":19,"deletions":17}}},{"hash":"826e6988e2779d14c6f1e87c54839c6134f38b0b","messageTitle":"Update DG","messageBody":"","fileTypesAndContributionMap":{"docs":{"insertions":30,"deletions":22}}},{"hash":"9305f65cd5708814f9fadf36f03d6c1233c5f747","messageTitle":"Update TransactionClassDiagram","messageBody":"","fileTypesAndContributionMap":{"docs":{"insertions":3,"deletions":2}}}]},{"date":"2022-10-29","commitResults":[{"hash":"f1e8698008e3f3fb4f4eb1dda067f19ad3468f8b","messageTitle":"Fix UG typo and grammars and bug in add-tx command","messageBody":"","fileTypesAndContributionMap":{"functional-code":{"insertions":103,"deletions":43},"docs":{"insertions":27,"deletions":26},"test-code":{"insertions":3,"deletions":1}}},{"hash":"89ec552869a49897d6eefe85b88925ad6d3afb64","messageTitle":"Add checksum to storage and fix transaction bug","messageBody":"","fileTypesAndContributionMap":{"functional-code":{"insertions":140,"deletions":22},"docs":{"insertions":67,"deletions":51},"test-code":{"insertions":68,"deletions":8}}},{"hash":"c177f68bd39da01498b87a01cefa8ef75606d972","messageTitle":"Update UG and Fix storage bug","messageBody":"","fileTypesAndContributionMap":{"functional-code":{"insertions":28,"deletions":45},"docs":{"insertions":102,"deletions":22},"test-code":{"insertions":4,"deletions":2}}},{"hash":"0e38e5418dc81b65de6e95484424a73431a572c4","messageTitle":"Finish Storage (OMG my whole day)","messageBody":"","fileTypesAndContributionMap":{"functional-code":{"insertions":74,"deletions":30}}},{"hash":"4454d7dccd4978c909d8c5fd234c12ccf63062c5","messageTitle":"Fix io check","messageBody":"","fileTypesAndContributionMap":{"functional-code":{"insertions":2,"deletions":2}}}]},{"date":"2022-10-30","commitResults":[{"hash":"ef8c1f5fcdca21212cd73557255fff2c50aeba17","messageTitle":"Fix UG","messageBody":"","fileTypesAndContributionMap":{"docs":{"insertions":6,"deletions":6}}},{"hash":"2436f6a55eec014d916a63a4a1f419e001b49ac8","messageTitle":"Add PPP bdthanh.md","messageBody":"","fileTypesAndContributionMap":{"functional-code":{"insertions":10,"deletions":10},"docs":{"insertions":96,"deletions":34}}},{"hash":"b26e125d9a06c7ac724a9b7adcad8c59ffa61237","messageTitle":"Fix test","messageBody":"","fileTypesAndContributionMap":{"test-code":{"insertions":2,"deletions":2}}}]},{"date":"2022-10-31","commitResults":[{"hash":"556a4b10577925c3b788170d26507c524536f646","messageTitle":"Refactor magic literals and shorten methods\u0027 name","messageBody":"","fileTypesAndContributionMap":{"functional-code":{"insertions":127,"deletions":87},"docs":{"insertions":8,"deletions":8},"test-code":{"insertions":10,"deletions":10}}},{"hash":"be40d9fb224b1da073530a428b21832f934c3066","messageTitle":"Simplify Sequence diagram and fix class diagram","messageBody":"","fileTypesAndContributionMap":{"docs":{"insertions":28,"deletions":102}}},{"hash":"b1122763562a44392111bd8a8e0db8e57d249cf0","messageTitle":"Reformat HelpCommand","messageBody":"","fileTypesAndContributionMap":{"functional-code":{"insertions":7,"deletions":9},"docs":{"insertions":2,"deletions":2}}},{"hash":"37cf5d983b226d9bca2ce252d2289bbec80d86e6","messageTitle":"Fix Glossary","messageBody":"","fileTypesAndContributionMap":{"docs":{"insertions":5,"deletions":4}}},{"hash":"1e95ae00a527c069f6664d3e61680bd158037bb6","messageTitle":"Fix test and Transaction Storage after updating Transaction lender","messageBody":"","fileTypesAndContributionMap":{"functional-code":{"insertions":86,"deletions":71},"other":{"insertions":8,"deletions":8},"docs":{"insertions":28,"deletions":11},"test-code":{"insertions":7,"deletions":6}}},{"hash":"a30796d67402d27321760539ad54e932d9f239af","messageTitle":"Minor change in UG","messageBody":"","fileTypesAndContributionMap":{"docs":{"insertions":1,"deletions":1}}},{"hash":"57d9c0ad42ac1e18ed798e66353900352e4d2e46","messageTitle":"Handle more exceptions of storage","messageBody":"","fileTypesAndContributionMap":{"functional-code":{"insertions":63,"deletions":40}}},{"hash":"298218e5f53ebeabf337b8afe7806bb0ccf6e18b","messageTitle":"Remove magic literals","messageBody":"","fileTypesAndContributionMap":{"functional-code":{"insertions":40,"deletions":20}}}]},{"date":"2022-11-01","commitResults":[{"hash":"d47a96ac357b490116cd1d6a7a7ada01411efcf8","messageTitle":"Add logger","messageBody":"","fileTypesAndContributionMap":{"functional-code":{"insertions":47,"deletions":0}}},{"hash":"2c7bebab7de64a23917272cd2e381f99a4fda4ab","messageTitle":"Add javadoc for logger","messageBody":"","fileTypesAndContributionMap":{"functional-code":{"insertions":16,"deletions":2}}},{"hash":"58149916ef9fc11e150aeeffbb6c6a3d705e3581","messageTitle":"Fix magic literals","messageBody":"","fileTypesAndContributionMap":{"functional-code":{"insertions":13,"deletions":2}}},{"hash":"4afbb39aa3bdddc1cb076c1acff86f451a96f7be","messageTitle":"Handle tampered data files","messageBody":"","fileTypesAndContributionMap":{"functional-code":{"insertions":496,"deletions":496},"test-code":{"insertions":5,"deletions":71}}}]},{"date":"2022-11-02","commitResults":[{"hash":"b2bd98c14ed3027f2d75237d2b1221ad1e9c948a","messageTitle":"Clean code and fix storage","messageBody":"","fileTypesAndContributionMap":{"functional-code":{"insertions":203,"deletions":90},"docs":{"insertions":39,"deletions":0}}},{"hash":"a18199291645018fdbf83351a990df364ca266b3","messageTitle":"Fix DG","messageBody":"","fileTypesAndContributionMap":{"functional-code":{"insertions":1,"deletions":1},"docs":{"insertions":38,"deletions":20}}},{"hash":"1c5aece12f8260fecd868d34a4d45047bea09baf","messageTitle":"Clean main","messageBody":"","fileTypesAndContributionMap":{"functional-code":{"insertions":8,"deletions":16},"docs":{"insertions":2,"deletions":2}}},{"hash":"919d3542c91aaf1c95b9cad3c3053367d727fcc3","messageTitle":"Fix checkstyle","messageBody":"","fileTypesAndContributionMap":{"functional-code":{"insertions":5,"deletions":2}}},{"hash":"d871c9795c5ec95fdbb196f9eb6987118ea019dd","messageTitle":"Catch only DukeException, fix logger","messageBody":"","fileTypesAndContributionMap":{"functional-code":{"insertions":11,"deletions":1}}}]},{"date":"2022-11-03","commitResults":[{"hash":"081dd9ae17c2759a454adeea654b3161693a34ba","messageTitle":"First fix","messageBody":"","fileTypesAndContributionMap":{"functional-code":{"insertions":112,"deletions":79},"docs":{"insertions":7,"deletions":10}}},{"hash":"767949757a849c773ce056c1d52333e4ccb55a0b","messageTitle":"Fix storage and handle more errors","messageBody":"","fileTypesAndContributionMap":{"functional-code":{"insertions":56,"deletions":26}}},{"hash":"fb6fa7b6a23c7136de24f497adbf3cece38d1644","messageTitle":"Improve storage","messageBody":"","fileTypesAndContributionMap":{"functional-code":{"insertions":31,"deletions":4},"docs":{"insertions":6,"deletions":4}}},{"hash":"cbeecba5267cac53dfd96b42afa7c98f6cc6c284","messageTitle":"Update DG","messageBody":"","fileTypesAndContributionMap":{"functional-code":{"insertions":5,"deletions":5},"docs":{"insertions":23,"deletions":14}}},{"hash":"b5540b9ebbbde5922e1a55139262f869e1c41b95","messageTitle":"Update DG","messageBody":"","fileTypesAndContributionMap":{"functional-code":{"insertions":0,"deletions":4},"docs":{"insertions":22,"deletions":15}}}]},{"date":"2022-11-04","commitResults":[{"hash":"ece96e03b5d0f3403457ce04dd8d22ca7a18452b","messageTitle":"Update UG DG","messageBody":"","fileTypesAndContributionMap":{"functional-code":{"insertions":2,"deletions":2},"docs":{"insertions":6,"deletions":12}}}]},{"date":"2022-11-05","commitResults":[{"hash":"af5daf28c8dead5f20706af5451c258a854207fb","messageTitle":"Update DG","messageBody":"","fileTypesAndContributionMap":{"docs":{"insertions":36,"deletions":34}}}]},{"date":"2022-11-06","commitResults":[{"hash":"d69a164bab2d5640172d366b889db8a4e90c5036","messageTitle":"Update DG","messageBody":"","fileTypesAndContributionMap":{"docs":{"insertions":1,"deletions":1}}},{"hash":"d35c5063bb27d1796232c52c5cfdaff5d1c3bcf7","messageTitle":"Fix delims in command summary UG","messageBody":"","fileTypesAndContributionMap":{"docs":{"insertions":4,"deletions":4}}},{"hash":"4d4bdd755af5e4a6ea4acc1cfbbb8be751d1dbe4","messageTitle":"Fix bdthanh PPP","messageBody":"","fileTypesAndContributionMap":{"docs":{"insertions":7,"deletions":5}}},{"hash":"c3cf290e60782f5c4f4105129690e71e696dacee","messageTitle":"Update DG","messageBody":"","fileTypesAndContributionMap":{"docs":{"insertions":2,"deletions":2}}},{"hash":"c8b32791313054d5b405ca095862bec15fed2c03","messageTitle":"Update DG","messageBody":"","fileTypesAndContributionMap":{"docs":{"insertions":1,"deletions":0}}},{"hash":"0c7a4cee61f32b2a26c601b499f84fcbe951af7f","messageTitle":"Update bdthanh PPP","messageBody":"","fileTypesAndContributionMap":{"docs":{"insertions":2,"deletions":2}}},{"hash":"d6db7ff45f5805abe09447d1921d845005ec9ca4","messageTitle":"Fix test and checkstyle","messageBody":"","fileTypesAndContributionMap":{"test-code":{"insertions":16,"deletions":18}}},{"hash":"f5f13dc9ef9b4f27de2ed2764470a113ec055e56","messageTitle":"Update DG","messageBody":"","fileTypesAndContributionMap":{"docs":{"insertions":1,"deletions":1}}},{"hash":"d6dade9c351f834bc7feae43957673384777a485","messageTitle":"Update PPP and DG","messageBody":"","fileTypesAndContributionMap":{"docs":{"insertions":5,"deletions":7}}},{"hash":"e05de7df84b1e6f8777f7e335a52ed577305ad60","messageTitle":"Fix DukeSequence","messageBody":"","fileTypesAndContributionMap":{"docs":{"insertions":15,"deletions":9}}},{"hash":"5a00d672aa7f0b45e60077d1dfcf3dfd640823c2","messageTitle":"Clean code","messageBody":"","fileTypesAndContributionMap":{"functional-code":{"insertions":0,"deletions":4},"test-code":{"insertions":1,"deletions":3}}},{"hash":"09c5c99123f7c9040673bc1aba225cab7741eb36","messageTitle":"Fix checkstyle","messageBody":"","fileTypesAndContributionMap":{"test-code":{"insertions":2,"deletions":0}}},{"hash":"03c9f77ecbffcff344c11a847990dd56234d035d","messageTitle":"Standardise 2dp for price in code","messageBody":"","fileTypesAndContributionMap":{"functional-code":{"insertions":7,"deletions":6}}},{"hash":"1cd7eb81d30a3a62acf13058bd81246d36bcb31b","messageTitle":"Finalize code","messageBody":"","fileTypesAndContributionMap":{"functional-code":{"insertions":7,"deletions":5}}},{"hash":"094bc8068829fe9656dba1d890ad1c9f172bfb88","messageTitle":"Update UserGuide","messageBody":"","fileTypesAndContributionMap":{"docs":{"insertions":27,"deletions":7}}},{"hash":"3b6f45befa816afde060035fa92b41f2bc80faf4","messageTitle":"Fix UG and tests","messageBody":"","fileTypesAndContributionMap":{"docs":{"insertions":2,"deletions":1},"test-code":{"insertions":2,"deletions":2}}},{"hash":"a82a9114fbf178df2befa9fb1c19648107a7cd37","messageTitle":"Fix error message and UG","messageBody":"","fileTypesAndContributionMap":{"functional-code":{"insertions":5,"deletions":3},"docs":{"insertions":2,"deletions":1}}},{"hash":"42a31df6bf43e26e793b53dcd1fbca20ad32e3a7","messageTitle":"UpdateUG","messageBody":"","fileTypesAndContributionMap":{"functional-code":{"insertions":3,"deletions":3},"docs":{"insertions":1,"deletions":1}}},{"hash":"a44656bda5e210f0d96d8d3b754f838f889cc231","messageTitle":"Fix FAQ numbering","messageBody":"","fileTypesAndContributionMap":{"docs":{"insertions":5,"deletions":5}}},{"hash":"7ff88e6e208fb9a6721524fb1703e497ae4dcaa5","messageTitle":"UG","messageBody":"","fileTypesAndContributionMap":{"docs":{"insertions":2,"deletions":0}}}]}]},"authorFileTypeContributionMap":{"winston-lim":{"docs":590,"functional-code":796,"test-code":17},"jorellesee":{"docs":336,"functional-code":772,"test-code":82},"jingwei55":{"docs":507,"functional-code":719,"test-code":7},"chiewyx":{"docs":361,"functional-code":619,"test-code":142},"bdthanh":{"docs":1322,"functional-code":2666,"test-code":296,"other":1}},"authorContributionVariance":{"winston-lim":38182.055,"jorellesee":5845.0557,"jingwei55":6809.5547,"chiewyx":3351.5037,"bdthanh":86760.95},"authorDisplayNameMap":{"winston-lim":"CS2113-W12-1 WINS..HONG","jorellesee":"CS2113-W12-1 SEE ..ELLE","jingwei55":"CS2113-W12-1 CHIE.. WEI","chiewyx":"CS2113-W12-1 CHIE..IANG","bdthanh":"CS2113-W12-1 BUI ..HANH"}}
